author,date
Traditional_Extent80,2024-11-25
JobSearchLurch,2024-11-25
Charming_Syllabub985,2024-11-25
throwaway6163832,2024-11-25
Active-Shoe458,2024-11-25
Admirable-queen5411,2024-11-25
HoloInfinity,2024-11-25
Tsuchiaki,2024-11-25
Various_Emu_8710,2024-11-25
Gamergirl5765,2024-11-25
Spirited_Range_2039,2024-11-25
Mobile_Recording6349,2024-11-26
Bliskus,2024-11-26
No_Struggle_8767,2024-11-26
heydaisydukes,2024-11-26
RePsychological,2024-11-26
Fast-Ad9838,2024-11-26
JustNeedHelp_444,2024-11-26
oliviaromanomusic,2024-11-26
Relevant_Maize_6999,2024-11-26
Wise-Discipline7840,2024-11-26
Kiefy-McReefer,2024-11-26
Steamy_cusp96,2024-11-26
nirvanaa17,2024-11-26
MrDad101,2024-11-26
perilousp69,2024-11-26
Last-Shape-1380,2024-11-26
rebelstatik,2024-11-26
Repulsive-Papaya-254,2024-11-26
strugglecentral,2024-11-26
anonymousgirl202,2024-11-26
okletsgo1337,2024-11-26
Jyobedis,2024-11-26
I_Fake_A_Smile,2024-11-26
Perfect_North_6860,2024-11-26
Fairy_gummi,2024-11-26
Anna_Kareina,2024-11-26
EffectivePlantain371,2024-11-26
Abject_Rule_1664,2024-11-26
AioliVegetable6646,2024-11-26
Zj1014,2024-11-26
Limp-Situation-5234,2024-11-26
Proof_Professor_6527,2024-11-26
Frequent_Mango_2404,2024-11-26
Fun_Trainer9862,2024-11-26
Charming_Usual6227,2024-11-26
Relevant-Orchid-1547,2024-11-26
Melodic_Jello_2582,2024-11-26
LennyLouLou,2024-11-26
Optional_Chatter,2024-11-26
Aenguru,2024-11-26
kingcobta,2024-11-26
Informal-Frame-3573,2024-11-26
dzozozo,2024-11-26
st444b,2024-11-26
Concept_New,2024-11-26
user12345676543213,2024-11-26
Mai_cheng140,2024-11-26
Live_Click9953,2024-11-26
Blueyss,2024-11-26
GooeyOozey,2024-11-26
spoiledbrat1002,2024-11-26
CarrotNo9280,2024-11-26
Acrobatic_Will_8361,2024-11-26
Big_Recover7977,2024-11-26
Charming-Peak-2747,2024-11-26
Admirable_Law1535,2024-11-26
awhhorable,2024-11-26
SchoolNotMeta,2024-11-26
Mister_Puggles,2024-11-26
Life-District7540,2024-11-26
Own-Bookkeeper-1339,2024-11-26
Ok_Communication6229,2024-11-26
cafeengrano,2024-11-26
nickntnt,2024-11-26
Educational_Pain_161,2024-11-26
Significant_Math6504,2024-11-26
Ill-Dragonfly-3246,2024-11-26
Drewbe5812,2024-11-26
No_War2938,2024-11-26
AppropriateLeague303,2024-11-26
november-rain24,2024-11-26
Global_Syrup_4251,2024-11-26
StretchOk3444,2024-11-26
Iamtheonlyneko,2024-11-26
Huge-Resort-1023,2024-11-26
Jab0b,2024-11-26
capn-crunch419,2024-11-26
idekbaby98,2024-11-26
_CloverBlooms_,2024-11-26
Impressive_Mango-,2024-11-26
LostSoulNothing,2024-11-26
Own-Weather3022,2024-11-26
violetnavii,2024-11-26
awilliams8976,2024-11-26
Large_Lingonberry606,2024-11-26
BadGroundNoise,2024-11-26
fruitypika,2024-11-26
Xvexe,2024-11-26
coffeeteacups,2024-11-26
TommyToughknucklez,2024-11-26
KiWi0589,2024-11-26
rebekowitz,2024-11-26
Confident-Arugula-47,2024-11-26
Upbeat_Obligation425,2024-11-26
WillowStellar,2024-11-26
Both-Gas-429,2024-11-26
Odd_Neighborhood3702,2024-11-26
FlyingFork123,2024-11-26
Champ24NN,2024-11-26
loli_87,2024-11-26
Zealousideal-Copy170,2024-11-26
HDRCCR,2024-11-26
Express-Bug-6523,2024-11-26
Mundane_Positive508,2024-11-26
ProfessionalLoser222,2024-11-26
HumbleYarnDog,2024-11-26
SegaGenesisMetalHead,2024-11-26
lexipix,2024-11-26
koban4max81,2024-11-26
Honest_Salamander_56,2024-11-26
first_time_professor,2024-11-26
Shableeblo,2024-11-26
Hot_Increase_333,2024-11-26
throwawaytxmisdemean,2024-11-26
Fast-View4424,2024-11-26
throwRA_scrubdaddy,2024-11-26
mangooo_smoothieee,2024-11-26
TagusIce,2024-11-26
SammmichSmith,2024-11-26
Pretty-Half6461,2024-11-26
Best_Pianist1141,2024-11-26
Vast-Age6964,2024-11-26
sumon-miah,2024-11-26
loveandha99yness,2024-11-26
Potential_Square6595,2024-11-26
No-Cycle5738,2024-11-26
Curious_Air_8527,2024-11-26
D2LDL,2024-11-26
ElectricalMine6403,2024-11-26
Stunning-Lawyer4709,2024-11-26
Lazy-cow-1975,2024-11-26
Mans6067,2024-11-26
PsychologicalUse7305,2024-11-26
exec4home,2024-11-26
Tricky_Arm_290,2024-11-26
Economy_Difference12,2024-11-26
jaithrifts,2024-11-26
Gullible-Reading838,2024-11-26
Front-Management246,2024-11-26
AngeGiakoumakis,2024-11-26
Levi379,2024-11-26
Disappointing_genius,2024-11-26
_chicken_alfredo_,2024-11-26
whatthefrick17,2024-11-26
Successful-Peach-803,2024-11-26
cmill913,2024-11-26
No_Inflation_5909,2024-11-26
dav4447,2024-11-26
VeryCutesyVeryModest,2024-11-26
jaiperpop,2024-11-26
Ok-Sheepherder-3443,2024-11-26
41knots,2024-11-26
Qwkvo,2024-11-26
Competitive_Test_733,2024-11-26
Willing-Call7890,2024-11-26
Severe_Doughnut_1790,2024-11-26
MidnightNinja9,2024-11-26
Away-Change3872,2024-11-26
Substantial-Gap-1529,2024-11-26
meriekayt,2024-11-26
JiminyCrickCrack,2024-11-26
larrynotthelobster,2024-11-26
Just-Meeting7418,2024-11-26
Mountain_District_54,2024-11-26
AdJumpy8707,2024-11-26
Kayleymb,2024-11-26
Maleficent_Pie_1813,2024-11-26
Remarkable_Force_117,2024-11-26
Bombssivo,2024-11-26
gramble28,2024-11-26
Icy-Reflection-1490,2024-11-26
Fabulous-Sea8528,2024-11-26
TrumpIsKingOfKings,2024-11-26
PeanutGarden,2024-11-26
Time-Appointment-103,2024-11-27
Milksshakess,2024-11-27
Amy0222,2024-11-27
ratliker62,2024-11-27
ZestycloseCulture570,2024-11-27
underscorehalie,2024-11-27
afiterthestormx,2024-11-27
questionquestion27,2024-11-27
hellimhere28,2024-11-27
Fluffy_Status_6897,2024-11-27
Relative-Plastic-370,2024-11-27
BoBoGaijin,2024-11-27
vujn,2024-11-27
Fabulous_Lab_8000,2024-11-27
NoIAmNotMakk,2024-11-27
Reasonable_Print1077,2024-11-27
MidlifeWarlord,2024-11-27
ComfortableWave5909,2024-11-27
Lodi-Dodi-2389,2024-11-27
Takenosh1t,2024-11-27
Stunning_Doubt_4609,2024-11-27
Ok-Bird9834,2024-11-27
mangodragonlem,2024-11-27
TrThrowaway144,2024-11-27
jayRdaking,2024-11-27
Senior-Boot-7405,2024-11-27
JokeStrike,2024-11-27
Anna1red,2024-11-27
AdGroundbreaking1888,2024-11-27
soul-parole,2024-11-27
janinakokhonkihoy,2024-11-27
madhusudhan9620,2024-11-27
_sakshi_08,2024-11-27
nadachoukri,2024-11-27
Dree_thunder1303,2024-11-27
Numerous_Assumption1,2024-11-27
Then-Platform-3501,2024-11-27
Fit-Environment9687,2024-11-27
dickeddownlemon,2024-11-27
Glum-Ad2793,2024-11-27
Strong_Milk_9487,2024-11-27
mikebot97,2024-11-27
Ambitious_Rule5890,2024-11-27
jack85201,2024-11-27
ExchangeImpressive27,2024-11-27
SalmaK1,2024-11-27
HXTXI,2024-11-27
Sudhahar,2024-11-27
TheWriterinRed,2024-11-27
Unfair_Help_3679,2024-11-27
JaguarSufficient5132,2024-11-27
Good_boy9674,2024-11-27
Acceptable-Slice-180,2024-11-27
Spooky-Bea,2024-11-27
anoverwhelmedbeing,2024-11-27
mrcsnt,2024-11-27
Head_Bad3906,2024-11-27
ClarinetWitch,2024-11-27
daddygelp,2024-11-27
Cin_anime,2024-11-27
Digi_Ammaz,2024-11-27
En-ryu_18,2024-11-27
milkndookies,2024-11-27
Scared_Conclusion840,2024-11-27
Excellent-Parking-85,2024-11-27
Jesta914630114,2024-11-27
elysian_222o,2024-11-27
Liserkai,2024-11-27
sammmwichhh,2024-11-27
Bitter-Avocado-9398,2024-11-27
WeirdOk819,2024-11-27
ElectricalDrama8197,2024-11-27
GrowthGuide_Insights,2024-11-27
WhiskeyTyphoon,2024-11-27
graygravv,2024-11-27
Tall_Heat_7859,2024-11-27
Accurate-Quality-904,2024-11-27
paleszka,2024-11-27
QueenOfIssues420,2024-11-27
X3GH,2024-11-27
yoshi12121,2024-11-27
Typical-Season-2342,2024-11-27
UnlikelyLetterhead81,2024-11-27
whitefoxbae,2024-11-27
jamesbibarnes,2024-11-27
CAT-IN-a-B0X,2024-11-27
Shut_up_kid___,2024-11-27
VerifiedVoidGirl,2024-11-27
Boy_from_the_south16,2024-11-27
scarletrose04,2024-11-27
Educational-Rub4393,2024-11-27
Snowwolfffff,2024-11-27
syedsodruli,2024-11-27
GlassyBees,2024-11-27
WorriedAd2764,2024-11-27
M1SS_IDK,2024-11-27
NeedleworkerRight798,2024-11-27
Medium_Map_1693,2024-11-27
No_Refrigerator_3101,2024-11-27
Routine_Client9676,2024-11-27
ChonkachuVMAX,2024-11-27
crimsonhair,2024-11-27
memeposter2ALT,2024-11-27
GetOverIttttt,2024-11-27
Truly-Epic-Brains,2024-11-27
Starrylake,2024-11-27
Embarrassed_Mix7108,2024-11-27
Puzzled-One-9201,2024-11-27
hailsS13,2024-11-27
everydaycyborg,2024-11-27
Lanthuran,2024-11-27
Sufficient-City-1856,2024-11-27
WinterProJB,2024-11-27
One-Assignment5590,2024-11-27
se1tn,2024-11-27
Muted-Court1450,2024-11-27
NonAnonBrady,2024-11-27
anemic-mochi,2024-11-27
stoplookingatmeplsss,2024-11-27
dracumorda,2024-11-27
LizzyGrave,2024-11-27
t1izzy,2024-11-27
Consistent_Recipe_85,2024-11-27
Dramatic-Quiet-818,2024-11-27
tfnhjgfdxv,2024-11-27
jersey223,2024-11-27
BluMelons,2024-11-27
shaggybubble,2024-11-27
StuckintheTaftub,2024-11-27
Soggy-Item3335,2024-11-27
Safe_Confidence1096,2024-11-27
Conscious_Bedroom490,2024-11-27
Bird_Locomotive,2024-11-28
YoBoyMateo,2024-11-28
BigEstimate2211,2024-11-28
pizzapocketsogood,2024-11-28
SPICYFALAFEL00,2024-11-28
NeonSkyyline,2024-11-28
Sad_Map_9437,2024-11-28
9melrose,2024-11-28
bradlitude,2024-11-28
Nims020,2024-11-28
Agile_Astronaut_3044,2024-11-28
Icy_Statement_1601,2024-11-28
Revolutionary-Arm654,2024-11-28
hothoneybuns,2024-11-28
Primary-Courage3079,2024-11-28
Memesfarm,2024-11-28
Any-Hospital-6709,2024-11-28
Fit_Needleworker468,2024-11-28
Public_Valuable6808,2024-11-28
Dry_Significance2690,2024-11-28
Angad_008,2024-11-28
Dull-Touch283,2024-11-28
Opposite_Public6428,2024-11-28
furyoddparent,2024-11-28
airisfree123,2024-11-28
hellokittydiary,2024-11-28
cuttingcolour,2024-11-28
typicaltaytay,2024-11-28
olioil27,2024-11-28
garrodetective,2024-11-28
Tricky_Ad_4940,2024-11-28
Doctor_Slendy,2024-11-28
Mystikal796,2024-11-28
FutureTechnical8827,2024-11-28
MHX311,2024-11-28
Guilty_Umpire_,2024-11-28
CarbonaraSupreme,2024-11-28
Both_Balance_5891,2024-11-28
pjlgt74,2024-11-28
Dycyfer,2024-11-28
Panda_Barbarian,2024-11-28
Odd-Field-1688,2024-11-28
AICentralZA,2024-11-28
Sky1210608,2024-11-28
Character-Prize587,2024-11-28
wimzzy_,2024-11-28
akabayashimizuki,2024-11-28
Kibxtsu,2024-11-28
Lilangeldreams,2024-11-28
beslowifyoucan,2024-11-28
NefariousnessLate129,2024-11-28
Lost-Artichoke5454,2024-11-28
Atom__Boy,2024-11-28
iahmad95,2024-11-28
AdLive4275,2024-11-28
Gilwen29,2024-11-28
ElWorkplaceDestroyer,2024-11-28
Capable-Camel-1035,2024-11-28
Illustrious_Drive307,2024-11-28
Ok-Place6262,2024-11-28
After-Shame5071,2024-11-28
_Soully,2024-11-28
Dear_Tradition3758,2024-11-28
Petesuhhhh,2024-11-28
gorybat,2024-11-28
petite-idiot,2024-11-28
Ph03nix_Sapphire,2024-11-28
Lumpy-School-3616,2024-11-28
Plastic-Mind-1291,2024-11-28
sagareva,2024-11-28
JustAnotherHero98,2024-11-28
No_Procedure_5840,2024-11-28
thefukedupboi,2024-11-28
Exact-Candidate7485,2024-11-28
Only_Paper8568,2024-11-28
tejaskumarlol,2024-11-28
hayoaa,2024-11-28
Fiendect,2024-11-28
Ok-Lifeguard7427,2024-11-28
Efficient_Mushroom45,2024-11-28
JEXJJ,2024-11-28
DirkTheSandman,2024-11-28
Moonshine_lover1946,2024-11-28
Isthisbetterqustnmrk,2024-11-28
amosm12,2024-11-28
KungFu1212,2024-11-28
Both_Lengthiness_706,2024-11-28
Famous-Ad3140,2024-11-28
Dry_Draw2215,2024-11-28
Ok-Importance853,2024-11-28
Icy_Middle8004,2024-11-28
Present-Flow6709,2024-11-28
I-exist3155,2024-11-28
FreshAd415,2024-11-28
andrefilis,2024-11-28
Illustrious-Bit-9273,2024-11-28
Cultural-Filo1988,2024-11-28
Intelligent-Joke-273,2024-11-28
Possible-Army-7897,2024-11-28
Independent_Debt_678,2024-11-28
Sweaty-Suggestion402,2024-11-28
HowwCrazyy,2024-11-28
Succesful-Guest27,2024-11-28
43251542521,2024-11-28
Son-Of-The-Indus,2024-11-28
Excellent_Good_3187,2024-11-28
Cute-Yogurtcloset106,2024-11-28
JoyfulPilgrimWrites,2024-11-28
processing102,2024-11-28
aishxki,2024-11-28
Content-Molasses4888,2024-11-29
Kangen_Forest_135,2024-11-29
Ambitious_Woman,2024-11-29
ballsoffmywalls,2024-11-29
One-Pen-6976,2024-11-29
IcyBottle1797,2024-11-29
AggressivePen5432,2024-11-29
Ok_Membership_4733,2024-11-29
ForeverDreaming909,2024-11-29
HorseRadish318,2024-11-29
catboykamukura,2024-11-29
TheRockstarVon,2024-11-29
TCH62120,2024-11-29
gatadeplaya,2024-11-29
Educational-Celery57,2024-11-29
OnionReasonable6607,2024-11-29
job_with_atlasint,2024-11-29
Low_Assumption_8476,2024-11-29
Fluid-Age-8710,2024-11-29
Proud_Scale_1921,2024-11-29
Glittering_Abrocoma9,2024-11-29
RayYT01,2024-11-29
SweetJasmineBliss,2024-11-29
Aggravating-Dig-6579,2024-11-29
Low-Worldliness-5608,2024-11-29
MadOwll,2024-11-29
Odd_Locksmith_3680,2024-11-29
ammirros,2024-11-29
QueenXora,2024-11-29
GentlemanPyro,2024-11-29
aimalwahedi,2024-11-29
Specialist_Nail_6962,2024-11-29
According_Clock_7491,2024-11-29
xXVLDXx100,2024-11-29
IVIorgz,2024-11-29
Yummy-lotus,2024-11-29
Objective_Eye2341,2024-11-29
PyjamasOtter,2024-11-29
External-Knee1458,2024-11-29
Select_End539,2024-11-29
megs256,2024-11-29
makikichismis_lang,2024-11-29
AyatoBakugan,2024-11-29
bitchybitch26,2024-11-29
ProfoundTrends,2024-11-29
v0id_whispers,2024-11-29
LawfulnessAnxious771,2024-11-29
Jamnapaarii,2024-11-29
WhatAChad13,2024-11-29
BedroomDismal,2024-11-29
omae-wa-mou-,2024-11-29
LegProfessional7938,2024-11-29
OppositeSwimmer3939,2024-11-29
QualityNo8106,2024-11-29
pj_mask_7,2024-11-29
Witch_Supreme72,2024-11-29
Anxious_Memory_9330,2024-11-29
Putrid-Complaint-773,2024-11-29
d_exhausted,2024-11-29
Icy-Fix3037,2024-11-29
Soft_Fix_8877,2024-11-29
Anxious_Constant_263,2024-11-29
RockOpen3719,2024-11-29
peekabooiseeyouuu,2024-11-29
thisweshalldefend,2024-11-29
Lillianette167,2024-11-29
Fit_Mind6194,2024-11-29
TalkNo3719,2024-11-29
PlayedThatAsACurrent,2024-11-29
Capable_Guitar_1348,2024-11-29
Distinct_Session5511,2024-11-29
Prestigious-Lie-2190,2024-11-29
Pigpensbiggestfan,2024-11-29
hjablowme919,2024-11-29
leagueleave123,2024-11-29
okletmethink,2024-11-29
zph0eniz,2024-11-29
jrjehdjjdkd,2024-11-29
The_Doo_Wop_Singer,2024-11-29
Ok_Ask_1164,2024-11-29
armin_vladimir,2024-11-29
ReplacementMajor1470,2024-11-29
AUFunmacy,2024-11-29
throwaway-183483,2024-11-29
Decent-Western-4969,2024-11-30
MissyMelons69,2024-11-30
Lucky-Net-9941,2024-11-30
Leather-Fill-571,2024-11-30
44nka,2024-11-30
Appropriate-Alps-242,2024-11-30
arthurhenryyy,2024-11-30
LifeOfFlowers,2024-11-30
Forsaken_Pipe_8276,2024-11-30
Siggy_18,2024-11-30
Great-Pop643,2024-11-30
shakilashakila4,2024-11-30
Apart_Following_3142,2024-11-30
IsolatedCrustacean,2024-11-30
EndFew4838,2024-11-30
Alternative-Ice-6148,2024-11-30
algizblue,2024-11-30
Specialist-Dot5057,2024-11-30
Creative_Yoghurt7531,2024-11-30
boopthesnootnoot,2024-11-30
euphoric_lunchbox,2024-11-30
Conscious-Bar-283,2024-11-30
Wooden-Remove-1881,2024-11-30
SandPlane5775,2024-11-30
Ill_Dog74,2024-11-30
Purple_Ad9786,2024-11-30
Kaleem-elahi,2024-11-30
Green-Bunch-2493,2024-11-30
Adorable_Drummer_253,2024-11-30
Medical_External9048,2024-11-30
sladay93,2024-11-30
spolly2,2024-11-30
Jussss_Chillinout,2024-11-30
_techsavvy,2024-11-30
Appropriate_Money978,2024-11-30
emrcurial1,2024-11-30
Technical_Age_8353,2024-11-30
MsRitaBook,2024-11-30
ncrmvii,2024-11-30
Flat_Button1927,2024-11-30
hypothalamagic,2024-11-30
caty_aunt19,2024-11-30
SarcasticMel0n,2024-11-30
EepySl33py,2024-11-30
DeLa_Sun,2024-11-30
Both_Poetry_6714,2024-11-30
Relative_Ad3584,2024-11-30
Equal_Leg_7232,2024-11-30
Just-External9694,2024-11-30
Medical-Accident8671,2024-11-30
nottodaybrotha,2024-11-30
Extra_pea_0810,2024-11-30
TimeConflict_8022,2024-11-30
helppeople1987,2024-11-30
avan295,2024-11-30
techexplorerszone,2024-11-30
RomeoAlphaJack,2024-11-30
Pearlbear010,2024-11-30
bryanarana00,2024-11-30
No-Box-5639,2024-11-30
aliveandsurviving,2024-11-30
dickcheney600,2024-11-30
Wooden-Rabbit-3923,2024-11-30
JakesFavoriteCup,2024-11-30
redabls,2024-11-30
heheewe,2024-11-30
Big_Reaction_4980,2024-11-30
Necessary-Trick-9301,2024-11-30
ninedays82,2024-11-30
shadowcloned-,2024-11-30
BaraahCh,2024-11-30
Zmc3101,2024-11-30
meowmreownya,2024-11-30
Noahlaimjames,2024-11-30
SpareNefariousness78,2024-11-30
f4ctoryg1rl,2024-11-30
Realistic-Shirt-3994,2024-11-30
She_Loves_Yeshua,2024-11-30
mia_m2003,2024-11-30
Nikie_babae1,2024-11-30
Working_Business828,2024-11-30
Glyph96,2024-11-30
Beginning-Upstairs41,2024-11-30
steves180,2024-12-01
Cherray6969,2024-12-01
TheGuyThatThisIs,2024-12-01
Disastrous-Time8258,2024-12-01
Much_Macaron9180,2024-12-01
Baristabitch50,2024-12-01
inspiredfoxx,2024-12-01
Natural-Arugula4790,2024-12-01
ventriose,2024-12-01
Suspicious-Pea9525,2024-12-01
Careless_Message1269,2024-12-01
buckeyeonfire,2024-12-01
DankMatter14,2024-12-01
Lanky-Owl6622,2024-12-01
ghostly33980,2024-12-01
Spiritual_Asparagus2,2024-12-01
Emotional_Wasabi_88,2024-12-01
Over_Meeting4453,2024-12-01
starlord__1,2024-12-01
Exact-Grape-6611,2024-12-01
chrisgarzon19,2024-12-01
ddiddy171,2024-12-01
Summ1tv1ew,2024-12-01
hopelesscause_,2024-12-01
Temporary_Computer96,2024-12-01
WoodenAmbition9588,2024-12-01
aariv02,2024-12-01
Darksoul431,2024-12-01
Embarrassed_Bee_5146,2024-12-01
Low-Pollution2384,2024-12-01
Effective_Card7613,2024-12-01
Reasonable_Bat5784,2024-12-01
Shot_Activity_8498,2024-12-01
SummerInside8485,2024-12-01
ufoatofu,2024-12-01
lilllypaad,2024-12-01
KaliboJr,2024-12-01
_Sibam,2024-12-01
Worried_Steak,2024-12-01
valris_vt,2024-12-01
Makarios_Bios,2024-12-01
MasterpieceLoose9476,2024-12-01
UserGone32,2024-12-01
yourfriendlyneighbur,2024-12-01
dgtlnsdr,2024-12-01
wanjiruuuu,2024-12-01
PerceptionSilly4968,2024-12-01
Money_Elk5657,2024-12-01
Separate_Store237,2024-12-01
Spaghettio_Hat,2024-12-01
Pure_Detective6556,2024-12-01
Companion24,2024-12-01
Human_Track6201,2024-12-01
Shakeel046,2024-12-01
dan9anr0npa,2024-12-01
Small-Copy-4204,2024-12-01
Senior_Context7967,2024-12-01
Kharcaro,2024-12-01
pr0lixir,2024-12-01
Fun_Address_3668,2024-12-01
wibdyk,2024-12-01
WalkInTheSpirit,2024-12-01
lotuslove2002,2024-12-01
BobtheDilbar,2024-12-01
Bulky-Examination-60,2024-12-01
Pale_Kiwi977,2024-12-01
Low_Resident_2275,2024-12-01
AdhesivenessOne8758,2024-12-01
DragonflyAncient5736,2024-12-01
StudentInDebt77,2024-12-01
Hatrct,2024-12-01
jstngbrl,2024-12-01
teiivo,2024-12-01
DependentInside5737,2024-12-01
Delicious-String3546,2024-12-01
AwayParticular8994,2024-12-01
Similar_News3941,2024-12-01
YungMacaroniLmao,2024-12-01
CassiusClayX,2024-12-01
fruityloops04,2024-12-01
orionic,2024-12-01
the_tenths_rose,2024-12-01
Dark_Sand,2024-12-01
mrgbalboa,2024-12-01
aubrey828,2024-12-02
Moein144,2024-12-02
Mundane-Squash-3194,2024-12-02
Swimming_Society3433,2024-12-02
brfmv,2024-12-02
Care-Large,2024-12-02
OddEnvironment1614,2024-12-02
RecordingCold4650,2024-12-02
Designer_Visit_879,2024-12-02
Special-Reaction3705,2024-12-02
Dear_Night8824,2024-12-02
wannabe-crypto,2024-12-02
Ceaseless_Entropy,2024-12-02
Fast-Turn-6597,2024-12-02
Optimal_Usual_2926,2024-12-02
Mas0nRayTagueMRT,2024-12-02
Muted-Play-1118,2024-12-02
reb11000,2024-12-02
Easterthrowaway22,2024-12-02
sardinetoothpaste,2024-12-02
Beginning_Song_6307,2024-12-02
Ill_Marsupial_2127,2024-12-02
Broad_Sandwich_9780,2024-12-02
ColleenLotR,2024-12-02
I-am-reddit123,2024-12-02
Jazzlike_Category_79,2024-12-02
backwoodzzbabyy,2024-12-02
Visual_Cat8900,2024-12-02
idk36291,2024-12-02
Suspicious-Ruin-9703,2024-12-02
notsolemon,2024-12-02
HeadfieldIndia,2024-12-02
OmarBenAttia,2024-12-02
Murky_Sun3237,2024-12-02
Suspicious-Play2126,2024-12-02
Low-Letterhead-161,2024-12-02
OwnAir9572,2024-12-02
Fickle_Page_3243,2024-12-02
More-Milk9405,2024-12-02
Feeling-Yak6340,2024-12-02
WallabyWhole3481,2024-12-02
HallowKinght,2024-12-02
SamaelX777,2024-12-02
cookieking29,2024-12-02
cherry_ios,2024-12-02
Virtual-Candle3048,2024-12-02
Latter_Leadership_27,2024-12-02
Ok_Communication8522,2024-12-02
thrownRAsunshine-250,2024-12-02
Electrical-Row7058,2024-12-02
Fun_Ostrich7688,2024-12-02
AlezZ743,2024-12-02
plus101010,2024-12-02
gotnoalt,2024-12-02
Past-02,2024-12-02
sabermaiden,2024-12-02
its_givinggg,2024-12-02
elisebrst,2024-12-02
OpeningDifficulty731,2024-12-02
Responsible_Bread991,2024-12-02
roseghost1359,2024-12-02
ThisChair5415,2024-12-02
Sean22138,2024-12-02
New-Accountant1107,2024-12-02
Dangerous_Lettuce992,2024-12-02
Unique_Caramel_9103,2024-12-02
Coltene_Mgr,2024-12-02
temporary_moon_lily,2024-12-02
Single_Staff6028,2024-12-02
morgan-banana,2024-12-02
Particular-Cloud-263,2024-12-02
agentbauer,2024-12-02
any-one-11,2024-12-02
Brave_Piccolo1747,2024-12-02
Washedupwrestler,2024-12-02
BigJakeeey,2024-12-02
NissanNiqqa69420,2024-12-02
Wooden-Variation4276,2024-12-02
LVRGD,2024-12-02
SteelTheWolf,2024-12-02
Reidon_Ward,2024-12-02
thebostman,2024-12-02
Jet_Fuelstein,2024-12-02
generaldreadddd,2024-12-02
OkRepresentative8293,2024-12-02
monaleenose994,2024-12-02
loalyssa23,2024-12-02
LionFyre13G,2024-12-02
HappyEveryAllDay,2024-12-02
Successful-Link3566,2024-12-02
Booscuit,2024-12-02
NoiseReasonable287,2024-12-02
Agitated_Wonder_9731,2024-12-02
Intelligent-Star8895,2024-12-02
RunImpressive2469,2024-12-02
No-Ad1198,2024-12-02
Double-Kick-2412,2024-12-02
SignatureOk2668,2024-12-02
EngineeringOne8539,2024-12-02
Additional_Hunter507,2024-12-02
Actual_Dig_3565,2024-12-02
IndianAmerican15,2024-12-02
Lower_Education_5589,2024-12-02
Hupnog_,2024-12-02
Klutzy_Ant_2026,2024-12-02
duddachuck,2024-12-02
Actual_Perception_27,2024-12-02
UnusualEconomics8239,2024-12-02
Top-Trainer1726,2024-12-02
ProfessorRevenge,2024-12-02
NoonRedIt,2024-12-02
Signal-Match9683,2024-12-02
Akshat0694,2024-12-02
GoogleEnd,2024-12-02
StudRock33,2024-12-02
Curious__Inspector,2024-12-02
projectpat187,2024-12-02
Feeling-Persimmon331,2024-12-02
THICCT0RTILLA,2024-12-02
Altruistic_Worker919,2024-12-02
Infamous_Good_8441,2024-12-02
justINFECT,2024-12-02
Brilliant_Side_7423,2024-12-02
IntrepidDirector7704,2024-12-02
ssimms23,2024-12-02
Glass_Design_2325,2024-12-02
Overall_Prize_2235,2024-12-02
Alarming-Hair-2358,2024-12-02
TlenyDino,2024-12-02
l4fashion,2024-12-02
Wild_Practice_5473,2024-12-02
keboiwa,2024-12-02
Random09242002,2024-12-02
3scobar3,2024-12-02
PossessionFun1083,2024-12-02
Hinohana32,2024-12-02
sebcoop,2024-12-02
yougotthejuicenow32,2024-12-02
Winter_Resist_1278,2024-12-02
Its_Me_FrontStabber,2024-12-02
Strong_Cat_2925,2024-12-02
Hustlingpineapple,2024-12-02
Live_Cockroach8931,2024-12-02
22665000895122,2024-12-02
Rich_Jellyfish_1324,2024-12-02
Shot_Commission_2023,2024-12-02
Zyxliiii,2024-12-02
Lazydayvelvetteen,2024-12-02
Maverick669984,2024-12-02
RoaringPanda,2024-12-02
DanielR1_,2024-12-03
Aggravating-Name9707,2024-12-03
dreadedmama,2024-12-03
hellomosquito123,2024-12-03
Impossible-Quail1695,2024-12-03
TheShadyRyder,2024-12-03
Kosm101,2024-12-03
Original_Vehicle8568,2024-12-03
BusinessForever7013,2024-12-03
davidmitchellseyes,2024-12-03
Sleepyhead00000,2024-12-03
nullout69,2024-12-03
No-Employ-9356,2024-12-03
Far_Grade3815,2024-12-03
Br00klynJMS,2024-12-03
Different_Ring_4572,2024-12-03
underanancientmoon,2024-12-03
Tyrionlannister15,2024-12-03
babesyfume,2024-12-03
IAmMorbii,2024-12-03
Angel_sexytropics,2024-12-03
hehhhheh,2024-12-03
SnooCakes9,2024-12-03
Ashlyn_yanWW,2024-12-03
SnowInformer101,2024-12-03
Awkward_Act_6697,2024-12-03
leefysmush,2024-12-03
NecessaryOld7361,2024-12-03
Greedy_Exercise7041,2024-12-03
SouljaBean_,2024-12-03
Eva252525,2024-12-03
throwawayaccout333,2024-12-03
TalibAndrabi,2024-12-03
EveningSecret7117,2024-12-03
annefreemans,2024-12-03
FancyAssistant710,2024-12-03
always-shubh,2024-12-03
Vegetable-Tap-759,2024-12-03
YourCareerBuddy,2024-12-03
Cold_Interaction_878,2024-12-03
Rygel17,2024-12-03
Membership12345,2024-12-03
Silver_Low3967,2024-12-03
BusinessMammoth2544,2024-12-03
HotInvestigator2459,2024-12-03
Certain-Attorney1835,2024-12-03
Abby_May_69,2024-12-03
MedicineTall3975,2024-12-03
Agitated-Finger-2158,2024-12-03
Other-Broccoli4967,2024-12-03
Impossible_Carry6321,2024-12-03
ritawonders,2024-12-03
shash_bro,2024-12-03
Educational-Tax8656,2024-12-03
mickeymand748,2024-12-03
Careless-Captain-571,2024-12-03
Ok-Celebration2165,2024-12-03
Same_Race7660,2024-12-03
ashishsonihere,2024-12-03
Hi_Ad_474,2024-12-03
havenlyyy,2024-12-03
niteshmanav,2024-12-03
Infinite-Upstairs562,2024-12-03
Intrepid-Shoulder912,2024-12-03
Rosehus12,2024-12-03
Ok-Ocelot9664,2024-12-03
Cultural_Sea7555,2024-12-03
No_Manner3998,2024-12-03
Julius_Seizure9,2024-12-03
Diligent_Mango8322,2024-12-03
coppermice,2024-12-03
sumikat,2024-12-03
Silly-Spring2468,2024-12-03
Shivers25,2024-12-03
Accomplished-Law-629,2024-12-03
Standard-Notice-8232,2024-12-03
Loose_Escape4964,2024-12-03
Only-Procedure9287,2024-12-03
Rough-Silver-8014,2024-12-03
wineNrva,2024-12-03
throwaway328908,2024-12-03
Jealous-Sea-7917,2024-12-03
ChainedLemon,2024-12-03
AtmosphereGrouchy154,2024-12-03
Quirky-Ingenuity6429,2024-12-03
Zestyclose-Cod1283,2024-12-03
CheeziFixins,2024-12-03
AdMajor2339,2024-12-03
Practical-Memory6386,2024-12-03
darby800,2024-12-03
Klutzy_Agent5748,2024-12-03
xhoneybunnx,2024-12-03
LilJojobean,2024-12-03
Disastrous-Angle9563,2024-12-03
Mrlopti,2024-12-03
buratitian,2024-12-03
Ok-Statement4040,2024-12-03
Popular-Two-1131,2024-12-03
Spirited_Beginning15,2024-12-03
Budget-Bet3413,2024-12-03
Illustrious-Bake8943,2024-12-03
No_Direction2873,2024-12-03
wtfisthissssz,2024-12-03
Education_Failure_20,2024-12-03
Chickentendiezs,2024-12-03
ClassroomSad2501,2024-12-03
arschloch57,2024-12-03
littlebuttbigtitty,2024-12-03
dizzle1085,2024-12-03
Embarrassed-Bad-5852,2024-12-03
Eiroj,2024-12-03
Safe-Programmer4328,2024-12-03
DoinMyBestitsnogreat,2024-12-03
Geebag3213,2024-12-03
Mama_Mia97,2024-12-03
Due-Pineapple6925,2024-12-03
Thumper-2024,2024-12-03
loafyy_cat,2024-12-03
sweetfaithj,2024-12-03
Mission_Ad000,2024-12-03
nhb7,2024-12-03
dGutty08,2024-12-03
WindyCity2929,2024-12-03
This-Subject-1118,2024-12-03
keidoru,2024-12-03
0-K-,2024-12-03
One_Association_6461,2024-12-03
theanony_,2024-12-03
Junior-Ratio8173,2024-12-03
Big-Swimmer-442,2024-12-03
Old-Assistance-7263,2024-12-03
Ok-Ad6623,2024-12-03
AxisAlternative,2024-12-03
ana_nas6,2024-12-03
ExactScallion5760,2024-12-03
Artistic-Eye-2418,2024-12-03
Honest-Reception-669,2024-12-03
Crafty_Outside_7181,2024-12-03
PiedmontAdvisoryGrou,2024-12-03
LimpHead1,2024-12-03
Foul_1,2024-12-03
PassFew6939,2024-12-03
Livid-Knowledge-264,2024-12-03
CapitalDot6858,2024-12-03
DeletedAccountNamewt,2024-12-03
yogayogi5341,2024-12-03
MysteriousResult5617,2024-12-03
Swimming-Jump-8599,2024-12-03
Dumbass__kid,2024-12-03
love-bug2019,2024-12-03
Adept-Ranger-3086,2024-12-03
Dance-Delicious,2024-12-03
Muted-Refuse3769,2024-12-03
Ok-Implement4524,2024-12-03
broody02,2024-12-03
DrtyJrzy_50,2024-12-03
Heavy_Vegetable_753,2024-12-03
Wildcats_724,2024-12-03
Dangerous_Fact_2683,2024-12-03
Slim-ishShady,2024-12-03
Better-Cranberry4163,2024-12-04
duvetdave,2024-12-04
Spinner064,2024-12-04
SurpriseThat6309,2024-12-04
Candlelvr,2024-12-04
Embarrassed-Elk792,2024-12-04
Ill_Thing3877,2024-12-04
kenderpockets,2024-12-04
Hopeful-Tradition953,2024-12-04
Asylus72,2024-12-04
New-Swing-7629,2024-12-04
SpanCashew,2024-12-04
Whatbewrong1,2024-12-04
Tricky-Swimmer1892,2024-12-04
holdtheSKAI37,2024-12-04
Darkhenry960,2024-12-04
Far-Age-764,2024-12-04
sunlight_cloud,2024-12-04
currymvp3,2024-12-04
Gabriella1023,2024-12-04
halelizabeth21,2024-12-04
examfml,2024-12-04
Perfect-Tap-5859,2024-12-04
Standard-Pea-7705,2024-12-04
Accurate_Interview11,2024-12-04
LavishnessUnlucky608,2024-12-04
UnrealManifest,2024-12-04
SzethNeturo,2024-12-04
SuchCriticism406,2024-12-04
AspiringActuary236,2024-12-04
Capable_House_1474,2024-12-04
define_me121,2024-12-04
RestFar6117,2024-12-04
Ok-Dish-3318,2024-12-04
Responsible-Row499,2024-12-04
realpersona_0,2024-12-04
AnywhereNo304,2024-12-04
sp3k_,2024-12-04
Unable-Effective251,2024-12-04
Followerrrrrrrr,2024-12-04
Lewis_Skolnick76,2024-12-04
chaseking405,2024-12-04
Diligent_Froyo_9605,2024-12-04
Prize-Ad-9144,2024-12-04
can1_think_of_a_name,2024-12-04
Infamous_Map_7911,2024-12-04
Axxeptable,2024-12-04
Ok_Acanthaceae_2274,2024-12-04
Acrobatic_Degree9370,2024-12-04
Beeblerox_296,2024-12-04
Weekly_Sandwich_4720,2024-12-04
PlentyWerewolf1325,2024-12-04
sparkingNEGRO,2024-12-04
Abdul_2101,2024-12-04
throwaway03082023,2024-12-04
Striking_Ad_5990,2024-12-04
idontcaresowhat_,2024-12-04
PerceptionOld1621,2024-12-04
NoMathematician8993,2024-12-04
AnnualPerspective593,2024-12-04
lovelacebeauty,2024-12-04
ChronicJudger1456,2024-12-04
Existing-Cake-5875,2024-12-04
shadowchillcat,2024-12-04
Not_Lukankata,2024-12-04
iguessthoughts,2024-12-04
Bomboclaat1876,2024-12-04
DropSevere,2024-12-04
shine3080,2024-12-04
leftunreadit,2024-12-04
Winter-Bed-3406,2024-12-04
Important_Dimension3,2024-12-04
Imaginary-Advance233,2024-12-04
Unhappy-Ideal-161,2024-12-04
pkmalang11,2024-12-04
sakura_kiss101,2024-12-04
NaturalShift2,2024-12-04
yoshihitomayoshe,2024-12-04
Charming_Quail_4775,2024-12-04
Old-Masterpiece-8428,2024-12-04
Familiar-Wheel2956,2024-12-04
mv_guevara,2024-12-04
SkywalkersAlt,2024-12-04
kingradness,2024-12-04
Amanie_Nydia,2024-12-04
jpark38,2024-12-04
Great-Leave-3876,2024-12-04
WootahxX,2024-12-04
CauliflowerSorry6145,2024-12-04
imperfectly_lia,2024-12-04
LaCretin,2024-12-04
Sadmanplayswithcats,2024-12-04
Minute-Cartoonist167,2024-12-04
litresolve,2024-12-04
mermaiddayjob,2024-12-04
Pinkiblood,2024-12-04
InstructionOk5267,2024-12-04
Lonely-Knowledge-696,2024-12-04
Pretend-Scientist261,2024-12-04
CheesyGorditaCrunchx,2024-12-04
MRxPoPo,2024-12-04
Prior-Pool-5684,2024-12-04
Possible-Oven-6546,2024-12-04
Sad-Bite-6991,2024-12-04
sylvixFE,2024-12-04
TurbulentSnow1117,2024-12-04
Pundidillyumptious,2024-12-04
Hopeful-Background91,2024-12-04
No_Exit_2822,2024-12-04
SaltyBunnie,2024-12-04
Positivepanda2,2024-12-04
laserlight12462,2024-12-04
Waste-Visit7164,2024-12-04
ElongatedUser,2024-12-04
Ok_Count2516,2024-12-04
seeyouspace__cowboy,2024-12-04
Think_Definition_255,2024-12-04
skrr2,2024-12-04
Aggravating-Room2095,2024-12-04
Banished_To_Insanity,2024-12-04
HealthParking8370,2024-12-04
Novel_Procedure_119,2024-12-04
filthy_casual2005,2024-12-04
FeeNo3334,2024-12-04
kheinz_57,2024-12-04
BlueHeavyTf2,2024-12-04
yagirlleens_33,2024-12-04
BoomBrain,2024-12-04
cowgomoo2202,2024-12-04
Salt-Explanation-738,2024-12-04
TrickyVictory9504,2024-12-04
funktownmayor0875,2024-12-04
Agitated-Block-7581,2024-12-04
theedgeofoblivious,2024-12-04
Ancient-Wrongdoer460,2024-12-04
mhmmahahaha,2024-12-04
Exact_Pudding23,2024-12-04
Worth_Ambition_2865,2024-12-04
BCDrummin,2024-12-04
superchillguy818,2024-12-04
PassionPit101,2024-12-04
unhingedemmi,2024-12-04
Muezza84,2024-12-04
urcringeifusereddit,2024-12-04
Box0fRainbows,2024-12-04
Alpha0513,2024-12-04
Beneficial-Pea-7195,2024-12-04
MacoakiManny,2024-12-05
Draterbmub,2024-12-05
nickyfox13,2024-12-05
Front-Bee4221,2024-12-05
This-Pattern-2828,2024-12-05
Dependent_Use_4461,2024-12-05
Affectionate869,2024-12-05
Successful_Wasabi711,2024-12-05
Ignited_Bones9505,2024-12-05
Rude_Organization196,2024-12-05
CIA_Agent_Eglin_AFB,2024-12-05
CanadianDollar87,2024-12-05
LowDevelopment3960,2024-12-05
BiscottiSilly2770,2024-12-05
anuragaffection,2024-12-05
clarissaponissa,2024-12-05
Fun_Satisfaction8806,2024-12-05
LostBlueHatGTECH,2024-12-05
neo_sporin,2024-12-05
nutmeg2341,2024-12-05
noms_de_plumes,2024-12-05
Ok_Sprinkles_6449,2024-12-05
Glum-Needleworker414,2024-12-05
Pitiful-Syrup2035,2024-12-05
Plane-Steak5330,2024-12-05
radiantAngelHoney,2024-12-05
Other_Independent_82,2024-12-05
hrxn1,2024-12-05
LindsMay,2024-12-05
No_Attitude_971,2024-12-05
USAirsoft,2024-12-05
Diurnal_Owl23,2024-12-05
malambo2,2024-12-05
OH_YEAH117,2024-12-05
OwnBear3131,2024-12-05
Dr-Chris-C,2024-12-05
DesperateWar3558,2024-12-05
alluringPixieVibe,2024-12-05
Brownbaddie_,2024-12-05
ShipImaginary7035,2024-12-05
CloudDistractGang,2024-12-05
Famous-Article-5663,2024-12-05
Naur_Regrets,2024-12-05
ainsophe,2024-12-05
Sims_92,2024-12-05
Few_Caterpillar_0,2024-12-05
JokeOaks,2024-12-05
KaXin2001,2024-12-05
Prestigious-Fluff4,2024-12-05
Sea-Advantage-2986,2024-12-05
ParsleyPeng007,2024-12-05
Quiet-Resident5465,2024-12-05
Mrs_helifax_Spy,2024-12-05
Energy_queen222,2024-12-05
styuig,2024-12-05
Sexywomen123456789,2024-12-05
OkState1885,2024-12-05
Actual-Teaching9327,2024-12-05
D_Anger_Dan,2024-12-05
AV-1095,2024-12-05
Frosty-Aspect-3813,2024-12-05
pippie03,2024-12-05
BadWolf3939,2024-12-05
LandscapePrimary1629,2024-12-05
biyuxwolf,2024-12-05
BelichicksBoobs,2024-12-05
Several-Analyst669,2024-12-05
Desperate_Usual_1568,2024-12-05
No-Raccoon6111,2024-12-05
District-North,2024-12-05
AccomplishedJump1276,2024-12-05
Full_Row_6500,2024-12-05
Dependent-Ad-4518,2024-12-05
Playful_Sage1016,2024-12-05
kirklazarus12321,2024-12-05
baileyjbarnes,2024-12-05
Dont-b-mean-im-dum,2024-12-05
TheBigDogMalik,2024-12-05
ShizomaruAsakura,2024-12-05
Western-Sandwich-534,2024-12-05
Due_Back1207,2024-12-05
Agile-Guitar5592,2024-12-05
ozanbilgic,2024-12-05
EnragedSav4ge90,2024-12-05
dcontinentalrizz,2024-12-05
candyanimelover266,2024-12-05
SimplyG,2024-12-05
EntertainmentWest750,2024-12-05
ClassyChameleon24,2024-12-05
imyeshua,2024-12-05
CherryBerry2021,2024-12-05
jackCrawler,2024-12-05
IamTired427,2024-12-05
JesusMyRedeemerSaves,2024-12-05
FunPhoenix3,2024-12-05
Embarrassed_Copy_618,2024-12-05
Sad_Investigator_352,2024-12-05
Acceptable-Number868,2024-12-05
Brave-Dragonfly-6169,2024-12-05
fieffief,2024-12-05
Busy-Lavishness-9139,2024-12-05
No_Living8826,2024-12-05
Glass_Command_7910,2024-12-05
Business_Grand_666,2024-12-05
DarqMatter67,2024-12-05
Far-News9070,2024-12-05
Mr_2Sharp,2024-12-05
Apprehensive-Lock539,2024-12-05
Sad-Refrigerator6105,2024-12-05
AP_457,2024-12-05
MurkyConfidence8183,2024-12-05
Early-Drop2930,2024-12-05
Unusual-Bullfrog-522,2024-12-05
Balance0109,2024-12-05
CretanExecutive,2024-12-05
doggo_on_pogo,2024-12-05
jukebugging,2024-12-05
Ok_Branch7305,2024-12-05
Affectionate-Star117,2024-12-05
SimpleExamination693,2024-12-05
Far-Tip9960,2024-12-05
ThrowRA-lostfriend1,2024-12-05
IKickedJohnWicksDog,2024-12-05
ohyeahitsjobtime,2024-12-05
ZestyBells,2024-12-05
47giraffes,2024-12-05
Next_Tear6754,2024-12-05
Other_Dingo6174,2024-12-05
Blue_Sky_312,2024-12-05
AlternativeThat3435,2024-12-05
JB__7,2024-12-05
One_Ad_5858,2024-12-05
vishalpal4807,2024-12-05
burntatstake,2024-12-05
NVTCH20,2024-12-05
ObjectiveUnable6456,2024-12-05
Tight_Current_7414,2024-12-05
NanoblackReaper,2024-12-05
TanInCan,2024-12-05
CultExpressed,2024-12-05
Vanished_Sun,2024-12-05
Efficient-Bus-1272,2024-12-05
High-Return730,2024-12-05
Wise_Mongoose_2587,2024-12-05
Used_Worldliness4030,2024-12-05
Remarkable-Cup-8750,2024-12-05
AccomplishedSource84,2024-12-05
juanbg323,2024-12-05
Amazing_Class531,2024-12-05
FurashuBomba,2024-12-05
4PieceNuggets,2024-12-05
Intrepid-Ad-7336,2024-12-05
Diligent_Bite_9437,2024-12-05
onyoursidee,2024-12-05
Mammoth-Affect-3141,2024-12-05
Zealousideal-Row8986,2024-12-05
Famous_Money_909,2024-12-05
Unable_Adagio_4052,2024-12-05
i_cant-think,2024-12-05
Traditional-Trip826,2024-12-05
DialgaTalkeon,2024-12-05
Mental-Concert8608,2024-12-05
feldhaus304,2024-12-05
ihydayed,2024-12-05
Slow_Breakfast89,2024-12-05
ProfessionalFinal180,2024-12-05
arcanerunner_,2024-12-05
EquivalentDiamond359,2024-12-05
hzgunner93,2024-12-05
aaexyz,2024-12-06
2twobr,2024-12-06
Future_Blueberry107,2024-12-06
AgentofSHIELD1024,2024-12-06
calgon_throw_away,2024-12-06
Red_over_Ash,2024-12-06
winterlazzo,2024-12-06
Green-Beans-Rock,2024-12-06
Upbeat-Station5433,2024-12-06
Delicious_Concept_82,2024-12-06
nycdancer138,2024-12-06
Wise_Adhesiveness_71,2024-12-06
Quirky-Armadillo-130,2024-12-06
CoupleRealistic2685,2024-12-06
bay_blades,2024-12-06
That-Environment4526,2024-12-06
rizz_ik,2024-12-06
Public_Yellow1733,2024-12-06
jrcollett,2024-12-06
Altruistic_Skirt5628,2024-12-06
Acceptable-Werewolf4,2024-12-06
Bubbly-Cranberry3517,2024-12-06
Missingaustin6,2024-12-06
NeuraLogical,2024-12-06
DBomb03x7,2024-12-06
MaverickBlvck,2024-12-06
DR_NV_775,2024-12-06
TheAIConsultingFirm,2024-12-06
bloominsunset,2024-12-06
Indianweeb084,2024-12-06
nicoledes98,2024-12-06
renaebarbie,2024-12-06
enjoy_slurm0011010,2024-12-06
somebuddy14,2024-12-06
Ok_Month_941,2024-12-06
Important_Board_9958,2024-12-06
Shandel_,2024-12-06
Lazy-Ice-9226,2024-12-06
Glass-Blunt-275,2024-12-06
tothegoodtimez,2024-12-06
Realistic-Drive-8219,2024-12-06
nightsky_cxiv,2024-12-06
leytourmaline,2024-12-06
niiima,2024-12-06
no-its-nikolaj,2024-12-06
Federal-Oven365,2024-12-06
InsideNarwhal8410,2024-12-06
Icy_Salt2115,2024-12-06
18carriages,2024-12-06
Healthy_Bench1833,2024-12-06
Snoo-80740,2024-12-06
gir-no-sinh,2024-12-06
Stilldre420,2024-12-06
Individual_Glass9644,2024-12-06
Siu_Mai333,2024-12-06
Lowerstairs,2024-12-06
MundaneComparison212,2024-12-06
sparrowpeach,2024-12-06
EastImagination7293,2024-12-06
Expensive-Echidna335,2024-12-06
ConfectionOk410,2024-12-06
SALamander2x0,2024-12-06
SeaOutlandishness503,2024-12-06
Aggressive_Ad_6701,2024-12-06
silverclooud09,2024-12-06
Financially-Dead-,2024-12-06
pop-crackle,2024-12-06
OGSLCHyphy,2024-12-06
Pyrodraconic,2024-12-06
MuayThaiTrained,2024-12-06
Proof_Cash_2251,2024-12-06
Londonscruff,2024-12-06
LycheeSilent4571,2024-12-06
Athenrille,2024-12-06
sharmAnkit_X,2024-12-06
DPCAOT,2024-12-06
LocksmithOne4221,2024-12-06
Separate-Bench-2656,2024-12-06
Capital-Delivery8001,2024-12-06
Level-Link9944,2024-12-06
Accomplished_Tip9413,2024-12-06
Introvert_11_,2024-12-06
Organic_Asparagus576,2024-12-06
Mountain-Paper-8420,2024-12-06
mranderson20801,2024-12-06
ToeAdministrative802,2024-12-06
_donquixote_,2024-12-06
Qing_11,2024-12-06
Longjumping_Till_943,2024-12-06
amaryllis-belladonna,2024-12-06
frozen_mezzanine,2024-12-06
EnvironmentalCan2281,2024-12-06
Passion_Reasonable,2024-12-06
Fluffy-Cable7818,2024-12-06
engineer_flocky,2024-12-06
Maximum-Ant-99,2024-12-06
No_Detective_1523,2024-12-06
Particular_Orange_60,2024-12-06
NiceHighway_,2024-12-06
greenranger2454,2024-12-06
Financial_Swan_8793,2024-12-06
lethargic-slug,2024-12-06
vXoyiv,2024-12-06
SmallButterscotch674,2024-12-06
Great_Voice9602,2024-12-06
Comprehensive-Put575,2024-12-06
gosigratnotfound,2024-12-06
Spiritual_Steak7672,2024-12-06
Beneficial-Match-529,2024-12-06
DullFocus9893,2024-12-06
SFkitty94122,2024-12-06
4est_g,2024-12-06
Clear_Dog_9214,2024-12-06
LocalSaw,2024-12-06
Some_Mixture8742,2024-12-06
pinkhannah82,2024-12-06
HighImAdept,2024-12-06
International_Tip779,2024-12-06
Time-Wheel-4094,2024-12-06
LaFuriaRoja_3581,2024-12-06
BrilliantBunch6700,2024-12-06
SheltonJohnJ,2024-12-06
CavesOfficial,2024-12-06
lumon_,2024-12-06
sadlionros,2024-12-06
electriclizardnate,2024-12-06
Aggravating-End-8214,2024-12-06
Responsible_Match895,2024-12-06
SpecificFilm4097,2024-12-06
Big-Maybe6076,2024-12-06
wanted21,2024-12-06
____zoomzoom,2024-12-06
Objective_Letter_354,2024-12-06
AggressiveCreme2490,2024-12-06
throw_away6734,2024-12-06
AhnfeltenHeroes,2024-12-06
d_madacs,2024-12-06
cucumberhorse,2024-12-06
MB_Hound,2024-12-06
Senior_Suit_4451,2024-12-06
Mechaglashan,2024-12-06
katdaddiie,2024-12-06
missmonomi,2024-12-06
South-Muffin-6010,2024-12-06
pixelpheasant,2024-12-06
alyssagoldx87,2024-12-06
OriginalManner0,2024-12-06
Sylphz_,2024-12-06
Financial_Bat2772,2024-12-06
Academic-Map-1035,2024-12-06
PaulTheCarman,2024-12-06
Starlink87,2024-12-06
Ok-Smoke-4943,2024-12-06
SeaBass5836,2024-12-06
goldenpeach9,2024-12-06
Harmony-Farms,2024-12-06
yellawh,2024-12-06
Kayleekakes17,2024-12-06
AppropriateEar2086,2024-12-06
MouseLess9782,2024-12-06
Throwaway_20255555,2024-12-06
Holiday_Importance39,2024-12-06
HotProfessor374,2024-12-06
Fluffy-Language-4801,2024-12-06
PregnantCabbage,2024-12-06
Cgul456,2024-12-06
Puzzleheaded_Owl4900,2024-12-06
inanotherlife23,2024-12-06
CrazyPanda343,2024-12-06
Link8227,2024-12-07
Fabulous_Income9153,2024-12-07
earthxtone00,2024-12-07
madtwatr,2024-12-07
Warm_Bee_8351,2024-12-07
Great_Dependent9031,2024-12-07
Opening-Swimmer2048,2024-12-07
Crafty_Ad_6043,2024-12-07
Capable_Plankton4420,2024-12-07
Ok-Breakfast9005,2024-12-07
New-Cell6146,2024-12-07
RuralJapanFan,2024-12-07
Disastrous-Market-36,2024-12-07
Pickle_Regular,2024-12-07
Tricky_Place_4872,2024-12-07
StudMuffinNick,2024-12-07
Reasonable_Ad_6422,2024-12-07
Frequent_Monitor2893,2024-12-07
Ok-Telephone6014,2024-12-07
btpshop-101,2024-12-07
Neither-Side-7084,2024-12-07
BlackberryJolly4830,2024-12-07
reclusiven97,2024-12-07
allcapnobussin,2024-12-07
katienotkatelyn,2024-12-07
North_Chemical_9538,2024-12-07
Mediocre-Nectarine50,2024-12-07
SogggyLasagna,2024-12-07
Natural_Shower_5055,2024-12-07
Sad_Cantaloupe_199,2024-12-07
Far_Secret_8585,2024-12-07
Clover-cuts,2024-12-07
AdmirableAnteater105,2024-12-07
thatghost77,2024-12-07
Less_Zebra1716,2024-12-07
AndThenSheSung,2024-12-07
DrArzt55,2024-12-07
Pleasant-Coconut347,2024-12-07
ImDBatty1,2024-12-07
No_Hovercraft_542,2024-12-07
whatisyourexperienc,2024-12-07
eggstud1209,2024-12-07
manybeez,2024-12-07
Boring_Taste_7562,2024-12-07
Downtown_Option9615,2024-12-07
IEnjoyEatingFeces,2024-12-07
ikutoke,2024-12-07
ReseolFreseol237,2024-12-07
Competitive_Tax_9723,2024-12-07
meeganbiitch,2024-12-07
BrahmandWanderer,2024-12-07
thatwierdoeleventeen,2024-12-07
harrysnow81,2024-12-07
ittykittu,2024-12-07
peals2,2024-12-07
NewStatistician4173,2024-12-07
RevolutionaryBed1031,2024-12-07
HoneydewPlus9965,2024-12-07
Nazmus_Sadiq,2024-12-07
Past-Change-4325,2024-12-07
thatshittyface,2024-12-07
Aaditee_D_Pate,2024-12-07
SantaraTree,2024-12-07
Anuh_Mooruhdoon,2024-12-07
secant78,2024-12-07
Obvious-Discipline35,2024-12-07
Bubbly_Stomach1421,2024-12-07
FriendshipAlive7226,2024-12-07
kentacco,2024-12-07
Overall_Let8308,2024-12-07
Friendly_Rate_4709,2024-12-07
FewDifference907,2024-12-07
prophetmuhammad,2024-12-07
needtookno,2024-12-07
Nell_9,2024-12-07
Avispalle8,2024-12-07
Independent-Arm4600,2024-12-07
PlayingNuzlocke,2024-12-07
WholeJaguar4726,2024-12-07
Timely_Contest_1145,2024-12-07
YourMothersVeryNice,2024-12-07
ragecan2,2024-12-07
SleepOne442,2024-12-07
Low-Acadia8523,2024-12-07
UnluckyPotential330,2024-12-07
shoestringscience,2024-12-07
Glum_Possession7238,2024-12-07
Aggravating-Bug4569,2024-12-07
Additional-Safety848,2024-12-07
Andaacurry,2024-12-07
SmythOSInfo,2024-12-07
DepressedGuyy34,2024-12-07
golfballranchus,2024-12-07
Odd-Recording7030,2024-12-07
Ill_Possibility_7851,2024-12-07
Iost_fruit8686,2024-12-07
Trickheytiny,2024-12-07
DinValeaPrahovei,2024-12-07
Weak-Ad370,2024-12-07
hungrygerudo,2024-12-07
bbbbbrody,2024-12-07
refrigeratedthermite,2024-12-07
Pitiful_Ad4564,2024-12-07
holdmycalculator_,2024-12-07
Former_Disaster9328,2024-12-07
Gyro-EKF,2024-12-07
XandersCat,2024-12-07
mickeymoylantrois,2024-12-07
ConsiderationIcy8420,2024-12-07
Pale_Floor67,2024-12-07
Special_Hako,2024-12-07
TeepToLowkick,2024-12-07
Yummyhorsereddit,2024-12-07
Neither-Concept-3903,2024-12-07
BigGunsFinance,2024-12-07
jewelbracydemaio,2024-12-07
CalligrapherRound980,2024-12-07
First_Sun_1972,2024-12-07
pynkkisses,2024-12-07
1986rock,2024-12-07
Upbeat-Technology977,2024-12-07
ComfortableKey9263,2024-12-07
Temporary-Evening-19,2024-12-07
serialcompliment,2024-12-07
Alive_Pear1246,2024-12-07
mexicanpalmtrees,2024-12-07
legend67521,2024-12-07
bluesky1433,2024-12-07
Salt_Fabulous,2024-12-07
theonlyeemee,2024-12-07
Ok_Hearing690,2024-12-07
jellystringsz,2024-12-07
Horror_Individual996,2024-12-07
bacakristin,2024-12-07
DoppleDildoz,2024-12-07
Mobile-Warning-4510,2024-12-07
chdev69,2024-12-07
finllyaskingforhelp,2024-12-07
PotentialSize6873,2024-12-08
Pandabratt1,2024-12-08
trowswayed,2024-12-08
anonanon1367,2024-12-08
Good-Expression954,2024-12-08
GayDHD23,2024-12-08
PinkPigHat,2024-12-08
cjxcx07,2024-12-08
EMJAETV,2024-12-08
Muted-Video7978,2024-12-08
Loose-Potential-3597,2024-12-08
Capital-Platypus-805,2024-12-08
Arumidden,2024-12-08
ResponseOk3316,2024-12-08
One_Computer_7910,2024-12-08
-Fifty__50-,2024-12-08
Direct_Assistance617,2024-12-08
Important-Smoke-1657,2024-12-08
Beachlife-1312,2024-12-08
GlumDefinition7363,2024-12-08
Adorable-War-5912,2024-12-08
Own_Perspective_8721,2024-12-08
Spirited_Web_4806,2024-12-08
Cool_Tackle_6471,2024-12-08
harshpatel1996,2024-12-08
Lazy_Fox311,2024-12-08
Temporary_Section_57,2024-12-08
livingdeppressedp,2024-12-08
No_Buy6477,2024-12-08
Comfortable_Garage58,2024-12-08
codeeraayush,2024-12-08
SnooCauliflowers8324,2024-12-08
emperorarg,2024-12-08
Helpful_Budget_3205,2024-12-08
iCTWi,2024-12-08
sugarbunny_candy,2024-12-08
Potential-Egg-4160,2024-12-08
TaloDee,2024-12-08
Exotic-Physics8775,2024-12-08
West_Ad1064,2024-12-08
RareCaterpillar1755,2024-12-08
idontevenknow2024,2024-12-08
Accomplished-Cry51,2024-12-08
Wonderful_Gas5231,2024-12-08
meow310791,2024-12-08
bubbly-writer123,2024-12-08
inthealphaquadrant,2024-12-08
jaacksn,2024-12-08
Old-Till-4931,2024-12-08
rebootmebro,2024-12-08
Interesting_Lock9526,2024-12-08
starsmileyx,2024-12-08
mint_miu,2024-12-08
OkWoodpecker6123,2024-12-08
No_Ship_6962,2024-12-08
Rough_Tailor_8028,2024-12-08
Interesting-Worth325,2024-12-08
carbonaade,2024-12-08
Weird-Preparation-40,2024-12-08
DubiousFalcon,2024-12-08
Amazing_View_7750,2024-12-08
whoops_nvmind,2024-12-08
Outrageous-Worth9339,2024-12-08
cyanoborg,2024-12-08
Emergency-Bit-7829,2024-12-08
Evening_Sundae_5511,2024-12-08
Mojeaux,2024-12-08
DasGolem,2024-12-08
throwaway46875543,2024-12-08
Imaginary-Lion-354,2024-12-08
BossmanDC10,2024-12-08
Major_Attempt_2942,2024-12-08
Mental_Cat_2986,2024-12-08
Aromatic-Ad6287,2024-12-08
laurapadrao,2024-12-08
hazyl777,2024-12-08
MarchConfident,2024-12-08
nvm-blinker,2024-12-08
IncidentOk3967,2024-12-08
QuickestOP,2024-12-08
Theinfiniteseeker,2024-12-08
Lost_Log_3119,2024-12-08
New-Specialist-1923,2024-12-08
myredditburner111,2024-12-08
clumsymayy,2024-12-08
ime6969,2024-12-08
Miserable_General,2024-12-08
ThatRefrigerator2793,2024-12-08
Far_Distance_337,2024-12-08
Repulsive-Ad3086,2024-12-08
JackyW02,2024-12-08
b2reddit1234,2024-12-08
DropAnnual663,2024-12-08
Sea-Place6042,2024-12-08
Lhm1733,2024-12-08
polandmangoes12,2024-12-08
SavPenn98,2024-12-08
CountryDude25,2024-12-08
Sufficient-Arrival96,2024-12-08
throwaway_Ididnot,2024-12-08
Silver-Sherbet1287,2024-12-08
Own_Assistant_4689,2024-12-08
Ayooog,2024-12-08
CodenameLaLeche,2024-12-08
Confident-Water2052,2024-12-08
MisterEmasheen_Media,2024-12-08
Impressive_Space_291,2024-12-08
Scared_Cartoonist716,2024-12-08
neomatrix24,2024-12-08
Kattshee,2024-12-08
Triple_AAA23,2024-12-08
BabadookishOnions,2024-12-08
allomyrina-volbot,2024-12-08
Apprehensive_Pool431,2024-12-08
Last-Block937,2024-12-08
loveanengineer7,2024-12-08
Queasy_Sherbert_7095,2024-12-08
Legitimate-Pin7877,2024-12-08
International_Cod193,2024-12-08
h-musicfr,2024-12-08
Mysterious-Head2032,2024-12-08
greatvinedrake,2024-12-09
Few_Attorney_4651,2024-12-09
GayHungry4D,2024-12-09
BlackberryInfinite49,2024-12-09
rakeemid,2024-12-09
Small_Stranger_7910,2024-12-09
Ill_Professional_379,2024-12-09
Seaportbostonma,2024-12-09
inyourkitchen,2024-12-09
Fluffy-Scientist1387,2024-12-09
Background_Mistake76,2024-12-09
MarketingFragrant758,2024-12-09
Dr-blackparrot,2024-12-09
Different_Bite9722,2024-12-09
Late-Mix-606,2024-12-09
Unhappy_Hurry7337,2024-12-09
Recent-Amphibian-423,2024-12-09
Electrical-Pudding96,2024-12-09
Really_him3,2024-12-09
Business_Smoke_1164,2024-12-09
Eco-bean,2024-12-09
HelixIsHere_,2024-12-09
AccordingDay7168,2024-12-09
J_fieldsfan1,2024-12-09
Previous_Painting_26,2024-12-09
OJpotion,2024-12-09
MOIKIEYWAV3,2024-12-09
vile10,2024-12-09
Far-Ad-398,2024-12-09
Sea_Corner9709,2024-12-09
SenseiScott,2024-12-09
Gymbat138,2024-12-09
sub2greatpizzayt,2024-12-09
ComedianUnlikely4947,2024-12-09
ChocalateAndCake,2024-12-09
Add1e_82,2024-12-09
Intrepid_Skin5683,2024-12-09
Jobalertform,2024-12-09
Linguistrecruitment,2024-12-09
Consistent_Top_992,2024-12-09
Educational-Host6621,2024-12-09
Straight-List-1035,2024-12-09
Lumpy_Personality_89,2024-12-09
Some_Feeling5940,2024-12-09
tamtamtam-31,2024-12-09
PsychologicalDot6448,2024-12-09
Visual-Priority7850,2024-12-09
Educational_Home2163,2024-12-09
According-Use4841,2024-12-09
BlackBunny88,2024-12-09
Zoonerism,2024-12-09
that-pharmacist_01,2024-12-09
lmanKiller,2024-12-09
Aggravating-Mix9679,2024-12-09
ms_the_rex,2024-12-09
Far-Lavishness9315,2024-12-09
Phil-Psych-3973,2024-12-09
TheRealEgg0,2024-12-09
Important-Storage-55,2024-12-09
Confident_Scale_6916,2024-12-09
agapomis,2024-12-09
contagious-lunacy,2024-12-09
Mysterious-Pause-187,2024-12-09
plainoldhuman,2024-12-09
benaissa-4587,2024-12-09
_blackwing,2024-12-09
6lackBirdsFly,2024-12-09
STEELIO7301356,2024-12-09
Resident_Friend_5221,2024-12-09
APointedResponse,2024-12-09
ljwild,2024-12-09
cocoh-,2024-12-09
Marcus-Aurelius1,2024-12-09
Confident_Car2759,2024-12-09
Dagos301,2024-12-09
DaNuke96,2024-12-09
KimHaneul67,2024-12-09
Anony240706,2024-12-09
Ok-Translator3490,2024-12-09
Weekly_Tea5263,2024-12-09
Geralt2077,2024-12-09
Extra_Anywhere_815,2024-12-09
Idkwhatsup600,2024-12-09
SukiTheSmallFox,2024-12-09
No-Coffee1929,2024-12-09
Interesting-Key-998,2024-12-09
liveforeverrr77,2024-12-09
marctoff,2024-12-09
mhm-mmkay,2024-12-09
mynameisnotkamron,2024-12-09
Academic_Focus_4044,2024-12-09
Alone-Creme4137,2024-12-09
Senior_Internet_895,2024-12-09
Flaky_Chance8140,2024-12-09
NyuNeon,2024-12-09
UnqualifiedLegend,2024-12-09
redditisawful223,2024-12-09
captainawesome92,2024-12-09
Massap24,2024-12-09
Galvanizedpizza,2024-12-09
Hecatia15,2024-12-09
Philisophical_Onion,2024-12-09
Terrible-Artist69,2024-12-09
Prudent-Ad-4995,2024-12-09
Any_Soft2887,2024-12-09
Dense_Profit_8754,2024-12-09
goonerwannaspooner,2024-12-09
Careless_Comfort9592,2024-12-09
PuzzleheadedExit5802,2024-12-09
Kendra_Braddock,2024-12-09
bboogle,2024-12-09
psychedlatinx,2024-12-09
Additional-Focus-614,2024-12-09
Poltergeist059,2024-12-09
Effective_Minute5797,2024-12-09
Maniacofpokemon,2024-12-09
view3789,2024-12-09
jbygr,2024-12-09
ceo_vb,2024-12-09
NateGman1,2024-12-09
Legitimate-Cover6387,2024-12-09
Brief-Cut-1228,2024-12-09
AnimatedPie,2024-12-09
Emotional_Dare_9000,2024-12-09
Fluffy-Foundation-88,2024-12-09
wordtojim,2024-12-09
FearDerpz,2024-12-09
No-Magician6293,2024-12-09
Okay_1965,2024-12-09
PabloSanchezHOF,2024-12-09
Ticket-Miserable,2024-12-09
Single-Addition9881,2024-12-09
Practical_Opening359,2024-12-09
Key-Ninja-2370,2024-12-09
PearSame5085,2024-12-09
t0xic_bagels,2024-12-09
Careless_Sample4852,2024-12-09
Silly-Department-986,2024-12-09
Harymean,2024-12-09
SignificanceStreet41,2024-12-09
Lambla,2024-12-09
Kittyslala,2024-12-09
alittleunique,2024-12-09
Malteserplatz,2024-12-09
BrxMarix,2024-12-09
Chasm___,2024-12-09
Icy_Studio1297,2024-12-09
Consistent-Page-9074,2024-12-09
LawfulnessNo2309,2024-12-09
Alone_Cantaloupe_439,2024-12-09
Neverlur,2024-12-09
Crafty_Membership817,2024-12-09
Fragrant_Wait8811,2024-12-09
ph_maggy,2024-12-09
Mason_M21,2024-12-09
Crazy-Flamingo-2052,2024-12-09
Academic-Eye7001,2024-12-09
anotherbeing__,2024-12-09
saiyankev,2024-12-09
Affectionate_Pie7232,2024-12-09
BookieBasherCasher,2024-12-09
Accomplished-Owl1547,2024-12-09
Ok_Pollution9335,2024-12-10
NeighborhoodProud700,2024-12-10
ReDDisko,2024-12-10
SaaS-Sales-Strateg,2024-12-10
Robzterz,2024-12-10
frecklesthevillager,2024-12-10
Taymarie2021,2024-12-10
Donbilbambas,2024-12-10
jstali,2024-12-10
LetPrimary663,2024-12-10
venomousgoth,2024-12-10
VegetableBad6807,2024-12-10
karlyw101,2024-12-10
Pure-Veterinarian-44,2024-12-10
Affectionate-Hand-39,2024-12-10
MazzyGQ,2024-12-10
Creepy_Junket_1497,2024-12-10
Tiny-Reveal3756,2024-12-10
Zestyclose_Show8653,2024-12-10
Easy-Programmer948,2024-12-10
Gold_Tea992,2024-12-10
Mippyl2000,2024-12-10
SandyChomper,2024-12-10
MeltedAshes,2024-12-10
MrBigCock97,2024-12-10
Comfortable-Many-850,2024-12-10
AbbreviationsBig4648,2024-12-10
Namzug27,2024-12-10
TheGingerBrownMan,2024-12-10
010111010001,2024-12-10
jobysmash,2024-12-10
coffeeicedcoffee444,2024-12-10
Apprehensive_Job9020,2024-12-10
Correct-Maybe9011,2024-12-10
NicoVal100,2024-12-10
bobogator,2024-12-10
Administrative_Try36,2024-12-10
Immediate_Ad_6336,2024-12-10
Maleficent-Welder441,2024-12-10
Euphoric_Midnight_70,2024-12-10
ChannelOutrageous989,2024-12-10
Ok_Acanthisitta_7323,2024-12-10
MysteriousWoman_88,2024-12-10
bunnyfusiness,2024-12-10
RainOnPizza,2024-12-10
Antique_Disaster_795,2024-12-10
5thEditionFanboy,2024-12-10
hopelessjobseeking,2024-12-10
french-fri-lvr,2024-12-10
cypherdust,2024-12-10
raj_shandilya,2024-12-10
National-Mulberry-14,2024-12-10
humblefool95,2024-12-10
bigboisharky,2024-12-10
musingsoftraveller,2024-12-10
Old_Problem_3542,2024-12-10
happy_bengalurian,2024-12-10
No_Hovercraft7846,2024-12-10
MouseRude0118,2024-12-10
NotYourKidFromMoTown,2024-12-10
Maniac911,2024-12-10
MischiefX4,2024-12-10
concernedCitizen465,2024-12-10
Taucherin5555,2024-12-10
Status-Cherry-5513,2024-12-10
LA-Shine,2024-12-10
Typical_Spread4188,2024-12-10
Bohovibeting,2024-12-10
Impossible_Touch331,2024-12-10
vlatcata,2024-12-10
KindaNormalHuman,2024-12-10
DavidBuzzed,2024-12-10
iNhab,2024-12-10
fraiyaaa,2024-12-10
Old_Limit2298,2024-12-10
Practical-Quantity73,2024-12-10
Which_Bedroom_4838,2024-12-10
NoLevel3036,2024-12-10
D3AD_S3C,2024-12-10
No_Bag_163,2024-12-10
MaleficentVisit9630,2024-12-10
Illustrious_Fee_3685,2024-12-10
OkAnybody5907,2024-12-10
Interesting_Coat5177,2024-12-10
Dark-Grey-Castle,2024-12-10
Initial-Pitch-4117,2024-12-10
ArdynMills,2024-12-10
bcdodgeme,2024-12-10
OwnSir1521,2024-12-10
dalycityguy,2024-12-10
serdargokhan,2024-12-10
RolandCJ,2024-12-10
CareerBloomCoaching,2024-12-10
Odd_Snow_8779,2024-12-10
WhiteShirtQWERTY,2024-12-10
vv1c,2024-12-10
s_02912l,2024-12-10
Inevitable-Film2381,2024-12-10
CoatPrior883,2024-12-10
Salt_Recording_4998,2024-12-10
Substantial-Face4832,2024-12-10
Comprehensive_Tip244,2024-12-10
Princess-Passenger,2024-12-10
247idenitycrisis,2024-12-10
Specialist_Status393,2024-12-10
yaboyhamm,2024-12-10
SangTalksMoney,2024-12-10
Spiritual-Article998,2024-12-10
National-Salad-6994,2024-12-10
find_me_exe,2024-12-10
naaaavvv,2024-12-10
Most-Complaint-616,2024-12-10
frostedflakezs,2024-12-10
Cocoa19634,2024-12-10
LilToasteay,2024-12-10
conseqWENTZes,2024-12-10
hissingmarsupial,2024-12-10
Material-Active-3167,2024-12-10
MeanMichelleG,2024-12-10
Realistic_Version_26,2024-12-10
Icy_Salamander2988,2024-12-10
EOUenjoyer,2024-12-10
xSamThingElse,2024-12-10
Sh1vam_Web3,2024-12-10
brakes4cemeteries,2024-12-10
Ok_Tie_3593,2024-12-10
Dramatic-Hedgehog835,2024-12-10
Boptions,2024-12-10
Equivalent-Plane-175,2024-12-10
living_Afantasyy,2024-12-10
Admirable-Thing-4554,2024-12-10
artxdecos,2024-12-10
AlexTebaren,2024-12-10
ballfondlr,2024-12-10
Witty_Tour_6216,2024-12-10
ilovepopcorners,2024-12-10
Silver_Glass_5655,2024-12-10
Top-Football-9156,2024-12-10
oldgoatfart,2024-12-10
jtan_12,2024-12-10
Comprehensive_Unit89,2024-12-10
Stemple12,2024-12-10
MicrodosePsilocybin,2024-12-10
teddybearcastles,2024-12-10
muffinslinger,2024-12-10
PlayerNumberZer0,2024-12-10
jakeD8,2024-12-10
teamrocketgrunt8,2024-12-10
Funny_Grapefruit8021,2024-12-10
Tiny-Preference-3985,2024-12-10
HumanResourcesLemon,2024-12-10
Much_Bodybuilder8558,2024-12-10
Lazy_Manner_2581,2024-12-10
Additional_Goat_8889,2024-12-10
freedomseeker8,2024-12-10
FluidCar9057,2024-12-10
runstd,2024-12-10
No_Character2452,2024-12-10
Sttack,2024-12-10
Responsible_Card_144,2024-12-10
ProofInternational83,2024-12-10
Illustrious-Plate-83,2024-12-10
eatmelikeamaindish,2024-12-10
Confident-Hurry-3216,2024-12-10
Standard-Talk-6463,2024-12-10
Wonderful-Alarm7463,2024-12-10
BullishTavern,2024-12-10
Charming-City6489,2024-12-10
Prestigious_Walk9428,2024-12-10
Upper-Ostrich-4084,2024-12-10
GOAT-NIL,2024-12-10
Tall_Explanation_393,2024-12-10
iuwjsrgsdfj,2024-12-10
ObjectiveCorrect2126,2024-12-10
LeastPervertedFemboy,2024-12-11
Ok_Consideration7539,2024-12-11
ThannonSwift,2024-12-11
Floral_bread49,2024-12-11
nottrue626,2024-12-11
cryptos_kings,2024-12-11
whatthewhat200,2024-12-11
missdoingherbest,2024-12-11
OpeningBicycle5198,2024-12-11
Connect_Captain_4044,2024-12-11
donorkokey,2024-12-11
hellahypochondriac,2024-12-11
Beautiful_Novel_9608,2024-12-11
mfsz_,2024-12-11
AccuratePerformer,2024-12-11
Xpheris,2024-12-11
DankElderberries420,2024-12-11
Background_Neat_8175,2024-12-11
Odd_Process_3077,2024-12-11
Capable-Olive-6506,2024-12-11
Nightengate32,2024-12-11
Acceptable_Duty2453,2024-12-11
uncomfy258,2024-12-11
Akajolynekujo,2024-12-11
Muted_Object5282,2024-12-11
Skeetermahn,2024-12-11
MindlessImpact8,2024-12-11
Cautious_Working_880,2024-12-11
LyssaIsUnavailable,2024-12-11
Current_Wolverine791,2024-12-11
Much_Negotiation9868,2024-12-11
newstruggle11,2024-12-11
Tgoodies666,2024-12-11
Nightrider1861,2024-12-11
No_Manufacturer_2169,2024-12-11
anabellatw,2024-12-11
Insane_enby,2024-12-11
No_Success_2070,2024-12-11
Tysum69,2024-12-11
Ceyx_erithaca_river,2024-12-11
KpopToasterOven,2024-12-11
Prudent-Rain3181,2024-12-11
naughty_friedrice,2024-12-11
Full-Conference-1311,2024-12-11
vesea20,2024-12-11
Eko9855,2024-12-11
EmbarrassedAd3098,2024-12-11
Snaphu1,2024-12-11
cmxnds,2024-12-11
Safe_Walrus3874,2024-12-11
PuzzleheadedTop3101,2024-12-11
Past-Animal-2222,2024-12-11
HistoryZestyclose785,2024-12-11
BackgroundBottle1278,2024-12-11
Easy-Potential6448,2024-12-11
FarmerNo3071,2024-12-11
Practical-Ad-2,2024-12-11
Then-Hunt3548,2024-12-11
Alexkshell,2024-12-11
Mistaekk,2024-12-11
nonibalogny,2024-12-11
Atrophea,2024-12-11
Small_Ability_4575,2024-12-11
deeeyymmn,2024-12-11
Amokibama,2024-12-11
Sorry_Job255,2024-12-11
EuphoricChemical7899,2024-12-11
Optimal-Ad1008,2024-12-11
radagon_sith,2024-12-11
Clas-Myrddin,2024-12-11
Friendly-Champion-46,2024-12-11
Unhappy-Coat-6926,2024-12-11
beer120,2024-12-11
incomp97,2024-12-11
overobsessive120,2024-12-11
1234peepeepoopoo,2024-12-11
Echidna_Intelligent,2024-12-11
Free_Assistance_993,2024-12-11
No_Pudding8976,2024-12-11
startwithaidea,2024-12-11
Own_Lychee1800,2024-12-11
theboxtroll5,2024-12-11
behindinlifeperson1,2024-12-11
WheelWilling213,2024-12-11
Straight_Ad_9129,2024-12-11
__salma,2024-12-11
Status_Engineer_18,2024-12-11
Specific_Image_737,2024-12-11
Zunflowers,2024-12-11
CrispyNuuget316,2024-12-11
Bigup714,2024-12-11
Character-Ostrich148,2024-12-11
88Dubs,2024-12-11
cloveand,2024-12-11
IndividualProduce406,2024-12-11
Itsronyouknow,2024-12-11
Its_Not_Kosher,2024-12-11
knaifuneko,2024-12-11
NoIron309,2024-12-11
withove,2024-12-11
Makedonskiidiot,2024-12-11
lavenderportrait,2024-12-11
AlexPryl,2024-12-11
sarlantnimerkur,2024-12-11
Apprehensive-Lab-68,2024-12-11
carmalude,2024-12-11
Goodtx2092,2024-12-11
anothergirl134,2024-12-11
Awoush,2024-12-11
Upbeat-Beginning-412,2024-12-11
Technical-Tour3241,2024-12-11
Stormy1174,2024-12-11
Delusional-mama,2024-12-11
MPFJ8775,2024-12-11
_disasterdino_,2024-12-11
littlemonster9999,2024-12-11
Inside_Wonder_3122,2024-12-11
superavo4,2024-12-11
idiotsandwich_,2024-12-11
Inner_Pair1134,2024-12-11
fd4517_57,2024-12-11
Optimal_Lecture_8877,2024-12-11
Long_Fish1973,2024-12-11
strawberrymeadows145,2024-12-11
Silent_Tale1389,2024-12-11
Koolstads,2024-12-11
BusyCamp6819,2024-12-11
WeepingWillow555,2024-12-11
Socrates77777,2024-12-11
WolverineClaws21,2024-12-11
StaticInDaCity,2024-12-11
Zealousideal_Sense33,2024-12-11
cocohasaquestion,2024-12-11
Suefinn8,2024-12-11
Comfortable-Rock-533,2024-12-11
OfficerFriend1y,2024-12-11
Emergency-Research69,2024-12-11
Moonstar3245,2024-12-11
C-Burns67,2024-12-11
Connect-Friend-9424,2024-12-11
bellyjean-799,2024-12-11
MutedZombie6480,2024-12-11
Mayubeshidding,2024-12-11
bluesunshine19,2024-12-11
Affectionate_Hold957,2024-12-11
RepresentativeAct881,2024-12-11
Due_Plant_7534,2024-12-11
sunflowerdayz2914,2024-12-11
Lucky_Category_2413,2024-12-11
jpstar21,2024-12-11
Inmyleclercphase,2024-12-11
Brunette_B,2024-12-11
gameswill200801,2024-12-11
Kaliross13,2024-12-11
me_jinx,2024-12-11
Ok-Cartographer5991,2024-12-11
DrawForMe0239,2024-12-11
saraheb77,2024-12-11
Miserable-Log5174,2024-12-11
Radiant_Attempt4456,2024-12-11
RC-UnHappy,2024-12-11
salmonjoon,2024-12-11
umotex12,2024-12-11
daddydaddydo6790,2024-12-11
Advanced_Gap_8683,2024-12-12
frozenggrapes,2024-12-12
serenainheels,2024-12-12
Miserable-Country191,2024-12-12
DankMeHarderDaddy,2024-12-12
Jimbeam5150,2024-12-12
LowEducation6649,2024-12-12
New-Essay-82,2024-12-12
VaguePenguin,2024-12-12
chicagoraised,2024-12-12
Proper_Writer_6425,2024-12-12
jecrmosp,2024-12-12
Think_Specific4822,2024-12-12
Substantial-Boot9925,2024-12-12
Adventurous_Union470,2024-12-12
tr7n8beefstix,2024-12-12
Old_Difference3858,2024-12-12
No_Watch8344,2024-12-12
delayed_at_ewr,2024-12-12
Mommypantss,2024-12-12
decemberautistic,2024-12-12
EmergencyPresent3823,2024-12-12
Many-Conversation-18,2024-12-12
AdUnfair8179,2024-12-12
Responsible_Wealth92,2024-12-12
BusSea9041,2024-12-12
Mezzomama78,2024-12-12
Lucky-Fly918,2024-12-12
LittleCandiedYam,2024-12-12
Traditional-Clue-716,2024-12-12
lil-sluger,2024-12-12
Griffin1523,2024-12-12
No_Regret_3702,2024-12-12
Lizrd_demon,2024-12-12
dianna3345,2024-12-12
PaySubstantial2105,2024-12-12
hopefullyyllufepoh,2024-12-12
tb2hlalt2hnlaa,2024-12-12
Fresh-Nobody-5171,2024-12-12
throwawayformydt,2024-12-12
Ambitious_Gazelle954,2024-12-12
Cuberonix,2024-12-12
aBuyea,2024-12-12
Maleficent-Ad-8478,2024-12-12
L2hodescholar,2024-12-12
Intelligent_Snow3375,2024-12-12
Active_Emergency_172,2024-12-12
JoshuaaColin,2024-12-12
BugsySiegel1994,2024-12-12
ImNotABot26,2024-12-12
OXxLuckycatxXO,2024-12-12
hostilejelli,2024-12-12
Cute_Letter_13,2024-12-12
FabulousRaspberry216,2024-12-12
Odd_Pride1177,2024-12-12
Sensitive_Holiday_65,2024-12-12
Imaginary-Ad-2301,2024-12-12
RogueSarge,2024-12-12
zeitark,2024-12-12
Fox-brained-Support,2024-12-12
Professional-Humor58,2024-12-12
AndyMomTom,2024-12-12
issysyysys,2024-12-12
Process_Capital,2024-12-12
Odd-Address-786,2024-12-12
doremon313,2024-12-12
Proper_View_1982,2024-12-12
ReflectionQuiet5831,2024-12-12
Hammerhead1931,2024-12-12
ilysnowy,2024-12-12
never_caredd1,2024-12-12
Aggravating_Chain415,2024-12-12
lifeiswonky,2024-12-12
Prettyprincess_1,2024-12-12
Puzzled_Location7947,2024-12-12
Negative_Leek_723,2024-12-12
WillingPitch2126,2024-12-12
Both-Mushroom8283,2024-12-12
tkjacks73,2024-12-12
kodybandu,2024-12-12
m3talbl00d,2024-12-12
Aarchi__,2024-12-12
Dazzling_Pool_4980,2024-12-12
Direct-Department603,2024-12-12
Any-Performance4353,2024-12-12
millerlates,2024-12-12
Snoo72078,2024-12-12
Electrical_Peanut343,2024-12-12
LVKim,2024-12-12
sahanadwaiti,2024-12-12
grnbklub124,2024-12-12
SureExamination4474,2024-12-12
Ashu_sharma01,2024-12-12
Nervous-Transition93,2024-12-12
threebee_swarms,2024-12-12
cafeinefree,2024-12-12
notusedusernam,2024-12-12
bearbeetbattlestars,2024-12-12
josephnectarios,2024-12-12
Cautious_Reality9317,2024-12-12
danichisAT17,2024-12-12
Ok_Attorney5228,2024-12-12
LateJuliet17,2024-12-12
BothCrew157,2024-12-12
AccomplishedCrew4874,2024-12-12
Comfortable_Fox_6201,2024-12-12
Pr3ttynp3tty,2024-12-12
Zealousideal-Bug6205,2024-12-12
Pristine_Syllabub561,2024-12-12
Competitive_Cost4049,2024-12-12
girl_in_l0ve,2024-12-12
NowJustWaitASecond,2024-12-12
BeautifulTemporary75,2024-12-12
Emotional-Boss-6433,2024-12-12
FirefighterSmart5401,2024-12-12
brianorland,2024-12-12
izzyofc,2024-12-12
Infinite_Contract160,2024-12-12
TRYINGTOFCKINPARTY,2024-12-12
Afraid-Ad4511,2024-12-12
teflonshaun,2024-12-12
pocketgopher24,2024-12-12
Weird-Business11,2024-12-12
LiquidSmoke92,2024-12-12
Basic-Lychee-1264,2024-12-12
Strange_Inevitable83,2024-12-12
Ok-Dingo-5202,2024-12-12
ElegantSpace2284,2024-12-12
Such_Literature_2397,2024-12-12
Automatic-Budget7302,2024-12-12
trail-sloth,2024-12-12
pickform,2024-12-12
xawrky,2024-12-12
badboss-throwaway,2024-12-12
AggravatingCicada189,2024-12-12
Hot_kakao,2024-12-12
JoJo_Nation,2024-12-12
Soggy_Pride6388,2024-12-12
picklesadventures,2024-12-12
sirsmokealotmore88,2024-12-12
trippytrashh,2024-12-12
throwaway76881224,2024-12-12
bennababenna,2024-12-12
S1211corpio,2024-12-12
vaishhz,2024-12-12
cherry-bl0ssom,2024-12-12
Tanabe21,2024-12-12
Puzzleheaded_Way525,2024-12-12
Puzzled_Cucumber_340,2024-12-12
Hunny_bigg,2024-12-12
Harrisonthu,2024-12-12
fighting_blindly,2024-12-12
NonPraesto,2024-12-12
Underrated_Dinker,2024-12-12
FirstLord_,2024-12-12
Andrew6286,2024-12-12
Connectedaswon,2024-12-12
Extra-Knowledge884,2024-12-12
peace4you2,2024-12-12
Interesting_Pin_7336,2024-12-12
surf-Monkey-134,2024-12-12
hijjn_to_hijjn,2024-12-12
ufficialmenteswag,2024-12-12
Sweet_Imagination_98,2024-12-12
erloom4854,2024-12-12
Terrible_Gur2846,2024-12-12
bggszy,2024-12-12
Weary-Dish6945,2024-12-12
idiotloserperson,2024-12-12
halfcupofoats,2024-12-12
PuzzleheadedValue524,2024-12-12
Either_Cabinet_655,2024-12-12
Inevitable-Grass138,2024-12-12
Brookeashleigh,2024-12-12
OkDot92,2024-12-12
FlakyCommunication7,2024-12-12
HatLumpy8994,2024-12-12
expart2mars,2024-12-12
FileNo5859,2024-12-12
Significant-Fix-7161,2024-12-12
Exact-Priority8108,2024-12-12
Bluepreztel,2024-12-12
RemissionMission,2024-12-12
ConsciousLeading6844,2024-12-12
Pitch-North,2024-12-12
Ill_Explanation4221,2024-12-12
OsamaBillLaden29,2024-12-12
Narfinator29,2024-12-12
wullf3910,2024-12-12
Reasonable_Top_4795,2024-12-12
Benavide3,2024-12-12
TeacherProper5398,2024-12-12
meatloaftman,2024-12-12
MilkRadiant,2024-12-12
throwaway_tresemme,2024-12-12
Worth-Yam-9057,2024-12-12
Plastic_Course_8018,2024-12-12
Sharp_Swimmer_9456,2024-12-12
therespectablejc,2024-12-12
BigWater679,2024-12-12
Dull_Sun_3241,2024-12-12
Ey_you,2024-12-12
Muted-Entertainer155,2024-12-12
Broad-Ingenuity5926,2024-12-12
Deep-Job3181,2024-12-12
NewbieOrNah,2024-12-12
AgentMedium6294,2024-12-12
ElGose1,2024-12-12
Icy-Tomorrow2486,2024-12-12
UnusualFootball3183,2024-12-12
Acrobatic-Mulberry70,2024-12-12
midwestnugget,2024-12-12
Justordinaryme28,2024-12-12
DeadCareers,2024-12-13
PepsiPlants,2024-12-13
sanitys-_-fall,2024-12-13
Melodic-Turnip-8570,2024-12-13
ReplacementUpstairs2,2024-12-13
Unable_Statement_269,2024-12-13
AdFuture4293,2024-12-13
XhongXhina,2024-12-13
Cold_Air_5940,2024-12-13
One-Cantaloupe-5806,2024-12-13
Odisee09,2024-12-13
Hefty-Future-6803,2024-12-13
AutumnBreeze4,2024-12-13
avbavey,2024-12-13
Azoroka,2024-12-13
36Reyn,2024-12-13
joemanager-,2024-12-13
Lemenade06,2024-12-13
DrewMVP,2024-12-13
Training-Exercise791,2024-12-13
Ok-Area7655,2024-12-13
janbrady69,2024-12-13
crush_the_rush69,2024-12-13
CountryAlive6259,2024-12-13
Lamronbd,2024-12-13
Chemical_Pangolin982,2024-12-13
hmthatsInteresting0,2024-12-13
hyblrdtheory,2024-12-13
Curious_Event4848,2024-12-13
strangerin_thealps,2024-12-13
Forsaken_Cook_3029,2024-12-13
Public_Somewhere258,2024-12-13
Strict_Tea8119,2024-12-13
Fun_Resolution_4446,2024-12-13
ivorycandleflower,2024-12-13
_faery,2024-12-13
throwawayjh96,2024-12-13
schollllyships,2024-12-13
Massive-Respond5758,2024-12-13
BAMORLANDO,2024-12-13
Agreeable-Method5374,2024-12-13
cometheylee,2024-12-13
z1xz,2024-12-13
Natejr3,2024-12-13
Fragrant_Tailor5806,2024-12-13
AmbitiousBonus2576,2024-12-13
Ambitious_Seat251,2024-12-13
AppealRegular3206,2024-12-13
Maximum_Internal_142,2024-12-13
Mundane-Purpose-9080,2024-12-13
niteshshrivas,2024-12-13
Unfair-Sprinkles2912,2024-12-13
Silvia_vz,2024-12-13
Foreign-Alarm4556,2024-12-13
Direct-Brick-7807,2024-12-13
Constant_Engineer19,2024-12-13
Positive-Weekend4556,2024-12-13
Responsible-Abies620,2024-12-13
BroccoliBeautiful442,2024-12-13
mintybeef,2024-12-13
Think-Elk-7381,2024-12-13
Long-Echidna-4059,2024-12-13
Many-Conference5354,2024-12-13
rainfromjunetojune,2024-12-13
GhostHawk11B,2024-12-13
Sky3run,2024-12-13
Tough-Gear1052,2024-12-13
teakoma,2024-12-13
fortunesofzion,2024-12-13
BunerAccountEnjoyer,2024-12-13
thegreatratsby1999,2024-12-13
Black_Reactor,2024-12-13
Lost_Sun_7750,2024-12-13
Unilucid,2024-12-13
Recordingskunk,2024-12-13
OldschoolJ92,2024-12-13
Tasty_Audience_3573,2024-12-13
theBebbo,2024-12-13
Original_Foundation5,2024-12-13
Quiet-Project-6037,2024-12-13
Meowkristen,2024-12-13
Zicoto,2024-12-13
hauswalker,2024-12-13
Neat_Pop8192,2024-12-13
babop_ww,2024-12-13
PurePositive32,2024-12-13
benb89cc,2024-12-13
bluflamme,2024-12-13
recesstimeforme,2024-12-13
Pitiful_Section9369,2024-12-13
TheRoyalLeaf,2024-12-13
damachineelf,2024-12-13
Mercius,2024-12-13
YoungTex,2024-12-13
kindanasty,2024-12-13
Thalassicus1,2024-12-13
Fit_Librarian_5680,2024-12-13
Various_Mycologist13,2024-12-13
Popular-Ask3145,2024-12-13
FlaccidInevitability,2024-12-13
RepulsiveHedgehog574,2024-12-13
ThrowRA4mee,2024-12-13
titi_na,2024-12-13
LCLMT,2024-12-13
OpeningConfection261,2024-12-13
Royal_Joke_4005,2024-12-13
Material-Fun-2434,2024-12-13
aptee22,2024-12-13
SleepyMeadow48,2024-12-13
glitterkisses_,2024-12-13
Agent_Love,2024-12-13
whynottbh,2024-12-13
Afraid-Muffin920,2024-12-13
Patient_Monitor2719,2024-12-13
psychedelichoe6900,2024-12-13
StxtoAustin,2024-12-13
Old_Essay_824,2024-12-13
Individual_Coach5863,2024-12-13
Maximum-Cry8803,2024-12-13
Head_Sink_3819,2024-12-13
SeaCranberry6217,2024-12-13
No-Ease6011,2024-12-13
sunny_starblossom,2024-12-13
SherbertSimple7350,2024-12-13
Pitiful_Bus1789,2024-12-13
PresentationOk3196,2024-12-13
alzokryne,2024-12-13
dnsnsnsnsabans,2024-12-13
AmusingChoosing,2024-12-13
Barfi_Maan,2024-12-13
Bright-Style-677,2024-12-13
Giyusno1kinnie,2024-12-13
Prestigious-Peak-263,2024-12-13
Certain-Arm1015,2024-12-13
erictitus33,2024-12-13
305-ramen,2024-12-13
Brilliant-Subject-18,2024-12-13
hestolemysmile,2024-12-13
Dickswagger6996,2024-12-13
rotisserie13,2024-12-13
AKA_Mee,2024-12-13
Jarlid1234,2024-12-13
nyc111112,2024-12-13
kakawack,2024-12-13
hawgxhaven,2024-12-13
Throwayawbecauseican,2024-12-13
Equivalent_Claim_891,2024-12-13
Successful-Fennel-67,2024-12-13
Wholesome_Wasabi_,2024-12-13
Glum-Music-8030,2024-12-13
Remarkable-Rip-8580,2024-12-13
OkSignificance673,2024-12-13
Zzz209,2024-12-14
BenchThen5411,2024-12-14
notherex26,2024-12-14
UnhappyAsparagus1012,2024-12-14
Party-pie85,2024-12-14
waliejaan55,2024-12-14
andersonbersk,2024-12-14
Colorado123106,2024-12-14
Professional_Ant4515,2024-12-14
Puzzleheaded_Bat2503,2024-12-14
Evening_Respect_9380,2024-12-14
bunjaminfranklin7,2024-12-14
farooo1,2024-12-14
Loyal_To_Health,2024-12-14
Big_Youth_9568,2024-12-14
Prestigious_Yam1994,2024-12-14
Accomplished_Page184,2024-12-14
Letsemeatcake,2024-12-14
Old-Sale-2029,2024-12-14
Prudent-Theme9428,2024-12-14
BloodyRemorse,2024-12-14
WaterHighway,2024-12-14
Known-Essay900,2024-12-14
Plenty_Fisherman_120,2024-12-14
kellbellmoon,2024-12-14
leander2121,2024-12-14
SD1RAGER,2024-12-14
Disastrous_Debt1780,2024-12-14
Realistic_Willow_662,2024-12-14
Fishingwriter11,2024-12-14
SpectralSyntaxing,2024-12-14
FairMathematician456,2024-12-14
throwaway20241214,2024-12-14
minohawk,2024-12-14
Chance-Elk-4416,2024-12-14
shilleyfurk,2024-12-14
Woodrow31,2024-12-14
spark4654,2024-12-14
Existentialbreadd,2024-12-14
stootymcstooterson,2024-12-14
thanatosbug,2024-12-14
Suvansannvi,2024-12-14
IndividualInner3612,2024-12-14
UnsungPeddler,2024-12-14
Gamer_tarry,2024-12-14
BaiterDebater,2024-12-14
tired-of-everyting,2024-12-14
Repulsive-Parfait232,2024-12-14
Secrown,2024-12-14
TalkSignal6315,2024-12-14
NatJi,2024-12-14
Lost_Exercise_6113,2024-12-14
Sksksmsmskd,2024-12-14
Apprehensive_You4539,2024-12-14
DavilaRomel,2024-12-14
Positive_Mind_001,2024-12-14
joerg_rech,2024-12-14
CupcakeFlake,2024-12-14
Kc_pepper,2024-12-14
The_LandOfNod,2024-12-14
hello_namaste_hello,2024-12-14
South-Instruction158,2024-12-14
Single-Union-1869,2024-12-14
No_Beach_2276,2024-12-14
Hislerim,2024-12-14
laleda92,2024-12-14
socialismmm,2024-12-14
Competitive_Fox_2263,2024-12-14
Comfortable_Gene_248,2024-12-14
thendulll,2024-12-14
DefinitionSad450,2024-12-14
Euphoric_Orchid219,2024-12-14
Mindless-Fly4459,2024-12-14
Ty-Tea,2024-12-14
VSManojKumarA,2024-12-14
Substantial_Fruit657,2024-12-14
Any-Cranberry157,2024-12-14
Electronic_Age3090,2024-12-14
Specialist_Park5583,2024-12-14
TeaAffectionate2147,2024-12-14
penau_hwwi,2024-12-14
Optimal_Positive_548,2024-12-14
Massive-Pin-3425,2024-12-14
Tazrith,2024-12-14
SeaHumble6724,2024-12-14
mochi_thepoachedegg,2024-12-14
These_Sprinkles_1384,2024-12-14
beautiful-but-a-mess,2024-12-14
kahlieo,2024-12-14
PurposeInteresting61,2024-12-14
Worried_Response_756,2024-12-14
Admirable_Hat6002,2024-12-14
skedadadle_skadoodle,2024-12-14
LavenderMoonlight333,2024-12-14
throwra42089,2024-12-14
selfhandicapped,2024-12-14
camilleeegrace,2024-12-14
AdSolid1356,2024-12-14
Practical-Past-5880,2024-12-14
BadManParade,2024-12-14
MyHeatIsBroken,2024-12-14
Electrical-Heat-4956,2024-12-14
No-Stuff4231,2024-12-14
Evening-Inspector495,2024-12-14
Fun-Energy-6690,2024-12-14
Wonderful-Ad7938,2024-12-14
No-Negotiation9802,2024-12-14
-Wixx-,2024-12-14
GiraffeDelicious5649,2024-12-14
Specialist-Key3632,2024-12-14
Critical_Poetry_8224,2024-12-14
Hot_Progress_8932,2024-12-14
imsachinshah,2024-12-14
_reashii,2024-12-14
Better_Past_354,2024-12-14
Odd-Author8699,2024-12-14
mustsavethepups,2024-12-15
Individual_Spirit616,2024-12-15
CutRevolutionary262,2024-12-15
Dylan0946kid,2024-12-15
blindsided24,2024-12-15
Financial_Fudge9679,2024-12-15
Antique_Meringue719,2024-12-15
Ashamed-Draw2585,2024-12-15
Celerytos,2024-12-15
UnholyTomorrow,2024-12-15
ane127,2024-12-15
Dizzy_Masterpiece886,2024-12-15
MadameWorldwide,2024-12-15
WestQP,2024-12-15
Dear-Mistake5407,2024-12-15
Thin_Evidence_2791,2024-12-15
CriticalPea244,2024-12-15
rexanne32,2024-12-15
Odd_Video_7847,2024-12-15
Every_Reputation_271,2024-12-15
shangsha,2024-12-15
TheCruicialOne,2024-12-15
Ok_Access5846,2024-12-15
Upbeat_Seesaw4287,2024-12-15
Fun-Abroad-1655,2024-12-15
Even_Business7601,2024-12-15
Sassquatch_IRL,2024-12-15
eleventy-seven1,2024-12-15
VermicelliBitter2270,2024-12-15
Fun-Yam-8691,2024-12-15
lordquaza,2024-12-15
okyoongles,2024-12-15
Asleep_Cellist4072,2024-12-15
_1Metanoia,2024-12-15
Mediocre_Ad_4365,2024-12-15
GOLDPOWER89,2024-12-15
Desperate-Music-1,2024-12-15
Powerful-Quantity-35,2024-12-15
Portofino93,2024-12-15
Important_Trade8523,2024-12-15
whyamionredditttt,2024-12-15
ukcanoeing,2024-12-15
CandleNo3348,2024-12-15
Adept_Strawberry_122,2024-12-15
Aggressive_Height_77,2024-12-15
Cool-Ad7241,2024-12-15
Shoddy_Brush_1499,2024-12-15
Lazy-Condition804,2024-12-15
kyojur0,2024-12-15
Moonflower273,2024-12-15
snackpeas,2024-12-15
molly_208,2024-12-15
Saran_Theja,2024-12-15
madboy1125,2024-12-15
DaddyFatClap,2024-12-15
presenceinblood,2024-12-15
Confident_Window4764,2024-12-15
Unwantedsub5,2024-12-15
throwawayhpml,2024-12-15
Impossible_Echo8826,2024-12-15
salaamswt,2024-12-15
Rev52792,2024-12-15
Crazy-Decision-4406,2024-12-15
TheWriter71,2024-12-15
Haplessg,2024-12-15
7Tomb7Keeper7,2024-12-15
chipchopchijp,2024-12-15
Superb-Weakness3202,2024-12-15
Sharp_Love_204,2024-12-15
sankalpbhatia2003,2024-12-15
RevolutionaryBus5784,2024-12-15
_Casey_,2024-12-15
hellohellohihihihih,2024-12-15
FitPlatypus7419,2024-12-15
Soft_Wear6771,2024-12-15
sercaj,2024-12-15
Commercial-Truth4731,2024-12-15
Diligent-Collar-7116,2024-12-15
Quick-Lifeguard-7039,2024-12-15
Need_Job_860,2024-12-15
we-could-be-heros,2024-12-15
Guilty-Income2718,2024-12-15
jwags224,2024-12-15
mac_attack_zach,2024-12-15
Dramatic-War6348,2024-12-15
Lazy-Government1328,2024-12-15
Ok-Technology-451,2024-12-15
northern_lights18,2024-12-15
TerribleResist6990,2024-12-15
kmill0202,2024-12-15
Wise-Introduction965,2024-12-15
KazooUp,2024-12-15
Ashnay_0831,2024-12-15
Realistic_Band9784,2024-12-15
zeatrbl,2024-12-15
enjoydalava,2024-12-15
Queen-cap,2024-12-15
munckincollector,2024-12-15
Monk_Unique,2024-12-15
Itchy-Club-9546,2024-12-15
Positive-Fondant5897,2024-12-15
Fantastic_Guest2647,2024-12-15
One-Significance4473,2024-12-15
Gamingtale248,2024-12-15
Icy_Hurry_8185,2024-12-15
Flashy_Beautiful2347,2024-12-15
No-Cartoonist-6189,2024-12-15
Different_Monk3146,2024-12-15
HerGlassHeart,2024-12-15
brooch123,2024-12-15
Fit_Yam5360,2024-12-15
ExchangeOld1360,2024-12-15
PuffDaddyCoin,2024-12-15
Bell-5874628,2024-12-15
Haunting_Skin305,2024-12-16
Bossmanbrother,2024-12-16
scatcatblues,2024-12-16
ScarcityFirm9731,2024-12-16
vlone6jay,2024-12-16
Curioussnake13,2024-12-16
ExcellentExit8255,2024-12-16
hexfeel,2024-12-16
skoi-,2024-12-16
no_user870,2024-12-16
Ok-Instruction830,2024-12-16
jusvrowsing,2024-12-16
rainbowshorbet,2024-12-16
808_knoccer,2024-12-16
YourLocalTerrarian,2024-12-16
Car-Whole,2024-12-16
hannah13897,2024-12-16
KetzVeBon,2024-12-16
Normal-Perception834,2024-12-16
WorldlinessFickle586,2024-12-16
ProductLatter6424,2024-12-16
Fearless-Branch8429,2024-12-16
Known_Bodybuilder_18,2024-12-16
AmoebaExtra5045,2024-12-16
JuggernautNext5437,2024-12-16
nlone324,2024-12-16
ApprehensiveCat507,2024-12-16
Only-Assumption-4540,2024-12-16
Which_Championship16,2024-12-16
Alucardluvv,2024-12-16
robloxgirl73,2024-12-16
TravellingInspector,2024-12-16
Weekly_Diver_542,2024-12-16
Disastrous-Use-9954,2024-12-16
bluerthanblue0007,2024-12-16
Substantial-Fly-2735,2024-12-16
Toyamo,2024-12-16
Own_Violinist_7651,2024-12-16
merrp2000,2024-12-16
Suitable-Guard-9198,2024-12-16
Relevant_Pollution17,2024-12-16
Exact-Jeweler-3729,2024-12-16
Quirky_Spinach_284,2024-12-16
azami44,2024-12-16
Ok-Hour9982,2024-12-16
Boring-monday-nov,2024-12-16
OutsideTemporary9417,2024-12-16
United_Society_3355,2024-12-16
CaseReal1033,2024-12-16
akbarwalt,2024-12-16
Expensive-Honey6182,2024-12-16
Recent-Baker4300,2024-12-16
Little_Common2119,2024-12-16
ariel_forrest,2024-12-16
Capital-Tackle-575,2024-12-16
Brilliant-Let423,2024-12-16
Informal-Coach-8305,2024-12-16
Own_Cook5764,2024-12-16
OneTenence,2024-12-16
Acceptable_Border428,2024-12-16
luca998,2024-12-16
ZluttMascx_2025,2024-12-16
RealisticMorning1330,2024-12-16
SanasBitch23,2024-12-16
spikediesel,2024-12-16
SufficientIssue2198,2024-12-16
oloyede_toby,2024-12-16
Initial_Truth9044,2024-12-16
harsshh15110,2024-12-16
Legendary_wolfs,2024-12-16
stra-ADis,2024-12-16
Fabulous-Crew-8490,2024-12-16
CulturalTangerine345,2024-12-16
strawberrimilkx,2024-12-16
youneverknow113322,2024-12-16
Miserable-Tune8647,2024-12-16
Abayomi_1234,2024-12-16
OneOnOne6211,2024-12-16
Wonderful-Tower-7084,2024-12-16
Sensitive_Fly_7061,2024-12-16
technician616225,2024-12-16
throaway-quitting,2024-12-16
legallychismosa,2024-12-16
huisboi,2024-12-16
New_Arugula6146,2024-12-16
No-Sort-7013,2024-12-16
LakeBeeZee,2024-12-16
andres_aversa,2024-12-16
Suamed,2024-12-16
jasin17,2024-12-16
EnvironmentalAd1664,2024-12-16
CaramelCookiesz,2024-12-16
Admirable-Bobcat439,2024-12-16
searrastara,2024-12-16
Ticklish_Toes123,2024-12-16
Aredjayjw,2024-12-16
Minute-Giraffe-3938,2024-12-16
provin1327DIY,2024-12-16
coleslawjourney,2024-12-16
Fair-Visual,2024-12-16
Super_Throwaway2669,2024-12-16
Comfortable_Elk_1916,2024-12-16
EggmanChao,2024-12-16
SouthBumblebee8614,2024-12-16
Illustrious_Eye_5748,2024-12-16
FutureEvening1216,2024-12-16
watsonthedragon,2024-12-16
Futuremikeross,2024-12-16
According_Key_6681,2024-12-16
Redditor1620,2024-12-16
No_Material2520,2024-12-16
Lost_inSpace2,2024-12-16
angelfaaaace,2024-12-16
Designer-Pudding5572,2024-12-16
Various-Ad3734,2024-12-16
Significant_Radio313,2024-12-16
SevereContext6403,2024-12-16
Automatic_Ball_6251,2024-12-16
basedonreddit,2024-12-16
Admirable_Durian_400,2024-12-16
PhraseOrnery8817,2024-12-16
trizcuradoria,2024-12-16
Royal_Associate562,2024-12-16
cinematic_unicorn,2024-12-16
PlanktonTemporary829,2024-12-16
xoaverse,2024-12-16
Kitchen_Ad1411,2024-12-16
Either-Mail-9847,2024-12-16
Ok_Regular_120,2024-12-16
ImanKiller,2024-12-16
ToGlorynshine,2024-12-16
Due-Needleworker3932,2024-12-16
NationalLeague449,2024-12-16
ThrowRA17305,2024-12-16
BigApple5825,2024-12-16
My_mind_is_gone,2024-12-16
Complete_Isopod3191,2024-12-16
genisysalpha,2024-12-16
mutantsandwich,2024-12-16
nataliastephanie,2024-12-16
Notegg999f,2024-12-16
Dry_Possession_8366,2024-12-16
Dinspalon,2024-12-16
HeHaa123,2024-12-16
banned865,2024-12-16
JaredP1994,2024-12-16
Strong-Eye-4345,2024-12-16
Primary_Antelope6222,2024-12-16
CTFDEverybody,2024-12-16
jank2022,2024-12-16
Duckishgoat,2024-12-16
UnfinishedTrauma,2024-12-16
Tall_Chance_2116,2024-12-16
coffeewtb,2024-12-16
missthemountains,2024-12-16
laying-down,2024-12-16
kabir_s114,2024-12-16
Legitimate_Pen2546,2024-12-16
Tasty-Flower-2068,2024-12-16
Prestigious-Dig-2299,2024-12-16
Adventurous-Echo-683,2024-12-16
MrDeceased,2024-12-16
Persephone_admirer,2024-12-16
Inside-Sprinkles3526,2024-12-16
J_A_Y_D_E_N_,2024-12-16
Odd_Ability_1821,2024-12-16
pixelcaesar,2024-12-16
PippaFitzAmobi,2024-12-16
Snoo-32115,2024-12-16
cookiesluvv,2024-12-16
anxiettttyy,2024-12-16
Hairy-Grapefruit8085,2024-12-16
HeisenClerg,2024-12-16
Mobile-Union-813,2024-12-16
Square-four,2024-12-16
Interesting_Day_6344,2024-12-16
No_Elevator7016,2024-12-16
Mienshaolin,2024-12-16
aaron2fye2,2024-12-16
PrincesaUchiha,2024-12-16
Turbulent-Yak-6654,2024-12-16
Novel-Decision-2014,2024-12-16
Real_Srossics,2024-12-16
Finley_w,2024-12-17
Greedy-Raspberry-228,2024-12-17
AngusHornfeck,2024-12-17
sky_clover,2024-12-17
Corp_Merc_1584,2024-12-17
EqualLeg2052,2024-12-17
HauntinglyEthereal,2024-12-17
Objective-Equal-7232,2024-12-17
latermato,2024-12-17
Inevitable_Force412,2024-12-17
West-Act-8440,2024-12-17
Altruistic_Duck_4853,2024-12-17
Any_Progress8482,2024-12-17
Apart_Peak_3623,2024-12-17
Shot_War8510,2024-12-17
Cheap_Cheesecake1507,2024-12-17
P4ndaFun,2024-12-17
C3_R3,2024-12-17
Due-Spot7110,2024-12-17
Chezzymann,2024-12-17
Salty_Power80,2024-12-17
Milopano,2024-12-17
No_Proof_7888,2024-12-17
SuspiciousImage5947,2024-12-17
Commercial_Put_7826,2024-12-17
random_poster2024,2024-12-17
CNichs,2024-12-17
Moist_Ad3574,2024-12-17
Dragonfly-16,2024-12-17
toodenfrindow,2024-12-17
Charmeleon64,2024-12-17
Thatlatinaababee,2024-12-17
MelancholicMarsupial,2024-12-17
Alone-Celery-4375,2024-12-17
1234443212,2024-12-17
AreaBasic8737,2024-12-17
Technical_Staff_4699,2024-12-17
No-Ice-7184,2024-12-17
toastnjuice,2024-12-17
KitchenWillow5855,2024-12-17
Affectionate_Sir6878,2024-12-17
Gravity_Cipher333,2024-12-17
RadiantTwo6993,2024-12-17
prasannathawait6990,2024-12-17
emilyra64,2024-12-17
Successful_Area_2176,2024-12-17
IcyHovercraft962,2024-12-17
OverLimit7177,2024-12-17
BandicootCumberbund,2024-12-17
Kinect305,2024-12-17
SecretContent9694,2024-12-17
betamonk227,2024-12-17
AdiLaxman,2024-12-17
Beowulf721,2024-12-17
2Turnt2Play,2024-12-17
No-Bag-554,2024-12-17
Izharudeen1,2024-12-17
jonliving,2024-12-17
SwagyuSteakAnya,2024-12-17
kiwisockmonkey,2024-12-17
Remarkable-Essay-78,2024-12-17
tired_shopoholic,2024-12-17
Imaginary_Style4070,2024-12-17
eliteshades,2024-12-17
viaquel,2024-12-17
DJMellyMel86,2024-12-17
Federal-Bat-4592,2024-12-17
Hopeful-Restaurant84,2024-12-17
LopsidedDragonfruit6,2024-12-17
Glad_Balance_1760,2024-12-17
Kavesila,2024-12-17
VisualAnteater9796,2024-12-17
Senior-Author8593,2024-12-17
Red-rose321,2024-12-17
MMAM_GAMING,2024-12-17
Adventurous_Poet100,2024-12-17
farhan_9360,2024-12-17
FluidService3091,2024-12-17
wowzers08,2024-12-17
Due-Day-8000,2024-12-17
Unlikely-Bet4704,2024-12-17
bumbleben506,2024-12-17
Chemical-Sun-6622,2024-12-17
tirabi,2024-12-17
vizwaroopam,2024-12-17
colewakeland,2024-12-17
Contentandcoffee,2024-12-17
I_mma,2024-12-17
sabinastanescu,2024-12-17
That-Finance-8453,2024-12-17
MrSirSchmeckle,2024-12-17
devanchya,2024-12-17
Kaali_quarter_bottel,2024-12-17
UpperCod2112,2024-12-17
Vin112358,2024-12-17
LovelyTomorrows,2024-12-17
MatterOk858,2024-12-17
Cptn_sllrs,2024-12-17
Aggravating-Path9982,2024-12-17
Sid-Kiyo,2024-12-17
Susunemobean,2024-12-17
Wide_Resolution4827,2024-12-17
Ornery_Character4656,2024-12-17
2ForEachofYou,2024-12-17
AggressiveSpecific60,2024-12-17
ResponseBoring6398,2024-12-17
MikeTip,2024-12-17
Necessary-Bug5512,2024-12-17
Key-Schedule-9369,2024-12-17
ambivert40,2024-12-17
arizonacardsftw,2024-12-17
Odd_Anything_7971,2024-12-17
CeRtAiNdEaTh23,2024-12-17
No_Amphibian_9886,2024-12-17
Necessary-Ad9722,2024-12-17
Few_Volume1116,2024-12-17
lebeckwith,2024-12-17
SnowAccomplished6780,2024-12-17
markersandtea,2024-12-17
Sinethial,2024-12-17
Kassogi,2024-12-17
toffieetoftof,2024-12-17
lfc-69,2024-12-17
Simple_Cup_5299,2024-12-17
MrYoloDickSwaggerr,2024-12-17
Abject_Band3515,2024-12-17
idqau,2024-12-17
jumpand_,2024-12-17
Iceflowers_,2024-12-17
Batu_khagan,2024-12-17
ZultaniteAngel,2024-12-17
AutomaticEnd4249,2024-12-17
Wooden-116,2024-12-17
Grouchy-Window4835,2024-12-17
Raphael-15,2024-12-17
Brave_Roof_7482,2024-12-17
Possible-Holiday2944,2024-12-17
Little_Hamster_4979,2024-12-17
TheSpaceStationclub,2024-12-17
angelb1ade,2024-12-17
acemistakes01,2024-12-17
Satori223,2024-12-17
ButtonJazzlike8176,2024-12-17
layfisnottrue,2024-12-17
Sorry_Limit_4484,2024-12-17
just_Markus2,2024-12-17
Lurielle12,2024-12-17
EngineeringAble9115,2024-12-17
No_Conversation_2894,2024-12-17
PotatoMuncher19,2024-12-17
CushyjobinChina_Lyla,2024-12-17
jiminlvd,2024-12-17
itishappenedagain,2024-12-17
brightcashew,2024-12-17
Glum_Tree4065,2024-12-17
Academic-Yam3478,2024-12-17
pooscheisty_10,2024-12-17
FrostyGain4187,2024-12-17
ThrowRA-Ohio-Fin,2024-12-17
MonsieurMaktub,2024-12-17
Subject-Fun-6275,2024-12-17
DepthAcceptable6009,2024-12-17
howdyncsu,2024-12-17
Relevant-Battle7851,2024-12-17
ExtensionVegetable68,2024-12-17
MachineNo48,2024-12-17
Low_Property_4470,2024-12-17
Tvaughn55,2024-12-17
Guava_T-Rex,2024-12-17
OleksiiKapustin,2024-12-17
ZIDILS,2024-12-17
BilboSagginss,2024-12-17
lornamabob,2024-12-17
kyandia,2024-12-17
Intelligent_Yak3337,2024-12-17
Maria5715,2024-12-17
Few-Pin811,2024-12-17
MountainDrewMZ,2024-12-17
quiet73,2024-12-17
Professional_Pay8996,2024-12-17
Kooky_Dig5411,2024-12-17
ankit2233,2024-12-17
Bellaciao9000,2024-12-17
No-Entertainer-6709,2024-12-17
SnakeEater2515,2024-12-17
Unshelled_Almond,2024-12-17
AwesomeCardGames,2024-12-18
Tough-Tax2359,2024-12-18
Beautiful_Meet_2259,2024-12-18
DistanceOk2037,2024-12-18
Willing_Objective786,2024-12-18
final_versus,2024-12-18
yayaainks,2024-12-18
Shimere,2024-12-18
Tall_Author_8945,2024-12-18
bringonjazzhands,2024-12-18
Confetti2000,2024-12-18
JMan82784,2024-12-18
Successful_Fly5503,2024-12-18
CC-756,2024-12-18
sabrina_cake,2024-12-18
SamcakesB,2024-12-18
LionPride112,2024-12-18
Silly-Magazine-2681,2024-12-18
Hot_Investment4093,2024-12-18
Icy_Way2336,2024-12-18
Individual_Neck_8712,2024-12-18
Wide_Acanthisitta256,2024-12-18
unknownplayer4227,2024-12-18
bandog,2024-12-18
Interesting_Food_263,2024-12-18
coyotelogics,2024-12-18
Commercial_Garlic966,2024-12-18
Plastic-Berry-7857,2024-12-18
NoPalpitation297,2024-12-18
Mediocre-War-6218,2024-12-18
Lele_VIP,2024-12-18
TuckerGTI,2024-12-18
EnvironmentalEgg69,2024-12-18
PrestigiousFlower417,2024-12-18
Regular_siz,2024-12-18
jahh484,2024-12-18
stupidfreshman2019,2024-12-18
PositiveConfident409,2024-12-18
Baron_Of_Bad_News,2024-12-18
Morbidityyyyy,2024-12-18
DearDars,2024-12-18
scarymeow,2024-12-18
Impossible-Ground921,2024-12-18
Shmeckledoorf,2024-12-18
Big_Shake_8637,2024-12-18
UnderstandingOne9892,2024-12-18
Flat-Shallot-7260,2024-12-18
throwmeaway123956,2024-12-18
miyokosoup,2024-12-18
Educational_Cycle954,2024-12-18
floppydisk2-0,2024-12-18
Jazzlike_Patient6267,2024-12-18
LeastArachnid2797,2024-12-18
Proof_Comfort8004,2024-12-18
Historical_Ice_5791,2024-12-18
sevian25,2024-12-18
SolidSquirrel7762,2024-12-18
CareerCoachChemnitz,2024-12-18
femmexfemme,2024-12-18
robinhood5500,2024-12-18
SexyTacoLlama,2024-12-18
Horrifying_Truths,2024-12-18
ZoBoFate,2024-12-18
Friendly-Bill-9774,2024-12-18
Firm-Ad-9079,2024-12-18
melonypie,2024-12-18
Wonderful_Author9452,2024-12-18
No_Toxicity1,2024-12-18
Grand_Capital804,2024-12-18
upsetoncookies,2024-12-18
starspangledbruce,2024-12-18
Aggressive-Jump-2849,2024-12-18
ImYourLittlePussy,2024-12-18
Minimum-Invite-1808,2024-12-18
CelebrationFormal273,2024-12-18
Due-Department-5830,2024-12-18
Cormac-tracks,2024-12-18
Trick-Cow7566,2024-12-18
Beneficial_Place1905,2024-12-18
Next_Dragonfly9204,2024-12-18
Plooza,2024-12-18
Prudent-Grape8165,2024-12-18
Myreddit211,2024-12-18
Blanket_of_Leaves,2024-12-18
Rude_Crew_4814,2024-12-18
Internal_Cake108,2024-12-18
vivaciousun,2024-12-18
Thistlewick101,2024-12-18
thousandth_throwaway,2024-12-18
Lukias,2024-12-18
Quirky00Yard,2024-12-18
DownButNotOut9,2024-12-18
slick_ninja69,2024-12-18
ComputerOrdinary4850,2024-12-18
g-gonz,2024-12-18
EmergencyMetal4735,2024-12-18
BostonCat72,2024-12-18
PuzzleheadedPrice666,2024-12-18
HourAd6679,2024-12-18
Scary-City-5926,2024-12-18
vishaka55,2024-12-18
DayInitial8153,2024-12-18
thatnewkidsmack,2024-12-18
AdvidTechUser37,2024-12-18
atonicandgin,2024-12-18
twilightxaddictt,2024-12-18
QueasyManner8265,2024-12-18
Similar_Letter_3352,2024-12-18
Alive_Scene1456,2024-12-18
Present-Bedroom-9779,2024-12-18
Alarmed_Square_4429,2024-12-18
OkraAcrobatic1595,2024-12-18
Weaponized-Peace,2024-12-18
-darkestknight,2024-12-18
Squirty_Chan,2024-12-18
PlaguedDawn,2024-12-18
External-Bit5425,2024-12-18
Outrageous-Equal780,2024-12-18
beeenny0_0,2024-12-18
Dear-Maintenance-402,2024-12-18
Rosepetalsandflowers,2024-12-18
shamefulaccnt,2024-12-18
Environmental-Map649,2024-12-18
DJ_Dec_Daddy_9000,2024-12-18
lolguyseabro,2024-12-18
WiseMentor2946,2024-12-18
Standard_Radish9906,2024-12-18
Specialist-Newt-6977,2024-12-18
PhilosopherPresent90,2024-12-18
jmlbass,2024-12-18
Aggravating_Oil_4075,2024-12-18
Gullible-Beautiful16,2024-12-18
Minimum_Plastic886,2024-12-18
EESSWW,2024-12-18
alisastarrr,2024-12-18
BroeeBro,2024-12-18
Staticbitch,2024-12-18
Charming-Hippo1476,2024-12-18
JackalT1996,2024-12-18
No-Tale-6160,2024-12-18
lyss-1003,2024-12-18
Electronic-Fox6775,2024-12-18
Vivid-Hunter-3435,2024-12-18
SnowyFlam,2024-12-18
saguaro-cowgirl,2024-12-18
Every-Evidence9396,2024-12-18
ktdidwutwerwen,2024-12-18
bentomaster27,2024-12-18
pmbu,2024-12-18
IndividualYard5876,2024-12-18
gibbonjiggle,2024-12-18
Ray_MayMay,2024-12-18
Gullible_Cut_1931,2024-12-18
FragrantCommunity664,2024-12-18
Alarmed_Ad_4385,2024-12-18
AmElzewhere,2024-12-18
Noobslayerchad,2024-12-18
NeonPumpkinPatch,2024-12-18
mickie_momo,2024-12-18
PossibleSpare4845,2024-12-18
Adorable_Fun4929,2024-12-18
sievlix,2024-12-18
Efficient-Task8061,2024-12-18
Kleinchrome,2024-12-18
Sincerely_Palomino,2024-12-18
Isabellaxos,2024-12-18
tennisfan0504,2024-12-19
Available-Berry-8777,2024-12-19
EconomicsWrong2339,2024-12-19
thedoggometer,2024-12-19
True_Helicopter9024,2024-12-19
Pale_Window6318,2024-12-19
SaltyCaptainn,2024-12-19
Cboorm1,2024-12-19
xxintys,2024-12-19
GossipSquirrel93,2024-12-19
Sufficient_Impact_29,2024-12-19
Sea-Stop6655,2024-12-19
NordicStentor,2024-12-19
glambeedan,2024-12-19
zackhack211,2024-12-19
NeonVibezz,2024-12-19
_emeraldrose_,2024-12-19
No-Neat-5675,2024-12-19
FewMycologist1742,2024-12-19
BlackAsZneeBack,2024-12-19
Bb_dcdco,2024-12-19
No_Pangolin_7564,2024-12-19
randomthrowaway0999,2024-12-19
gold-r1,2024-12-19
TheChickenKing373,2024-12-19
Frequent-Salary-3776,2024-12-19
NYCCitySlicker12,2024-12-19
Responsible-Cow382,2024-12-19
unchartednow,2024-12-19
Magnificeent,2024-12-19
Fa7her,2024-12-19
Sweet_Aspect4541,2024-12-19
Big_Organization7534,2024-12-19
NoLifeForeverAlone,2024-12-19
DrumsOfTheDragon,2024-12-19
Ok_Thought2105,2024-12-19
barrelszn,2024-12-19
carloscapturestcg,2024-12-19
Crafty-Travel-4464,2024-12-19
PolskiNapoleon,2024-12-19
Early-Rush-2800,2024-12-19
lostmindsoulheart,2024-12-19
swiftsailrusk,2024-12-19
Fun_Possibility1840,2024-12-19
Akr1714,2024-12-19
Joe_Vetro,2024-12-19
terrtbx21,2024-12-19
zerozits,2024-12-19
Different-Book5183,2024-12-19
upforkahoot,2024-12-19
Cold-Calendar2492,2024-12-19
whydoudothis--,2024-12-19
TemperaturePrize1787,2024-12-19
Europeanguy1995,2024-12-19
Beginning_Fun_5273,2024-12-19
Murky_Alfalfa_414,2024-12-19
Safe_End_7427,2024-12-19
Glass_Bullfrog_9818,2024-12-19
Equivalent-Ant-3624,2024-12-19
ollyp1203,2024-12-19
Temporary-Hope6083,2024-12-19
0xC001FACE,2024-12-19
NectarineAntique3355,2024-12-19
curiousgirly13,2024-12-19
Luxtartin,2024-12-19
Internal_Ocelot_4822,2024-12-19
softinside0,2024-12-19
Zekhartha,2024-12-19
kolokolchik999,2024-12-19
Consistent_Stop_7254,2024-12-19
Different_Tap_2217,2024-12-19
heavystone15,2024-12-19
Luminastr,2024-12-19
Status_Toe_1518,2024-12-19
ilymakima,2024-12-19
Oro_Diamante,2024-12-19
Kerefa,2024-12-19
Recent-Quiet-3581,2024-12-19
pizzazzpizzaz,2024-12-19
the_timid,2024-12-19
Shot-Claim7157,2024-12-19
Hyzenthlay88,2024-12-19
D-Stellae-1970,2024-12-19
d_danso,2024-12-19
anxious-pug,2024-12-19
Average_Blake,2024-12-19
GovernmentAway9990,2024-12-19
Chesthulhu,2024-12-19
Honest-Cup-8786,2024-12-19
Gullible-Prize-1098,2024-12-19
OkReflection8032,2024-12-19
DeeseKnutz,2024-12-19
Hopeful_Effective975,2024-12-19
depressed_pookie,2024-12-19
Any_Spare7182,2024-12-19
uwukittykat,2024-12-19
No-Neat-702,2024-12-19
Ceyjxx,2024-12-19
Vegetable-Author7363,2024-12-19
Momof_manytrades,2024-12-19
Pitiful-Feedback-153,2024-12-19
skatecloud1,2024-12-19
Imaginary-Fuel-9559,2024-12-19
No_Vermicelli1653,2024-12-19
xiaohao8,2024-12-19
1Girl1Attic,2024-12-19
Sea-Bag-669,2024-12-19
Lumpy_Bag_155,2024-12-19
ZeyadFarghly,2024-12-19
urbigtoeiscute,2024-12-19
MysteriousExtreme526,2024-12-19
HippityHopitus10,2024-12-19
Glad-Counter595,2024-12-19
StrawberryDecent2979,2024-12-19
CerpinTaxt91,2024-12-19
Dense_Isopod6615,2024-12-19
RoseMarie2003,2024-12-19
wendythecreeper,2024-12-19
FarRun1388,2024-12-19
Good_Juice_2104,2024-12-19
Alliswellbelieve,2024-12-19
Timely_Line5514,2024-12-19
Abelhawk,2024-12-19
stephg78240,2024-12-19
3rd-Grade-Spelling,2024-12-19
Livid-Ad-7439,2024-12-19
space-mothers-son,2024-12-19
sweet_dispositionx,2024-12-19
TimeCalligrapher4686,2024-12-19
oswin_roentgen,2024-12-19
w0ahgrace,2024-12-19
layinpipe6969,2024-12-19
daznae,2024-12-19
Constant_Ad9245,2024-12-19
scootylewis,2024-12-19
Mr_meltyourface,2024-12-19
Acrobatic_Neck_4332,2024-12-19
various_lead_10,2024-12-19
That_Award_9988,2024-12-19
Anghellion,2024-12-19
ClutchRaid123,2024-12-19
Super_Blu,2024-12-19
Top-Meringue-385,2024-12-19
Pretty-Hamster-6447,2024-12-19
GRAVE_DANGER187,2024-12-19
cmeyb25904,2024-12-19
Doyoufeelitmrcrabs_,2024-12-19
StructureNo1339,2024-12-19
ewmripley,2024-12-19
bjsewell,2024-12-19
bidet_fan,2024-12-19
Excellent_Host5974,2024-12-19
No_Mongoose_4468,2024-12-19
Upstairs_Handle_8056,2024-12-19
Interesting_Lake_344,2024-12-19
Street-Impression216,2024-12-19
Acceptable-Start8123,2024-12-19
Less_Investment_3835,2024-12-19
imagiself,2024-12-19
WigWoo2,2024-12-19
Sad-Economics758,2024-12-19
liddolbzz,2024-12-19
BugbearBrew,2024-12-19
sertraleean,2024-12-19
Master-Fox7459,2024-12-19
yessuh109,2024-12-19
Accomplished-Click67,2024-12-19
Additional_Carpet_12,2024-12-19
Spiritual-Formal-889,2024-12-19
Z_Apple1280,2024-12-19
ConstantBeing5199,2024-12-19
Coqui-ya-u-no-me,2024-12-19
wade1138,2024-12-19
Playful_petit,2024-12-19
rhythmreality,2024-12-19
Ok_Cartoonist_6194,2024-12-19
softsoft98,2024-12-19
CrystalSparroww,2024-12-19
Pandaman282,2024-12-19
DEJIFAN420,2024-12-19
Past-Psychology-896,2024-12-19
Responsible-Sun3998,2024-12-19
Tony10722,2024-12-19
XtremeCheese62,2024-12-19
Neither_Road4835,2024-12-19
CommonAd5213,2024-12-19
SubjectHat5490,2024-12-19
macandhash,2024-12-19
Secret_Cheesecake19,2024-12-19
ivyjustturned18,2024-12-19
Mysterious_Use_42069,2024-12-19
Intelligent_Run_1590,2024-12-19
Miserable-Volume6482,2024-12-19
Funny_Addendum951,2024-12-20
badstump,2024-12-20
West-Wish-7564,2024-12-20
Primary_Coconut6495,2024-12-20
Substantial_Cry_944,2024-12-20
that_random_Italian,2024-12-20
TheDearlyt,2024-12-20
buffalophil113,2024-12-20
aspiringfirefighta,2024-12-20
No_Pop1073,2024-12-20
The_Muffinator9,2024-12-20
NX8-,2024-12-20
PianistCautious3903,2024-12-20
Practical-Thing-4156,2024-12-20
schmidts_red_pepper,2024-12-20
LunaCandle39,2024-12-20
ApplesSac,2024-12-20
WorkProblemss,2024-12-20
TherealmomoliliOF,2024-12-20
Imaginary_Distance83,2024-12-20
seiobobelow,2024-12-20
sunlapse,2024-12-20
Fluffy_Ranger_7305,2024-12-20
vixenstarlet1949,2024-12-20
Unhappy_You_6162,2024-12-20
Extension_Kiwi7366,2024-12-20
nothanksimbidoof,2024-12-20
Emotional-Many-3338,2024-12-20
chiyo_chu,2024-12-20
senitel10,2024-12-20
Strong-Landscape7492,2024-12-20
Square_Temperature,2024-12-20
ScaredRecover9405,2024-12-20
shakysanders4u,2024-12-20
Aggravating-Cap-6325,2024-12-20
ilovemint_iceream,2024-12-20
pinklvkey,2024-12-20
Familiar-Bunch8399,2024-12-20
Old-Atmosphere24,2024-12-20
Fancy_Dimension6884,2024-12-20
oatmlkkisgood,2024-12-20
roboaxl,2024-12-20
Queenofbeats,2024-12-20
rarelylikely,2024-12-20
Murky-Average5111,2024-12-20
LostGirl1991,2024-12-20
budstudly,2024-12-20
No_Dot_898,2024-12-20
FewSeason2218,2024-12-20
ExpeditedLead,2024-12-20
Own_Support_2787,2024-12-20
FarDragonfruit5888,2024-12-20
velvet__echo,2024-12-20
Safe-Association1773,2024-12-20
Cute-Employment-3311,2024-12-20
Mental-Formal-9705,2024-12-20
Asian_Persuasion_1,2024-12-20
HopefuLark,2024-12-20
Mean-Consequence7024,2024-12-20
Conscious_Credit_181,2024-12-20
eno-tita,2024-12-20
According-Advance-35,2024-12-20
Sewagrid_MNDS,2024-12-20
M4rry_pro,2024-12-20
MudAmbitious497,2024-12-20
Infamous-Stay7842,2024-12-20
DaisyMay1994xox,2024-12-20
1mrts,2024-12-20
Jazzlike_Day_9888,2024-12-20
Acrobatic_Length9400,2024-12-20
North-Kangaroo-7037,2024-12-20
Soft-Development-705,2024-12-20
HeavyKaleidoscope1,2024-12-20
Accomplished_Term431,2024-12-20
thereforeyouandme,2024-12-20
ReginaGera,2024-12-20
Alone-Tooth-8386,2024-12-20
Critical_Score9072,2024-12-20
Magnaytica,2024-12-20
Key-Grapefruit-6457,2024-12-20
Mobile-Foundation-94,2024-12-20
ApprehensivePanic919,2024-12-20
LongjumpingEar5915,2024-12-20
HustleI87,2024-12-20
Local-Taste-1705,2024-12-20
Environmental-Dig546,2024-12-20
Flat_Tour_584,2024-12-20
Alarming-Ranger-7163,2024-12-20
monstersmile95,2024-12-20
jupitershin_,2024-12-20
Ill-Term-5484,2024-12-20
ace__ofhearts,2024-12-20
Emergency-Sector-509,2024-12-20
Worldly-Mine-2769,2024-12-20
Electronic-Pack-1645,2024-12-20
Special-Mud-4913,2024-12-20
Fit_Statement8841,2024-12-20
Adventurous-Gain-388,2024-12-20
connectivityo,2024-12-20
BlueDiamonds07,2024-12-20
Heavy-Mechanic-257,2024-12-20
Sea-Replacement-941,2024-12-20
Crafty_Accountant100,2024-12-20
Impressive_Bill_5245,2024-12-20
UnluckyWriting,2024-12-20
Kindly_Permission542,2024-12-20
Mobile_Ad9020,2024-12-20
Nasha210,2024-12-20
Deep-Rooted2017,2024-12-20
ActuatorOutside5256,2024-12-20
Original-Basket565,2024-12-20
Ogivbinhad,2024-12-20
FemcelAlert,2024-12-20
OccasionNo7063,2024-12-20
Siyoneyo,2024-12-20
Sea-Dig9339,2024-12-20
Accomplished-Finish3,2024-12-20
nonbeliever112,2024-12-20
CeceSweets,2024-12-20
zkr623,2024-12-20
coolily,2024-12-20
profanearcane,2024-12-20
Puzzled-Aspect-1320,2024-12-20
Frequent_Mortgage573,2024-12-20
OkCarpenter396,2024-12-20
Salty-Yogurt-123,2024-12-20
BsPaigexx,2024-12-20
Quick_Adeptness7894,2024-12-20
weirdtuna,2024-12-20
thewaningfaery,2024-12-20
LoanMajestic8416,2024-12-20
blake_gg_,2024-12-20
PuzzleheadedWrap649,2024-12-20
OkBeyond5896,2024-12-20
nogravityonearth,2024-12-20
Competitive_Salt_412,2024-12-20
Big-Preference369,2024-12-20
ganjupatel16,2024-12-20
Lorettaimplied,2024-12-20
okwhatevaaaaaaaaa,2024-12-20
IndividualFit5879,2024-12-20
Accomplished_Car_3,2024-12-20
IllSwordfish8051,2024-12-20
ariyaa977,2024-12-20
LegitOpinionx,2024-12-20
DefinitionPlastic323,2024-12-20
OrneryResist1618,2024-12-20
scrapedkneesunset,2024-12-20
Signal_Site6261,2024-12-20
Snazzysesh,2024-12-20
Hot_Needleworker8559,2024-12-20
Proud-Balance5385,2024-12-20
No-Exchange621,2024-12-20
United_Chard8987,2024-12-20
No-Garlic8307,2024-12-20
Mattack64,2024-12-20
Outoftouchhallandoat,2024-12-20
No_Whereas_7763,2024-12-20
CertifiedBobcat,2024-12-20
clocks_23,2024-12-20
Duckquack11,2024-12-20
Any_Ad_3245,2024-12-20
FunMoney3983,2024-12-20
Aromatic-Classroom96,2024-12-20
Engine_Double,2024-12-20
amigurumbee,2024-12-20
Pets_4_life_,2024-12-20
One_Hour_8078,2024-12-20
TrailerParkPimpin,2024-12-20
North-Elderberry-878,2024-12-20
Expert_Passenger1291,2024-12-20
Impressive-Remove990,2024-12-20
DN-BBY,2024-12-20
Tiny_Ad_3650,2024-12-20
Klutch_Needle97,2024-12-21
EnvironmentDull1554,2024-12-21
msspezza,2024-12-21
sweetiepie0812,2024-12-21
Able-Scholar-3716,2024-12-21
Airrows,2024-12-21
Thatoneguyuptheroad,2024-12-21
IAmABanana69420,2024-12-21
gkaourisss,2024-12-21
gingerbreadbuild,2024-12-21
jclapine,2024-12-21
EnvironmentalMap2193,2024-12-21
Bitter_Eye_6028,2024-12-21
Negative-Wolf-5639,2024-12-21
Sad-Development-5476,2024-12-21
tireds0uls,2024-12-21
bibliophile-24-7,2024-12-21
Leading_Eagle1942,2024-12-21
Petrofskydude,2024-12-21
david_dst,2024-12-21
Sea-Farmer7492,2024-12-21
This_Scratch_9325,2024-12-21
BrokenBiscuits46,2024-12-21
MeatMechanic321,2024-12-21
Consistent-Door1806,2024-12-21
serious_m,2024-12-21
Afraid-Win-5685,2024-12-21
voldemortsenemy,2024-12-21
sillysnorlax,2024-12-21
brivbell72,2024-12-21
SekritJay,2024-12-21
Professional_Pen1605,2024-12-21
JulieXCh,2024-12-21
briabell97,2024-12-21
Ok-Cockroach-9742,2024-12-21
D_2d,2024-12-21
ApprehensiveCut6192,2024-12-21
Careful_Guarantee788,2024-12-21
Cute_Spinach5181,2024-12-21
Greedy_Beginning3214,2024-12-21
siraniks,2024-12-21
darah12,2024-12-21
Spiteful_Illustrator,2024-12-21
Appropriate_Salt1385,2024-12-21
PlutoExists03,2024-12-21
lawdalagchukahai,2024-12-21
mariscomazapan,2024-12-21
Taintedandnumb,2024-12-21
cautiouslyskeptical,2024-12-21
naruhodo912,2024-12-21
throw_awayy88,2024-12-21
BuckyLucy,2024-12-21
AvailableClient6633,2024-12-21
fishesintank,2024-12-21
New-Wish6188,2024-12-21
prokofiev91,2024-12-21
fvckedbycs,2024-12-21
Justonemorecuppa,2024-12-21
Single-Weather1379,2024-12-21
Defiant_Ad_3531,2024-12-21
idk7024,2024-12-21
SteamyHotTea,2024-12-21
Elegant_Minute9236,2024-12-21
Beneficial_Owl_3869,2024-12-21
Some-Watercress-1144,2024-12-21
TooflesCrakHo,2024-12-21
Hal_at_the_moon,2024-12-21
kityyslam_Zucchini_1,2024-12-21
Coco_geek1908,2024-12-21
virginialurker,2024-12-21
ConversationTasty469,2024-12-21
Slow-Hamster328,2024-12-21
QF18,2024-12-21
Cultural_Lemon_5678,2024-12-21
NEOXxOP,2024-12-21
WiseBear4746,2024-12-21
donth8chucho,2024-12-21
ladycansulot,2024-12-21
SyrupExpress9385,2024-12-21
Zarc_Man,2024-12-21
callmeshubham,2024-12-21
theevisionary01,2024-12-21
Dapper_One5595,2024-12-21
Sensitive_Hamster474,2024-12-21
PhoenixDaOne,2024-12-21
Immediate-Concern777,2024-12-21
SarahBagay220,2024-12-21
No_Panda_1351,2024-12-21
HumanlyHumanMan,2024-12-21
Educational_Moose807,2024-12-21
betasridhar,2024-12-21
Gablingarata,2024-12-21
Bubbly_Peanutweeb,2024-12-21
its_peter12,2024-12-21
CaptnRose,2024-12-21
PhotoQuiet8725,2024-12-21
Visual-Pie-5215,2024-12-21
RealProfessorTom,2024-12-21
snippylovesyou,2024-12-21
Odd_Ad2628,2024-12-21
Delicious-Dust-9932,2024-12-21
SasukeFireball,2024-12-21
LycheeScared6137,2024-12-21
Infamous-Panda8318,2024-12-21
Asymmetric-_-Rhythm,2024-12-21
Confident-Pen4934,2024-12-21
Special-Tax2542,2024-12-21
selena_x,2024-12-21
Vara_295,2024-12-21
CuriousConfection528,2024-12-21
thats_mrkidd,2024-12-21
Cheap_Development847,2024-12-21
Spirited_Race2093,2024-12-21
ArmadilloTime8336,2024-12-21
StarsMakeMeSmile,2024-12-21
MPool08,2024-12-21
DueAccess292,2024-12-21
Professional-Bee4682,2024-12-21
Formal-Meal-3917,2024-12-21
Numerous-Trust7439,2024-12-21
Necessary-Joke-2982,2024-12-21
righteou906story,2024-12-21
lone_wanderer61,2024-12-21
StomachDesigner507,2024-12-21
DougyDougyDoug,2024-12-21
Cheddar-McBiff,2024-12-21
Outrageous_Manner705,2024-12-21
Fabulous-Aioli9770,2024-12-21
Neat_Antelope4609,2024-12-21
BestIntroduction335,2024-12-21
Serious-Canary5166,2024-12-21
iampak300,2024-12-21
redditing-reddit,2024-12-21
Willing_Ad9114,2024-12-21
Mental_Competition14,2024-12-21
girliejane,2024-12-22
Flimsy_Hat5809,2024-12-22
BardKaffy,2024-12-22
CoolAd8098,2024-12-22
Potential-Care-8837,2024-12-22
Sea_Kiwi4956,2024-12-22
the-rockey-ace,2024-12-22
Shurpanaka,2024-12-22
Pretty-Guitar-4909,2024-12-22
Aggravating_Trash_88,2024-12-22
kiki1805,2024-12-22
throwawayxz1,2024-12-22
Ok-Potato3101,2024-12-22
Wide_Dragonfruit_508,2024-12-22
Th3Gr4ndWizrd,2024-12-22
Living-Wallaby4768,2024-12-22
RVMXII,2024-12-22
Prize-Performance-84,2024-12-22
YeetBerries2007,2024-12-22
No-Beach-7383,2024-12-22
ProudProgress8085,2024-12-22
AltruisticParamore,2024-12-22
Responsible_Novel845,2024-12-22
SnooCapers7342,2024-12-22
B0ris_the_spider,2024-12-22
YoouVish,2024-12-22
Specialist_Fix_72,2024-12-22
thesurgot,2024-12-22
Typical_Scallion6358,2024-12-22
Independent_Piano_63,2024-12-22
General_Ad4050,2024-12-22
MidgetStalion,2024-12-22
Boborolo,2024-12-22
GenZRobo,2024-12-22
BikeObjective4559,2024-12-22
Financial_Grocery929,2024-12-22
Ok-Resource7244,2024-12-22
Massive-Frosting6473,2024-12-22
Limp_Ad1953,2024-12-22
Flower-185,2024-12-22
YouControlYou4822,2024-12-22
Primary_Soft_2039,2024-12-22
whatahardlif3,2024-12-22
TR_abc_246,2024-12-22
Interesting_Time_408,2024-12-22
Bright-Yesterday2189,2024-12-22
ApexAyan,2024-12-22
Whole-Fist,2024-12-22
PinkPerfect1111,2024-12-22
numbrzfordad6,2024-12-22
nevernudefoundation,2024-12-22
Fresh_Horror_9909,2024-12-22
Individual_Half990,2024-12-22
Inside-Wolverine5788,2024-12-22
Comfortable-Age-9063,2024-12-22
Old_Skull_2765,2024-12-22
Friendly__Dude,2024-12-22
Real_Farmer3049,2024-12-22
Kawaii_Critters,2024-12-22
Odd-life66,2024-12-22
MrDGuyHere,2024-12-22
Technical-Reason-818,2024-12-22
NoPath4577,2024-12-22
Severe_Beginning4841,2024-12-22
Firm-Island6450,2024-12-22
Dense-Employment-331,2024-12-22
DrKlausThe3rd,2024-12-22
Leodecode_,2024-12-22
HappyUnicornPoop,2024-12-22
Old-Proposal-8546,2024-12-22
C08051999G,2024-12-22
achola,2024-12-22
ihaveaidssorry-,2024-12-22
Ill-Ad5854,2024-12-22
Zealousideal-Soup848,2024-12-22
External-Ad1013,2024-12-22
Nyei1,2024-12-22
welpthatsme,2024-12-22
jackh_1004,2024-12-22
Afraid_Corner_367,2024-12-22
throwawayahhscary,2024-12-22
Lucky_Unit_9770,2024-12-22
fnckbro,2024-12-22
dandty,2024-12-22
RelativeFlamingo3848,2024-12-23
locuples666,2024-12-23
panda5921,2024-12-23
MidnightRunner12,2024-12-23
juiceduece,2024-12-23
Sad_Belt98,2024-12-23
identitycrisis565,2024-12-23
Alternative_Air_7304,2024-12-23
Available-Bobcat1383,2024-12-23
Top_Signal_6226,2024-12-23
Fablesdad,2024-12-23
Legal_Newt9654,2024-12-23
MaleficentHoliday135,2024-12-23
Worth-Consequence247,2024-12-23
spacemanpilot,2024-12-23
SweetTeaAndSteak,2024-12-23
baoxuan_bobby,2024-12-23
Reddit_is_snowflake,2024-12-23
brewergamer,2024-12-23
iclipeverything,2024-12-23
earth-fake-2024,2024-12-23
Limp_Long8973,2024-12-23
misssconduct,2024-12-23
Aamira_Ahmad,2024-12-23
orphic_orchid,2024-12-23
Agitated-Medium-4263,2024-12-23
Ozzie_the_Derp,2024-12-23
diana02023,2024-12-23
Ok-Chipmunk-411,2024-12-23
Present-Ad-9922,2024-12-23
Spare_Golf4852,2024-12-23
0xy-moronic,2024-12-23
Ok-Mushroom4575,2024-12-23
Fire-Lord-Azulaa,2024-12-23
Jaltrum,2024-12-23
Numerous-Manager584,2024-12-23
PotentialLion1,2024-12-23
nanowarrior111,2024-12-23
axrucks,2024-12-23
Reddit_User_OO7,2024-12-23
fewerkiller,2024-12-23
WeebGladiator,2024-12-23
Greedy_Swan3991,2024-12-23
Careless-Silver-4161,2024-12-23
snowythevulpix,2024-12-23
CardiologistFast8491,2024-12-23
Opposite-Part-185,2024-12-23
Leather_Meal5893,2024-12-23
le_fafda_de_jalebi,2024-12-23
CookFabulous8014,2024-12-23
InterestingCorgi6499,2024-12-23
Strong_Property_7815,2024-12-23
HotCardiologist2029,2024-12-23
New_University8073,2024-12-23
Skibidi-Sigma-0710,2024-12-23
Broad_Cat7267,2024-12-23
Whole_Perception_121,2024-12-23
Jubbywubs-,2024-12-23
Opposite-Koala2922,2024-12-23
theirishstew,2024-12-23
Ok-Gazelle7322,2024-12-23
Beneficial-Pea-6014,2024-12-23
reoleopipi,2024-12-23
yunggkale,2024-12-23
graftah,2024-12-23
VariousNegotiation10,2024-12-23
itchyback2021,2024-12-23
m3FvJF,2024-12-23
Few-Hedgehog5369,2024-12-23
Slimehunter2324,2024-12-23
Eastern_Vanilla4366,2024-12-23
Long-Elderberry-5567,2024-12-23
threetimesmelody,2024-12-23
brownfrank,2024-12-23
Inner-Shame-4996,2024-12-23
Ahmedtarek265,2024-12-23
no_no_nora,2024-12-23
Due-Cake1483,2024-12-23
VersionTurbulent6160,2024-12-23
Novel-Asparagus-2220,2024-12-23
blefay,2024-12-23
asshole_idiot_05,2024-12-23
raw_neat,2024-12-23
mtyt2910,2024-12-23
paullevanti,2024-12-23
Neo-Chromia,2024-12-23
chazzitup90,2024-12-23
Historical_Teach9525,2024-12-23
JustAnoth3rG0d,2024-12-23
westcoastlatte,2024-12-23
Hairy-Sky3130,2024-12-23
ohioboi69,2024-12-23
ExitDramatic8888,2024-12-23
Away_Entertainer4313,2024-12-23
Fearless_Figure_3763,2024-12-23
Agreeable-Look-7519,2024-12-23
Evening_Entrance_472,2024-12-23
Existing-Bullfrog547,2024-12-23
Few_Tax_1556,2024-12-23
EaimLik,2024-12-23
Alternative_Tree_626,2024-12-23
MoneyFlyHigh,2024-12-23
Intelligent_Chart_38,2024-12-23
Real-Mud5450,2024-12-23
melissamills03,2024-12-23
ConfidentSouth4479,2024-12-23
Bionic_alien,2024-12-23
SoggyComparison918,2024-12-23
pepsitax,2024-12-23
alamayn,2024-12-23
DepressedAndNapping,2024-12-23
undisclosedtech,2024-12-23
Dri_Frut,2024-12-23
Inevitable_Swimmer67,2024-12-23
WindowsillHelpMe,2024-12-23
Dear_Wishbone9831,2024-12-23
LiamlIlIl,2024-12-23
Specialist_Field3582,2024-12-23
Visible_Spell9247,2024-12-23
Pretty-Delay6635,2024-12-23
autoads,2024-12-23
SperrysOnMyFeet_,2024-12-23
checkfailure,2024-12-23
A_Stranger_mexican,2024-12-23
Glittering-Tank9096,2024-12-23
Public-Connection595,2024-12-23
supadupapoundcake,2024-12-23
Technical_Werewolf69,2024-12-23
Happy-Sugar-1707,2024-12-23
H3ll0_k1tt3y_L0V3R,2024-12-24
Dear-Artist9709,2024-12-24
Pitiful-World2112,2024-12-24
Agitated_Skill5496,2024-12-24
PromptAlternative178,2024-12-24
positivlyneon,2024-12-24
Known-Round5077,2024-12-24
Sufficient-Yam-726,2024-12-24
Ok_Screen2369,2024-12-24
MoreRooster3377,2024-12-24
Alarming_Two9646,2024-12-24
Worried-Rub3804,2024-12-24
Maleficent_Lawyer_83,2024-12-24
Jumpy_Tap9148,2024-12-24
Additional_Yak3684,2024-12-24
IlesStelae,2024-12-24
StonksOnlyGoUp___,2024-12-24
FadedUmbrella,2024-12-24
Upper-Ganache-647,2024-12-24
Inglourious_Cracker,2024-12-24
Forsaken-Turnover637,2024-12-24
aye_ptoughneigh,2024-12-24
Formal-Dish-644,2024-12-24
Bawarchu,2024-12-24
UJVRs_Nan,2024-12-24
alittleballofanxiety,2024-12-24
Feisty-Fox8533,2024-12-24
Dazzling-Tear-8281,2024-12-24
Devinedelegator,2024-12-24
Any_time_Swift06,2024-12-24
FocusCompetitive7498,2024-12-24
KrypticMess,2024-12-24
Frequent-Bag-9081,2024-12-24
Nethshan_,2024-12-24
Appropriate-Shake3,2024-12-24
howelllittle,2024-12-24
Dry-Double-6845,2024-12-24
Macabre-Milk,2024-12-24
Neat-Journalist1972,2024-12-24
BroadSky6439,2024-12-24
Weary_Blacksmith7988,2024-12-24
TundraStag,2024-12-24
Extension_Salt_8754,2024-12-24
Able-Text2272,2024-12-24
Sure-Edge2924,2024-12-24
Friendly_Echo_5190,2024-12-24
potionsx,2024-12-24
BlueBird_0918,2024-12-24
Intelligent_Tea_999,2024-12-24
fatherhelo,2024-12-24
Nerdee33,2024-12-24
Jooyoss,2024-12-24
trilogyspell,2024-12-24
Professional-Dot1303,2024-12-24
h3lpme5432,2024-12-24
Drazox9599,2024-12-24
VividRazzmatazz9359,2024-12-24
Maleficent_Resolve49,2024-12-24
AttentionFit2384,2024-12-24
Plastic-Anybody-5929,2024-12-24
Pretty_Building_261,2024-12-24
throwaway756842480,2024-12-24
lifeisafixedmatch,2024-12-24
No-Vanilla-5316,2024-12-24
JY8749,2024-12-24
Betty_Bazooka,2024-12-24
F0rest_fairy,2024-12-24
Designer_Constant968,2024-12-24
beetlewellness,2024-12-24
_Yassen-KARA_,2024-12-24
superdeadfrns,2024-12-24
Raagasters,2024-12-24
lookingfrAdvice,2024-12-24
d1fire,2024-12-24
Mindless_Tackle_3390,2024-12-24
HolyToledo-,2024-12-24
IggytheSkorupi,2024-12-24
BDiscovery,2024-12-24
why_am_I_tired,2024-12-24
anon_tcrm,2024-12-24
Ali-Sama,2024-12-24
Away_Expression_3713,2024-12-24
AfterNarcAbuse143,2024-12-24
inflatableshorts,2024-12-24
bazinga-boi,2024-12-24
Thick_Side_6140,2024-12-24
Icy_Skill5870,2024-12-24
csj930,2024-12-24
English-Vinglish,2024-12-24
Accomplished_Tip3498,2024-12-24
CulturalGene834,2024-12-24
LooseGreen3829,2024-12-25
elixr42,2024-12-25
twerkingcharizard,2024-12-25
Sad-Championship3763,2024-12-25
Blackimperial19,2024-12-25
UnkownGu92,2024-12-25
ParkingAd7689,2024-12-25
JealousSundae9608,2024-12-25
bokeleaf,2024-12-25
Present-Inside-9,2024-12-25
icuped,2024-12-25
New_Ad_6164,2024-12-25
Better-Problem-8716,2024-12-25
usemynotes,2024-12-25
imortio,2024-12-25
PersonalResponse0214,2024-12-25
Longtimereader1stime,2024-12-25
prettymaily,2024-12-25
saikiran199,2024-12-25
Gre340,2024-12-25
lvfar,2024-12-25
No-Concern3297,2024-12-25
todd_hutchings,2024-12-25
cowilo_,2024-12-25
yourpink_gorlie27,2024-12-25
Angel_Heart4,2024-12-25
midow911,2024-12-25
Mahistuff,2024-12-25
Logical-Choice1158,2024-12-25
Efficient-Ship8734,2024-12-25
Soft-Macaron-2312,2024-12-25
Cute_Note_3624,2024-12-25
Comprehensive_Size65,2024-12-25
Flaminjo,2024-12-25
Upper_Trouble1731,2024-12-25
NefariousnessFit6252,2024-12-25
Legitimate-Fig5332,2024-12-25
21sbstreet,2024-12-25
Just_Butterscotch520,2024-12-25
Available-Boot2143,2024-12-25
mfar__,2024-12-25
HairyHobbitfoot,2024-12-25
Fluffy-Fish5506,2024-12-25
chutki_aao_na,2024-12-25
18th-street-blues,2024-12-25
Purple_Space_9180,2024-12-25
Distinct-Team-9680,2024-12-25
Chemically_Awake,2024-12-25
NeitherCarpenter3470,2024-12-25
National-Patient4391,2024-12-25
No-Maintenance976,2024-12-25
Individual-Tip-7527,2024-12-25
dmax17,2024-12-25
Ok_Cat_8300,2024-12-25
Fitness_momma,2024-12-25
Consistent-Assist715,2024-12-25
Individual_Bet_2130,2024-12-25
CoolLychee2333,2024-12-25
DistinctPassage137,2024-12-25
DORISJOHNN,2024-12-25
newbreed69,2024-12-25
Old-Smoke-2097,2024-12-25
Ok-Adagio8017,2024-12-25
hevea_brasiliensis,2024-12-25
PlatypusFast3561,2024-12-25
anonymous881313,2024-12-25
Bradleythecoolkid,2024-12-25
More_Community_2271,2024-12-25
Gloomy-Mark7283,2024-12-25
diamondbella698,2024-12-25
ComprehensiveRise202,2024-12-25
dbdfinn,2024-12-25
OddBet2886,2024-12-25
bishoppair234,2024-12-26
AReadbyDeja,2024-12-26
Wise_Inevitable6065,2024-12-26
Upbeat-Perspective18,2024-12-26
SensitivePhrase4981,2024-12-26
Ok-Signature-4513,2024-12-26
cinderellasdirtywork,2024-12-26
WobblyFlan,2024-12-26
russianhacker666,2024-12-26
Possible_Reception25,2024-12-26
CalmAsk7364,2024-12-26
Automatic-Ad-7664,2024-12-26
Aggressive_Sort3088,2024-12-26
rilakkumkum,2024-12-26
Solid_Exchange1130,2024-12-26
EntranceOld3919,2024-12-26
New-Revenue486,2024-12-26
blueeeberriesss,2024-12-26
Unlikely-Diamond2033,2024-12-26
Bunny_Carrots_87,2024-12-26
Ssel1412,2024-12-26
No_Court_9061,2024-12-26
BreadfruitDry7156,2024-12-26
Suzume_puff,2024-12-26
maya_durairaj,2024-12-26
Baffa99,2024-12-26
Gullible-Kick-2477,2024-12-26
Thick-Sign1408,2024-12-26
Mysterious-Ant8012,2024-12-26
InnerBother5733,2024-12-26
Henituse_household,2024-12-26
Buttman1099,2024-12-26
National_Lie_4050,2024-12-26
ShadyyHorizon,2024-12-26
Linux_User_One_Mill,2024-12-26
Ghost03272,2024-12-26
carbonated-milkis,2024-12-26
Key-Peanut-2113,2024-12-26
GoldBeautiful1386,2024-12-26
Lost_Expression_1491,2024-12-26
AlternativeBody1904,2024-12-26
New_Interview_6468,2024-12-26
Mhd_Listen6484,2024-12-26
nanzexe,2024-12-26
Glaring-247,2024-12-26
scovyman,2024-12-26
Dry_Meaning2870,2024-12-26
FlyAwayonmyZephyr1,2024-12-26
Zestyclose_Pea3864,2024-12-26
whereverwhenever98,2024-12-26
Own_Hand7354,2024-12-26
Warm-Zucchini1859,2024-12-26
AltruisticReturn195,2024-12-26
sa_ratonin,2024-12-26
lex52_,2024-12-26
Disastrous_Editor294,2024-12-26
bookcupcakes,2024-12-26
Sunbro_413,2024-12-26
Platiinumdan,2024-12-26
ImportantSink3479,2024-12-26
auggie444,2024-12-26
Fergyb,2024-12-26
Grouchy_Mouse6393,2024-12-26
KaijuSnack,2024-12-26
Own_Berry_1601,2024-12-26
transgendermom69,2024-12-26
Embarrassed_Scale929,2024-12-26
Winter-Pack-8922,2024-12-26
ComputerAdmirable440,2024-12-26
Dr_drakk,2024-12-26
jellocore,2024-12-26
krantz2000,2024-12-26
LeastAnomicRedditor,2024-12-26
yumcrunchyice,2024-12-26
hireweel,2024-12-26
Cocozest,2024-12-26
NeedTipspls,2024-12-26
Lbgeckos2,2024-12-26
Abject_Affect3954,2024-12-26
Biran29,2024-12-26
OkMain5787,2024-12-26
MindlessGap4562,2024-12-26
TheRyanLion01,2024-12-26
LOLgetREKTnerd,2024-12-26
Specialist-Region-37,2024-12-26
belovednorthernwater,2024-12-26
_gothy_pancake_,2024-12-26
whatshisface7,2024-12-26
Crayola_Top,2024-12-26
AnxietyUsed7945,2024-12-26
RiverInner9422,2024-12-26
ok_loga,2024-12-26
Stranger_inearth,2024-12-26
TemperatureNormal490,2024-12-26
Weary_Second_5062,2024-12-26
mtfthrowaway123456,2024-12-26
Purple_Future747,2024-12-27
Alternative_Flow4605,2024-12-27
Turbulent-Iron-30,2024-12-27
Total-Wash-1341,2024-12-27
jolindabimba,2024-12-27
MiddlePause3229,2024-12-27
Numerous_Long_7341,2024-12-27
socialanxietyx8,2024-12-27
Commader_buddy,2024-12-27
Groollover86,2024-12-27
AaravIsChad,2024-12-27
Content-Detective623,2024-12-27
CuriousCreature95,2024-12-27
Intelligent_Head_594,2024-12-27
AssistanceClean9033,2024-12-27
Acrobatic-Music-1354,2024-12-27
StoicSiren10,2024-12-27
Possible_Ad7559,2024-12-27
hellochamo,2024-12-27
financialyoungjerk,2024-12-27
ozymandeas302,2024-12-27
ThrowRALaidoffhelp1,2024-12-27
drjanders,2024-12-27
ApprehensiveName7571,2024-12-27
LanguageSalt,2024-12-27
PatternCold667,2024-12-27
spiderbytee,2024-12-27
allie1015,2024-12-27
Dababy42013,2024-12-27
Electrical-Gur-1394,2024-12-27
Caring-Cats,2024-12-27
BathAshamed8147,2024-12-27
nefertarys,2024-12-27
Iliketoeatpoop5257,2024-12-27
demonspawnzzzz,2024-12-27
sofa-needadvice,2024-12-27
iknowislo,2024-12-27
Historical_Gur_3896,2024-12-27
SchemeAgile2012,2024-12-27
smart_and_weird_girl,2024-12-27
Jazzlike_Gazelle7575,2024-12-27
Fromy45,2024-12-27
One-Smile7632,2024-12-27
earthloverboy333,2024-12-27
getmecoffeepls,2024-12-27
spicy-ricecakes,2024-12-27
Panzercuck,2024-12-27
ansh_whyy,2024-12-27
RIVOLVT,2024-12-27
kaiju-man,2024-12-27
PowtangenaGRRRR,2024-12-27
toochi_13,2024-12-27
Own-Inevitable-9729,2024-12-27
AnstaJS,2024-12-27
Smart-Site-9962,2024-12-27
FarPollution3640,2024-12-27
bettajinsoul,2024-12-27
freedantes,2024-12-27
Immediate-Worker7801,2024-12-27
Suspicious-Oil-8133,2024-12-27
Glass_War6835,2024-12-27
orb_weaver_e,2024-12-27
Bubbly_Scientist3232,2024-12-27
helloscarrr,2024-12-27
gay_cgn,2024-12-27
Accurate_Ant_4232,2024-12-27
SSJGODGOKU00,2024-12-27
Mother_Panic21,2024-12-27
Small-Exercise-6954,2024-12-27
tina_znidarsic,2024-12-27
kian_fml,2024-12-27
Much_Intention_,2024-12-27
bellasnow4,2024-12-27
TankDaGamer,2024-12-27
ConfusedAmeriMutt,2024-12-27
EmbarrassedBeing7190,2024-12-27
ka4ansn,2024-12-27
Possible-Peak-258,2024-12-27
Mermaid4Evaa420,2024-12-27
Bones_Future_07,2024-12-27
Even_Profit_1615,2024-12-27
Correct_Force_6690,2024-12-27
lexilex1987,2024-12-27
rajrishav,2024-12-27
sourpatchcream,2024-12-27
Puzzleheaded_Ask4663,2024-12-27
XAgentProvocateurX,2024-12-27
Software6,2024-12-27
tokyo_engineer_dad,2024-12-27
LingonberryHigh7244,2024-12-27
Negative_Loquat_9587,2024-12-27
Dear-Apartment8277,2024-12-27
ImaginaryInvite8667,2024-12-27
ForensicGuy666,2024-12-27
Predator3-5,2024-12-27
Then_Rain_8178,2024-12-27
un_known18,2024-12-27
Impressive_Ask_7082,2024-12-27
Mysterious_Smile8960,2024-12-27
Legal_Profit9405,2024-12-27
Ok_Procedure8220,2024-12-27
Intrepid-Check-6117,2024-12-27
Desperate-Art7169,2024-12-27
Bamms777,2024-12-27
Pretty-Minimum-9143,2024-12-27
chocolakinnie,2024-12-27
New-Travel1381,2024-12-27
IzaliaLynn,2024-12-27
drpepperman23,2024-12-27
fooltoolmule,2024-12-27
ninetyonebottles,2024-12-27
househacker,2024-12-27
cyklopzz,2024-12-27
LostGuardian303,2024-12-27
ProfessionalJello218,2024-12-27
SaltSandwich3046,2024-12-27
alwaysbjoyful,2024-12-27
drphil-berightback,2024-12-27
One_Company1335,2024-12-27
RepulsiveYouth1157,2024-12-27
Most_Lawfulness5650,2024-12-27
Ok_Proposal_7390,2024-12-27
Infinite_Bear_5407,2024-12-27
No_Repair_7501,2024-12-28
ihateart,2024-12-28
Kabi_T,2024-12-28
DaySwimming8519,2024-12-28
maedoc_alastrine,2024-12-28
Agile-Slice-1514,2024-12-28
Gelsepp,2024-12-28
Sesame_twizzle,2024-12-28
GuacAacia,2024-12-28
adbddw,2024-12-28
Mei_lu,2024-12-28
netmex5678,2024-12-28
Novel_Head9170,2024-12-28
TypicalAd3919,2024-12-28
Objectivelyaway,2024-12-28
3_bean_sprouts,2024-12-28
Subject_Pause4510,2024-12-28
Junior_Insurance_366,2024-12-28
Secret_Manager7608,2024-12-28
witchwriter,2024-12-28
Medium-Dealer-7558,2024-12-28
JorginJargin,2024-12-28
Primary_Laugh_7726,2024-12-28
RandomlyAdult,2024-12-28
LadInTheBush,2024-12-28
amorzinho_job,2024-12-28
SuddenImagination611,2024-12-28
monkey3895,2024-12-28
Ryzanix,2024-12-28
Automatic_Print6666,2024-12-28
Desperate-One4735,2024-12-28
eurowen,2024-12-28
16singhrohan,2024-12-28
OkOutside6019,2024-12-28
Responsible-River615,2024-12-28
ardius777,2024-12-28
alexeskaj,2024-12-28
Seirfa,2024-12-28
WindowsKillerQc,2024-12-28
softbunnyxox,2024-12-28
darkobunny_3,2024-12-28
Individual_Pain_1750,2024-12-28
Forsaken_String8982,2024-12-28
Naive_Hovercraft7923,2024-12-28
Environmental-Elk773,2024-12-28
Brighter-way57,2024-12-28
Gloomy-Studio177,2024-12-28
donutknoweither,2024-12-28
Recluse007,2024-12-28
One_Pomegranate_5385,2024-12-28
hyebinz,2024-12-28
khannartistic,2024-12-28
plsnothisgirl,2024-12-28
chazrashae,2024-12-28
MohAdel99,2024-12-28
rapper_anky,2024-12-28
RevolutionaryEast778,2024-12-28
PokemonHelicopter,2024-12-28
WildestDream34,2024-12-28
Small_Ad_4525,2024-12-28
ScholarResponsible97,2024-12-28
Whateverdude_-,2024-12-28
Informal-Pop8938,2024-12-28
Playful-Ad-3773,2024-12-28
drpurpdrank,2024-12-28
wealthy_dig_bick,2024-12-28
roleepolee3,2024-12-28
Drynapples,2024-12-28
Thewhatandthewho,2024-12-28
Kitchen-Load8996,2024-12-28
Extreme-Notice7560,2024-12-28
Beautiful_Stress_844,2024-12-28
Urbanwoodartistry,2024-12-28
Rude-Debt6003,2024-12-28
Wolverinexxcomics,2024-12-28
Short-Biscotti7668,2024-12-28
ComprehensiveOne3082,2024-12-28
Dear_Cherry512,2024-12-28
jrlw0rld93,2024-12-28
Character-Buy7642,2024-12-28
East_Prior_2591,2024-12-28
Confident_Song5510,2024-12-28
Environmental-Ad4451,2024-12-28
One-Recommendation-1,2024-12-28
Elegant_Hippo_4919,2024-12-28
bluejaysramsfanatic,2024-12-28
Playful-Criticism9,2024-12-28
Geek_Rage_5821,2024-12-28
Harmsy_,2024-12-28
Ok-Disk-2372,2024-12-28
Little-Subject6263,2024-12-28
Andra6969_,2024-12-28
New_Ad_7344,2024-12-28
Dear-Development7330,2024-12-28
SinghStar1,2024-12-28
Death_Dimension605,2024-12-28
No_Cod_7295,2024-12-28
telepathyonly,2024-12-28
Hismuse1966,2024-12-28
LaPlayDeMaximo,2024-12-28
Financial-Alarm111,2024-12-28
Top-Permit8211,2024-12-28
West_Interview5408,2024-12-29
SoundTheParmAlarm,2024-12-29
wow-someone-actually,2024-12-29
MonkParty1795,2024-12-29
Sussybulldog69420,2024-12-29
Ok_Bee_8153,2024-12-29
Broad_Junket8339,2024-12-29
Glittering_Tax8407,2024-12-29
dogsocks666,2024-12-29
MembershipDesigner72,2024-12-29
not_blowfly_girl,2024-12-29
Turbulent-Welder-994,2024-12-29
pupperment,2024-12-29
Correct_Ad2367,2024-12-29
anthony_getz,2024-12-29
Icy-Magazine-7376,2024-12-29
DiacolypseNow,2024-12-29
WorriedRemove5608,2024-12-29
Prize_Plenty3103,2024-12-29
HunterSea2000,2024-12-29
Ido4real,2024-12-29
Exciting-Captain6011,2024-12-29
Practical_Crab_2755,2024-12-29
FederalBoss9094,2024-12-29
ThePresident2868,2024-12-29
No_Brilliant_2950,2024-12-29
Strong_Principle3663,2024-12-29
FriedRiceGuy69,2024-12-29
ZealousidealBeach193,2024-12-29
Environmental-Fun228,2024-12-29
Efficient_Parking754,2024-12-29
Affectionate-Run6300,2024-12-29
YoussefSouli08,2024-12-29
Fine-Tangerine8042,2024-12-29
Better-Squirrel-3923,2024-12-29
usualmentelibros,2024-12-29
Available-Rhubarb363,2024-12-29
No_Guidance_6450,2024-12-29
TargetSweaty3150,2024-12-29
bicurious_george17,2024-12-29
liimo458,2024-12-29
Hefty-Zombie-9214,2024-12-29
United_Context_2789,2024-12-29
Final-Statement5118,2024-12-29
Thefatcrab1,2024-12-29
BidInteresting4105,2024-12-29
Snowbunny0011,2024-12-29
Capital_Savings_1365,2024-12-29
Own-Introduction5261,2024-12-29
yellowsnowman4,2024-12-29
Middle-Guard3739,2024-12-29
HellYeahDamnWrite,2024-12-29
BreathOfFreshWater,2024-12-29
Fresh-Fan474,2024-12-29
Outrageous-Gene3609,2024-12-29
Artsy_Girl2007,2024-12-29
Sea_Waltz3170,2024-12-29
riffonreddit,2024-12-29
Fine-Challenge4478,2024-12-29
Excellent-Wall4505,2024-12-29
Inevitable-Lobster02,2024-12-29
nism3,2024-12-29
DanburyDogDecimator,2024-12-29
Clowtless,2024-12-29
Pineapplefree,2024-12-29
Any_Cryptographer309,2024-12-29
skyguysupa,2024-12-29
SamarXV,2024-12-29
SamTheNugget,2024-12-29
RedditRieRie,2024-12-29
Worried-Fact2129,2024-12-29
Mobile_Track_5005,2024-12-29
OGThickHipster,2024-12-29
Curious-Cat-5869,2024-12-29
Chromepalmtrees,2024-12-29
Sorry-Nebula-2083,2024-12-29
succulentfucc,2024-12-29
Excellent-Cloud-1805,2024-12-29
One_System_5800,2024-12-29
Early-Ad4301,2024-12-29
thaddiusdaddius,2024-12-29
Emotional_Escape_270,2024-12-29
HumbleRefrigerator98,2024-12-29
FunMasterpiece7083,2024-12-29
Own_Method_7283,2024-12-29
Acrobatic_Trade4450,2024-12-29
spookysteely,2024-12-29
PristinePost3274,2024-12-29
Mother_Ear_7148,2024-12-29
Lightsheik,2024-12-29
Neat-Childhood1389,2024-12-29
SnooOpinions4357,2024-12-30
colvip,2024-12-30
sadegirl7,2024-12-30
Money-Frame-1479,2024-12-30
DobleHache956,2024-12-30
Ok-Jello-2727,2024-12-30
UselessFactCollector,2024-12-30
Beerbelly22,2024-12-30
throwawaypl0x1234,2024-12-30
potterhead-damon,2024-12-30
Round-Routine-5819,2024-12-30
Certain-Pattern4011,2024-12-30
Annual_Succotash8076,2024-12-30
Spartankingv,2024-12-30
cendlezfuryz,2024-12-30
Ok-Drawing5140,2024-12-30
birdsofart,2024-12-30
nattyratty15,2024-12-30
Key-Oil-4912,2024-12-30
anonidiotaccount,2024-12-30
pandamanmcgee,2024-12-30
FileHistorical3701,2024-12-30
lambda1024,2024-12-30
c-bomb-97,2024-12-30
Potential_Leek_981,2024-12-30
gr0wyourhair,2024-12-30
ShiftSwimming8202,2024-12-30
ixxtzhrl,2024-12-30
WLGT350,2024-12-30
Regular_Instance_283,2024-12-30
mrrickster01,2024-12-30
PeaSignificant6413,2024-12-30
Lucifer04121998,2024-12-30
SryICantGrok,2024-12-30
Material_Gazelle_214,2024-12-30
Striking_Turnip_1168,2024-12-30
insurance_latin,2024-12-30
Theblackmusicologist,2024-12-30
ashwins005,2024-12-30
fluffycat_vibe,2024-12-30
jtp8431,2024-12-30
animatronic_princess,2024-12-30
DifferentAd7763,2024-12-30
BohemianHibiscus,2024-12-30
Curious-Bug-1997,2024-12-30
KindlyWord2759,2024-12-30
CauliflowerOther6866,2024-12-30
Ok-Confidence8182,2024-12-30
Darsh8999,2024-12-30
Stargazerlyte,2024-12-30
Cosmo27_Babe27,2024-12-30
Abbasziakhan,2024-12-30
Mclovelin32234,2024-12-30
ThrowRAjeanz,2024-12-30
elizabethredditor,2024-12-30
PermitTop4344,2024-12-30
ArtisticGiraffe7522,2024-12-30
Competitive-Fly-934,2024-12-30
FavoriteSimp,2024-12-30
Vast-Ice9628,2024-12-30
Chziime,2024-12-30
Remarkable-Ruin9445,2024-12-30
Jax_Off,2024-12-30
One_Region_7851,2024-12-30
MinimumAssumption430,2024-12-30
ololtsg,2024-12-30
unbekn0wnsttome,2024-12-30
Noitmar3,2024-12-30
Ordinary_Cattle,2024-12-30
Less_List_5161,2024-12-30
ClimberChronicles,2024-12-30
Glad_Meringue3323,2024-12-30
TRPSock97,2024-12-30
No-Zucchini1992,2024-12-30
mygrationn,2024-12-30
Traditional_Song992,2024-12-30
PsychologicalWind539,2024-12-30
Practical_Arrival371,2024-12-30
AppleNerd1998,2024-12-30
BustinJieber317,2024-12-30
audreyhepburn3,2024-12-30
Disastrous-Pickle930,2024-12-30
zackcondon,2024-12-30
AstronautEcstatic767,2024-12-30
rainrainthrowaway0_0,2024-12-30
somethingwnonumbers,2024-12-30
One7Free7,2024-12-30
Civil-Housing1815,2024-12-30
Reasonable_Silver773,2024-12-30
Superb-Horror-4974,2024-12-30
awardweiner,2024-12-30
AdventurousGuava6194,2024-12-30
Shot-Worldliness954,2024-12-30
Faithboy2ko6,2024-12-30
Fast_Imagination_167,2024-12-30
Southern-Ice-9479,2024-12-30
Dazzling_Count6650,2024-12-30
workseverytime2,2024-12-30
Upper-Evidence-405,2024-12-30
Serious_Map_6916,2024-12-30
iloveparis317,2024-12-30
Ok-Management-2374,2024-12-30
Goretician,2024-12-30
irreparablydamagedd,2024-12-30
lebronjames23062323,2024-12-30
Revolutionary-Cut638,2024-12-30
PariisHiilton,2024-12-30
HappySign2000,2024-12-30
Luna___x,2024-12-30
ScoobyGreg,2024-12-30
Exofaaste,2024-12-30
Cann6294,2024-12-30
Historical-Escape-89,2024-12-30
WEEGEMAN,2024-12-30
Alternative-Medium22,2024-12-30
whoiamidonotknow,2024-12-30
HiroZebra,2024-12-30
Ok-Distribution4960,2024-12-30
ThebloodedDragonfly,2024-12-30
RowObjective3696,2024-12-30
Next-Sea-5885,2024-12-30
Accomplished-Ad-7396,2024-12-30
Maybeimdifferent,2024-12-30
No_West_9856,2024-12-30
Beneficial-Water-435,2024-12-30
ShotIngenuity1871,2024-12-30
jackaljaw,2024-12-30
swayjosue,2024-12-30
PopeyesPoppa,2024-12-30
kaiteee5,2024-12-31
planethunter56,2024-12-31
Suspicious_Abies7777,2024-12-31
Capital-Product-661,2024-12-31
Classic_Reference49,2024-12-31
thene0nicon,2024-12-31
Unlikely-Paramedic-6,2024-12-31
Ok_Wolf2676,2024-12-31
Boring_Forever_9125,2024-12-31
UpsetNeighborhood607,2024-12-31
Top-Imagination-2154,2024-12-31
Legaladvice135,2024-12-31
RareGuarantee5239,2024-12-31
Legal-Map-1332,2024-12-31
BeautifulCelery5161,2024-12-31
FortifyNowClub,2024-12-31
Ok-Satisfaction-9973,2024-12-31
pup_shenanigans,2024-12-31
Ok_Promotion_6617,2024-12-31
Quetzal_Warrior,2024-12-31
eylylime,2024-12-31
WonderWhips,2024-12-31
SensitiveContext5879,2024-12-31
GouletJosh,2024-12-31
Affectionate_Sky6908,2024-12-31
thrsdystyls,2024-12-31
dude_trying_his_best,2024-12-31
poopybutt69l,2024-12-31
Sea_Area_2977,2024-12-31
Gottagoplease,2024-12-31
AnalystGlum7516,2024-12-31
Jerryispollitoman,2024-12-31
Timepass181920,2024-12-31
Valuable_Barnacle_71,2024-12-31
Affectionate_Tap4850,2024-12-31
theWsbKing,2024-12-31
iYAM_who_i_SAMiAM,2024-12-31
CompetitionNo9910,2024-12-31
Adorable-Teacher-92,2024-12-31
West_Description_984,2024-12-31
jean_hattaway,2024-12-31
maakiuah,2024-12-31
danknessoverlord,2024-12-31
CowEnvironmental6433,2024-12-31
Confident-Pool-2229,2024-12-31
Appropriate-Habit-47,2024-12-31
aiyajacky,2024-12-31
EdgyFries,2024-12-31
HumanProgress365,2024-12-31
EnvironmentalCandy82,2024-12-31
Ok_Square_1155,2024-12-31
Ok-Marionberry-7609,2024-12-31
cyan0siss,2024-12-31
WasItWeirdOrNot,2024-12-31
PhilippsFossils,2024-12-31
sean-ogrady1899,2024-12-31
Patience_Primary,2024-12-31
Doublebubble86,2024-12-31
Signal-Winter6064,2024-12-31
Alb3rt1720,2024-12-31
frubbly22,2024-12-31
GunzArotti,2024-12-31
miramorexxi,2024-12-31
Zitchi,2024-12-31
tandoorchats,2024-12-31
Accomplished_27Sky45,2024-12-31
Key_Rutabaga_9970,2024-12-31
Just_a_simple_girll,2024-12-31
Connect-Leek3691,2024-12-31
Illustrious_Fall6896,2024-12-31
Pitiful-Pause990,2024-12-31
Own_Plan826,2024-12-31
Downtown-Flan-5366,2024-12-31
Difficult_Regret7612,2024-12-31
Chris_Palko617,2024-12-31
Academic_Hour9687,2024-12-31
inbiggerside,2024-12-31
No-Independent-3603,2024-12-31
Late_Transition1603,2024-12-31
anae123,2024-12-31
Monk_Shaolin,2024-12-31
robtropez,2024-12-31
TraditionNew2119,2024-12-31
Extra-Monitor6482,2024-12-31
Individual_Lack5809,2024-12-31
Marble_Columns,2024-12-31
Jazzlike_Exercise167,2024-12-31
EaseGrouchy4407,2024-12-31
Crotalus,2024-12-31
Mental_Divide3076,2024-12-31
johnhtman,2024-12-31
Willcharris,2024-12-31
nothingisreal47,2024-12-31
BasicWillow3404,2024-12-31
Secure-Employ-3562,2024-12-31
Prestigious_Grape692,2024-12-31
Several-Fill3179,2024-12-31
Low-Tutor5157,2024-12-31
Relative_Lettuce8436,2024-12-31
AspiringHappyPerson,2024-12-31
insanemaelstrom,2024-12-31
reddit_ready21,2024-12-31
halfflash,2024-12-31
Silent-Handle2985,2024-12-31
HuL_aX,2024-12-31
Electronic-Pomelo-47,2024-12-31
Beautiful_Advice_401,2024-12-31
Businesset55,2024-12-31
Open_Internet_4274,2024-12-31
throwawaymyalias,2024-12-31
aciditybtw,2024-12-31
alceg0,2024-12-31
davincybla,2024-12-31
BeginningEconomics64,2024-12-31
sailing_darling,2024-12-31
splakkjit,2024-12-31
Own-Will1189,2024-12-31
Worried_Confidence47,2024-12-31
Powerful_Maximum_837,2024-12-31
rarelydetectable,2024-12-31
Heavy-Rub6924,2024-12-31
Next-Caterpillar-662,2024-12-31
Rencantwin,2024-12-31
Dizzy_Vanilla7774,2024-12-31
Prestigious_Cable_27,2024-12-31
Advanced_Penalty_605,2024-12-31
Short_Account1631,2024-12-31
NartlePloob,2024-12-31
zachandjeana,2024-12-31
EmergencyLoud3454,2024-12-31
Spaghetti-Rblade-51,2024-12-31
WrenchAndCircuit,2025-01-01
SyllabubReal3894,2025-01-01
Aelmiii,2025-01-01
Odd_Character_9962,2025-01-01
Square_Goat_5809,2025-01-01
Templarknight1407,2025-01-01
DolphinJoy94,2025-01-01
Kindly_Industry_4036,2025-01-01
Consistent-Post-2297,2025-01-01
peechymoon,2025-01-01
Inevitable_Excuse116,2025-01-01
Fun_Hearing_9095,2025-01-01
DIXON_KUNTZ_69,2025-01-01
notxzmpt,2025-01-01
juju6145,2025-01-01
tapewormband,2025-01-01
Left-Client2352,2025-01-01
timthomas3,2025-01-01
Junior-Variation5122,2025-01-01
Ok-Vermicelli-7406,2025-01-01
sheeeehin,2025-01-01
Available-Stress8598,2025-01-01
SignalWar9024,2025-01-01
MrsWillPounder,2025-01-01
LibertyBrah,2025-01-01
Rare_Significance170,2025-01-01
AbbGnn97,2025-01-01
Dolphin-lasers,2025-01-01
F1yr3s,2025-01-01
Either-Bus580,2025-01-01
Particular-Print1900,2025-01-01
sugayedna,2025-01-01
CTR_Meister,2025-01-01
ConsiderationLast861,2025-01-01
D_Knight97,2025-01-01
agelaiusflight,2025-01-01
redditlurker038,2025-01-01
thway02358038506,2025-01-01
No_Low6063,2025-01-01
cs_obsessed,2025-01-01
No_Village_5258,2025-01-01
Sterbee0,2025-01-01
Icy_Kangaroo6137,2025-01-01
No-Confusion7475,2025-01-01
Amazing_Sector5951,2025-01-01
Think_Boss4356,2025-01-01
splendidmate,2025-01-01
TransitionFederal480,2025-01-01
VariousDrag2300,2025-01-01
Accomplished_Yak7674,2025-01-01
Prior-Target8537,2025-01-01
Ok-Rain-7897,2025-01-01
False-Bat1554,2025-01-01
Informal_Contract_26,2025-01-01
Revolutionary-Bat930,2025-01-01
brothenberg,2025-01-01
niaznishu,2025-01-01
Maleficent-Media1845,2025-01-01
Timely_Menu1312,2025-01-01
RustyKytuzov,2025-01-01
Tarbarian,2025-01-01
InkheartRune,2025-01-01
Hakashi32,2025-01-01
Jumble--Bumble,2025-01-01
himnish_shah,2025-01-01
echoes_unheard,2025-01-01
IKindaMaybeLikeYou,2025-01-01
Dramatic-Crew-483,2025-01-01
Logical_Eggplant1361,2025-01-01
AlternativePrice7006,2025-01-01
InsiderAnalysis,2025-01-01
SeaworthinessNew7297,2025-01-01
roscandy,2025-01-01
Regulatory_Hell,2025-01-01
infernalcrepes,2025-01-01
Eggy-_-_,2025-01-01
IceFit9663,2025-01-01
Tall_Increase8583,2025-01-01
A-Theist1989,2025-01-01
Typical_Passenger737,2025-01-01
TacitaNix,2025-01-01
Head_Cabinet_7522,2025-01-01
Blitz_Warrior,2025-01-01
Separate_Sail3767,2025-01-01
Vivid_Researcher_104,2025-01-01
Accomplished-Path-26,2025-01-01
One-Winged-Owl,2025-01-01
fabulous_shine_2,2025-01-01
SmallOrangeTelevsion,2025-01-01
Xitlali____99999,2025-01-01
Opposite-Pop-30,2025-01-02
Glad-Manufacturer506,2025-01-02
No_Preference0697,2025-01-02
Primary_Hospital3651,2025-01-02
ProfessorLongBrick,2025-01-02
West-Willingness6439,2025-01-02
ShadyDaveV2,2025-01-02
DarthKirbyofPopstar,2025-01-02
FriendshipLatter2055,2025-01-02
MostYou6054,2025-01-02
CooriousGuy,2025-01-02
Potential-Second1185,2025-01-02
Such-Conversation-35,2025-01-02
urk8,2025-01-02
IdeaModel,2025-01-02
Quick_Librarian_8236,2025-01-02
Head_Yard7996,2025-01-02
losangelesbeachbum,2025-01-02
Eastern_Eggplant5727,2025-01-02
Jobkorea,2025-01-02
Pill_Puppy_2431,2025-01-02
Opening-Bend4475,2025-01-02
FluidEntrepreneur158,2025-01-02
SnooRabbits6595,2025-01-02
Powerful-Date6290,2025-01-02
Working_Buyer_6553,2025-01-02
Electronic-Tomato312,2025-01-02
Roday_D,2025-01-02
Realistic_Ad763,2025-01-02
Binaanikcoooo,2025-01-02
Successful-Fig-7566,2025-01-02
Away_Fly_7146,2025-01-02
thiccghostie,2025-01-02
RainCivil8967,2025-01-02
Frosty-Study-3678,2025-01-02
Even-Joke-9774,2025-01-02
Extreme_Put4539,2025-01-02
Evening-Yam-7788,2025-01-02
Fine-Ad-909,2025-01-02
SuchAFineHippo52,2025-01-02
New-Consideration966,2025-01-02
NoProfession915,2025-01-02
CCC_Cam,2025-01-02
StolenByTheFairies,2025-01-02
Embarrassed_Crew_292,2025-01-02
WestUnhappy9382,2025-01-02
Flat_Complex_3013,2025-01-02
jongseongsleftsock,2025-01-02
ThrowRA13258,2025-01-02
SignalUnit3229,2025-01-02
Fun_World1621,2025-01-02
Bright-Belt8446,2025-01-02
Top_Engineering_6862,2025-01-02
Ineedathrowaway211,2025-01-02
DefliersHD,2025-01-02
Shot_Advantage9335,2025-01-02
Zealousideal_Big3566,2025-01-02
Peace_2210,2025-01-02
Charzie1082,2025-01-02
Fit_Line3860,2025-01-02
No_Primary1674,2025-01-02
evvyxan,2025-01-02
Printman8,2025-01-02
umirinbrahhhhx,2025-01-02
whatonearthjpeg,2025-01-02
bigsis007,2025-01-02
MilkEmbarrassed1855,2025-01-02
Ok_Stress_1845,2025-01-02
alex_templa,2025-01-02
byeoli7,2025-01-02
theionthrone,2025-01-02
apracticaljoker,2025-01-02
Puzzleheaded-Diet827,2025-01-02
No_Slide1538,2025-01-02
SwordfishNo461,2025-01-02
OddJew,2025-01-02
LegitimateAd8672,2025-01-02
Mrs_Mysteriousreal,2025-01-02
GeeTheMongoose,2025-01-02
Weary_Flower_5210,2025-01-02
zuepho,2025-01-02
Best_Day_3041,2025-01-02
ElementLeader7,2025-01-02
Ok-Selection-5997,2025-01-02
Exact_Donkey,2025-01-02
SALESDEMIGAWD77,2025-01-02
Only_Deer6532,2025-01-02
chazt3r,2025-01-02
SlaughterkingofRaid,2025-01-02
Patient-Vanilla-4725,2025-01-02
StillSwitch7720,2025-01-02
Melodic_Fudge5,2025-01-02
Warm-Perception-7845,2025-01-02
davebyday,2025-01-02
FXshel1995,2025-01-02
Ecstatic_Basket7795,2025-01-02
LibraryNice6305,2025-01-02
adam2000756799,2025-01-02
Sea-Organization1476,2025-01-02
Introvertedcheesie,2025-01-02
Best_Wall_4584,2025-01-02
sleepybaby694,2025-01-02
Pristine_Stuff_223,2025-01-02
No-Main207,2025-01-02
IdontKnowAHHHH,2025-01-02
shachiko,2025-01-02
Illustrious-Tip-438,2025-01-02
Select_Obligation_85,2025-01-02
SpecialistBoring6959,2025-01-02
Constant_Test9345,2025-01-02
OkBoat5088,2025-01-02
MsMississippi,2025-01-02
Sun5201,2025-01-02
yosark,2025-01-02
Rebirth8219,2025-01-02
Trentwool,2025-01-02
BullFr0gg0,2025-01-02
Alaska1111,2025-01-02
TechnicianNo4442,2025-01-02
Delicious_Appeal_775,2025-01-02
pixi127,2025-01-02
WavyFish111,2025-01-02
Cultural-Mango-764,2025-01-02
SyberKai,2025-01-02
doyouloveme25,2025-01-02
AwkwardVoicemail,2025-01-02
indiecobi,2025-01-02
Nearby-League4644,2025-01-02
FalconPuncher117,2025-01-02
BeneficialPop77,2025-01-02
PerspectiveBright990,2025-01-02
SeekingShalom,2025-01-02
Left_Button2865,2025-01-02
Designer_Number2710,2025-01-02
Glittering_Damage685,2025-01-02
Scuba-Steve___,2025-01-02
Special_Elk3405,2025-01-02
Dry_Fly5853,2025-01-02
vt9090,2025-01-02
Numba1direwolf,2025-01-02
Constant-Grass-8508,2025-01-02
badnirvanalyrics,2025-01-02
One_Entrepreneur105,2025-01-02
SirGucciIV,2025-01-02
NutOnMyNoggin,2025-01-02
Informationit,2025-01-02
turboxc,2025-01-03
PlayfulScheme7941,2025-01-03
Basic_Scientist_1052,2025-01-03
NoOwl108,2025-01-03
virupkant,2025-01-03
scaredemployeehelp,2025-01-03
BigSteve4682,2025-01-03
Agreeable_Volume582,2025-01-03
ThrowRA-hope-Breath,2025-01-03
Bulky_Roll5293,2025-01-03
Galaxy_250,2025-01-03
Jigrijingania,2025-01-03
Fun-Combination2073,2025-01-03
Stunning-Arachnid972,2025-01-03
Subject-Goal-5114,2025-01-03
mexihuahua,2025-01-03
ilovewater2443,2025-01-03
Maya-kardash,2025-01-03
llucyys,2025-01-03
OkArgument4242,2025-01-03
frostyxe,2025-01-03
Artistic-Drawer-6489,2025-01-03
OddTechnology6611,2025-01-03
Yearningg,2025-01-03
surubebe,2025-01-03
karteesee,2025-01-03
FaciltiesMaintenance,2025-01-03
anonomega,2025-01-03
Intelligent-Crab-285,2025-01-03
Historical-Fudge7737,2025-01-03
Icy_Row_499,2025-01-03
usadev,2025-01-03
icy_kiki,2025-01-03
rahulrajer,2025-01-03
Glass-Debt9009,2025-01-03
Top_Don77,2025-01-03
Rumham421989,2025-01-03
Prashulkale,2025-01-03
No-Reading258,2025-01-03
Srini_5591,2025-01-03
Icy_Competition_2577,2025-01-03
victord70,2025-01-03
shumaishrimp,2025-01-03
Inevitable-Mouse9060,2025-01-03
FlynnXa,2025-01-03
amandsouza,2025-01-03
Unlikely_Detail_8651,2025-01-03
Independent_Pop_8934,2025-01-03
Nearby_Imagination15,2025-01-03
StealthLynX,2025-01-03
Dry_Mobile_299,2025-01-03
Throwaway_1684938,2025-01-03
Intrepid-Glass-4347,2025-01-03
GheixLuna,2025-01-03
luser949,2025-01-03
pvth30,2025-01-03
DesignerAlarming9733,2025-01-03
Savings_Media_6003,2025-01-03
NaijaNewsTrend,2025-01-03
BruhJeezy,2025-01-03
No-Support-2569,2025-01-03
garfieldhimself,2025-01-03
funkyspleen,2025-01-03
ohwowwwww13,2025-01-03
Technical-Buyer-4464,2025-01-03
Distinct-Cook920,2025-01-03
CallLeft1431,2025-01-03
Dazzling-Ad-4439,2025-01-03
mwebaze_nicho,2025-01-03
RoutineDistrict8809,2025-01-03
CordAlex1996,2025-01-03
Optimal_Landscape162,2025-01-03
matty--1,2025-01-03
throwawayofc1112,2025-01-03
YotaIamYourDriver,2025-01-03
Ali_peerkhan,2025-01-03
onedaycowboy,2025-01-03
IntelligentSecret816,2025-01-03
Sponky33,2025-01-03
SpecialHamster6508,2025-01-03
D0nk1n40,2025-01-03
ProfitReasonable6982,2025-01-03
kittycuntlove,2025-01-03
TheWantedNail,2025-01-03
SilverShadow1617,2025-01-03
No-Combination-8922,2025-01-03
b3n25,2025-01-03
No-Impression8338,2025-01-03
Low-Guidance3931,2025-01-03
Flatliner521,2025-01-03
East-Positive3984,2025-01-03
AnyPomegranate2548,2025-01-03
Pinghetta96,2025-01-03
EcstaticFisherman719,2025-01-03
ZealousidealMonk6316,2025-01-03
pearshapedscorpion,2025-01-03
Expert-Bid9750,2025-01-03
MavisGrey1,2025-01-03
DiviineMINE,2025-01-03
WoodenBrick_,2025-01-03
throwaway_yrmom,2025-01-03
Most_Mysterious1,2025-01-03
Additional_Fix7863,2025-01-03
Gloomy_Big152,2025-01-03
Tadiz,2025-01-03
EggplantHeretic,2025-01-03
Grouchy_Inflation166,2025-01-03
Next_Wrap_8221,2025-01-03
ChAmAn1534,2025-01-03
Professional_Gas4000,2025-01-03
UnitedBrick,2025-01-03
Strong_Dentist_7561,2025-01-03
ZealousidealTry8020,2025-01-03
dexterlab3600,2025-01-03
Hellboy5562,2025-01-03
JH2466,2025-01-03
AppropriateMarch3769,2025-01-03
Chance-Count-7284,2025-01-03
Elegant_Egg8549,2025-01-03
Critical_Memory33,2025-01-03
Bubbly-Yak-6259,2025-01-03
studentAssistant2021,2025-01-03
Venomlix909,2025-01-03
Furlabun,2025-01-03
DyneAmmo,2025-01-03
Ordinary_Novel2067,2025-01-03
JetMc888,2025-01-03
Purple_Contact_2223,2025-01-03
onlythrowawaaay,2025-01-03
yes_thats_me_again,2025-01-03
ChemicalFlimsy4104,2025-01-03
trynamakeitty,2025-01-03
Ok_Crew2821,2025-01-03
MissingMaeve,2025-01-03
No_Procedure732,2025-01-03
Ornery_Snow_2289,2025-01-03
Delicious_Pause_3609,2025-01-03
hirakath,2025-01-03
Objective_Back_9879,2025-01-03
Mountain_Astronaut85,2025-01-03
PopularPea8844,2025-01-03
Equivalent-Motor2999,2025-01-03
zenpatio,2025-01-03
dylan_2993,2025-01-03
Ill_Pause_9264,2025-01-03
Mysterious_boy89,2025-01-03
KraftyVFX,2025-01-03
Illustrious_Hold_270,2025-01-03
The_BigHurt,2025-01-03
lorraineandhermom,2025-01-04
Accomplished-Art-301,2025-01-04
MacnSchteezz,2025-01-04
No_Assistance4732,2025-01-04
Super_Pair,2025-01-04
Repulsive_Produce562,2025-01-04
Confident_Reason_383,2025-01-04
Exciting-Diet-4530,2025-01-04
Clean-Ebb-8353,2025-01-04
Accomplished-Past971,2025-01-04
mochiicecream0,2025-01-04
qtip-pitq,2025-01-04
OtherClothes4713,2025-01-04
Any_Escape4789,2025-01-04
Throatgoat017,2025-01-04
giggachad2,2025-01-04
Happy_Caterpillar121,2025-01-04
No_Departure_1878,2025-01-04
SkipDipDoo,2025-01-04
spazzybby,2025-01-04
Liljadis88,2025-01-04
Katkat2711,2025-01-04
Ill-Composer-8432,2025-01-04
This-Lettuce-3997,2025-01-04
Historical-Dog7003,2025-01-04
howtolookbwtter,2025-01-04
Abject-Ad-7765,2025-01-04
lilriver917,2025-01-04
ProfessionalBulky428,2025-01-04
Comfortable-Pea-3403,2025-01-04
javar990,2025-01-04
Tasty-Car-5383,2025-01-04
Due-Parsley1013,2025-01-04
am_Dynam0,2025-01-04
Low-Imagination-9708,2025-01-04
lhope54,2025-01-04
dalonzob,2025-01-04
Fit-Operation-,2025-01-04
Ok-Morning-216,2025-01-04
Independent_Yak_4490,2025-01-04
erekrutofficial,2025-01-04
winterbird,2025-01-04
One-Background-9497,2025-01-04
Sad-Lengthiness4297,2025-01-04
DrSalty33,2025-01-04
South_Butterscotch37,2025-01-04
burgeronbeach1001,2025-01-04
chickfilanopicklez,2025-01-04
narcoIepsi,2025-01-04
BetJealous1054,2025-01-04
Petaall,2025-01-04
sk56Thepanda,2025-01-04
Direct-Feedback1706,2025-01-04
Sea-Spread4006,2025-01-04
Twisted-Muffin,2025-01-04
Adventurous-Fee3087,2025-01-04
Barnyard-Sheep,2025-01-04
Difficult_Photo_7338,2025-01-04
Illustrious_Loan83,2025-01-04
Pure_Calligrapher_25,2025-01-04
braingetsbitter,2025-01-04
Water031,2025-01-04
kad_iis,2025-01-04
Longjumping-Shirt309,2025-01-04
Sudden-Pressure-897,2025-01-04
Appropriate_Ad6440,2025-01-04
Massos,2025-01-04
michaelscottschin,2025-01-04
No-Specialist-3802,2025-01-04
Bardiel_,2025-01-04
yaniherndys,2025-01-04
Expert_Presence933,2025-01-04
FinancialSuccess8,2025-01-04
Kurupt_Introvert,2025-01-04
YungGravity333,2025-01-04
prlrsc,2025-01-04
Due_Airport_44,2025-01-04
Connect_Thought1798,2025-01-04
penguino42069,2025-01-04
Moonlessness,2025-01-04
OY_Imstillhuman,2025-01-04
pink_emu,2025-01-04
Sad-Background4352,2025-01-04
Blowback_,2025-01-04
Lynora14,2025-01-04
Pale_Status3536,2025-01-04
Business-Activator,2025-01-04
Sukhraj-nijjer,2025-01-04
Virtual_Builder_4735,2025-01-04
Former-Reserve8743,2025-01-04
rougedemonuser,2025-01-04
NaeTheSniper,2025-01-04
Darth_Gravid_,2025-01-04
Fun-Influence2105,2025-01-04
Heaven_Production,2025-01-04
Oceans_Ponds,2025-01-04
Character_Top5141,2025-01-04
high-bi-ready-to-die,2025-01-04
Top_Developer_12,2025-01-04
QuasarInvincible,2025-01-04
Angelstar__,2025-01-04
twstws1,2025-01-04
Shiruya12,2025-01-04
Vijit_Sahu,2025-01-04
TryPsychological2297,2025-01-04
PuzzleheadedServe3,2025-01-04
leviosah,2025-01-04
Tenacii0us_Sasquatch,2025-01-04
AccidentPleasant4196,2025-01-04
AccordingLeague9797,2025-01-04
DizzyAccess222,2025-01-04
Heco125,2025-01-04
Important-Ad-2118,2025-01-04
Dry_Beat_7401,2025-01-04
anonymousman898,2025-01-04
Zanzg333,2025-01-04
lavenderPyro,2025-01-04
Alyblucat,2025-01-04
Charming-Day-1470,2025-01-04
Clear-Strawberry8750,2025-01-04
Humble_Comparison_65,2025-01-04
Vivid_Feverdream,2025-01-04
Vivid-Werewolf-7313,2025-01-05
StarTreka,2025-01-05
Independent-Boat-717,2025-01-05
Delicious_Adeptness9,2025-01-05
Upper-Software1774,2025-01-05
Roughneck16,2025-01-05
Soft_Math_9794,2025-01-05
Original_Ad685,2025-01-05
itgober,2025-01-05
ARasool,2025-01-05
Pretty_Big_1047,2025-01-05
Omgusernamewhy,2025-01-05
GoldMiner8055,2025-01-05
Icy-Reply7471,2025-01-05
Adventurous-Way-8390,2025-01-05
glitzy8,2025-01-05
Candid_Independent91,2025-01-05
EmyMeow,2025-01-05
nessfinesse7,2025-01-05
Jack_Dorsey_,2025-01-05
funkyfinz,2025-01-05
longironking,2025-01-05
Direct-Film-1343,2025-01-05
Remarkable_Sun_3750,2025-01-05
geechirevenue,2025-01-05
em_sully04,2025-01-05
i_didnt_get_a_choice,2025-01-05
Disastrous_Train184,2025-01-05
strawberyslvt,2025-01-05
yolo_beyou,2025-01-05
QuantumSonu,2025-01-05
FarFromThere2,2025-01-05
Broad-Doubt6744,2025-01-05
AnthonyAdog,2025-01-05
Jamallypromally,2025-01-05
Uluvluc6189,2025-01-05
naturesfairyluv,2025-01-05
Character_Celery_229,2025-01-05
globalart116,2025-01-05
Llama_the_Reindeer,2025-01-05
Slaydo88,2025-01-05
Economy_Landscape108,2025-01-05
Routine-Fun-708,2025-01-05
WillingnessOld2136,2025-01-05
non_exis10t,2025-01-05
FlapjacksSon,2025-01-05
Annual-Water-3514,2025-01-05
Fuzzy-Pizza-7326,2025-01-05
Xeinadin,2025-01-05
RimaKhare,2025-01-05
SoulOfSorcerer,2025-01-05
kitchen1994,2025-01-05
Harry9578,2025-01-05
thyroidproblem,2025-01-05
Fonzino04,2025-01-05
Buttpo0p,2025-01-05
BlueberryAdditional7,2025-01-05
sokunngettt,2025-01-05
Queen_Rat_Lady,2025-01-05
Pretty-Diamond4008,2025-01-05
Striking-Swimmer7467,2025-01-05
ArachnidSilly606,2025-01-05
Flaem1,2025-01-05
Beneficial-Panda5399,2025-01-05
Nice_Chemical_7419,2025-01-05
kamwana2026,2025-01-05
kjbeats57,2025-01-05
CapitanJenkins,2025-01-05
FunTruck555,2025-01-05
HornetExisting9270,2025-01-05
PortiaShy,2025-01-05
Aggravating_Mix_8968,2025-01-05
Background_Test1639,2025-01-05
DaddyFoucault,2025-01-05
AfraidCommercial3222,2025-01-05
Opposite-Research893,2025-01-05
Outrageous_Crab8098,2025-01-05
Enigma5187,2025-01-05
SoloPrawn,2025-01-05
Illustrious-Day-1524,2025-01-05
Intelligent_Scar_372,2025-01-05
linalina-,2025-01-05
JulianKJarboe,2025-01-05
lovelypeachesmusic0,2025-01-05
Unhappy_Sail_8376,2025-01-05
Bulky-Special-5178,2025-01-05
fkh24,2025-01-05
SprayUpstairs66,2025-01-05
Rudra_Pratap7,2025-01-05
__PiedPiper,2025-01-05
Loud_Drawing_3834,2025-01-05
Nrae_Tiforp,2025-01-05
No-Law9203,2025-01-05
Aindustry14,2025-01-05
boredsiren,2025-01-05
deceasehorror,2025-01-05
KrashKourse101,2025-01-05
Defiant-Initiative87,2025-01-05
wheretostart999,2025-01-05
UnironicallyExisting,2025-01-05
Rudrasar,2025-01-05
OkRatio4690,2025-01-05
Sea-Profession9120,2025-01-05
Environmental_Web970,2025-01-05
Duck_disney,2025-01-05
Strange-Turnover-375,2025-01-05
Much_Bathroom9289,2025-01-05
xParavoidx,2025-01-05
Longjumping_Swing516,2025-01-05
standardmanc,2025-01-05
SaeInsanity45,2025-01-05
Fit-Passenger7750,2025-01-05
Technical-Bet2349,2025-01-05
Silent_Zombie1336,2025-01-05
Aggravating_Poetry_7,2025-01-05
ChuknasD,2025-01-05
shanepatel27,2025-01-05
Subject-Artichoke532,2025-01-05
Wall-Flower-,2025-01-05
myapartmentsucks101,2025-01-05
MeaningAmbitious1732,2025-01-05
Sevagara,2025-01-05
VaultGirlKiki,2025-01-05
Dear_Purpose4705,2025-01-05
Ill-Profile-9945,2025-01-05
Which-Height-7303,2025-01-05
UpstairsQuestion190,2025-01-05
marlen2005,2025-01-05
fuckingjob123,2025-01-05
FrankLucus69,2025-01-05
Additional_Dig9459,2025-01-05
TacticalTimbit,2025-01-05
notalking1996,2025-01-05
Apprehensive_Pen3729,2025-01-05
Left_Algae_9637,2025-01-06
adi_369,2025-01-06
mi_rosita,2025-01-06
ParksAndRecBestShow,2025-01-06
Scintillating_Void,2025-01-06
finn1377,2025-01-06
Away_Comfort_8620,2025-01-06
crumbisgay,2025-01-06
aikooozx,2025-01-06
Sensitive-Bridge-815,2025-01-06
Objective_Duck613,2025-01-06
StatisticianInside66,2025-01-06
mant225,2025-01-06
Ok_Manufacturer4093,2025-01-06
RoyaleWhiskey,2025-01-06
whatsherface2024,2025-01-06
jointdestroyer,2025-01-06
Electrical-Bee2094,2025-01-06
hot_leni,2025-01-06
TripDaddys,2025-01-06
Nycnutr,2025-01-06
PoolIll6370,2025-01-06
ClairelyWritten,2025-01-06
LandoCase,2025-01-06
ThrowRA616151,2025-01-06
Real_Education352,2025-01-06
safetyinnumbrs,2025-01-06
yakiz0ba,2025-01-06
No_Custard_1990,2025-01-06
Swimming-Golf8511,2025-01-06
Mountain-Macaroon401,2025-01-06
TipWilling8593,2025-01-06
Any-Caterpillar6172,2025-01-06
Master-Metal-9381,2025-01-06
weirdwriterr,2025-01-06
TrafficLeft1,2025-01-06
Reasonable_Air5998,2025-01-06
qawsar012,2025-01-06
jdmonlylol,2025-01-06
Embarrassed_Usual741,2025-01-06
DodgersLakersRams24,2025-01-06
kittykat11x,2025-01-06
Catmumcatmum,2025-01-06
Then_Respect_5181,2025-01-06
Jackmanstarr,2025-01-06
boss-butch-bebe,2025-01-06
TrickyGrocery2063,2025-01-06
nobread09,2025-01-06
Practical-Bend-1839,2025-01-06
geriatricWishbone,2025-01-06
Dense-Climate7807,2025-01-06
Visible-Camel9747,2025-01-06
Delhiiboy123,2025-01-06
throwaway37465463,2025-01-06
Odd-Experience2627,2025-01-06
SaltyChampion4273,2025-01-06
Fit-Muffin6881,2025-01-06
itzAbhishek2134,2025-01-06
TheLog47,2025-01-06
cleaverspread,2025-01-06
Junior-Bottle4541,2025-01-06
Similar-Asparagus-20,2025-01-06
DareBaaz,2025-01-06
Ambitious_Taste1950,2025-01-06
Bhambzilla,2025-01-06
Glittering-Bet3914,2025-01-06
PerchPerkins35,2025-01-06
Less-Inspection9097,2025-01-06
Moe194,2025-01-06
FillAble3257,2025-01-06
StrayCat649,2025-01-06
Afraid_Tackle5656,2025-01-06
Responsible_Pain5479,2025-01-06
Mental-Mobile-5286,2025-01-06
OW-BB,2025-01-06
Suspicious-Ladder436,2025-01-06
Witty-Clothes-5980,2025-01-06
Terrible-Poetry-3126,2025-01-06
1_800_Straws,2025-01-06
Antique_Tank_284,2025-01-06
Far_Capital_3595,2025-01-06
Helpful_Researcher87,2025-01-06
TheNewUnknownGuy,2025-01-06
EconomicsNo9086,2025-01-06
Independent-Berry237,2025-01-06
Emotionalaynx,2025-01-06
vortexinfotech,2025-01-06
CleverCheesePuffs,2025-01-06
Professional-Gate254,2025-01-06
rainbowbean5678,2025-01-06
Technical_Stress_322,2025-01-06
Normal-Visual9896,2025-01-06
Kirayljuma,2025-01-06
One-Principle7619,2025-01-06
EVILWALADEVIL,2025-01-06
Commenter_poster,2025-01-06
Correct-Gur6945,2025-01-06
Far_Minute_1951,2025-01-06
sunfyre401,2025-01-06
Kaneki753,2025-01-06
Y4BN,2025-01-06
Outside_Ladder_6059,2025-01-06
notareddituser--,2025-01-06
peach-fox,2025-01-06
z112,2025-01-06
Employee28064212,2025-01-06
zugunru,2025-01-06
Mperry56,2025-01-06
Practical_Hour_5328,2025-01-06
JustNotSomeGuy,2025-01-06
Cloud_Ghost1284,2025-01-06
Plus-Sheepherder-392,2025-01-06
notlikeyou7789,2025-01-06
Sinister_Jones,2025-01-06
trekhleb,2025-01-06
Bright_Row3141,2025-01-06
Commercial-Sun313,2025-01-06
SpecialistOpinion946,2025-01-06
Defiant-Valuable-876,2025-01-06
Fantasy71824,2025-01-06
Aggravating-Mood-411,2025-01-06
No_Weekend_6925,2025-01-06
Exotic-Insect9759,2025-01-06
cjwearingpjs,2025-01-06
sadangrycreature,2025-01-06
Outrageous_Demand231,2025-01-06
Last-Assistant-9029,2025-01-06
XrdsorMidlifecrisis,2025-01-06
Big-Grapefruit-6246,2025-01-06
AgitatedRun6565,2025-01-06
Jazzlike-Ad6372,2025-01-06
Richierich584,2025-01-06
SnooDingos9837,2025-01-06
FairyPsychonaught,2025-01-06
NeiborsKid,2025-01-06
LezGetItStarted,2025-01-06
_Gemo,2025-01-06
cyberlucy,2025-01-06
ChildhoodInfamous625,2025-01-06
johnnymacaroni2,2025-01-06
ThisHat3329,2025-01-06
ofay2401,2025-01-06
LionelMessi10CR,2025-01-06
Interesting-Wear-741,2025-01-06
CountryEm,2025-01-06
Ok_College_7197,2025-01-06
Icy-Swimming-9461,2025-01-06
Worldly-Bake-9146,2025-01-06
comert_joy,2025-01-06
ajbrust,2025-01-06
Jana1402,2025-01-06
Fragrant-Percentage2,2025-01-06
Pretty-Society-9547,2025-01-06
Emeralda95,2025-01-06
OkConference6056,2025-01-06
Forsaken-Berry9534,2025-01-06
Fantastic_Community5,2025-01-06
BuGGa_BuG,2025-01-06
Impressive_Map_3964,2025-01-06
Far_Adeptness3543,2025-01-06
Natural-Impress5434,2025-01-06
edwstv,2025-01-06
OkGenetics,2025-01-06
Ok-Manufacturer768,2025-01-06
Deerfishguy,2025-01-06
Not-so-Polski,2025-01-06
suspiciousteas,2025-01-06
Common_Entry_5753,2025-01-06
WorldlinessFit5088,2025-01-06
aigeneratedusernamee,2025-01-06
MulberryMoney6752,2025-01-06
Significant-Load-258,2025-01-06
lalalady456,2025-01-06
nowayokaythrowaway,2025-01-06
Emergency_Arm_8546,2025-01-06
Humble-Equipment4499,2025-01-06
AdKey3653,2025-01-06
No-Age2567,2025-01-06
TeemoAi,2025-01-06
saakxshi,2025-01-06
ace7777777777,2025-01-06
mawpn,2025-01-06
Lernaean_Prime,2025-01-06
SsamuelD,2025-01-06
naturalista13,2025-01-06
2020gogetter,2025-01-06
The_computer_jock,2025-01-06
Commercial-West5797,2025-01-06
Amazing_rocness,2025-01-06
Sea_Web5294,2025-01-06
doneal814,2025-01-06
ThaAnswerMD25,2025-01-06
Snake64,2025-01-06
THICCman9034,2025-01-06
Nearby_Deer_4805,2025-01-06
Ok_Doctor4982,2025-01-06
Necessary_Break7296,2025-01-06
Natural-Fun-8832,2025-01-06
Julietwasdepressed,2025-01-06
TFWsebastian,2025-01-06
axp310,2025-01-06
ozcarp100,2025-01-06
cutedonut12,2025-01-06
FunnySupermarket8841,2025-01-06
AspiringOptimist46,2025-01-06
Ann_georgia-,2025-01-06
Billidoge,2025-01-06
Dependent-Draw-199,2025-01-06
imagination8181,2025-01-06
Acanthabrien,2025-01-06
ResponsibilityMany14,2025-01-06
Behindinlifeperson11,2025-01-06
Broad-Signature-2843,2025-01-06
anhtrinh2712,2025-01-07
Chemical_Ad_2971,2025-01-07
SmootOperator,2025-01-07
Standard_Station6769,2025-01-07
AdministrativeAct910,2025-01-07
grami20,2025-01-07
OkReindeer4763,2025-01-07
Far_Day4877,2025-01-07
Worried-Ad-963,2025-01-07
Alarming_Control8515,2025-01-07
minicloud12,2025-01-07
Zestyclose_Match2336,2025-01-07
NoLaugh6082,2025-01-07
Weird_Test906,2025-01-07
RipperJak1888,2025-01-07
workrelatedburnernyc,2025-01-07
anonRexus,2025-01-07
Whisper_Hartley02,2025-01-07
unforgottenrailroad,2025-01-07
Necessary_Shit,2025-01-07
Royal-Impress4085,2025-01-07
Murky_Grab8453,2025-01-07
DominiOZ_,2025-01-07
Necessary-Opposite15,2025-01-07
Ordinary-Teacher-256,2025-01-07
ProfessionalFast9899,2025-01-07
Suspicious-Team-2918,2025-01-07
RockingS0ft_Kitty_,2025-01-07
Comfortable_Boat6082,2025-01-07
junoflow115,2025-01-07
Primary_Gate_8328,2025-01-07
Critical-Monk3958,2025-01-07
shaveeeeeeee_1_618,2025-01-07
Megonann21,2025-01-07
idealistwatcher165,2025-01-07
SURAN925,2025-01-07
castratedmelon,2025-01-07
Wildernaut78,2025-01-07
Mysterious-Fig-2450,2025-01-07
JonasR917,2025-01-07
kittyangel_12,2025-01-07
SarcasmKat,2025-01-07
FaithlessnessOk5766,2025-01-07
Random_Personi,2025-01-07
usernamesaretrickey,2025-01-07
Latter-Ebb-6908,2025-01-07
bbaii,2025-01-07
mattresslady,2025-01-07
Acrobatic-Bend-5681,2025-01-07
shortyneedsleverage,2025-01-07
q6cfiq78,2025-01-07
Street-Computer9556,2025-01-07
MagicianHopeful5537,2025-01-07
Pretty_Pollution_541,2025-01-07
PinDesperate9465,2025-01-07
Wakeup_97,2025-01-07
Fun-Accident-3201,2025-01-07
god_hates_maeghan,2025-01-07
loganjb2005,2025-01-07
Any-Caregiver9011,2025-01-07
PrimaryStranger9239,2025-01-07
InfiniteLuffy,2025-01-07
AgreeableGarlic2953,2025-01-07
lagproduckshun,2025-01-07
Stunning-Teaching766,2025-01-07
Appropriate-Bill-148,2025-01-07
Troniee,2025-01-07
TonyZBologna,2025-01-07
Long-Neighborhood893,2025-01-07
yeeyeekade,2025-01-07
QuickQuestion_456,2025-01-07
LumaBones,2025-01-07
Local-Cauliflower-43,2025-01-07
PsychedelicMemeBoy,2025-01-07
AlpsDry594,2025-01-07
Neo_DD,2025-01-07
Existing-Tourist9517,2025-01-07
dis_guise,2025-01-07
Opening_Common8373,2025-01-07
SassyScreenQueen,2025-01-07
febxo,2025-01-07
Own_Dentist1053,2025-01-07
Top_Position3642,2025-01-07
Emotional_Tea8427,2025-01-07
Porkchop_apple,2025-01-07
Sum41ofallfears,2025-01-07
Acceptable_Joke_9961,2025-01-07
Sensitive_Bison_4458,2025-01-07
715ec2043,2025-01-07
nirwaanda,2025-01-07
Negative_Town_8995,2025-01-07
PrimeClown,2025-01-07
Still-Fast9285,2025-01-07
Winter-Truck-4223,2025-01-07
SarodixArtWork,2025-01-07
Dramatic-Anywhere-50,2025-01-07
Bitter_Spring9246,2025-01-07
thats-mint,2025-01-07
UnableAge2968,2025-01-07
DopeyDonkey97,2025-01-07
Chemical-Ad585,2025-01-07
Last_Horror4658,2025-01-07
Unhappy-Yoghurt-1973,2025-01-07
Visual_Locksmith_997,2025-01-07
_mcfattygirl,2025-01-07
No-Deal-4210,2025-01-07
CC-SaintSaens,2025-01-07
Different_Search_284,2025-01-07
JMoon33,2025-01-07
FeelingPossession507,2025-01-07
Smooth_Buffalo_7235,2025-01-07
Dereksversion,2025-01-07
ziplocbagg,2025-01-07
unknown_shayari,2025-01-07
PastDesperate963,2025-01-07
Throwbo_The_Hobo,2025-01-07
Overall-Meaning-8113,2025-01-07
Zealousideal_Film_86,2025-01-07
Cultural_Fold_4743,2025-01-07
darkrhyes,2025-01-07
Inevitable_Gain_7985,2025-01-07
_Babylulu_,2025-01-07
No_Offer692,2025-01-07
lazerqueen13,2025-01-07
Dogsandpuppies13,2025-01-07
Existing-Tomato1584,2025-01-07
Awkward-Mechanic-959,2025-01-07
Competitive_Archer47,2025-01-07
Time-Imagination9993,2025-01-07
Superb_Leave845,2025-01-07
Unhappy-Reception-94,2025-01-07
One-Following7707,2025-01-07
M4v3r1ckk,2025-01-07
N0tGivingUp,2025-01-07
RichParking9349,2025-01-07
Straight-Bluebird439,2025-01-07
East_Lie7664,2025-01-07
a-very-picky-pikachu,2025-01-07
Mobile_Ad_888,2025-01-07
GoghHard,2025-01-07
M4pl7,2025-01-07
elleredt,2025-01-07
Brief-Dependent-803,2025-01-07
binga001,2025-01-07
Fickle_Phone3342,2025-01-07
ManOfTheDarkGaming,2025-01-07
ImportanceJazzlike28,2025-01-07
pathofneo111,2025-01-07
GlitteringLandmeme,2025-01-07
Different_Angle_4572,2025-01-07
Personal-Climate8027,2025-01-07
Philosopher_Kings,2025-01-07
Revolutionary777,2025-01-07
Suspicious_Ideal_674,2025-01-07
NothingBurger9,2025-01-07
DeepProfessional448,2025-01-07
draconifers,2025-01-07
Miserable-Goat-9762,2025-01-07
Feisty-Onion-3444,2025-01-07
Thin-Towel-5257,2025-01-07
finessegangx,2025-01-07
Steve_Gherkle,2025-01-07
0waste0,2025-01-07
OkSea4171,2025-01-07
IbuHatela91,2025-01-07
sprinter202,2025-01-07
Magic_Audit_Dust,2025-01-07
MachineNo2365,2025-01-07
post-modernbasbeball,2025-01-07
Anonymous-bro25,2025-01-07
pony1011,2025-01-07
AcademicSeesaw9565,2025-01-07
Yweysire,2025-01-07
ComposerGreen3378,2025-01-07
Simplybest69,2025-01-07
Briiwitched,2025-01-07
bugsinmyboong,2025-01-07
Shot-Possession-5528,2025-01-07
tacoldist,2025-01-07
Golden-Acee,2025-01-07
Quiet_Tomatillo_3239,2025-01-07
Dangeroux_Swan,2025-01-07
Hot_Pickle_1153,2025-01-07
Imaginary-Room178,2025-01-07
Lebeeshon,2025-01-07
Sorry_Mix2326,2025-01-07
Original_Sea_5529,2025-01-07
Capable-Campaign3881,2025-01-07
Straight-Sweet9381,2025-01-07
lilcrazart,2025-01-07
JellyBelly666666,2025-01-07
Professional-Farm132,2025-01-07
Fantastic-Swimmer596,2025-01-07
catlady612,2025-01-07
Vintageskies398,2025-01-07
IndependentPiano1827,2025-01-07
Jealous-Cry1186,2025-01-07
IndecisiveLabRat,2025-01-07
Anniegottaretire58,2025-01-07
No_Gur8304,2025-01-08
PrincipleMedical7425,2025-01-08
EffectiveDue2939,2025-01-08
Regular-Contact-4916,2025-01-08
Plastic_Effective304,2025-01-08
Suitable_News_3089,2025-01-08
aWildTexan,2025-01-08
Longjumping_Air_5928,2025-01-08
Salty_Unit4527,2025-01-08
AmUnsuspectingPotato,2025-01-08
SnooDrawings9858,2025-01-08
ProgrammingOrange,2025-01-08
allyache,2025-01-08
Dollmaker_Peach,2025-01-08
Small_Shape8840,2025-01-08
Exciting-Aide-3235,2025-01-08
STNGGRY,2025-01-08
Alternative-Pay-4030,2025-01-08
No_Firefighter_4529,2025-01-08
heyitsnaturecoffee,2025-01-08
CreativePlant1341,2025-01-08
vw6021,2025-01-08
Ok-Tea7490,2025-01-08
Spare_Scientist9311,2025-01-08
yung1goob,2025-01-08
Confident-Cry1824,2025-01-08
clearfartsgreysours,2025-01-08
Desperate_Bat_3641,2025-01-08
ThrowawayofSHAMEpoo,2025-01-08
KidAardvark24,2025-01-08
Plus-Bad-1857,2025-01-08
No_Reach_3488,2025-01-08
kirakina,2025-01-08
Acceptable_Pirate359,2025-01-08
SKURT_Loder,2025-01-08
ventiviz,2025-01-08
Technical_Recover487,2025-01-08
Clean-Stable6306,2025-01-08
CriticalCheesecakes,2025-01-08
Ok_Pop_7446,2025-01-08
StruggleBus3000-,2025-01-08
ExcitementOk4185,2025-01-08
haleylovesvirgil,2025-01-08
BornToBeDepressed,2025-01-08
Past_Address_9622,2025-01-08
Wonderful-Studio-870,2025-01-08
pawtygyal,2025-01-08
boom_boom_clap95,2025-01-08
RequirementSoft5528,2025-01-08
zirberry,2025-01-08
here-toVent,2025-01-08
Touchbait,2025-01-08
asmo_192,2025-01-08
cheesegolfballs,2025-01-08
Impossible_Shop_1713,2025-01-08
MegamindedMan2,2025-01-08
FenixRising17,2025-01-08
Ok_Inspection_8203,2025-01-08
CaptainColmyer,2025-01-08
Old_Transition_3128,2025-01-08
BeautifulX29,2025-01-08
Careless-Bit642,2025-01-08
pupcupp,2025-01-08
chronicillnessgirly,2025-01-08
Khantherockz,2025-01-08
Historical_Issue1035,2025-01-08
Cadzboy23,2025-01-08
Samashaus,2025-01-08
Every-Reputation-377,2025-01-08
thelordshark,2025-01-08
Cassie_Chang,2025-01-08
liviiloola,2025-01-08
NotThatBritishGirl,2025-01-08
FishermanUnusual3087,2025-01-08
Some-Kaleidoscope995,2025-01-08
FromtheAshes505,2025-01-08
fresh_ny,2025-01-08
Melodic_Simple3945,2025-01-08
HuckleberrySlow2900,2025-01-08
AcrobaticEagle2482,2025-01-08
Repulsive-Yogurt7248,2025-01-08
LanitaChan,2025-01-08
Prestigious-Let9876,2025-01-08
Teahtimeh,2025-01-08
Amandadelightful,2025-01-08
squishypurplehippo,2025-01-08
Obosupreme,2025-01-08
DonutStrong9378,2025-01-08
getoffendedidc,2025-01-08
Aliennation-,2025-01-08
Blank_Dude2,2025-01-08
Icy_Win5199,2025-01-08
DigitalhomadIndia,2025-01-08
Few_Association_943,2025-01-08
Any_Bathroom2059,2025-01-08
rajeevkhare,2025-01-08
Cris03sora,2025-01-08
yeevie,2025-01-08
SatisfactionExtreme9,2025-01-08
Safe-Cartoonist-3670,2025-01-08
ClaphamO,2025-01-08
UART01,2025-01-08
ripe_0range,2025-01-08
According-Fortune179,2025-01-08
Jealous-Tea-5719,2025-01-08
Specialist-Pop3563,2025-01-08
CarefulStranger629,2025-01-08
Jumpy-Ad-853,2025-01-08
Pristine_Juice1114,2025-01-08
supmaster3,2025-01-08
theycallme__bug,2025-01-08
kfirbep,2025-01-08
bellsbells717,2025-01-08
TheAnalystSaiyan,2025-01-08
No_Professor8672,2025-01-08
Unique-Vegetable744,2025-01-08
celesterrrs,2025-01-08
Rich_Deal1674,2025-01-08
Cool_Zebra_2696,2025-01-08
jeneveuxpassavoir,2025-01-08
Negative-Lion-9812,2025-01-08
Shot_Acanthisitta682,2025-01-08
oneforall-successor,2025-01-08
constituto_chao,2025-01-08
Sure_Replacement_637,2025-01-08
15ftOSfromHell,2025-01-08
Mindless-Junket2881,2025-01-08
pizzacubekid,2025-01-08
Square-Bowl7532,2025-01-08
Signal_Sail_6229,2025-01-08
therealbobcat23,2025-01-08
Spiritual_Essay_1617,2025-01-08
Slow_Copy3735,2025-01-08
emagdiuqs,2025-01-08
vic_xion,2025-01-08
Limp-Remove9755,2025-01-08
Aggressive-Style-492,2025-01-08
Nice_Wrap3804,2025-01-08
Andxrius,2025-01-08
Such_Statistician326,2025-01-08
UniFarts,2025-01-08
Defenitly_Human,2025-01-08
Parksnrec4real,2025-01-08
HakItOff,2025-01-08
amjoyp,2025-01-08
EchidnaFit1840,2025-01-08
DelayAccomplished540,2025-01-08
Cultural-Original-34,2025-01-08
BriefSurround6842,2025-01-08
beatmymeateveryday,2025-01-08
Fader_IV,2025-01-08
ArtichokingYou,2025-01-08
9211rishu,2025-01-08
sayakunosedai,2025-01-08
Decent-Relation275,2025-01-08
jamieburf21,2025-01-08
Ill-Cartographer687,2025-01-08
MeringueSimple9847,2025-01-08
wallstnew,2025-01-08
vxrity0,2025-01-08
Fantastic-Clothes885,2025-01-08
Sure-Inspection4078,2025-01-08
Specific-Swan1424,2025-01-08
Afraid-Match5311,2025-01-08
kuwurebi,2025-01-08
sevaworcim,2025-01-08
Low_Sir_6889,2025-01-08
zipzapzoppizzazz,2025-01-08
Unfair_Ad_1894,2025-01-08
Top_Pear8988,2025-01-08
TJR_News,2025-01-08
Cold-Disk-9936,2025-01-08
BathtubToast3r,2025-01-08
HappyWarning9293,2025-01-08
SuchContribution7747,2025-01-08
poooooogahhhhhbh,2025-01-08
Fit_Manufacturer2539,2025-01-08
SquirtisFuckit69,2025-01-08
EastNeighborhood582,2025-01-08
bluecuppycake,2025-01-08
aircraftmx99,2025-01-08
Flaky_Reserve_6250,2025-01-08
BobLobLaw1997,2025-01-08
Truman-black_,2025-01-08
Prestigious-Bar4916,2025-01-08
Kooky_Video1517,2025-01-08
InternationalUnit823,2025-01-08
WarmSide3939,2025-01-08
GimlisGanja420,2025-01-08
notyourvitaminZ,2025-01-08
EstimateGlad1656,2025-01-08
Inevitable-Ad801,2025-01-08
colerncandy,2025-01-08
Least-Rhubarb123,2025-01-08
addopy,2025-01-08
GingerBreadStud92,2025-01-08
Chyort_pobyeri,2025-01-08
classy-chaos,2025-01-08
Ok-Organization-1855,2025-01-08
peasfromspain,2025-01-08
magicmikejones,2025-01-08
encrustedcrustacean,2025-01-08
WanderX27,2025-01-08
AffectionateAsk2476,2025-01-09
pauliocamor,2025-01-09
Goodmoons01,2025-01-09
elvenfuneral,2025-01-09
PageOf_Wands,2025-01-09
Distinct_Radish_606,2025-01-09
Numerous_Refuse_2987,2025-01-09
Major-Frosting7287,2025-01-09
EfficiencyStock6880,2025-01-09
Any_Intern1858,2025-01-09
Significant_Put_6754,2025-01-09
Cold_Help1191,2025-01-09
constantcruiser,2025-01-09
musicandsex,2025-01-09
ButterscotchLast9857,2025-01-09
wrbear,2025-01-09
WhileZestyclose2413,2025-01-09
Pizza_Papi_,2025-01-09
Happy_Solution_5191,2025-01-09
walruspenguinlobster,2025-01-09
fellowdarkness,2025-01-09
Crafty_Towel_2177,2025-01-09
External-Push-7066,2025-01-09
Elegant_While2247,2025-01-09
9962997,2025-01-09
seacogen,2025-01-09
missyc72,2025-01-09
Best_Owl_5465,2025-01-09
glossycherries99,2025-01-09
Comfortable_Ad_5140,2025-01-09
Derpastas,2025-01-09
HotRide7854,2025-01-09
Similar-Lobster126,2025-01-09
ConsistentAd9804,2025-01-09
TruckLongjumping6129,2025-01-09
imalwysalone,2025-01-09
thatismattistaken,2025-01-09
SpicyLeprechaun7,2025-01-09
RabbitOnCloud,2025-01-09
Jhlivingston,2025-01-09
Kashflowww,2025-01-09
Purplflwrr,2025-01-09
TheTeaIsMe,2025-01-09
_z33,2025-01-09
Ok-Medium1641,2025-01-09
sonena,2025-01-09
good_well_255,2025-01-09
dairyfoamm,2025-01-09
waterflood21,2025-01-09
Klutzy-Phrase-6081,2025-01-09
Ringofpower30,2025-01-09
Entire_Ad4991,2025-01-09
ZenPandaren,2025-01-09
Flimsy_Mine_7046,2025-01-09
evijin,2025-01-09
Choice-Accountant147,2025-01-09
orkedaisyy,2025-01-09
Unlikely_Article7592,2025-01-09
X-Dr4k3,2025-01-09
Natural_Push_29,2025-01-09
Segmentation79,2025-01-09
Homo_sapiens_sapie9s,2025-01-09
Weary_Expression_466,2025-01-09
CrazyChibius,2025-01-09
Substantial_Savings2,2025-01-09
Infamous_Watch_6207,2025-01-09
Accurate_Meat_4698,2025-01-09
felixswagg,2025-01-09
Fearless-Worker5024,2025-01-09
Short_Spark,2025-01-09
SensitiveMeaning9115,2025-01-09
Mean-Drop-5420,2025-01-09
Gamer-Guy4312,2025-01-09
Gene-Simmons-Tongue,2025-01-09
Entire_Ad_6298,2025-01-09
Northern_girl93,2025-01-09
Ok-Word-9700,2025-01-09
Rich-Mammoth-1450,2025-01-09
frontbackend,2025-01-09
OkTransition4012,2025-01-09
Grand_Trust_4527,2025-01-09
Sw0llenEyeBall,2025-01-09
EmuRecent1524,2025-01-09
aribazahid,2025-01-09
All_on_Greeen,2025-01-09
Accomplished-Push470,2025-01-09
SuluSpeaks,2025-01-09
Due_Cow1031,2025-01-09
Fair_Philosophy_258,2025-01-09
According-Pay-4939,2025-01-09
2578815_Joe,2025-01-09
Nervous-Challenge782,2025-01-09
Brave-Sugar-7000,2025-01-09
Glittering-Use8439,2025-01-09
Stressybrin7330,2025-01-09
Main_Style5988,2025-01-09
Pigandfrog,2025-01-09
Sad-Meringue3862,2025-01-09
UnclePyroh,2025-01-09
Fun-Session-7118,2025-01-09
Classic-Mammoth659,2025-01-09
nick__rivers,2025-01-09
Kooky_Writer_780,2025-01-09
iMichigander,2025-01-09
rinkiyadav,2025-01-09
playboikez,2025-01-09
BlazingGuyRy,2025-01-09
ixvst01,2025-01-09
Business-Rock8226,2025-01-09
Actual-Cabinet-1515,2025-01-09
No-Property4766,2025-01-09
Middle_Adagio,2025-01-09
starry_nite99,2025-01-09
lanasargeras,2025-01-09
ElectricalStuff99,2025-01-09
Candid_Major_1368,2025-01-09
Extension-Context-14,2025-01-09
Consistent-Effect744,2025-01-09
NTenseSoFly,2025-01-09
Outside-Log8349,2025-01-09
Suitable_Chipmunk337,2025-01-09
nekujo,2025-01-09
Vasko1eboss,2025-01-09
PrincessChillax,2025-01-09
Burzst,2025-01-09
External_Offer7554,2025-01-09
msmeowmeow13,2025-01-09
Illustrious_Put_5144,2025-01-09
hmmmokay__,2025-01-09
Far_Communication298,2025-01-09
iampunkitself,2025-01-09
treeplantfantastic,2025-01-09
ace_uon,2025-01-09
Spirited_Home_8110,2025-01-09
nycwriter99,2025-01-09
Adept-Honeydew-7044,2025-01-09
abrules7,2025-01-09
Silent-Village-7763,2025-01-09
Holiday-Picture1511,2025-01-09
sluttycat666,2025-01-09
FearlessRange8771,2025-01-09
Pankake99,2025-01-09
super_potatoh,2025-01-09
Apprehensive-Cup-526,2025-01-09
Most-Resource591,2025-01-09
projecthelp20,2025-01-09
PlsHelp32,2025-01-09
littlemochi888,2025-01-09
redboneskirmish,2025-01-09
InvestigatorLife3221,2025-01-09
Thunder_Mug,2025-01-09
Special_Ripe_Banana,2025-01-09
spicycatroll,2025-01-09
EthanWilliams_TG,2025-01-09
OkCurve8094,2025-01-09
tafoga24,2025-01-09
amadoesreddit,2025-01-09
codingwithstrangers,2025-01-09
Soft-Touch5029,2025-01-09
christiinaj,2025-01-09
Forward-Chapter2347,2025-01-09
Ok-Butterscotch-3261,2025-01-09
Naive-Cash-3385,2025-01-09
Ancient_Scallion105,2025-01-09
Extreme-Cold-7341,2025-01-09
Hungry-Quote1043,2025-01-09
cashcay,2025-01-09
AgencyTrash,2025-01-09
ComeLicker,2025-01-09
justyna00,2025-01-09
virelune,2025-01-09
ckerwin1020,2025-01-09
CheckFast156,2025-01-09
manitasnegras,2025-01-09
catsareprettycool48,2025-01-09
_Urban_Stanley_,2025-01-09
Traditional-Cut-1031,2025-01-09
Key_Writing_9571,2025-01-09
DavidooyedepoMin,2025-01-09
Beneficial_Platypus3,2025-01-09
Careless_Subject_537,2025-01-09
Altruistic_Basil7022,2025-01-09
PartyAerie1638,2025-01-09
Old_Caregiver8071,2025-01-09
Murky-Fix3883,2025-01-09
Numerous-Tonight4149,2025-01-09
OptimalAlgae9112,2025-01-09
Novel_Engine_1519,2025-01-09
MiMcK12,2025-01-09
starsh1nee,2025-01-09
Square_Original9864,2025-01-09
ZealotLurker,2025-01-10
TurbulentProof4255,2025-01-10
no_ideatoo,2025-01-10
Black_Bridge,2025-01-10
IAm2Legit2Sit,2025-01-10
Lopsided_Light_9048,2025-01-10
Dominic294,2025-01-10
killiandw,2025-01-10
bobapizza1,2025-01-10
Ok-Arm-6923,2025-01-10
Yurkayun,2025-01-10
Boring-Map-251,2025-01-10
PatternNo9304,2025-01-10
Scared-Farmer-8083,2025-01-10
Bulky-Appearance4272,2025-01-10
Dry-Mix7474,2025-01-10
BruceWayneNY,2025-01-10
Accurate-Chan,2025-01-10
Much_Schedule944,2025-01-10
2718frenchcarrotts,2025-01-10
BP4WTurbo,2025-01-10
Latter-Put3896,2025-01-10
POTATOplays101,2025-01-10
dasfhlkiffadfawe,2025-01-10
my-stupid-opinions,2025-01-10
dolce_gabbanaluv,2025-01-10
Intelligent-Bass7466,2025-01-10
Silver-Contract7361,2025-01-10
screamingdamsel,2025-01-10
stalkerofthedead,2025-01-10
iam-melon_lord,2025-01-10
TheVision22,2025-01-10
Sad-Deal-5275,2025-01-10
riyax02,2025-01-10
GDJohnJay,2025-01-10
litup08,2025-01-10
Mushroom_Frogs24,2025-01-10
Mysterious2337,2025-01-10
ChairFew622,2025-01-10
backmeatz,2025-01-10
Important_Boss_9062,2025-01-10
olanpinto,2025-01-10
Street-Ad-4155,2025-01-10
needadvicesasap,2025-01-10
Successful_Click7703,2025-01-10
Few_Tangerine1369,2025-01-10
Own_Football8738,2025-01-10
Far-Resident-3541,2025-01-10
Mammoth-Leadership14,2025-01-10
Danny11515,2025-01-10
Awkward-Yoda,2025-01-10
El-Gato-sama,2025-01-10
Shivansh_Taak133,2025-01-10
EntrepreneurAny9668,2025-01-10
Sure-Method9977,2025-01-10
Asleep-Recording497,2025-01-10
Sea_Pack6951,2025-01-10
Dropre,2025-01-10
Wooden-King4360,2025-01-10
FactFuture732,2025-01-10
Burrito_2211,2025-01-10
BhushanPawar,2025-01-10
Apolonija23,2025-01-10
DifferenceOk5980,2025-01-10
Reze2422,2025-01-10
magicwood1994,2025-01-10
cnbc_official,2025-01-10
Tryptophany,2025-01-10
ByteKnight_09,2025-01-10
Ok_Sprinkles5118,2025-01-10
Timebombilove,2025-01-10
PrincessSelphine,2025-01-10
HelicopterApart274,2025-01-10
LegendaryQuercus,2025-01-10
acmmoss,2025-01-10
SuccessfulEmploy2839,2025-01-10
RickWantsBeer,2025-01-10
michaelmuttiah,2025-01-10
Developerrrrrrr,2025-01-10
anonymoussweetpotato,2025-01-10
shakipop,2025-01-10
--Aika_,2025-01-10
Key-Bread-5807,2025-01-10
Similar_Department52,2025-01-10
Apprehensive_Emu_719,2025-01-10
Commercial_Fox_6410,2025-01-10
GreatDocument851,2025-01-10
Training_Magazine622,2025-01-10
Supratera,2025-01-10
Competitive-Case4159,2025-01-10
shartitout18,2025-01-10
fyryyfrtyu,2025-01-10
ModdedMaul,2025-01-10
TheNotoriousMSG,2025-01-10
Briwashere0421,2025-01-10
IMSLI,2025-01-10
gMoAuRdKy,2025-01-10
OracleSeeker-CodeX,2025-01-10
Teacuptay,2025-01-10
kalyncakes,2025-01-10
hamed_n,2025-01-10
Carlos121122,2025-01-10
happysunshinyday,2025-01-10
LiveLoveLaugh9483,2025-01-10
Few_Introduction_922,2025-01-10
Same_Organization415,2025-01-10
cvowl06,2025-01-10
broadwayvillager,2025-01-10
Fadoodlesfuff,2025-01-10
Marizele0,2025-01-10
chipndip1,2025-01-10
Afewquestions4reddit,2025-01-10
Dependent_Sail7323,2025-01-10
interestingllama6,2025-01-10
veronirbs,2025-01-10
Commercial-Fan-6699,2025-01-10
Appledoesnotfallfar,2025-01-10
Active-Club-3077,2025-01-10
Coastal_Goals,2025-01-10
daveandbusties,2025-01-10
No_Gain_716,2025-01-10
Same-Newt8719,2025-01-10
Odd-Stick7545,2025-01-10
Ok-Call-8084,2025-01-10
originallyale,2025-01-10
Own-Ambassador-5025,2025-01-10
STiblob,2025-01-10
USER280219,2025-01-10
No-Inspection-4422,2025-01-10
foodRus,2025-01-10
Few_Search_6017,2025-01-10
Cold_Relationship_84,2025-01-10
Distinct_Doughnut525,2025-01-10
BCARTIBBYBOI,2025-01-10
gale160,2025-01-10
thewalkindude368,2025-01-10
ThrowMeAway99181,2025-01-10
G00seJu1ce,2025-01-10
mathildalincoln,2025-01-10
BIGBOYJOEY333,2025-01-10
Henry_OLoughlin,2025-01-10
Impressive_Alarm_712,2025-01-10
kokareal,2025-01-10
Dependent-Package594,2025-01-10
Maleficent_Shine_138,2025-01-10
Legitimate_Square_64,2025-01-10
DeliciousRich5944,2025-01-10
itsokimawelder,2025-01-10
G0VERNMENTCHEESE,2025-01-10
nonoff-brand,2025-01-10
ShyGoregasm,2025-01-10
Treggy14,2025-01-10
ImportantMess1080,2025-01-10
Batmon3,2025-01-10
goodbrews,2025-01-10
Southern-Dress-8157,2025-01-10
No-Satisfaction5445,2025-01-10
weloveourdog,2025-01-11
Greedy-Practice-7002,2025-01-11
botylithium,2025-01-11
Business-Writing-891,2025-01-11
llmercll,2025-01-11
herconcepts,2025-01-11
wenjielv,2025-01-11
Movizene,2025-01-11
Lottie_loe,2025-01-11
lameapplesauce,2025-01-11
Weak_Insurance4247,2025-01-11
seer_source,2025-01-11
Capital-Highway-4208,2025-01-11
No_Leg_8905,2025-01-11
Extra-Doctor-3843,2025-01-11
Adorable-Air-7455,2025-01-11
legionxstudios,2025-01-11
tyler_tra_,2025-01-11
OkTutor7412,2025-01-11
sightoomuch,2025-01-11
Odd-Adhesiveness1660,2025-01-11
Mysterious-Ruin-2640,2025-01-11
doodlebob_bby,2025-01-11
LongComprehensive977,2025-01-11
Able-Cost-72,2025-01-11
Certain_Wrangler_848,2025-01-11
PaceEBene84,2025-01-11
Tasty_Fondant7588,2025-01-11
aquapathic,2025-01-11
riyahannah,2025-01-11
Wise_Lawfulness_99,2025-01-11
Medical_Sherbert4829,2025-01-11
Waltz8,2025-01-11
subbu-1729,2025-01-11
phtevenbagbifico,2025-01-11
Puzzleheaded_Elk836,2025-01-11
Lumpy-Mycologist1265,2025-01-11
Recseeker,2025-01-11
handicapped_runner,2025-01-11
Decent-Purpose4046,2025-01-11
FrequentFlatworm8870,2025-01-11
Adept_Plastic_32,2025-01-11
SecondHr,2025-01-11
breadtab,2025-01-11
TalentAdvisorMumbai,2025-01-11
Previous-Designer-88,2025-01-11
No_Editor9175,2025-01-11
Choice-Shock5806,2025-01-11
Wise-Interest-3507,2025-01-11
kkatdare,2025-01-11
Beautiful_Soft_1297,2025-01-11
StomachFine6466,2025-01-11
Own-Two-5899,2025-01-11
Pocolocoyoohoo,2025-01-11
edmelx,2025-01-11
knowledge-apollo,2025-01-11
Next-Alps-6502,2025-01-11
nojams-7,2025-01-11
Delicious-Battle9787,2025-01-11
cognivance_rec,2025-01-11
sergioraquel,2025-01-11
mbawife2026,2025-01-11
scallionshavesecrets,2025-01-11
20820820,2025-01-11
Remote-Radio6323,2025-01-11
ACALAD,2025-01-11
Former-Put-5498,2025-01-11
Old-Cold5265,2025-01-11
Frowawayawaya,2025-01-11
Such-Low1223,2025-01-11
JohnneyDeee,2025-01-11
Character-Action6728,2025-01-11
Mysterious-Job-797,2025-01-11
Normal-Childhood-565,2025-01-11
DDAK-UU,2025-01-11
FuturePhysician0705,2025-01-11
Appropriate-Copy9611,2025-01-11
AdMiserable1762,2025-01-11
Parking_Reputation17,2025-01-11
ConfusedLion286,2025-01-11
MiniBuffBoss,2025-01-11
Acrobatic-Reward5613,2025-01-11
Strawberry_girll,2025-01-11
Ninjabutz,2025-01-11
littlebluezebra,2025-01-11
pina_colada03,2025-01-11
CosmicD420,2025-01-11
Alive_Object_1168,2025-01-11
Educational-Mind-750,2025-01-11
EarlyEdge7262,2025-01-11
Different_Beyond_860,2025-01-11
lilac-1111,2025-01-11
BackOnReddit911,2025-01-11
weedinthedark,2025-01-11
No_Description_1160,2025-01-11
HOODBRAT-,2025-01-11
Dej00000,2025-01-11
Icy-Incident6110,2025-01-11
Lonely_Fig_2269,2025-01-11
Useful-Self5539,2025-01-11
paventoso,2025-01-11
Ok_Expression80,2025-01-11
bbo0814,2025-01-11
explorerincosmos,2025-01-11
KnoWS_TDaEU,2025-01-11
meggroII,2025-01-11
Decent-Doughnut-1815,2025-01-11
HoodieOnRence23,2025-01-11
CloutVonnoghut,2025-01-11
Sad_Push7215,2025-01-11
clearly_mad_,2025-01-11
StockBoy829,2025-01-11
RIPIGMEMES,2025-01-11
AdIndividual5850,2025-01-11
Automatic-Egg-4672,2025-01-11
asoursk1ttle,2025-01-11
Qichael1,2025-01-11
DapperRise,2025-01-11
Complex_Alfalfa_610,2025-01-11
Senior-Mobile1681,2025-01-11
snakkerdudaniel,2025-01-11
LouiseKnowsBest,2025-01-12
LavishnessKitchen484,2025-01-12
Nattiemom2,2025-01-12
Ill-Falcon-9268,2025-01-12
0Azzy0,2025-01-12
No_Panic4200,2025-01-12
Ilell,2025-01-12
Far-Intern-7888,2025-01-12
Candid_Link3819,2025-01-12
mycoxaphlopyn,2025-01-12
OkStatistician550,2025-01-12
NotYouOrdinaryHuman,2025-01-12
Significant-Sky-582,2025-01-12
DJOfficial_P2P,2025-01-12
Strange-Okra-3201,2025-01-12
all_fair,2025-01-12
25uranophile,2025-01-12
According_Sun_5674,2025-01-12
banana_minions56,2025-01-12
AbysmalScepter,2025-01-12
Sapphireflakey9,2025-01-12
Vegetable-Athlete145,2025-01-12
Moist_Exit_9972,2025-01-12
Competitive_Earth563,2025-01-12
dolcetc,2025-01-12
ProcedureInfinite824,2025-01-12
SecretaryLeading,2025-01-12
Evening_Flow3808,2025-01-12
No_Instance1588,2025-01-12
No-Eggplant-3384,2025-01-12
trendy_vibe,2025-01-12
batmi-news,2025-01-12
Euphoric-Ad669,2025-01-12
aurora_ectasy,2025-01-12
Reasonable-Sign-3133,2025-01-12
No_Quit3176,2025-01-12
Ready_Bake6238,2025-01-12
OnlyMoneyGooses,2025-01-12
Character-Zebra6338,2025-01-12
aletheakatharos,2025-01-12
Accomplished-Mud-244,2025-01-12
asslord_,2025-01-12
Excellent_Cheek_5156,2025-01-12
Chance_Moyer,2025-01-12
West-Background-5275,2025-01-12
czareeena01,2025-01-12
Altruistic_Ad_5507,2025-01-12
-ScooterBrother-,2025-01-12
TheoryVirt,2025-01-12
Little-Part-2235,2025-01-12
curioususer1299,2025-01-12
HotCocoNMarshmallows,2025-01-12
Kperez1115,2025-01-12
sheesh_boy12,2025-01-12
parthusian,2025-01-12
Nandhere,2025-01-12
fluffybreadd_,2025-01-12
Ok_Face6708,2025-01-12
BrownJackhammer,2025-01-12
SorryNoCommonSense,2025-01-12
Outside-Athlete-6386,2025-01-12
strawman1062,2025-01-12
Global_Particular461,2025-01-12
zardiums198,2025-01-12
ClockThese2825,2025-01-12
Dizzy1609,2025-01-12
Blunaja,2025-01-12
Waste_Slip6224,2025-01-12
SpicyHabarnero,2025-01-12
Natural-Guitar78,2025-01-12
radical_rodent5,2025-01-12
ButterscotchFar8521,2025-01-12
mountainmeaghan,2025-01-12
MikeARooni,2025-01-12
Individual-Algae846,2025-01-12
Sharp_Board_32,2025-01-12
BoatUpstairs7080,2025-01-12
G0ldenyell0w,2025-01-12
LarryFisherman2018,2025-01-12
MrOlympiaWins,2025-01-12
absolutemadwoman,2025-01-12
Whole-Lock-5187,2025-01-12
Inevitable-Maize5371,2025-01-12
ServiceAutomatic9611,2025-01-12
NewbiejJC,2025-01-12
Advanced_Tutor_6121,2025-01-12
Nooddlleee,2025-01-12
Pure-Ad-6744,2025-01-12
Arwo10,2025-01-12
No_Damage4030,2025-01-12
tionstempta,2025-01-12
Venmorr,2025-01-12
LetterheadFew8948,2025-01-12
Natural_Tea_5697,2025-01-12
Certain-Addendum-670,2025-01-12
ToughTruth490,2025-01-12
Consistent_Fly934,2025-01-12
SULLY0928,2025-01-12
AltruisticWonder9966,2025-01-12
Alex_deer,2025-01-12
Mammoth_Pollution963,2025-01-12
wrongfulcillian,2025-01-12
zackattack425,2025-01-12
Ilovemesomehentai25,2025-01-12
Sufficient-Chef-1523,2025-01-12
Constant-Tell2786,2025-01-12
DiamondDustMBA,2025-01-12
Cocoa_Butter_3000,2025-01-12
PrimaryTruth1429,2025-01-12
Puzzled-Salamander71,2025-01-12
katnaap,2025-01-12
Ancient_Jelly_3461,2025-01-12
Alnisant,2025-01-12
palak_113,2025-01-12
talima719,2025-01-12
terps_lr,2025-01-12
throwaway77342,2025-01-12
amoly101,2025-01-12
aboredintrovert,2025-01-12
Weak_Song6301,2025-01-12
Jxzg_,2025-01-12
Beyond-The-Blackhole,2025-01-12
smilingandcrying123,2025-01-12
SpecialistSurround37,2025-01-12
LynxGeekNYC,2025-01-12
Choice-Street-3964,2025-01-12
Gold_Natural_4372,2025-01-12
AnimalOk2714,2025-01-12
LateNight_m,2025-01-12
PastGear1294,2025-01-12
SnoozeDoggyDog,2025-01-12
ps-stevo,2025-01-12
shemp33,2025-01-12
boring_dig27,2025-01-12
Alone_Soup8799,2025-01-12
nathan2souk,2025-01-12
One_Decision_7693,2025-01-12
Independent_Rice_193,2025-01-12
MakeMoneyNayy,2025-01-12
StrategyBrilliant227,2025-01-12
KeyFox5942,2025-01-12
Mysterious_Formal170,2025-01-12
Worldly-Astronaut963,2025-01-12
JUSTROMZ,2025-01-12
DrogonDracarys_,2025-01-12
kissmyASSthama_5,2025-01-12
munchkinbabygirl,2025-01-12
Right_Stranger_6836,2025-01-12
Pleasant_Survey_7845,2025-01-12
quokkahontas,2025-01-12
Haruka_zera,2025-01-12
Apprehensive-Sail326,2025-01-12
Ok_Ad6061,2025-01-12
thingleboyz1,2025-01-12
Themaestro13859,2025-01-12
CreativeWarthog5076,2025-01-12
Comprehensive_Bag623,2025-01-12
Coastallife9,2025-01-12
Miserable_Cook_6646,2025-01-12
No-Reading9949,2025-01-12
Fair-Locksmith-5216,2025-01-12
Creepy_Patient_6507,2025-01-12
WillingnessReal5191,2025-01-12
Interesting-Mess2750,2025-01-12
No-Sail4609,2025-01-12
No_Match6209,2025-01-13
Wonderful_Offer2360,2025-01-13
my-follies,2025-01-13
RoyalSuch240,2025-01-13
dre__966,2025-01-13
ScratchLongjumping,2025-01-13
parlaysunleashed,2025-01-13
Arete666,2025-01-13
NoteMaterial1053,2025-01-13
Responsible-Rope3257,2025-01-13
Euphoric-Mud-3313,2025-01-13
Ok-Antelope-7623,2025-01-13
radioactiveVal,2025-01-13
Intelligent_Log_8155,2025-01-13
mon7os,2025-01-13
GlitteringMango7836,2025-01-13
shishiogen2025,2025-01-13
Successful-Summer987,2025-01-13
gundampoon,2025-01-13
Big-Humor-1288,2025-01-13
Plenty_Wolverine_626,2025-01-13
obscurebandnamee,2025-01-13
uplever,2025-01-13
Prostressional,2025-01-13
RefChx4JobSkrs,2025-01-13
ProsperityPositive,2025-01-13
I_wanted_intimacy39,2025-01-13
No7onelikeyou,2025-01-13
Puzzleheaded-Cry7859,2025-01-13
Plenty-Advice1896,2025-01-13
Western_Friend_4952,2025-01-13
ugh_what_even,2025-01-13
kadiibrahim,2025-01-13
ConfusionUpstairs575,2025-01-13
Abdul6687,2025-01-13
Content-Lifeguard218,2025-01-13
Electronic_Answer_33,2025-01-13
General-Wallaby-1024,2025-01-13
Ok_Care_9962,2025-01-13
Necessary-Will7330,2025-01-13
Equivalent_Sense_170,2025-01-13
kaedynkovalick,2025-01-13
Natural-Hair6827,2025-01-13
PresentationOdd8002,2025-01-13
sweetheartcherryy,2025-01-13
Natural-Exercise4459,2025-01-13
Character_Tour2050,2025-01-13
Living-Pride2459,2025-01-13
ConfusedNeedHelp321,2025-01-13
opedipustheking,2025-01-13
marijuanaachan,2025-01-13
ReacherMode,2025-01-13
unwantedchatter,2025-01-13
Emotional-Profile656,2025-01-13
NoProfession5181,2025-01-13
jichuuuuu5,2025-01-13
Maheshwara0,2025-01-13
SweetAnonym,2025-01-13
Accomplished_Bag2319,2025-01-13
jaz_mine24,2025-01-13
kttns4brkfsttt,2025-01-13
TheWarGodTemple,2025-01-13
Reverie-AI,2025-01-13
Extremely_Platypus,2025-01-13
Clamila,2025-01-13
Illustrioushydra1582,2025-01-13
South_Smile7732,2025-01-13
azaper,2025-01-13
Signal-Elderberry955,2025-01-13
PsychologicalPie488,2025-01-13
OutrageousMilk2512,2025-01-13
desicroissant,2025-01-13
mozardts,2025-01-13
waterislife96,2025-01-13
Shuushiy,2025-01-13
Jeffgy1455,2025-01-13
Algstud,2025-01-13
Bag-Longjumping,2025-01-13
Vivid_Ordinary2108,2025-01-13
chillichu,2025-01-13
Jabbs1,2025-01-13
Ok_Tension5180,2025-01-13
MyDamnCoffee,2025-01-13
Embarrassed_Owl_6692,2025-01-13
ValuableChipmunk1309,2025-01-13
wageslut,2025-01-13
R3ddit_N0ob,2025-01-13
swkanxiety,2025-01-13
Glittering-Bad-4533,2025-01-13
UPSC2025sundram,2025-01-13
AreYouBoredAtWorkToo,2025-01-13
Miserable_Source_471,2025-01-13
epicap232,2025-01-13
Accomplished-Tax5151,2025-01-13
Own-Vehicle7635,2025-01-13
CyberAKl,2025-01-13
Zealousideal_Peak712,2025-01-13
GreatCreator46287660,2025-01-13
wiccanbaked,2025-01-13
ElectricalPen5329,2025-01-13
surfsweeper,2025-01-13
julieta-orsi,2025-01-13
Zenith12344,2025-01-13
thegreathungerr,2025-01-13
1189Carter,2025-01-13
HumorMaleficent3719,2025-01-13
greenee111,2025-01-13
Glizzy_globber_,2025-01-13
chaunceyjauntz,2025-01-13
Organic_Major7440,2025-01-13
Frosty_Mechanic8186,2025-01-13
questionstogetajob,2025-01-13
babyn0elle,2025-01-13
Adept-Objective-7444,2025-01-13
Efficient_Mistake617,2025-01-13
Business_Badger1995,2025-01-13
wearegettingbetter,2025-01-13
SilverM0423,2025-01-13
Forsaken_Draw_7877,2025-01-13
Maplekey,2025-01-13
-Zoro0o-,2025-01-13
VV_Action_76,2025-01-13
kittyobsession56,2025-01-13
Flashy_Pin_7052,2025-01-13
RapprochementRecipes,2025-01-13
Dingleburps,2025-01-13
First-Conference-236,2025-01-13
Doodoobutt_jones,2025-01-13
nymphnymphqq,2025-01-13
Right_Lie8793,2025-01-13
Blonde_Charlie9,2025-01-13
Investmment,2025-01-13
Littleghost9208,2025-01-13
SnooDoubts9683,2025-01-13
J24eight,2025-01-13
Adventurous-Round639,2025-01-13
highlanderfil,2025-01-13
NegotiationNo3013,2025-01-13
Fay_pearson,2025-01-13
Severe_Degree_5358,2025-01-13
Few-Ad-3706,2025-01-13
Low_K-E-Y,2025-01-13
Ok_Emu_8324,2025-01-13
LocalReaction3101,2025-01-13
CreamyEric,2025-01-13
Haon34,2025-01-13
Alexchiang4689,2025-01-13
nutbuster1945,2025-01-13
AlexSetzelk,2025-01-13
Secret-Translator-19,2025-01-13
Maximum-Possible-266,2025-01-13
airfried-watermelon,2025-01-13
Correct-Goal6327,2025-01-13
Purple_Training3644,2025-01-13
Professional_Oil85,2025-01-13
darkishLeXiRoX,2025-01-13
Short_Assist_5315,2025-01-13
Admirable-Mud5977,2025-01-13
Baaastet,2025-01-13
Radiant-Video-804,2025-01-13
Agile_Razzmatazz_224,2025-01-13
therealkimjohn,2025-01-13
Familiar_Tomato_9808,2025-01-13
6728384hnnfkfj,2025-01-13
toocontroversial_4u,2025-01-13
smookiewren,2025-01-13
Digginf,2025-01-13
QuestionIll317,2025-01-13
Ok_Apartment3185,2025-01-13
orangespriteman,2025-01-13
Ill_Science_1423,2025-01-13
Vegetable-Fee2977,2025-01-13
babubhai007,2025-01-13
RemoteLinks,2025-01-13
VirusCreed,2025-01-13
AstronomerTime2807,2025-01-13
Own_Example_7414,2025-01-13
Impressive-Elk-3773,2025-01-13
QuirkyCheetah6920,2025-01-13
Fast-Equivalent4804,2025-01-13
Disturbado,2025-01-13
Wise-Construction922,2025-01-13
Salt_Thing6330,2025-01-13
trouble-in-space,2025-01-13
bozoBungus,2025-01-13
Turisan,2025-01-13
Odd_Breath4315,2025-01-13
ahmonsen5,2025-01-13
Upstairs-Pea-8874,2025-01-13
Coyb_90s,2025-01-14
Early_Grab_8152,2025-01-14
jbreeding412,2025-01-14
Anxious-Ad-9826,2025-01-14
MixNorth5644,2025-01-14
xPookiee,2025-01-14
GirlPleas3,2025-01-14
wewinner_,2025-01-14
Clean_Brilliant_8586,2025-01-14
ExactMinimum5985,2025-01-14
Tricky-Tonight-4904,2025-01-14
KindlyPower4993,2025-01-14
Educational-Hope9237,2025-01-14
Drinflo,2025-01-14
lelysian222,2025-01-14
Coffe-is-a-simp,2025-01-14
logancw2,2025-01-14
JackCool456,2025-01-14
Objective_Tap_1489,2025-01-14
Silver-Rest-6238,2025-01-14
Elegant-Note-8644,2025-01-14
hvitsek27,2025-01-14
Puzzleheaded-Gas3055,2025-01-14
Actuararian,2025-01-14
NextRuin3899,2025-01-14
msslissa,2025-01-14
thejoker264,2025-01-14
Sad-Afternoon3788,2025-01-14
Flat-Extension-8147,2025-01-14
nicktowe,2025-01-14
Then-3199,2025-01-14
aclockworksmorange,2025-01-14
Arwen_Avatar,2025-01-14
tipsyCellist,2025-01-14
Any_Evidence_8420,2025-01-14
redbullets22,2025-01-14
RACC_Squidy,2025-01-14
Bigfruit-7395,2025-01-14
lebooklynlord,2025-01-14
Direct-Driver-6601,2025-01-14
rx766,2025-01-14
DivotChamp,2025-01-14
sportyblue321,2025-01-14
UndercoverDJ34,2025-01-14
HungryBook5325,2025-01-14
Broad_Drawing3467,2025-01-14
desertdweller915,2025-01-14
PrincipleUsual7886,2025-01-14
Several-Impression54,2025-01-14
FIRE-ON-THE-ROOF-IS,2025-01-14
Background_Bobcat259,2025-01-14
ShakeSpecific7810,2025-01-14
Weak_Advice2936,2025-01-14
50figs,2025-01-14
jb_lec,2025-01-14
focusedtater,2025-01-14
frostbite2312,2025-01-14
AJStorm47,2025-01-14
Critical-Bullfrog-10,2025-01-14
aelili,2025-01-14
Quirky-Till-410,2025-01-14
Kuebeko,2025-01-14
ProjectSelf92,2025-01-14
Positive_Regret_2553,2025-01-14
Responsible-Wall-867,2025-01-14
advertsparadise,2025-01-14
Any-Evening-2902,2025-01-14
Fine_Hippo_5391,2025-01-14
Honest-Celebration48,2025-01-14
PSXSnack09,2025-01-14
Sweaty_Protection_89,2025-01-14
Southern_Surprise867,2025-01-14
Leather_Bat5939,2025-01-14
Fabulous_Revolution7,2025-01-14
yaboimatt12,2025-01-14
Away-Conference-1982,2025-01-14
yeeoch,2025-01-14
tarogao,2025-01-14
KingRagnarok150,2025-01-14
WackyRiham,2025-01-14
planchyhaze,2025-01-14
Amnesia17,2025-01-14
Objective_Reality556,2025-01-14
Royal_Pop_5409,2025-01-14
Cool_Business807,2025-01-14
Realistic-HR-374,2025-01-14
Flimsy-Worry1539,2025-01-14
KudosWall,2025-01-14
Quirky-Personality41,2025-01-14
bookwormontario,2025-01-14
urrghhhhhh,2025-01-14
ianturcotte245,2025-01-14
Financial_Ad1494,2025-01-14
Responsible-Lab7830,2025-01-14
Inner_Woodpecker7581,2025-01-14
Green-Check9124,2025-01-14
cmcason87,2025-01-14
YoYoItsYaBoiPotHead,2025-01-14
Crafty-Bug-8008,2025-01-14
ScienceAcrobatic2895,2025-01-14
lucas7777777773,2025-01-14
SaaadAhmedLaskar,2025-01-14
Wrong-Evening-6379,2025-01-14
lmiller222,2025-01-14
CityPickle,2025-01-14
whadayalookinatmygut,2025-01-14
Best-Honeydew-7593,2025-01-14
DirectTowel9798,2025-01-14
Skeletor_with_Tacos,2025-01-14
nonbinary-nova,2025-01-14
Efficient-Flan-7455,2025-01-14
ConversationOld8252,2025-01-14
InsanityPilgrim,2025-01-14
seddywapp,2025-01-14
Jaz5555,2025-01-14
NecoChaosEnjoyer,2025-01-14
Nearby_Proof2395,2025-01-14
Spirited_Ad_9770,2025-01-14
TheFastestBonk,2025-01-14
Dismal-Advance6479,2025-01-14
Lanky_Geologist_7327,2025-01-14
Galactica98,2025-01-14
greenlabradoodle,2025-01-14
Loose-Development139,2025-01-14
Ok_Anywhere_7943,2025-01-14
PurpleHawk222,2025-01-14
SBJTV,2025-01-14
Dry_Metal2249,2025-01-14
Whtsurfavscrymvie,2025-01-14
audhddisapointed,2025-01-14
Fun_Island_86,2025-01-14
habgurz,2025-01-14
That_ZX6R_Guy,2025-01-14
AinsiSera217,2025-01-14
Bumbaclaat27,2025-01-14
SHANKS___4,2025-01-14
Historical_Basis56,2025-01-14
Wide-Rub-9970,2025-01-14
kestrelbe,2025-01-14
Glass_Translator_315,2025-01-14
DinosaurianStarling,2025-01-14
Nozora,2025-01-14
Physical-Wait411,2025-01-14
Able_Asparagus1705,2025-01-14
ScaredAcanthaceae653,2025-01-14
Good_Detective_1704,2025-01-14
bourbaki_jr,2025-01-14
uurub,2025-01-14
BigShiz1,2025-01-14
Top-Satisfaction4440,2025-01-14
Philhelm,2025-01-14
AbaloneSpring,2025-01-14
FearlessInvite1461,2025-01-14
Jnaboh,2025-01-14
KingBubIII,2025-01-14
roadbeersbaby,2025-01-14
Ok-Marionberry-7517,2025-01-14
Cash-Support-188,2025-01-14
Appropriate_Boot_829,2025-01-14
jeanxcobar,2025-01-14
fine_5,2025-01-14
Repulsive-Yak661,2025-01-14
Low_Smell_2854,2025-01-14
Scared_Category_5304,2025-01-14
Jealous-Humor4386,2025-01-14
vampmachin3,2025-01-14
hopeless_dater,2025-01-14
vulturegoddess,2025-01-14
Wonderful_Soup4981,2025-01-14
Previous_Outcome_959,2025-01-14
Maryalon,2025-01-14
Ok-Lake1322,2025-01-14
Ornery-Rooster-8688,2025-01-14
Spirtualqueen24,2025-01-14
Double-Way9403,2025-01-14
Gems321,2025-01-14
myusername801,2025-01-14
Classic_Stand_3641,2025-01-14
n3cw4rr10r,2025-01-14
possumleaves,2025-01-14
MissionKitchen443,2025-01-14
Other_Membership_442,2025-01-14
Ambitious-Pear-7785,2025-01-14
hannahasf,2025-01-14
Snoo18939,2025-01-14
Exciting-Bottle-5789,2025-01-14
CountryExternal2312,2025-01-14
Bababoofa,2025-01-14
Coomsocck,2025-01-14
seethelight1224,2025-01-14
Great-Tie-1510,2025-01-14
Far_Raise_6350,2025-01-14
KeyIndication997,2025-01-14
StrangeJedi,2025-01-14
im_selling_dmt_carts,2025-01-14
Conscious_Mouse_3462,2025-01-14
Katarac420,2025-01-14
Nothsa2110405,2025-01-14
Rude-Introduction578,2025-01-14
Relatively_Cool,2025-01-14
Free-Astronomer-8759,2025-01-14
Basic-Acanthaceae-87,2025-01-14
Fun_Emu_7181,2025-01-14
nevatiied,2025-01-14
Outrageous_Swan9993,2025-01-14
Organic-Inspector227,2025-01-15
Either-Newspaper-300,2025-01-15
Vivid_While_1049,2025-01-15
tigeribnkhan,2025-01-15
Sufficient_Device918,2025-01-15
needhelp123throwaway,2025-01-15
I_had_corn,2025-01-15
perfusionist123,2025-01-15
MugenEDITS,2025-01-15
Flat_finchie,2025-01-15
Miraculous_A,2025-01-15
rosemaryonpine,2025-01-15
crackedhearts,2025-01-15
b1tchb0y8,2025-01-15
aim4night1970,2025-01-15
Meerame,2025-01-15
Ok-Patience-3569,2025-01-15
Chicochips,2025-01-15
minteverywhere,2025-01-15
Rich-Independent1202,2025-01-15
Background-Weird4908,2025-01-15
ineedjobadvicepls,2025-01-15
CreepyHome9757,2025-01-15
mrworldwide2022,2025-01-15
Aggravating_Owl9654,2025-01-15
SuccotashDense6857,2025-01-15
NoComparison5807,2025-01-15
ilovenamkook,2025-01-15
ChoiceHoney6491,2025-01-15
ZlatanMagic,2025-01-15
Automatic_Beyond2194,2025-01-15
atychiszto,2025-01-15
NotGarin,2025-01-15
exkart,2025-01-15
Alarming_Sundae_2084,2025-01-15
Peach-Beach22,2025-01-15
Prestigious-Water-26,2025-01-15
Felphyre,2025-01-15
pineapplejames,2025-01-15
HighlightSalt5249,2025-01-15
skirt1500,2025-01-15
Red_Reputation_312,2025-01-15
quietlumberjack,2025-01-15
imnotsurenowmaybe,2025-01-15
Alternative-Size6813,2025-01-15
Connect_Guava_9077,2025-01-15
HelpMeOutPlzThanks42,2025-01-15
Phowenia1,2025-01-15
Happy_Pickle2097,2025-01-15
JustAlexTWDOW,2025-01-15
Away-Holiday6136,2025-01-15
Practical-Collar8694,2025-01-15
Open_Coat_9997,2025-01-15
turbocharge_1,2025-01-15
Strange-Relation-277,2025-01-15
ImpressiveLock7846,2025-01-15
livinglikelarry123,2025-01-15
MajesticSubstance176,2025-01-15
vampcanyon,2025-01-15
HomerSimpson528,2025-01-15
nanaminschlong,2025-01-15
ChampionshipKnown969,2025-01-15
DiskRelative4496,2025-01-15
atlerfixx,2025-01-15
MAYUR448,2025-01-15
Naive-Brilliant9592,2025-01-15
Villains_001,2025-01-15
Pretend_Switch8219,2025-01-15
Ancient_Mode8754,2025-01-15
Confusedprincess92,2025-01-15
A-K-Y,2025-01-15
TpPokio,2025-01-15
Juvojic,2025-01-15
Comfortable-Field601,2025-01-15
WebDude_99,2025-01-15
VeganAnimalDefender,2025-01-15
Puzzleheaded-Rain230,2025-01-15
recovering_92,2025-01-15
Accomplished_Fix9675,2025-01-15
AerieMurky2553,2025-01-15
Revu_R,2025-01-15
Mr_peanutbutt3e,2025-01-15
Dull-Maintenance8014,2025-01-15
DJSpookyKay,2025-01-15
ktempo,2025-01-15
Tough-Ad-7277,2025-01-15
misujikantaro,2025-01-15
tofusand,2025-01-15
deathgrip5,2025-01-15
p8ntballnxj,2025-01-15
itguygeek,2025-01-15
Taste-Correct,2025-01-15
The_border_guard,2025-01-15
Ancient_Revenue_3242,2025-01-15
LexxyThoughts,2025-01-15
Acanthabrien2,2025-01-15
r0semart,2025-01-15
Elite-Pastry07,2025-01-15
sixfourtykilo,2025-01-15
Gengyeng,2025-01-15
heyy_girl,2025-01-15
Such-Mycologist-3634,2025-01-15
bipolarnonbinary94,2025-01-15
ValuableSleep6400,2025-01-15
S73T64,2025-01-15
Past-Stable-2197,2025-01-15
ExpertKarlHungus,2025-01-15
Apprehensive-Cow9831,2025-01-15
Ibz061,2025-01-15
reallytanner,2025-01-15
BitterApple69,2025-01-15
Lower_Offer_7795,2025-01-15
Background-Bug-8836,2025-01-15
MKEntwhistle,2025-01-15
Friendly-Apricot1727,2025-01-15
LimeZestyclose3657,2025-01-15
Ranthrowa,2025-01-15
Hot-Competition193,2025-01-15
More-Whereas7679,2025-01-15
DrVoltaire,2025-01-15
SnooConfections7049,2025-01-15
munt45,2025-01-15
WayPossible5950,2025-01-15
Plenty-Forever-9275,2025-01-15
Wild_Number_6783,2025-01-15
aklin17,2025-01-15
Consistent-Detail518,2025-01-15
j-r-callahan007,2025-01-15
DonkeyKong45,2025-01-15
Altruistic-Tone9850,2025-01-15
THATDICHTOMY,2025-01-15
Ok_Macaroon6672,2025-01-15
WoolenJester,2025-01-15
Vast-Librarian4104,2025-01-15
SLickkwetwillY96,2025-01-15
WrapBeautiful4965,2025-01-15
Durian_Naive,2025-01-15
Signal-Engine-420,2025-01-15
Final-Mulberry5090,2025-01-15
Important-County-814,2025-01-15
moonchild1011,2025-01-15
Hydr0lysis,2025-01-15
RC72387,2025-01-15
Ephixian,2025-01-15
Comfortable_Sugar290,2025-01-15
smellywetfish,2025-01-15
KattarinaGrace,2025-01-15
djsheikh689,2025-01-15
KingMustardRace,2025-01-15
Slothman321,2025-01-15
Xchange_Estudyante,2025-01-15
GeegeezeMariz_0000,2025-01-15
dontbebroke77,2025-01-15
SteveyTwoTimes_,2025-01-15
Majestic-Witness3655,2025-01-15
PhoneAfraid955,2025-01-15
ExoticSink8566,2025-01-15
1000regret,2025-01-15
Friendly-Solid-9437,2025-01-15
TopCarry6895,2025-01-15
noJobWorthless,2025-01-15
RepresentativeNo259,2025-01-15
idkwhatk,2025-01-15
imnotactuallyhere14,2025-01-15
ineed2ask_aQuestion,2025-01-15
IrrelevantOP,2025-01-15
Tight_Dependent_8874,2025-01-15
Icy_Worldliness6518,2025-01-15
clop_clop4money,2025-01-15
Sea_Tea_9953,2025-01-15
OpenSustainability,2025-01-15
God_like101,2025-01-15
HumanVisual4218,2025-01-15
Aggressive_Honey_600,2025-01-15
Terrible-Love1651,2025-01-15
Character-Tax-9684,2025-01-15
Dull_Plenty9102,2025-01-15
jace99899,2025-01-15
2saintjohns,2025-01-15
Training_Ordinary_26,2025-01-15
MiracleFox,2025-01-15
initialsareabc,2025-01-15
passion_void,2025-01-15
Anyusername7294,2025-01-15
Longjumping-Buy985,2025-01-15
Intrepid_Ad4746,2025-01-15
Ashamed-Coconut-9239,2025-01-15
Sensitive_Cow5831,2025-01-15
LowStill1522,2025-01-15
Candyvodka16,2025-01-15
ap_col,2025-01-15
Tooth_Agreeable,2025-01-15
confidenceman00,2025-01-15
anxietyriddencore,2025-01-15
ligmakun,2025-01-15
Sea-Independence-534,2025-01-15
tahani_aljamil,2025-01-15
Justin-Herb-91,2025-01-15
MobileSweet9342,2025-01-15
Unc1eMusc1es,2025-01-15
sollyola,2025-01-15
Visible-Marsupial-37,2025-01-15
ZeroEsper,2025-01-15
Loose_Discount_1291,2025-01-15
tamm94,2025-01-15
kaithesapphic,2025-01-15
Pitiful_Host4984,2025-01-15
Different_Soup_4011,2025-01-15
CjEik,2025-01-15
elcinore,2025-01-15
StrangerIcy2852,2025-01-15
Big-Boy-Chungus-69,2025-01-15
_velocirapture,2025-01-15
Negative_Airport2211,2025-01-15
BookishBeauty_,2025-01-15
in_my_balsamic_phase,2025-01-15
hotstickywaffle,2025-01-15
Steven_J_Lemenne,2025-01-15
MintyReddit,2025-01-15
xFinalGirl,2025-01-15
No_Bobcat8581,2025-01-15
andyn823,2025-01-15
pemberley22,2025-01-15
NewAdhesiveness8419,2025-01-15
TwiceeTzuyuu,2025-01-15
mugentism,2025-01-15
Temporary_Yak6808,2025-01-15
Jealous_Advance9765,2025-01-15
artoKrypt,2025-01-15
strawberry_ph,2025-01-16
Grouchy_Marsupial357,2025-01-16
Open-Ad-8707,2025-01-16
rosesxmoons,2025-01-16
Point_Guards,2025-01-16
Pleasant-Reach-4942,2025-01-16
Conscious-Desk9957,2025-01-16
OperationNo1084,2025-01-16
ILuvBooty414,2025-01-16
Mountain_Ad1833,2025-01-16
profprism1,2025-01-16
Emotional_Assist3870,2025-01-16
Itchy_Order_4748,2025-01-16
thereddituser42,2025-01-16
Critical-Look-863,2025-01-16
Little-Sherbert7245,2025-01-16
Beyondu12,2025-01-16
Diamond_2001,2025-01-16
smokepercsfreebase,2025-01-16
Altruistic_Waltz1478,2025-01-16
byAugos,2025-01-16
Necessary_Ad_9353,2025-01-16
From_the_breeze,2025-01-16
bbbyyyeee,2025-01-16
Ok-Friendship7308,2025-01-16
Celestial-Nexus,2025-01-16
themeandoggie,2025-01-16
SirNebula299,2025-01-16
InvestorBatman,2025-01-16
autumauburn,2025-01-16
airi0z,2025-01-16
acashflowking,2025-01-16
neongenesiscapsule,2025-01-16
Saucey_97,2025-01-16
Gee_thoo,2025-01-16
Internal-Ad3756,2025-01-16
Ok_Choice31,2025-01-16
pyaripengu,2025-01-16
Electrical_Cat_1048,2025-01-16
CalligrapherMuted138,2025-01-16
Low-Estimate5830,2025-01-16
Street_Ad2777,2025-01-16
Mindless_Wish_850,2025-01-16
GrabMyFinglonger,2025-01-16
Objective-Ask7560,2025-01-16
appoz_,2025-01-16
ChaotikPlays,2025-01-16
annatheperson8,2025-01-16
mike_check1212,2025-01-16
Keiuu,2025-01-16
Large_Look_5075,2025-01-16
1singleton,2025-01-16
Potential-Act-6361,2025-01-16
lazybear1718,2025-01-16
Ok_Turnover_3393,2025-01-16
mariesmalady,2025-01-16
Wonderful_Tour3406,2025-01-16
Think_Examination488,2025-01-16
Aggressive-Charge943,2025-01-16
VersionCurrent8464,2025-01-16
harverdStud88,2025-01-16
Mikalizcool,2025-01-16
AliSamiYEN,2025-01-16
Comfortable_Limit_75,2025-01-16
Jealous_Tart_7659,2025-01-16
Snoo35676,2025-01-16
ConfusionIntrepid189,2025-01-16
This_Agent5691,2025-01-16
Professional-Tax1724,2025-01-16
FirstV1,2025-01-16
skills360pk,2025-01-16
Historical_Honey_293,2025-01-16
youngkija,2025-01-16
True-Swimmer-6505,2025-01-16
itsrcms,2025-01-16
For_Real_Zach,2025-01-16
boogie_cousins,2025-01-16
Downtown-Interest-97,2025-01-16
RemarkableAssist8429,2025-01-16
RichRituals,2025-01-16
Distinct_Pangolin_44,2025-01-16
Illustrious_Can_1565,2025-01-16
OkArachnid3520,2025-01-16
ContactWonderful6810,2025-01-16
Ok-Camera-1414,2025-01-16
Entire_Career6988,2025-01-16
Demon_Beas,2025-01-16
LadyCastell,2025-01-16
Rough-Dragonfly469,2025-01-16
NoTarget1414,2025-01-16
Unusual-Hour-6853,2025-01-16
CollegeFun2691,2025-01-16
Amazing_buffalo2617,2025-01-16
Ok_Experience743,2025-01-16
GreyWind1610,2025-01-16
Soumyajit_Das,2025-01-16
Correct-Potential941,2025-01-16
prettylowkey19,2025-01-16
QuickQuestionXX,2025-01-16
Initial-Track-339,2025-01-16
TheUChiHaI-tachI,2025-01-16
ThatAntid0te,2025-01-16
noheart120,2025-01-16
JayvonPark,2025-01-16
VisualAd9394,2025-01-16
Specialist_Mouse_195,2025-01-16
waisel2004,2025-01-16
Effective-Action798,2025-01-16
ImPasta1122,2025-01-16
Prosperity-Digital,2025-01-16
Queen_Elle,2025-01-16
Foreign-Condition247,2025-01-16
Certain-Waltz-2856,2025-01-16
Reasonable-Beyond757,2025-01-16
verOn_1598,2025-01-16
Onlyonetrueking,2025-01-16
Independent_Collar_3,2025-01-16
GentleAspiration,2025-01-16
Phantomtroupe666,2025-01-16
the-ultimate-one,2025-01-16
makethekittygopurr,2025-01-16
Usual-Cat-5855,2025-01-16
Happy_Positivity360,2025-01-16
Zapbeast74,2025-01-16
Narrow_Hat,2025-01-16
The_Nicest_Punk,2025-01-16
FrostyCombination622,2025-01-16
FreyaCLee,2025-01-16
Neverneveracat,2025-01-16
Solid-Heron-5455,2025-01-16
Kindly-Pain7366,2025-01-16
ActLikeAnAdult,2025-01-16
Sweaty_Scarcity4735,2025-01-16
Mundane_Credit_4163,2025-01-16
Aromatic_Spell121,2025-01-16
Ok-Feedback-764,2025-01-16
TangerineDesperate50,2025-01-16
Choice-Paint-4122,2025-01-16
dafaliraevz,2025-01-16
Cheeze-squeeze,2025-01-16
Tibia-Fibula,2025-01-16
mara_111,2025-01-16
stupid-jew,2025-01-16
MountainOne3769,2025-01-16
FireTigerBlaze,2025-01-16
Inevitable_Cup_5067,2025-01-16
Adventurous-Leek5490,2025-01-16
yikesitkat,2025-01-16
RandomlyJoined,2025-01-16
NotmyOldAccount_76,2025-01-16
Electrical-Bet741,2025-01-16
empty_space000,2025-01-16
Disastrous_Bid_5596,2025-01-16
tech-presso,2025-01-16
No_Stage_9886,2025-01-16
KeyAffect7586,2025-01-16
snarkitty_guitar,2025-01-16
Efficient_Jello9802,2025-01-16
The_Ryba_Na_Petukhe,2025-01-16
Aware-Pay-3112,2025-01-16
lunamarie05,2025-01-16
sdfghjkliu6543456789,2025-01-16
UpstairsOil849,2025-01-16
Best_Koala_3300,2025-01-16
Impossible-Ask-7560,2025-01-16
JustAGuyxX63,2025-01-16
SensitiveScratch6401,2025-01-16
mountsunrise,2025-01-16
WeirdoWizard,2025-01-16
SilentImagination607,2025-01-16
minemateinnovation,2025-01-16
MichaelMorecock,2025-01-16
Vul-pix-vix-en,2025-01-16
Acceptable-Turn-7085,2025-01-16
FocusedMind7,2025-01-16
hopeinEd,2025-01-16
Limp_Marionberry_658,2025-01-16
kissmeplz,2025-01-16
Substantial_Edge8284,2025-01-16
Ghosphet,2025-01-16
John-2798,2025-01-16
MatchCultural6821,2025-01-16
Othertomato8182,2025-01-16
ragnarodinsson,2025-01-16
AyraCecilia,2025-01-16
Raslehc,2025-01-16
Emotional_Aide6532,2025-01-16
namrak20,2025-01-16
raspberry58,2025-01-16
b1tchforbrains,2025-01-16
Classic_Part_6951,2025-01-16
BeautifulSea3153,2025-01-16
Pleasant-Tomatillo-5,2025-01-16
FalloutDestruction,2025-01-16
Small_Composer6431,2025-01-16
lgs444,2025-01-16
Conscious_Clue159,2025-01-16
randoatrpi,2025-01-16
Independent_War6168,2025-01-16
AutomaticWeek6498,2025-01-16
StrangerNo9690,2025-01-16
kalki_2898_,2025-01-16
danigirl_or,2025-01-16
Smart-Onion24,2025-01-16
Major_Page_8282,2025-01-16
Psychological_Win304,2025-01-16
chainsawguy7,2025-01-16
thetruejeck,2025-01-16
forgetfulflea,2025-01-16
No-Focus8933,2025-01-16
Particular_Junket288,2025-01-16
flyingaustrogirl,2025-01-16
LivingProtection4261,2025-01-16
popotus,2025-01-16
kalki_2048,2025-01-16
Blvnch,2025-01-16
ApprehensiveHost4425,2025-01-16
CashGlass3640,2025-01-16
StomachAdmirable2569,2025-01-16
Specialist-Squash196,2025-01-16
KarlSlapsBass,2025-01-16
East_Day_4419,2025-01-16
Athurmarston2,2025-01-16
Negative-Pizza9473,2025-01-16
ziyam7504,2025-01-16
RecordingPristine382,2025-01-16
Street-Ad-6403,2025-01-17
Bubbly_Accident_2718,2025-01-17
Artistic_Strike_4139,2025-01-17
GrandLiving6341,2025-01-17
maccaline,2025-01-17
Deniz_Undav,2025-01-17
MineralG,2025-01-17
cplg531,2025-01-17
Regular-Heat8578,2025-01-17
Head_Improvement_703,2025-01-17
False-Flatworm2074,2025-01-17
Odd-Friendship6982,2025-01-17
No-Ad2149,2025-01-17
ImpossiblePoet2113,2025-01-17
Ccccccc19,2025-01-17
TheOzMan91,2025-01-17
Huge-Use-8055,2025-01-17
srirachabbqsauce,2025-01-17
SymBiioTE,2025-01-17
Original-Plane-109,2025-01-17
Unusual-Commission68,2025-01-17
wanderingsoul29,2025-01-17
Turbulent_Tower1643,2025-01-17
SickRhino,2025-01-17
Least_Status7679,2025-01-17
Awdr3y,2025-01-17
TurnoverFun8131,2025-01-17
Nardrew,2025-01-17
Ok_Entrance923,2025-01-17
takoko,2025-01-17
Glittering-Donut-278,2025-01-17
RevolutionaryBug4300,2025-01-17
mamshe08,2025-01-17
Brown_Skin_Girl30,2025-01-17
Healthy_Reflection_6,2025-01-17
hoggwarts420,2025-01-17
General_Study9659,2025-01-17
Ecstatic-Drama-8328,2025-01-17
OkHamster1864,2025-01-17
OverHeatedBrain98,2025-01-17
Responsible_Sea4436,2025-01-17
Onepiecebestanime420,2025-01-17
live_hidden,2025-01-17
idriskelvin40118,2025-01-17
No_Pollution_8720,2025-01-17
Ok_Group_356,2025-01-17
Character_Status8351,2025-01-17
Turbulent_Plenty1938,2025-01-17
Visible_Ad_7349,2025-01-17
KTMB-boleh,2025-01-17
quality_fon,2025-01-17
Hopeful-Vermicelli30,2025-01-17
Most-Hat-677,2025-01-17
Stpddumidt,2025-01-17
MrSnoopy69,2025-01-17
GreatAlex3001,2025-01-17
Altruistic_List_8429,2025-01-17
Constant-Chest3286,2025-01-17
Opposite-Post8721,2025-01-17
AmyHei,2025-01-17
OrdinaryLeo,2025-01-17
Bleeditout26,2025-01-17
real-crackers,2025-01-17
Fantastic_Phrase_248,2025-01-17
trueheart1990,2025-01-17
venonononahhh,2025-01-17
Low_Bend946,2025-01-17
Difficult-Yam-8090,2025-01-17
Neyyked,2025-01-17
insertcoolusernaaame,2025-01-17
Puzzled-Present-4718,2025-01-17
nargizka,2025-01-17
Glad-Morning3028,2025-01-17
Specialist_Date6607,2025-01-17
Gullible-Cup7266,2025-01-17
justagayduck,2025-01-17
215059,2025-01-17
Fun-Garbage-8096,2025-01-17
Proof-Department6997,2025-01-17
Wonderful-Walk-6497,2025-01-17
Strong-Explorer4315,2025-01-17
Big_Competition_2811,2025-01-17
Organic_Appearance61,2025-01-17
Interesting-Work9874,2025-01-17
xorihdx,2025-01-17
whatsnai,2025-01-17
Samboosa1,2025-01-17
BrokenWayne,2025-01-17
duaneressl,2025-01-17
dukboogem,2025-01-17
BoluupGRT,2025-01-17
TopImportant4770,2025-01-17
Single-Garlic-9372,2025-01-17
Cudlings,2025-01-17
Fank_Thuck,2025-01-17
Difficult_Mix8652,2025-01-17
DifferentSide8757,2025-01-17
Agitated-Two3475,2025-01-17
Mundane_Director_683,2025-01-17
ButteryChickenBits,2025-01-17
Outside_Bee_7304,2025-01-17
Next-Exit-1578,2025-01-17
NYYanksRule14,2025-01-17
Top_Revolution3825,2025-01-17
BowlerExpert1929,2025-01-17
Brief_Subject7049,2025-01-17
MrStewartCat,2025-01-17
Peaceful-Mountains,2025-01-17
jhfarnsworth,2025-01-17
wandering_aviator,2025-01-17
NurseRN123456,2025-01-17
Brunicolor,2025-01-17
Valuable_Net_2030,2025-01-17
willow4323,2025-01-17
TinFoilHatPuppy,2025-01-17
CyberEagle08,2025-01-17
anishreddy-,2025-01-17
flskensma,2025-01-17
Formal-Pen-5040,2025-01-17
Anon_ee_Mouse1,2025-01-17
anon_2968,2025-01-17
Flat-Park6164,2025-01-17
katbug2144,2025-01-17
Technical-Top-9460,2025-01-17
heloosot,2025-01-17
thoughts_of_the_day,2025-01-17
Grand_Plantain7200,2025-01-17
SuChinakasushiLu,2025-01-17
Fun-Geologist2460,2025-01-17
Blogger8517,2025-01-17
allthecolor,2025-01-17
RyanTheGreatYT,2025-01-17
Due-Equal6692,2025-01-17
Tricky-Ad-153,2025-01-17
WonderfulReward9276,2025-01-17
jamesszarate,2025-01-17
CameronMitchell618,2025-01-17
Big_Investment_5477,2025-01-17
Icy-Exit-2341,2025-01-17
GuppyCats,2025-01-17
Altruistic_Tackle_31,2025-01-17
Interesting-Koala3,2025-01-17
curious-thinker-time,2025-01-17
ReliefSlight6099,2025-01-17
upstairsbeforedark,2025-01-17
Normal-Software4218,2025-01-17
Slyferchisk,2025-01-17
g0obl1in,2025-01-17
theblindeye,2025-01-17
SadVermicelli9479,2025-01-17
VropiumFan50,2025-01-17
OkPhotograph9595,2025-01-17
Charming-Nerve6726,2025-01-17
Comfortable_Lab2815,2025-01-17
Uneasy_Lamp,2025-01-17
moosemama0509,2025-01-17
euphoric_orchid_,2025-01-17
LowPassage8142,2025-01-17
Historical-Clerk-800,2025-01-17
pok3rfac3_,2025-01-17
alpha-404,2025-01-17
ZaneSubba,2025-01-17
terrapintootsies,2025-01-17
Free-Willow2749,2025-01-17
Ok_Speed_3537,2025-01-17
Turbulent_Chipmunk51,2025-01-17
CommercialMine576,2025-01-17
AwaySheepherder977,2025-01-17
CFCNandos,2025-01-17
Admirable_Piano_2235,2025-01-17
Ok-Communication3020,2025-01-17
Typical-Sandwich-707,2025-01-17
No_Pin_9310,2025-01-17
N1ghet,2025-01-17
KLT110118,2025-01-17
MoJoJojojo123,2025-01-17
Next_Froyo6957,2025-01-17
Nice_Aardvark1233,2025-01-17
schmitty69420,2025-01-17
ElectricPhonetic1190,2025-01-17
rock3t_qu33n,2025-01-17
Jzlk,2025-01-17
Longjumping-Ad3624,2025-01-17
Heavy-Owl5905,2025-01-17
LateAd1841,2025-01-17
derpskies69,2025-01-17
Left_Tooth1934,2025-01-17
Aggressive_Month_753,2025-01-17
Ilovew4ffles,2025-01-17
PositiveTaxi,2025-01-17
SnooChipmunks3489,2025-01-17
Sad_Carpet7355,2025-01-17
craftyorca135,2025-01-18
Pretty-Charity8136,2025-01-18
Shoddy-Application85,2025-01-18
Melodic_Forever2062,2025-01-18
MrSpaceTeacher,2025-01-18
vacant-jobs,2025-01-18
rednecklobotomy,2025-01-18
saltedwounds_,2025-01-18
Life-Sandwich-6062,2025-01-18
AlexQ2777,2025-01-18
ddeokbxkki,2025-01-18
Far-Calligrapher-933,2025-01-18
reality_newb,2025-01-18
Sudden_Antelope_9042,2025-01-18
Odd_Comment_9104,2025-01-18
Own-Atmosphere-4631,2025-01-18
Comfortable-Dog-2894,2025-01-18
Spiritual-Store-9334,2025-01-18
Impossible-Ad-8691,2025-01-18
underground_resist,2025-01-18
Dull_March_7340,2025-01-18
Individual_Fruit1618,2025-01-18
ChargeResponsible112,2025-01-18
IceIcy74,2025-01-18
MainPayment9577,2025-01-18
Professional-Let2471,2025-01-18
cjleh757,2025-01-18
Symphoxer,2025-01-18
nishant_growthromeo,2025-01-18
Fit_aparment_2346,2025-01-18
MunchieMinion121,2025-01-18
back1987,2025-01-18
Shot_Mushroom_1326,2025-01-18
Klutzy_Pepper3669,2025-01-18
Evie__Hart,2025-01-18
PackageResponsible77,2025-01-18
Rude_Durian3105,2025-01-18
After-Property-3678,2025-01-18
Gloomy_Guide7244,2025-01-18
FreedomAtom,2025-01-18
tjs0620,2025-01-18
Then_Pea_9468,2025-01-18
24Gameplay_,2025-01-18
Ill_Cut_2308,2025-01-18
manifestafiesta,2025-01-18
Effective_Winner_190,2025-01-18
Swimming_Reply_5855,2025-01-18
Wise_Potential_4167,2025-01-18
Fragrant-Struggle655,2025-01-18
Icy-Comparison2008,2025-01-18
SunflowerRemedies,2025-01-18
Less-University9224,2025-01-18
notconfuse,2025-01-18
Imaginary-Impress-51,2025-01-18
D_fz25,2025-01-18
ComradeTelevision,2025-01-18
PalpitationNo797,2025-01-18
Middle_Bathroom_4797,2025-01-18
projectD13reddit,2025-01-18
Temporary_Wear2427,2025-01-18
Altruistic-Dust5334,2025-01-18
Otherwise_Stranger19,2025-01-18
WhatIsHappening369,2025-01-18
National-Bed-1059,2025-01-18
Charming_Quality_725,2025-01-18
Impossible-Hat-1861,2025-01-18
Redditthinksforme,2025-01-18
Monster_peru228,2025-01-18
ghostly-SfX,2025-01-18
shorthairgil,2025-01-18
LethalFungi,2025-01-18
Sebastian_DRS,2025-01-18
Big-Meaning7129,2025-01-18
Empty-Wrap-8041,2025-01-18
Outside-Medicine-382,2025-01-18
odeyssey87,2025-01-18
EmuConsistent7738,2025-01-18
BulldogsBeetsBStarGa,2025-01-18
Just-Yak-8959,2025-01-18
Tough-Power4214,2025-01-18
Informal-Ad7660,2025-01-18
Brave-Swimmer-4718,2025-01-18
Repulsive_Area_7390,2025-01-18
JGNimrod,2025-01-18
kardemommeK,2025-01-18
high-priestess,2025-01-18
hummingbird-30,2025-01-18
Blyndblitz,2025-01-18
HeavenHereToLearn,2025-01-18
SandrineGentle,2025-01-18
Logical_Creme_5251,2025-01-18
Less-Confusion9575,2025-01-18
helloneko1,2025-01-18
AppleGeek05,2025-01-18
wemakes,2025-01-18
burnergirl777,2025-01-18
Emotional_Tea_7846,2025-01-18
Professional_Fan_886,2025-01-18
psychopepona,2025-01-18
Business-Bake6613,2025-01-18
fronkentine,2025-01-18
Ecstatic-Board-8440,2025-01-18
yearningdramione,2025-01-18
Other-Appointment-84,2025-01-18
dayoldcoffeegrounds,2025-01-18
OkSignal5994,2025-01-18
greywhitefluff,2025-01-18
Pretend_Teaching6363,2025-01-18
NoxiusScintilla,2025-01-18
Mysterious_Name_408,2025-01-18
dhruv_p01,2025-01-18
Good_Transition_8288,2025-01-18
chancebrough,2025-01-18
Portgas_D_Newgate,2025-01-18
Molly_margaret,2025-01-18
Exciting_Respect_56,2025-01-18
gimatek,2025-01-18
Lucky_Ad_8566,2025-01-18
4everconcerned75,2025-01-18
sweetisage,2025-01-18
RealMermaid04,2025-01-18
Several-Play-3076,2025-01-18
Thatmixedone,2025-01-18
Away-One-6642,2025-01-18
Turbulent-House7584,2025-01-18
Key-Cap4973,2025-01-18
Intelligent_Gap_7308,2025-01-18
Meatbag37,2025-01-18
Dependent_Year_4600,2025-01-18
A-Creature-Calls,2025-01-18
Aggravating-Resort65,2025-01-18
Visual-Door5227,2025-01-18
Apprehensive_Mud_312,2025-01-18
californialovin33,2025-01-18
Character-View3434,2025-01-18
Smooth-Dragonfly-516,2025-01-18
Arcitc1,2025-01-18
Snarnsjfhro,2025-01-18
Moist-Dance-1797,2025-01-18
DynamicDominator7,2025-01-18
HowyousayDoofus,2025-01-18
Ayod_man,2025-01-18
Honey_Dew_08,2025-01-18
ktj19,2025-01-18
Glittering_Topic_305,2025-01-18
DifficultCareer6297,2025-01-18
Bruhcryo,2025-01-18
LoadBearingGrandmas,2025-01-18
thate64m6,2025-01-18
SmoogySmodge,2025-01-18
LouInvestor,2025-01-19
psypsych,2025-01-19
Anthro_DragonFerrite,2025-01-19
_b3rtooo_,2025-01-19
Grouchy_Working6497,2025-01-19
Wise_Employee_5872,2025-01-19
FastRun7909,2025-01-19
Zlorak,2025-01-19
More-Ad-4414,2025-01-19
Illustriouspintacker,2025-01-19
Upbeat-Ad-9726,2025-01-19
No_Jeweler_4662,2025-01-19
xAnici,2025-01-19
mouseknowsbest,2025-01-19
ariana_grindr7,2025-01-19
throwaway_282827,2025-01-19
PrintHawkJr,2025-01-19
EAsianUnicorn,2025-01-19
TimeEntertainment964,2025-01-19
Apprehensive_Good882,2025-01-19
Good_ApoIIo,2025-01-19
TwoSuccessful437,2025-01-19
ice1306,2025-01-19
Icy-Peach3633,2025-01-19
NewIdeas13,2025-01-19
Vincenttank,2025-01-19
MyssingMuse,2025-01-19
CascadiaRizing,2025-01-19
elf124,2025-01-19
SEROTONIN_2904,2025-01-19
Liltinybabyjai,2025-01-19
poppercat,2025-01-19
Glittering-Weight452,2025-01-19
ModernDayViking11,2025-01-19
Select_Review3154,2025-01-19
ducksfolife1470,2025-01-19
Hot_Sprinkles_848,2025-01-19
AssociateFluffy6950,2025-01-19
No-Ocelot-7268,2025-01-19
BigCamp2105,2025-01-19
Agreeable_Let_9433,2025-01-19
Maruti_chavan_07,2025-01-19
Crazy-Paramedic6972,2025-01-19
Aworldwithouthumans,2025-01-19
Swa_la_la,2025-01-19
TrillionTalents,2025-01-19
lyynny,2025-01-19
Khongorz,2025-01-19
Potential-Mud7133,2025-01-19
Disastrous_Cod5390,2025-01-19
Rough-Technician6416,2025-01-19
srija_2025,2025-01-19
775490,2025-01-19
jinnyjuice,2025-01-19
Bitter_Window_344,2025-01-19
me_snooze,2025-01-19
WubbityWubWubsDude,2025-01-19
SubX_UK,2025-01-19
MeaningCreative6203,2025-01-19
Cultural-Attitude-67,2025-01-19
Turbulent_Cloud_2418,2025-01-19
Distinct-Fox-6476,2025-01-19
National_Nectarine61,2025-01-19
notsuretbhg,2025-01-19
Rare_Yam_137,2025-01-19
buffybot384,2025-01-19
Omieethehomie,2025-01-19
Dry-Passion-410,2025-01-19
Confident_Gazelle483,2025-01-19
Novel_1997,2025-01-19
adultwomanbobbyhill,2025-01-19
GaCoRi,2025-01-19
North-Classic2650,2025-01-19
Lower_Ad_9157,2025-01-19
Mister_Ragusa,2025-01-19
SwanPast6042,2025-01-19
TIE34,2025-01-19
Professional-Pie1631,2025-01-19
beoball,2025-01-19
Smiling_Buddha3,2025-01-19
hellothereimonreddit,2025-01-19
Several_Guitar_130,2025-01-19
uepanella,2025-01-19
Little-Opening8393,2025-01-19
dev_kanyal23,2025-01-19
Fluid_Awareness_6845,2025-01-19
Blunk9,2025-01-19
Apart_Interaction_88,2025-01-19
shilkovdotme,2025-01-19
Brief-Pit-7075,2025-01-19
tizelle,2025-01-19
harleysinhawaii2,2025-01-19
MonitorOfChaos,2025-01-19
TA4Spooks,2025-01-19
blitz_angel91,2025-01-19
Strange-Patience-566,2025-01-19
NewWillingness1687,2025-01-19
tadpoleboopalini,2025-01-19
HVACQueenB,2025-01-19
Any_Confidence2580,2025-01-19
Natural_Shoulder503,2025-01-19
KitchenSinger8818,2025-01-19
Mentalsasha15,2025-01-19
CreepyZucchini2859,2025-01-19
RasThavas1214,2025-01-19
MotherIntroduction68,2025-01-19
No-Presentation-1495,2025-01-19
Aspie-Girl4958,2025-01-19
Competitive-Web-7365,2025-01-19
Secret-External5368,2025-01-19
Nice-Factor-8894,2025-01-19
Academic-Lunch3779,2025-01-19
Prudent-Egg-6134,2025-01-19
giraffe-haircut,2025-01-19
H_Sudhir,2025-01-19
Different_Touch2005,2025-01-19
Sunset9130,2025-01-19
Sanrionik,2025-01-19
tha_stormin_mormon,2025-01-19
Maleficent-Bother457,2025-01-19
HotSoup3736,2025-01-19
maturecigarplant,2025-01-19
Brunhilda81,2025-01-19
EffectiveBad7876,2025-01-19
Lost_Department_8916,2025-01-19
Youareweirdmother,2025-01-19
phoneandphone77,2025-01-19
skips_funny_af,2025-01-19
Pertemis_Is_Best,2025-01-19
Mundane-Yak-3873,2025-01-19
amari102,2025-01-19
No_Cantaloupe2483,2025-01-19
Fit-Egg5769,2025-01-19
Electronic-Snail666,2025-01-19
Civil-Traffic-3359,2025-01-19
Foriest_Jan,2025-01-19
DaddyDisney,2025-01-19
Avaracks,2025-01-20
Cattenbread,2025-01-20
anxietylife601,2025-01-20
AslAware,2025-01-20
besourosuco3,2025-01-20
Limitlies89,2025-01-20
customsunglasses,2025-01-20
Square_Message_5513,2025-01-20
CreativeEstimate6779,2025-01-20
Available-Assist7836,2025-01-20
Desperate-Sun8986,2025-01-20
Ok_Seat_2446,2025-01-20
Jammed-Glock,2025-01-20
IamFitzDog,2025-01-20
According-Curve2584,2025-01-20
Fear-and-Panic-55,2025-01-20
Defiant-Vanilla9380,2025-01-20
exanimafilm,2025-01-20
Hot_Confidence_201,2025-01-20
givinguponlife10,2025-01-20
ValuableAd6983,2025-01-20
OrneryHuckleberry291,2025-01-20
bhkpt2,2025-01-20
Embarrassed-Cost-100,2025-01-20
Mission2Hike,2025-01-20
Brief-Impression1488,2025-01-20
LadderEastern,2025-01-20
SamooraiSoldia,2025-01-20
AdventurousSun2005,2025-01-20
Budget_Status_9201,2025-01-20
Alarmed-Television35,2025-01-20
Zeevika-Consultancy,2025-01-20
FloorHistorical9021,2025-01-20
Winter_Address_8320,2025-01-20
AsherWantsPeace,2025-01-20
StageSignificant3717,2025-01-20
SafeIndependence3641,2025-01-20
Yakkafu,2025-01-20
Humble_Hunt_6484,2025-01-20
t-pdx18,2025-01-20
Euphoric_Gold5566,2025-01-20
Historical_Scheme480,2025-01-20
Crazy-Double-5880,2025-01-20
Present_Fox_7783,2025-01-20
choukran,2025-01-20
Zampata1810,2025-01-20
KeysToMyBeemerr,2025-01-20
Intrepid_Promise9691,2025-01-20
Puzzleheaded-Ninja90,2025-01-20
Strong-Volume8670,2025-01-20
Hefty-Interview2430,2025-01-20
BoredPanda_Jobs,2025-01-20
Salt-Regret-6997,2025-01-20
makuser77,2025-01-20
Enz0hReborn,2025-01-20
KlatusHam,2025-01-20
TrickEntrepreneur102,2025-01-20
Jessepinkman670,2025-01-20
Soliara,2025-01-20
Infinite_Panda606,2025-01-20
Status_Artichoke_356,2025-01-20
watersunlover,2025-01-20
Educational_Ebb_9981,2025-01-20
No_Lunch675,2025-01-20
AlaskanMooses,2025-01-20
AxelNoir,2025-01-20
First-Interaction923,2025-01-20
ExotiquePlayboy,2025-01-20
ArtistNo241219,2025-01-20
LunarDragon14,2025-01-20
EmilyRose_12__,2025-01-20
Key-Path2701,2025-01-20
OrdinarySubstance491,2025-01-20
guava_grapes,2025-01-20
Visual-Inspector-255,2025-01-20
Ok_Basket7187,2025-01-20
Special_Ladder_5624,2025-01-20
seekinghelp114,2025-01-20
SAATVICK,2025-01-20
Born_Attorney_251,2025-01-20
Broad-Cranberry-9050,2025-01-20
Alone_Wishbone3983,2025-01-20
Slight-Yam7701,2025-01-20
Wise_Ability_5564,2025-01-20
SilverParty,2025-01-20
tsaret_04,2025-01-20
GordonNEO,2025-01-20
whimsicalhope,2025-01-20
General-Birthday4971,2025-01-20
Altruistic-Handle-91,2025-01-20
Frequent_Elk_4844,2025-01-20
Swimming_Driver4974,2025-01-20
karlito1978,2025-01-20
AttemptTop6799,2025-01-20
Beginning_Pie_0903,2025-01-20
Stock_Profile_9060,2025-01-20
_pro_ton_,2025-01-20
Free_Pool_4446,2025-01-20
Big_Introduction5964,2025-01-20
Eliseruk,2025-01-20
elmy00,2025-01-20
9019f,2025-01-20
invisblestring,2025-01-20
No-Interaction4205,2025-01-20
IdealFuture275,2025-01-20
Impressive_Sort_8578,2025-01-20
Cheekybants,2025-01-20
Dangerous_Log734,2025-01-20
Mediocre_Revenue3649,2025-01-20
Great_Percentage3150,2025-01-20
foreveryoung0738,2025-01-20
invaild__input,2025-01-20
Upbeat-Gazelle-3056,2025-01-20
n4tcore,2025-01-20
Matek_sa_K,2025-01-20
Icy-Banana-1099,2025-01-20
Confident_Warning_32,2025-01-20
SeaParty2830,2025-01-20
2createanewaccountus,2025-01-20
Ktin2988,2025-01-20
Mr-Small-Potato,2025-01-20
JD-Pro89,2025-01-20
Ok_Plum6119,2025-01-20
Kathybella1weird,2025-01-20
Soulsweet17,2025-01-20
WesternPossible9627,2025-01-20
zekellyx,2025-01-20
Any_Country2722,2025-01-20
Destinyend,2025-01-20
plantycathoe,2025-01-20
SonOfGallifrey,2025-01-20
RoninPaintingLLC,2025-01-20
DazedMisanthrope,2025-01-20
SeaSomewhere5170,2025-01-20
One-Score8299,2025-01-20
Hour_Solid_bri,2025-01-20
dbootywarrior,2025-01-20
SaltGate4840,2025-01-20
Cheap-Ship8271,2025-01-20
LeatherItem4807,2025-01-20
user753682,2025-01-20
Which-Raisin3765,2025-01-20
No-One-7289,2025-01-20
Purple_Kiwi8538,2025-01-20
Pollnatiddy,2025-01-20
Strong-Log5969,2025-01-20
Cute-as-duck1,2025-01-20
_KangarooJack,2025-01-20
anonymous62022,2025-01-20
gen123_e,2025-01-20
Some-Customer1168,2025-01-20
1980_Dodge_Aspen,2025-01-20
Sad-Broccoli-1285,2025-01-20
Pretty-Enthusiasm375,2025-01-20
onizukaraptor,2025-01-20
FrownUrOnCamera,2025-01-20
Optimal-Factor-6971,2025-01-20
knifylime,2025-01-20
ailenrok225,2025-01-20
_SR7_,2025-01-20
Goffather1997,2025-01-20
Temperedtomb8,2025-01-20
Welcome_666,2025-01-20
Prize-Thought9536,2025-01-20
brandnew_era35,2025-01-20
lilkyloxx,2025-01-20
LookingFor2176,2025-01-20
Evening-Horror8686,2025-01-20
No_Lingonberry_2401,2025-01-20
SJExit4,2025-01-20
Dear-Fox-6546,2025-01-20
nisaarda,2025-01-20
Flimsy-Temperature44,2025-01-20
Initial_Cantaloupe19,2025-01-20
MaslowCPA,2025-01-20
frenchwalnut,2025-01-20
bobawaterfan,2025-01-20
favgirl-idk,2025-01-21
NatureOne2158,2025-01-21
FlamingoBusiness6330,2025-01-21
MrMrsDigitalMoney,2025-01-21
LopsidedGrape1733,2025-01-21
Solid-Ninja4535,2025-01-21
JeffreyHuntArt,2025-01-21
flowerhi1,2025-01-21
swiftiesince02,2025-01-21
UpbeatHighlight7174,2025-01-21
theteacupishattered,2025-01-21
PrinceTrophy,2025-01-21
Opposite-Visit-6792,2025-01-21
PuzzleheadedShine637,2025-01-21
tom-cent,2025-01-21
BigManKaat,2025-01-21
Chelseaaaa-,2025-01-21
imanister,2025-01-21
Due_Philosophy_8078,2025-01-21
Hour-Entrance7202,2025-01-21
SheepherderLumpy5046,2025-01-21
Opposite_Wait7729,2025-01-21
KaleOrganics,2025-01-21
RN20231,2025-01-21
Zay2817,2025-01-21
tiredsun_89,2025-01-21
Have2ReturnVideoTape,2025-01-21
Standard_Ruin_2690,2025-01-21
Few_Firefighter_8973,2025-01-21
OG_looncaster,2025-01-21
Netherite_Desk,2025-01-21
Evening-Ostrich5504,2025-01-21
Fun_Honeydew_6682,2025-01-21
Fig3lvl_agency,2025-01-21
ShiamondDamrock,2025-01-21
UnderstandingSad8886,2025-01-21
YungDab69,2025-01-21
r6gringo,2025-01-21
dominicandeadlift,2025-01-21
LateAcanthaceae9497,2025-01-21
APbeg,2025-01-21
Lillyluvsu22,2025-01-21
Sakeo_2784,2025-01-21
BananaaSplits,2025-01-21
OtherEstablishment95,2025-01-21
Constructman2602,2025-01-21
TNiedz12,2025-01-21
LimpSeaworthiness234,2025-01-21
Fluffy_Buffalo_8331,2025-01-21
Aggravating-Pop4491,2025-01-21
disco-kicks,2025-01-21
Ok-Eggplant-8922,2025-01-21
DrummerOtherwise5381,2025-01-21
Vegetable_Border4517,2025-01-21
Trickmastergames,2025-01-21
Crazy-Dish4691,2025-01-21
FoofyPupp,2025-01-21
SouthpoleSoul69,2025-01-21
Tough-Relative5982,2025-01-21
Ok_Onion_6866,2025-01-21
Background-Bat8312,2025-01-21
PrepVerse,2025-01-21
syed_shahenoor,2025-01-21
VastoLorde556,2025-01-21
InternationalBook914,2025-01-21
Smooth_Glass_6195,2025-01-21
Abhishekt235,2025-01-21
washa123,2025-01-21
InterestingBill9054,2025-01-21
JoxDoxSox,2025-01-21
SlideOk9102,2025-01-21
SuccessfulAquarius24,2025-01-21
lorain_34,2025-01-21
axoncheeseballs,2025-01-21
Same-Poet5179,2025-01-21
Exciting_Acadia9740,2025-01-21
margesimps777,2025-01-21
Educational_Rip8074,2025-01-21
terracottagrey,2025-01-21
lover_1989,2025-01-21
AffectionateStudy127,2025-01-21
TheYeetBoii,2025-01-21
Pickle_C137,2025-01-21
HolaBuenasTArdes17,2025-01-21
Tiny_Bag7016,2025-01-21
DRCarolusRex,2025-01-21
PrizeOk4044,2025-01-21
Basic_Woodpecker_814,2025-01-21
MotorCold9712,2025-01-21
gfdoghdfgfd,2025-01-21
your_favorite04,2025-01-21
Keld1n,2025-01-21
BabblingInvestor,2025-01-21
A0W0N,2025-01-21
Odd_Excitement_2112,2025-01-21
Health-Outrageous,2025-01-21
ScarPlastic6267,2025-01-21
KettlekornPOP,2025-01-21
w1nkzz,2025-01-21
OkieDokie-Artichokey,2025-01-21
AstralAly,2025-01-21
Sad-Caterpillar-326,2025-01-21
Ladybug826,2025-01-21
ocdpsychologist,2025-01-21
Jubbity,2025-01-21
Ok_Currency_7597,2025-01-21
erey2016,2025-01-21
Cheebz_,2025-01-21
Actual_Special_7853,2025-01-21
Practical_Ad_6025,2025-01-21
burymeinconcrete,2025-01-21
Loud_Might_2664,2025-01-21
Big_Resist_9805,2025-01-21
Stunning-Positive-80,2025-01-21
Swimming-Ask1295,2025-01-21
tanner2145,2025-01-21
Prestigious-Isopod-4,2025-01-21
Complete_Elevator536,2025-01-21
Own-Championship-810,2025-01-21
AR_E,2025-01-21
shantallopez,2025-01-21
Best_Conflict4422,2025-01-21
Quillish98,2025-01-21
Stuff_Some,2025-01-21
Even_Raise_692,2025-01-21
toasteytaken,2025-01-21
ScarfDreamer,2025-01-21
justgottamakeit15,2025-01-21
Such_Masterpiece_597,2025-01-21
zumpalov,2025-01-21
Luvly_1,2025-01-21
nocturnalsun777,2025-01-21
ConfusedTiredHungry,2025-01-21
punkrockwinemom,2025-01-21
ReviewNo2995,2025-01-21
Ornery-Stock-9661,2025-01-21
MundaneLavishness519,2025-01-21
Alternative-Rich-339,2025-01-21
Pristine-Donkey-9065,2025-01-21
Unusual-Bad1384,2025-01-21
Ready-Ad9344,2025-01-21
Purple_Key_6733,2025-01-21
Abbiferizzlie,2025-01-21
Own-Hedgehog7417,2025-01-21
throthepurplenight,2025-01-21
AdventurousFlan5593,2025-01-21
Blazing_Phoenixx,2025-01-21
Repulsive_Ad9969,2025-01-21
Professional_Top6765,2025-01-21
Accomplished_Tip_361,2025-01-21
holmesianschizo,2025-01-21
No-Illustrator-7539,2025-01-21
OkCycle5542,2025-01-21
BIMFgang,2025-01-21
Otherwise_Patience64,2025-01-21
KraklePony,2025-01-21
KatherineV2,2025-01-21
AlarmingAirline6860,2025-01-21
National-Eggplant813,2025-01-21
classically_cool,2025-01-21
capt_yk,2025-01-21
SaltyMeringue9737,2025-01-21
Middle-Contract8561,2025-01-21
erikyouarenotfunny,2025-01-21
Pure-Economy-356,2025-01-21
Foxo828,2025-01-21
Justalittlemoree,2025-01-21
satefps,2025-01-21
Round_Banana3665,2025-01-21
The_Heros_Hero,2025-01-21
Awesome_sauce510,2025-01-21
Steven_GuivenX1,2025-01-21
Gutei,2025-01-21
Anxious_Republic2792,2025-01-21
Uptown_Rubdown,2025-01-21
Tough_Jello_2200,2025-01-21
Existing_Painting958,2025-01-21
sprig752,2025-01-21
Chaseshaw,2025-01-21
Darklowlornot,2025-01-21
Advanced_Poem_7284,2025-01-21
Realistic-Race7763,2025-01-22
yeeter223,2025-01-22
Witty_Foundation_314,2025-01-22
ximi1u,2025-01-22
katnettot,2025-01-22
O-Ren_Ishiii,2025-01-22
InterestingCloud369,2025-01-22
prodev321,2025-01-22
ThenVariation936,2025-01-22
J0NS1E,2025-01-22
Mr_OnionEgg,2025-01-22
ZaeBanks,2025-01-22
AmphibianAgitated400,2025-01-22
throawayaccount1776,2025-01-22
SchemeMindless9607,2025-01-22
Chubbylita16,2025-01-22
Purple-Jello-2999,2025-01-22
Ordinary-Draft-2467,2025-01-22
Cowsgobaaah,2025-01-22
No_Character_1416,2025-01-22
Due-Walk-1180,2025-01-22
weguccison,2025-01-22
NoInteraction5344,2025-01-22
cbd_18,2025-01-22
Flammus713,2025-01-22
ApprehensiveIce5500,2025-01-22
OverLifeguard6414,2025-01-22
PleasantAd8819,2025-01-22
SquareCulture7886,2025-01-22
North-Ad-7010,2025-01-22
creamsodaprincess,2025-01-22
cyb3r_bluntz,2025-01-22
Full-Grade3020,2025-01-22
berry_strawberry_108,2025-01-22
Infamous_League_9128,2025-01-22
Complete-Cricket-557,2025-01-22
ConsistentFarm8985,2025-01-22
JefeTX2024,2025-01-22
notdeadyet_ig,2025-01-22
Lopsided_Research164,2025-01-22
hellocce,2025-01-22
br_0713,2025-01-22
Objective-Command843,2025-01-22
zenrank-softweres,2025-01-22
Overall-Yogurt-410,2025-01-22
Competitive_Twist345,2025-01-22
baal-beelzebub,2025-01-22
JGdro,2025-01-22
Rye_Ch3,2025-01-22
Croquetadecarne,2025-01-22
Traditional_Drop670,2025-01-22
Significant-Rock435,2025-01-22
amyyy1102,2025-01-22
Easy_Classic4431,2025-01-22
Ok_shivangi,2025-01-22
Aromatic_Anybody969,2025-01-22
wasp9000,2025-01-22
SnooCats4046,2025-01-22
Remote_Season_3867,2025-01-22
Menentile,2025-01-22
Saumya07jain,2025-01-22
GrayMatter6898,2025-01-22
West_Face8194,2025-01-22
PublicInvestment6209,2025-01-22
Dependent_Vacation58,2025-01-22
qwust,2025-01-22
MudDiscombobulated70,2025-01-22
WillingPsychology534,2025-01-22
Jas_93,2025-01-22
Obvious-Bison-8203,2025-01-22
JoeMiaKova,2025-01-22
Mariya_G,2025-01-22
havenrosewood,2025-01-22
Emergency_Ability354,2025-01-22
Mammoth_Cookie_3417,2025-01-22
Accomplished_Tart235,2025-01-22
Top-Actuator-9201,2025-01-22
Beautiful_Anxiety530,2025-01-22
EffectiveAspect5338,2025-01-22
beabaadobee,2025-01-22
guildof1,2025-01-22
entdeepak,2025-01-22
Electrical_Might72,2025-01-22
PharmD_Beauty,2025-01-22
Beautiful-Olive722,2025-01-22
kittyk1313,2025-01-22
UntitledCritic,2025-01-22
Any_Instance3697,2025-01-22
RainbowWarrior96,2025-01-22
Cautious_Kiwi_4801,2025-01-22
Comfortable_Onion318,2025-01-22
Negative-Hold2896,2025-01-22
CaronaKush,2025-01-22
TerribleBike6901,2025-01-22
BakedBean269,2025-01-22
plokoreddit,2025-01-22
No_Membership6483,2025-01-22
No-Football-8881,2025-01-22
EnthusiasmStrong8263,2025-01-22
vikkihatesu,2025-01-22
Get_High_Get_By,2025-01-22
Comfortable-Bat-1306,2025-01-22
yellowraincoat2107,2025-01-22
_homomilk,2025-01-22
Zealousideal_Tip7483,2025-01-22
Heyy_Aly,2025-01-22
Fragrant-History-620,2025-01-22
Tight-Willingness734,2025-01-22
Kitt180786,2025-01-22
derpytrollerZ,2025-01-22
DweomersDungeons,2025-01-22
leynxdd,2025-01-22
Rush_InTime,2025-01-22
MornCoffeeEvnWhisky,2025-01-22
IntergalacticLum,2025-01-22
Any_Money_9198,2025-01-22
nadiajolie,2025-01-22
FeistyLibrarian2860,2025-01-22
Toubaleon,2025-01-22
OwnAd7273,2025-01-22
rasulkurbanov,2025-01-22
Additional-Stop6484,2025-01-22
Sharp_Rock_8683,2025-01-22
Top_Trash3016,2025-01-22
TelevisionFormal1739,2025-01-22
Polokidreemz,2025-01-22
TumbleweedOk4287,2025-01-22
straygodyaboku,2025-01-22
Plenty-Confusion9495,2025-01-22
Key_Permission_5102,2025-01-22
SubjectBus2531,2025-01-22
SarcasticSass_,2025-01-22
BRBInvestments,2025-01-22
Trek-Siberian-005,2025-01-22
Owww_My_Ovaries,2025-01-22
JazzlikeBlueberry417,2025-01-22
MonaLisa080,2025-01-22
Canadian_Grwn,2025-01-22
Ok-Tiger4129,2025-01-22
Sil1ymEe,2025-01-22
WhereShouldIStart1,2025-01-22
Delicious-Crow-7897,2025-01-22
Responsible_Log_8854,2025-01-22
honk1738,2025-01-22
Hot-Use9385,2025-01-22
Afraid-Bed329,2025-01-22
Fantastic-Industry95,2025-01-22
12heha,2025-01-22
Blurallthelines,2025-01-22
Huntolino,2025-01-22
Bono77o1990,2025-01-22
zuckisavirgin,2025-01-22
Maleficent_Bar_1202,2025-01-22
HappySock9654,2025-01-22
Mundane_Leopard940,2025-01-22
Low-Band-2096,2025-01-22
jedi_kat,2025-01-22
fed-throwaway69420,2025-01-22
DSingh95,2025-01-22
Half_Viking554,2025-01-22
TinyDestiny26,2025-01-22
PlacidPanda8939,2025-01-22
bobbinsrobbinscoffin,2025-01-22
AlwaysFindAway1234,2025-01-22
amd2026,2025-01-22
Garbs007,2025-01-22
Jz9786,2025-01-22
AstroViss,2025-01-22
Supreme_Edgelord_,2025-01-22
adamanthamburger,2025-01-22
Azaraiya,2025-01-22
Difficult-Sort2347,2025-01-22
LakeSame9534,2025-01-22
vrairisn,2025-01-22
JCS112,2025-01-22
Reasonable_Serve_871,2025-01-22
drunken_squirel0,2025-01-22
helkhodary,2025-01-22
OneSchmeanBean,2025-01-22
Fun-Lobster5805,2025-01-22
King-Bricky,2025-01-22
DimitrisPetrenko,2025-01-22
FadingHeaven,2025-01-22
KawaiiCryptids,2025-01-22
Vigilante_K9,2025-01-22
Negative_Offer5070,2025-01-22
Timely_Industry_5551,2025-01-22
Fresh_Canary_2512,2025-01-22
HearingStreet,2025-01-22
clementinehutchison,2025-01-22
ThrowRA_IntelPanda,2025-01-22
CagCon,2025-01-22
royal_in_out,2025-01-22
MiserableTap1599,2025-01-22
Altruistic-Bike-8466,2025-01-22
animoobooty,2025-01-22
DonLivingston,2025-01-22
SLMac93,2025-01-22
Orange_Tenrec,2025-01-22
EveningSufficient636,2025-01-22
dopef123,2025-01-22
Mission-Chemistry-18,2025-01-22
Low-Investigator5112,2025-01-22
Soft-Chemistry-4435,2025-01-22
yungmolly2k,2025-01-22
Enough-Peak1231,2025-01-22
Salty_Apricot22,2025-01-22
Both_Week_2327,2025-01-22
macman07,2025-01-22
Corlarum,2025-01-22
Which_Interaction919,2025-01-22
GroundbreakingDirt30,2025-01-22
Ready_Milk4514,2025-01-22
Independent-City794,2025-01-22
haue21,2025-01-22
antiquevases,2025-01-22
Potential_One1,2025-01-22
Cedexplorer,2025-01-22
Muted_Librarian_246,2025-01-22
Ok-Yam3134,2025-01-22
TaxEnvironmental7348,2025-01-23
Bernoulli-Euler,2025-01-23
Dull-Worldliness343,2025-01-23
Top_Analysis6789,2025-01-23
k0k04k0k0puffs,2025-01-23
Basic-Operation-9298,2025-01-23
rosaliethewitch,2025-01-23
Negative_Carrot1113,2025-01-23
Flamo90,2025-01-23
DryUpstairs1661,2025-01-23
Top-Ingenuity338,2025-01-23
Standard_Yak333,2025-01-23
Consistent-Look-4165,2025-01-23
giraffeswillroam,2025-01-23
freshkaymak,2025-01-23
Th3RoflWaffle,2025-01-23
warmorangeskies,2025-01-23
Responsible-Crow4303,2025-01-23
Possible-Hyena-5196,2025-01-23
hockeymanbl,2025-01-23
nateyeight,2025-01-23
DoomzDay93,2025-01-23
Fast_Performance_252,2025-01-23
Naive-Gene-7895,2025-01-23
BizTuber,2025-01-23
Sea_Koala_267,2025-01-23
_Remarkable-Universe,2025-01-23
txvws,2025-01-23
ImpartialStudios,2025-01-23
Substantial-Killa,2025-01-23
Doinkkboinkk,2025-01-23
Flimsy_Series4467,2025-01-23
Mulberry-Cold,2025-01-23
Promxtheuzz,2025-01-23
SimpleFinger8347,2025-01-23
Beneficial_Tone_9410,2025-01-23
IllustriousAthlete24,2025-01-23
spicecake21,2025-01-23
No-Consideration-625,2025-01-23
Independent-Panic163,2025-01-23
superbely,2025-01-23
coronavirusisshit,2025-01-23
k__a1234,2025-01-23
Frequent_Dragonfly91,2025-01-23
Bright_Helicopter662,2025-01-23
Illustrious_Hall8435,2025-01-23
Responsible-Peak3471,2025-01-23
Strange-Mess-7364,2025-01-23
Sure-Activity-8624,2025-01-23
BeLemony,2025-01-23
PreparationTrue9704,2025-01-23
ego3y,2025-01-23
sackem12,2025-01-23
gabrielle58,2025-01-23
royalblue420,2025-01-23
SevereBother6712,2025-01-23
nr109nr18,2025-01-23
oneheadgod,2025-01-23
mmmaaaddiii,2025-01-23
realstellarstacker,2025-01-23
CounselorWriter,2025-01-23
More-Display301,2025-01-23
Key-Evidence-8058,2025-01-23
starl1ghts1ckness,2025-01-23
Willing_Key_9874,2025-01-23
suryabhai22,2025-01-23
Ok-Signature1047,2025-01-23
Lukewarmcup,2025-01-23
rfhvhtoo,2025-01-23
Low_Subject_991,2025-01-23
Ill_Dig5413,2025-01-23
Outrageous_Quiet_129,2025-01-23
Various_Dust_1864,2025-01-23
infocroc,2025-01-23
Forsaken_Finding3531,2025-01-23
Lolilorddd,2025-01-23
Aggressive_Lock8989,2025-01-23
hunorssz,2025-01-23
Potential_Way2763,2025-01-23
seveeninko,2025-01-23
Choice-Act-7648,2025-01-23
RickyMac666,2025-01-23
brownsound2019,2025-01-23
Oasisaccountants1,2025-01-23
Left-Grand4190,2025-01-23
Cautious_Try_520,2025-01-23
Ok-Housing4120,2025-01-23
Radiant-Panic-7665,2025-01-23
Still_Friend710,2025-01-23
AdhesivenessNo8898,2025-01-23
Sensitive_Bowler9837,2025-01-23
AstroBullivant,2025-01-23
JobMarketWoes,2025-01-23
SubstantialWill8517,2025-01-23
Odd_Potential_4324,2025-01-23
Frosty_Discipline789,2025-01-23
Final_Wind_651,2025-01-23
Minato_00021,2025-01-23
Aware-Counter-6050,2025-01-23
These-Yak-3188,2025-01-23
beerucey,2025-01-23
automaton85,2025-01-23
bxttleax,2025-01-23
anotherasdfgh,2025-01-23
Typical_Chain_9789,2025-01-23
Moist_Interview3498,2025-01-23
Much-Interest6646,2025-01-23
Empty_Astronaut7168,2025-01-23
thatsaxguy1,2025-01-23
Waste-Impression1783,2025-01-23
aloekqueen,2025-01-23
Low_Term5508,2025-01-23
InformalGeneral2820,2025-01-23
SuccotashWeekly,2025-01-23
Terpnista,2025-01-23
IndividualEarth5947,2025-01-23
Few-Success-5060,2025-01-23
BassMasta,2025-01-23
Clkqueen,2025-01-23
yanlejo,2025-01-23
Livefreebehappy0112,2025-01-23
Inside_Union_1957,2025-01-23
Hot-Mud-7205,2025-01-23
WaySilver3990,2025-01-23
ExoticPeak4905,2025-01-23
TarriPoha2,2025-01-23
LawOfDivinity,2025-01-23
Cumcentrator,2025-01-23
No_Anywhere_8123,2025-01-23
notacamera,2025-01-23
katayama-,2025-01-23
Aprill92,2025-01-23
Worried-Village-6982,2025-01-23
Zestyclose-Resist611,2025-01-23
smiley_face76,2025-01-23
Mediocre_Ad366,2025-01-23
Public_Freedom5972,2025-01-23
grkphill,2025-01-23
theonlyvasudev,2025-01-23
Significant_Fun7159,2025-01-23
Joehotto123,2025-01-23
Organic-Wait1095,2025-01-23
Ewwwww-people,2025-01-23
LatterRevolution7758,2025-01-23
Sea_Angle_5978,2025-01-23
TallSalary9501,2025-01-23
SinisterRemarks,2025-01-23
FazerLazer99,2025-01-23
Ok-Bumblebee-183,2025-01-23
Witty_Capital_4734,2025-01-23
Warm_Preparation7623,2025-01-23
copy-ninja25,2025-01-23
JustTheGirlYouSee,2025-01-23
zucchinimunchin,2025-01-23
qstacey007,2025-01-23
NecessaryTourist9539,2025-01-23
Euphoric_Relief5779,2025-01-23
Alfalfa117,2025-01-23
masahirox,2025-01-23
wizardsauce01,2025-01-23
Dilluxi,2025-01-23
Which_Prune_9126,2025-01-23
YourlocalrayofShyn,2025-01-23
Hauntingengineer375,2025-01-23
Life-Raccoon-7136,2025-01-23
maxiwell0916,2025-01-23
ablk402,2025-01-23
ProfessionalHot7746,2025-01-23
BrightFortune1653,2025-01-23
Short_Tadpole18,2025-01-23
AliaArianna,2025-01-23
Own_Spot_2829,2025-01-23
alli_niall,2025-01-23
zmerica01,2025-01-23
New_Natural_7785,2025-01-23
Young_Spurgeon,2025-01-23
KingXerxesII,2025-01-23
SnooFoxes6049,2025-01-23
studio684,2025-01-23
MichellLesp,2025-01-23
kidcooties,2025-01-23
No_Assignment4184,2025-01-23
Lady_Mel0,2025-01-23
Randomlo1207,2025-01-23
Fun_Tomato299,2025-01-23
Left_Long_735,2025-01-23
oovenbirdd,2025-01-23
WeatherDecent632,2025-01-23
Pastel_Client_9670,2025-01-23
_starfire_1996,2025-01-23
Such-Information9467,2025-01-23
madtatters,2025-01-23
-oaklake-,2025-01-23
SomebodysReddit,2025-01-23
floral_synesthesia,2025-01-23
canyoufeelmyheartx,2025-01-23
SkyrimLoverNord,2025-01-23
No-Appearance5607,2025-01-23
YouthInteresting6029,2025-01-23
Regular_Ad_6362,2025-01-23
Puffa_tote,2025-01-23
Proof_Pressure_4910,2025-01-23
Next_Somewhere_6845,2025-01-23
sarnott11,2025-01-23
SmooothRichRick,2025-01-23
gimmepaghetti,2025-01-23
Anna_Smith514,2025-01-23
Either_Reception_366,2025-01-23
thebluethroat,2025-01-23
Correct_University_5,2025-01-23
HammondXX,2025-01-23
Afraid_Holiday9141,2025-01-23
Relating,2025-01-23
Ok-Fisherman-1390,2025-01-23
Low-Register-9205,2025-01-23
Budget-Gene5882,2025-01-23
Tan_96,2025-01-24
taffyluf,2025-01-24
Few_Finding_6957,2025-01-24
lavender-dreamzz,2025-01-24
Heavenlyknows,2025-01-24
TraditionalReturn357,2025-01-24
Any_Possibility_9794,2025-01-24
Lost_Helicopter2703,2025-01-24
Moist-Extension-7429,2025-01-24
ilovecats1234567899,2025-01-24
InnerTides99,2025-01-24
Melodic-Two-8268,2025-01-24
keg025,2025-01-24
kayladawnm,2025-01-24
Tricky-Temperature16,2025-01-24
beepbopbon,2025-01-24
justanautisticguy001,2025-01-24
PrabeshGroup,2025-01-24
Itspronouncedn0m,2025-01-24
rando12939933,2025-01-24
OutlandishnessDue458,2025-01-24
Garfieldlover911,2025-01-24
jen_wexxx,2025-01-24
silasinwonderland,2025-01-24
No_Tone6225,2025-01-24
ComprehensiveDot251,2025-01-24
HomeworkOrnery9756,2025-01-24
Visual_Fan_5153,2025-01-24
Fun_Atmosphere784,2025-01-24
Lucky_Ear4384,2025-01-24
ResinRealmsCreations,2025-01-24
reederjulia,2025-01-24
Strict-Soil3918,2025-01-24
Mysterious-Fun9625,2025-01-24
Timely_Tale4672,2025-01-24
Smileygirl_457,2025-01-24
Material-Chemical353,2025-01-24
JocobianMinion,2025-01-24
ComputerPuzzleheaded,2025-01-24
Curlyangelk,2025-01-24
SetrakusRa101,2025-01-24
Creepy_Affect9694,2025-01-24
skinnypig6734,2025-01-24
aedionashryver18,2025-01-24
Ambitious-Hotel-4691,2025-01-24
faithhtiaf,2025-01-24
Worldly_Ad7389,2025-01-24
Kc0710,2025-01-24
TheHumanDungBeetle,2025-01-24
Major_Zero101,2025-01-24
Reecepolice,2025-01-24
IcyAmphibian3396,2025-01-24
WindOceans,2025-01-24
Embarrassed_Lab1775,2025-01-24
no_info_retained,2025-01-24
Therapist-YouNeed,2025-01-24
admingulfjobsy,2025-01-24
temp1232023,2025-01-24
No_Custard_2713,2025-01-24
skybunny20063,2025-01-24
raspberrydownfall,2025-01-24
Ok_Apartment1476,2025-01-24
EnoughOpinion5921,2025-01-24
Sea_Award_4830,2025-01-24
SirHybrid24,2025-01-24
gangstercomputer,2025-01-24
Green-Wonder8824,2025-01-24
luvduv_aa,2025-01-24
IndependentOk9258,2025-01-24
Prize-Neighborhood29,2025-01-24
Debudali,2025-01-24
Antigone2023,2025-01-24
ChrisPappas_eLI,2025-01-24
Varma2218,2025-01-24
Thin-Rip-7643,2025-01-24
Level_Fee2906,2025-01-24
Key-Friendship-1695,2025-01-24
blackrascals92,2025-01-24
ComprehensiveWin82,2025-01-24
Far_Sun_9774,2025-01-24
dakotamckenzie4u,2025-01-24
Ubisub_used,2025-01-24
Broad_Present_9871,2025-01-24
Mokr07,2025-01-24
Chia_tea,2025-01-24
InsightSeeker06,2025-01-24
ThalyaSparkle,2025-01-24
MattinglyDineen,2025-01-24
Acrobatic_Test3767,2025-01-24
amdemenkov,2025-01-24
OppositeExternal121,2025-01-24
stoulheaky,2025-01-24
Purple_Bench6722,2025-01-24
abdr9,2025-01-24
Colonel_Carrot,2025-01-24
Lushlipssugar,2025-01-24
SUBjectivecynic,2025-01-24
Possible_Ad_3772,2025-01-24
rain_maker15,2025-01-24
No-Calligrapher-3184,2025-01-24
CareerShifterl0st,2025-01-24
M6Trouble,2025-01-24
JFKcheekkisser,2025-01-24
Guilty_Tour7163,2025-01-24
Top_Hyena_625,2025-01-24
ProtectionOk6633,2025-01-24
TinyHamster69,2025-01-24
Miserable_Initial_39,2025-01-24
YoAiBoo,2025-01-24
Plair_Canslay43,2025-01-24
mehedi7218,2025-01-24
Ducayne,2025-01-24
Mean_Paramedic3826,2025-01-24
raineywhether,2025-01-24
goomylala,2025-01-24
TakeOneInterviews,2025-01-24
Moist_Emu_2243,2025-01-24
tortoqueen,2025-01-24
drbootup,2025-01-24
soundofsilencexx,2025-01-24
Tea1800,2025-01-24
Molteni-,2025-01-24
DearImpression5822,2025-01-24
Confident-Willow-586,2025-01-24
summerpie75,2025-01-24
FrostyDAdroman,2025-01-24
Legitimate_Bread_742,2025-01-24
OrquideaRawr8,2025-01-24
CandidApplication789,2025-01-24
IntelligentPie8842,2025-01-24
lafilledemiel_,2025-01-24
Mysterious_Swim_6192,2025-01-24
Suspicious_Driver117,2025-01-24
Fun_Hornet_9129,2025-01-24
FitRock3663,2025-01-24
Brodyga88,2025-01-24
creationzxs,2025-01-24
lillylindgren,2025-01-24
Own-Razzmatazz-8797,2025-01-24
Altruistic-Farm6641,2025-01-24
rebluecca,2025-01-24
Intrepid-Barnacle992,2025-01-24
Das_Bibble,2025-01-24
Secure-Improvement40,2025-01-24
fishsauce_addict,2025-01-24
TallChart,2025-01-24
ImprovementTight4006,2025-01-24
Inversion_Junkie,2025-01-24
Buggins25,2025-01-24
Lovedoeswork,2025-01-24
brooklyneeeeer,2025-01-24
ConnectCulture7,2025-01-24
Antevit,2025-01-24
RescueLosAngeles,2025-01-24
SeaArora00x,2025-01-24
Lefthooklarrie,2025-01-24
lombardistarr,2025-01-24
EchitesPanduratus,2025-01-24
neurotictechy,2025-01-24
Weird-Space-782,2025-01-24
Hairy-Connection-721,2025-01-24
bigdinonugz,2025-01-24
Technical-Seesaw-890,2025-01-24
Acceptable_mess287,2025-01-24
N_Hpesoj,2025-01-24
Character_Source8607,2025-01-24
soulboarder62,2025-01-24
Conscious-Doughnut13,2025-01-24
ter-Haar,2025-01-24
dayumnigaa,2025-01-24
Medium_Bell_431,2025-01-24
G0atBuddy,2025-01-24
No-Rest3114,2025-01-24
No-Key-4008,2025-01-24
armadilloroundup,2025-01-24
Humble_Lawyer_6325,2025-01-24
AlternativeSlide5140,2025-01-24
lkkiu,2025-01-24
Original-Half6445,2025-01-24
bloodyyuno,2025-01-24
Rude-Acanthaceae6598,2025-01-24
Capable-Mechanic9869,2025-01-24
Careful-Leather-1266,2025-01-24
GreatKingKoopa_,2025-01-24
optimist-in-training,2025-01-24
poopie14,2025-01-24
Icy_Efficiency_7572,2025-01-24
Past_Presence_7199,2025-01-24
amboonreddit,2025-01-24
LordThill,2025-01-24
LurkerPassing,2025-01-24
KittyCat150000,2025-01-24
Mocotrey24,2025-01-24
Nofalriz,2025-01-24
Busy-Word-2746,2025-01-24
Flat-Sprinkles-4616,2025-01-24
Odd_Variation_1514,2025-01-24
Time_Big_3445,2025-01-24
scamwise-gamgee,2025-01-24
UrusaiNa,2025-01-24
Fabulous_Cod_9619,2025-01-25
CulturedCali,2025-01-25
Available-Buy7190,2025-01-25
RadiantPlatypus95,2025-01-25
Terrible-Ad-6540,2025-01-25
drkillem,2025-01-25
OneNothing8752,2025-01-25
classy_fied,2025-01-25
eat628,2025-01-25
AffableJoker,2025-01-25
AdTraditional8018,2025-01-25
Sensitive-Finding761,2025-01-25
lwtl17,2025-01-25
basikmess,2025-01-25
fishlookingforhelp,2025-01-25
JGizzleYT,2025-01-25
Icy_Patience_987,2025-01-25
Puzzled_Pianist_3482,2025-01-25
momof2love,2025-01-25
LoanOrganic4043,2025-01-25
FrontInspector9172,2025-01-25
DAGKJ123,2025-01-25
Jar3t14,2025-01-25
Equivalent_Wish4328,2025-01-25
feefefef23,2025-01-25
Safe-Employee-4155,2025-01-25
DragNo4481,2025-01-25
Davis_Asish,2025-01-25
Professional-Type542,2025-01-25
Ok_Internal2864,2025-01-25
Infamous-Priority-88,2025-01-25
k9krid,2025-01-25
Idkwhatimdoinherelo1,2025-01-25
Few-Ad7354,2025-01-25
Narrow-Schedule-8618,2025-01-25
Yeetman33343,2025-01-25
Awesomemate224,2025-01-25
The_Sndc4t,2025-01-25
sivsigrid,2025-01-25
Jumpy-Discussion-449,2025-01-25
Signal-Impress4319,2025-01-25
Equal_Sir_5186,2025-01-25
Evening-Tell2649,2025-01-25
FreeToBeGenZ,2025-01-25
Weird_Scale_6551,2025-01-25
Vegetable-Crow-8711,2025-01-25
KingTeddie,2025-01-25
CamelStrong317,2025-01-25
mypseudoaccount,2025-01-25
ConcernedMomma05,2025-01-25
ReadyFormal5341,2025-01-25
Calm-Struggle3898,2025-01-25
Creative-Zucchini472,2025-01-25
OnlyActuary2595,2025-01-25
CorrectFrame2758,2025-01-25
Traditional-Bit-9082,2025-01-25
anxious_queen_69,2025-01-25
Akid15,2025-01-25
LavenderGooms111,2025-01-25
Pale-Swordfish-3714,2025-01-25
focas_pls,2025-01-25
Adventurous-Night-64,2025-01-25
Character_Guitar_174,2025-01-25
Confident-Attempt-49,2025-01-25
Sure_Comb2863,2025-01-25
Suicidalbish2024,2025-01-25
Delicious_Course_110,2025-01-25
Rinrina-na03,2025-01-25
Adorable_Ask_6688,2025-01-25
escanor221298,2025-01-25
Otherwise-Guitar-398,2025-01-25
sarkaribase,2025-01-25
wiggish,2025-01-25
Top_Formal_1555,2025-01-25
Embarrassed_Ebb8140,2025-01-25
Live_Wire001,2025-01-25
laced1,2025-01-25
PhilosopherFew9219,2025-01-25
TJLT1,2025-01-25
LuigiEz2484,2025-01-25
Silly_Second8174,2025-01-25
dream_w_me,2025-01-25
SideHustler90,2025-01-25
Potential-Finish779,2025-01-25
Sea-Outcome5500,2025-01-25
Equivalent-Net-5750,2025-01-25
incongnito_nurse,2025-01-25
Certified_Loner1391,2025-01-25
Nearby-Winner1227,2025-01-25
GreenOnionCrusader,2025-01-25
rhural,2025-01-25
loving-living-life,2025-01-25
AfraidAppeal5437,2025-01-25
jimjamdaflimflam,2025-01-25
SickoSteveo,2025-01-25
roooster01,2025-01-25
Miserable-Design-809,2025-01-25
Snuggle-puff,2025-01-25
HighDrive001,2025-01-25
ZealousidealBus3381,2025-01-25
TattoedStarGazer,2025-01-25
Legal_Demand_9981,2025-01-25
SeaConsistent9469,2025-01-25
Jazzlike-Lie-7433,2025-01-25
gemioof,2025-01-25
shekhars1mindlance,2025-01-25
Guilty_Possible8494,2025-01-25
_Slasherr,2025-01-25
FabulousProfessor961,2025-01-25
Far-Recording94,2025-01-25
misanthropejosie,2025-01-25
khya5152,2025-01-25
hard2resist,2025-01-25
juan2003,2025-01-25
RedRebellion1917,2025-01-25
Taka_Finance,2025-01-25
stars_among_static,2025-01-25
Some-Self-7691,2025-01-25
MysteriousPhysics141,2025-01-25
Beneficial_Union1625,2025-01-25
Amexusia,2025-01-25
Bubbles2590,2025-01-25
ApprehensiveNight305,2025-01-25
TankHendricks,2025-01-25
Party-Savings-3204,2025-01-25
Spartanwolve,2025-01-25
2amante10,2025-01-25
Fit-Cicada1803,2025-01-25
BudgetWitness326,2025-01-25
Skinsfan703,2025-01-25
dhad1976,2025-01-25
Sufficient-Copy8346,2025-01-25
Legitimate-Siren-81,2025-01-25
Think-Shake-111,2025-01-25
Key_Upstairs199,2025-01-25
This-Peace654,2025-01-25
FantasticBanana4355,2025-01-25
QuietTrashCollector,2025-01-25
Weird_Leg_1566,2025-01-25
Apprehensive_Web9009,2025-01-25
joker497,2025-01-25
femaledracula,2025-01-25
Consistent-Mix7720,2025-01-25
MAISONG_SERVICES,2025-01-25
seawaveriding,2025-01-25
riceninesix,2025-01-25
Narrow-Helicopter574,2025-01-25
Wonderful-Ebb-1021,2025-01-25
Neither-Tea-7762,2025-01-25
Key-Ostrich-5417,2025-01-26
LackSeveral8349,2025-01-26
JDgamer2000,2025-01-26
og_talentengineer,2025-01-26
Sophie_IdkP,2025-01-26
SadeAdeyemi,2025-01-26
Separate_Spinach5815,2025-01-26
kiiito,2025-01-26
chiibi_chi,2025-01-26
Straight_Classroom82,2025-01-26
Senior_Log1930,2025-01-26
Ok-Maintenance9832,2025-01-26
SpinningWheel_45,2025-01-26
Hot_Dig_1867,2025-01-26
dandelionmint,2025-01-26
choconugs,2025-01-26
Content_Pressure5026,2025-01-26
matt_6114usmc,2025-01-26
AdmirableElderberry9,2025-01-26
Apprehensive_Soft918,2025-01-26
SavingsNew5376,2025-01-26
bdawson130,2025-01-26
Primary_Accountant46,2025-01-26
Big_Ad8428,2025-01-26
Sudden_Priority7558,2025-01-26
neurospicy388,2025-01-26
ConfectionNo966,2025-01-26
Hcshcsxoxo,2025-01-26
Class-Impressive,2025-01-26
Throwaway725397,2025-01-26
ColumnAandB,2025-01-26
toonces29,2025-01-26
NoOutlandishness3287,2025-01-26
muckyskies,2025-01-26
mydoghadacat101,2025-01-26
PresentationNormal50,2025-01-26
HeisenbergXI,2025-01-26
GoodGameHunting,2025-01-26
Usual-Vehicle-3997,2025-01-26
undercovershrew,2025-01-26
LovleyLilLillie,2025-01-26
Superherochick0055,2025-01-26
SameBanana5634,2025-01-26
harleyqueennn,2025-01-26
Knifty_downspiral,2025-01-26
EverEqay,2025-01-26
_ubermensch_king,2025-01-26
Few_Law_1507,2025-01-26
a_atwood03,2025-01-26
minimoontypes,2025-01-26
Askorio,2025-01-26
aakashrobert1,2025-01-26
Inevitable_Agent1448,2025-01-26
MustafaMemon,2025-01-26
Emergency-Branch-211,2025-01-26
CSHAREK3,2025-01-26
Burli96,2025-01-26
Garfield5005,2025-01-26
New_Flow7902,2025-01-26
Zealousideal-Gift-61,2025-01-26
jlo1515_n,2025-01-26
ilovepastas999,2025-01-26
Ok_Silver8868,2025-01-26
Http-Agust-D,2025-01-26
IdlePerfectionist,2025-01-26
keep-the-momentum,2025-01-26
Youre_Cool,2025-01-26
bnaddo_cecdan823,2025-01-26
Lazy-March-1616,2025-01-26
Revenantofwrath,2025-01-26
Educational-Air-6165,2025-01-26
Forward_Reindeer680,2025-01-26
infinitywolf_16,2025-01-26
Any-Grade-8719,2025-01-26
angelic_devyn,2025-01-26
grapefruit2025,2025-01-26
RubeeBlues,2025-01-26
Normal_Giraffe5460,2025-01-26
TangeloDry6057,2025-01-26
Ajohnson62,2025-01-26
Jlamin,2025-01-26
Baytosa,2025-01-26
merlinnko,2025-01-26
nancyyyy88,2025-01-26
EmbarrassedCell9347,2025-01-26
TonioElTigre,2025-01-26
MotorcycleAbb,2025-01-26
Inevitable_Grape3397,2025-01-26
Extra_Computer2375,2025-01-26
cuteg1rly,2025-01-26
SomewhereMotor4423,2025-01-26
pennyreddits,2025-01-26
Cumcanoe69,2025-01-26
Sad-Hamster-4707,2025-01-26
OldInteraction2962,2025-01-26
IllustriousGoose452,2025-01-26
distressd_hausplant,2025-01-26
Curious_Total2964,2025-01-26
petalsonros3s,2025-01-26
Boring_Arachnid171,2025-01-26
DearAnywhere5676,2025-01-26
ShayonDebRoy,2025-01-26
Hot_Equal_2283,2025-01-26
fakevioletghost,2025-01-26
shaebell30,2025-01-26
idontknowwhymyname,2025-01-26
Spag--Bol,2025-01-26
PrivateContentPolicy,2025-01-26
slater_J,2025-01-26
Standard-Project-393,2025-01-26
MellowDDramatic,2025-01-26
FluentCanadianEh,2025-01-26
CharacterMaximum119,2025-01-26
Dreamingnotdreaming,2025-01-26
Pink_and123,2025-01-26
Full_Astronaut_8839,2025-01-26
18FunnyCentimeters,2025-01-26
Ok-Pin1017,2025-01-26
domspheenix,2025-01-26
CollectionNeat5464,2025-01-26
not_a_piece_of_cake,2025-01-26
almighty30,2025-01-26
Strong-Luck-6022,2025-01-26
ReadyUse610,2025-01-26
Radiantgreninja,2025-01-26
taurens5612,2025-01-26
slimlong,2025-01-26
dojakat07,2025-01-26
Affectionate_Ask7409,2025-01-26
LividReality5628,2025-01-26
Sad_Refrigerator7842,2025-01-26
Deeztopia,2025-01-26
Zealousideal_Air1866,2025-01-26
Rag1ngInf3rno,2025-01-26
Noac1,2025-01-26
conan152,2025-01-26
yanks09champs,2025-01-26
YellowPowerful1174,2025-01-27
ur-mother3000,2025-01-27
Shoddy_Nobody3253,2025-01-27
ClinCheckConsultant,2025-01-27
Sad-Friendship1841,2025-01-27
Pharaoh_Chef,2025-01-27
NothingSpecial255,2025-01-27
Legitimate_Eagle_150,2025-01-27
help_meoutbois,2025-01-27
Weary_Proposal_9655,2025-01-27
Natural-Purpose1603,2025-01-27
Left-Highlight-8993,2025-01-27
Disastrous-Paper-927,2025-01-27
AdGloomy120,2025-01-27
idkidkdidididk,2025-01-27
alexvolc,2025-01-27
AdLonely522,2025-01-27
seayonce,2025-01-27
A_R0FLCOPTER,2025-01-27
EnvironmentMotor5079,2025-01-27
Sad_Selection_8008,2025-01-27
Puddleglum_7,2025-01-27
Bratty_Little_Kitten,2025-01-27
Lucky_Can6139,2025-01-27
Yoyomaster01221,2025-01-27
rakeshtiwari8811,2025-01-27
Select_Value_8639,2025-01-27
Surround_Impossible,2025-01-27
Cuznflip91,2025-01-27
ligmatinos,2025-01-27
redheeler18,2025-01-27
SkyIsntFalling11,2025-01-27
MoistBacon29,2025-01-27
Rich_Net_2262,2025-01-27
patent-throwawa-7744,2025-01-27
Fuzzy_Reflection5156,2025-01-27
Time-Opinion-7893,2025-01-27
Organic_Antelope_791,2025-01-27
MindExpensive3021,2025-01-27
SuchTax1991,2025-01-27
fhugcn,2025-01-27
josefofkentucky,2025-01-27
Civil_Acadia4923,2025-01-27
Crunch-crouton,2025-01-27
Gayfboy69,2025-01-27
Monsterique,2025-01-27
_afsir,2025-01-27
eyadesu,2025-01-27
PossessionNo9274,2025-01-27
QuaPatetOrbis641988,2025-01-27
PretendBeginning1641,2025-01-27
AirMysterious4540,2025-01-27
orcasunite,2025-01-27
warrior-king1,2025-01-27
Khuushhii05,2025-01-27
Never__aagain,2025-01-27
SubstantialWatchh,2025-01-27
Makes_Sense_Sounds_G,2025-01-27
TheIrishFello,2025-01-27
YoUmAdBrO_____,2025-01-27
macky0000,2025-01-27
eqlyin,2025-01-27
Intelligent-Hat-6065,2025-01-27
Hot-Reindeer5074,2025-01-27
WiseNeighborhood8253,2025-01-27
AddisonDeWitt_,2025-01-27
ClassImmediate6549,2025-01-27
AccomplishedBaby8443,2025-01-27
Fit-Plastic8324,2025-01-27
watsurwechat,2025-01-27
NoName5318,2025-01-27
Ok-Distribution5801,2025-01-27
Opening_Breakfast_92,2025-01-27
SimpleBasil1731,2025-01-27
No-Software290,2025-01-27
Active-Pin-7538,2025-01-27
Creepy-Lettuce-1568,2025-01-27
Glad-Ambassador-2010,2025-01-27
Temporary-Cherry-319,2025-01-27
KinokoSpore,2025-01-27
ProfessionalSmoke296,2025-01-27
Ok_Indication3077,2025-01-27
BenDeeKnee,2025-01-27
Channel_Admirable,2025-01-27
Western_Bear8501,2025-01-27
Every-Prize-2228,2025-01-27
Veryinteresting_U,2025-01-27
External_Durian2751,2025-01-27
Negative_Ask_9849,2025-01-27
Cultural_Release_175,2025-01-27
Eragon0721,2025-01-27
Accomplished-Ad-241,2025-01-27
Feeling-Warning-1988,2025-01-27
Responsible-Trade752,2025-01-27
Primary_Fail8712,2025-01-27
CartographerEasy5835,2025-01-27
AdEmbarrassed106,2025-01-27
Tryhardownage,2025-01-27
jaadoo_baba,2025-01-27
loveleyley,2025-01-27
Long_Pudding4155,2025-01-27
Internal-Most-8426,2025-01-27
Dapper_Island4437,2025-01-27
whaaaaaaatever,2025-01-27
Delicious-Special571,2025-01-27
Objective-Dare8181,2025-01-27
jessthenothing,2025-01-27
Routine_Forever_1803,2025-01-27
Civil_Variation_8316,2025-01-27
swuie,2025-01-27
Any_Safe437,2025-01-27
KJ_dunk_over_hakeem,2025-01-27
sb_x_x_x,2025-01-27
oleg_fe,2025-01-27
Briefcase-3695,2025-01-27
MrGorp123,2025-01-27
USPoster,2025-01-27
NewGate4868,2025-01-27
Bitter-Crow4688,2025-01-27
Demornay_20,2025-01-27
BrickxLeaf,2025-01-27
Aggressive-Pea5605,2025-01-27
Similar_Traffic4958,2025-01-27
proneMAJOR,2025-01-27
ampersandcat,2025-01-27
Standard-Record-8019,2025-01-27
IndividualSalary1998,2025-01-27
Ok_Fan_6282,2025-01-27
Puzzleheaded-Sir8521,2025-01-27
VirtualRoom9950,2025-01-27
Bright_Economics9194,2025-01-27
ImParanoidnotandroid,2025-01-27
b2b2pene1,2025-01-27
Dear-Parking-2736,2025-01-27
imjuen,2025-01-27
More_Caregiver8721,2025-01-27
LUNEER_,2025-01-27
SlipperySparky,2025-01-27
canessause,2025-01-27
CarnationsInTheRain,2025-01-27
UnusualEye3222,2025-01-27
MuffinAndLoaf,2025-01-27
Celestial-Badger,2025-01-27
Nate_doy,2025-01-27
Numerous_Wish_2823,2025-01-27
tyrophagia,2025-01-27
tryingandwondering,2025-01-27
soulthatsings,2025-01-27
Medium_Database2580,2025-01-27
LittleAsparagus8535,2025-01-27
quasimodo_frodo,2025-01-27
Apprehensive-Bee2027,2025-01-27
Fearless-Wealth5013,2025-01-27
Brichfield,2025-01-27
squeakypancake,2025-01-27
Apart-Jicama-3119,2025-01-27
perfensoalcatfish,2025-01-27
attilathephat,2025-01-27
Scary_Study_4434,2025-01-27
Whatintheworld7777,2025-01-27
Hakaka51,2025-01-27
Ill-East7627,2025-01-27
Intelligent_Safe_975,2025-01-27
smuggles_ur_puggles,2025-01-27
HovercraftIll7314,2025-01-27
Current-Soup-8206,2025-01-27
herthrownawaychild,2025-01-27
Double_Biscotti_9063,2025-01-27
Purple_Builder2823,2025-01-27
Neat_Dependent_2143,2025-01-27
ZeltaZale,2025-01-27
TheOooshman24,2025-01-27
CouldntBeSorrier,2025-01-27
Purple-Reply9415,2025-01-27
DarkPrinceCait,2025-01-27
ilovemyteams24,2025-01-27
SnooDoggos7783,2025-01-27
Heysway69,2025-01-27
na_Na_na_03,2025-01-27
Wide-Preference1461,2025-01-27
SnooOwls3595,2025-01-27
ItsWINTERFRESH,2025-01-27
OkBodybuilder3962,2025-01-27
Beckerthehuman,2025-01-27
Nate_The_fish,2025-01-27
Mysterious_Disk_4885,2025-01-27
TheGoldenProtagonist,2025-01-27
SwiftDiz89,2025-01-27
Dzwyrgh,2025-01-27
laserLSR,2025-01-27
amdolly,2025-01-27
killermoney28,2025-01-27
kalecat97,2025-01-27
entitled-hypocrite,2025-01-27
bobthemoronalorian,2025-01-27
Kasedojr0,2025-01-27
RockForward7608,2025-01-28
manianc42,2025-01-28
PrettyBadGyal,2025-01-28
jitorius,2025-01-28
firexlight,2025-01-28
Unfair_Watercress471,2025-01-28
Fresh_Friendship_357,2025-01-28
babyben2024,2025-01-28
idkdidksuus,2025-01-28
thenormalbias,2025-01-28
yadayodaboom,2025-01-28
NotThatRich7779125,2025-01-28
Antuzoo,2025-01-28
E-Sparkle,2025-01-28
goldfishcracker06,2025-01-28
Due-Log4340,2025-01-28
WallStreetGamee,2025-01-28
amandasweets,2025-01-28
Beautiful-Win-8168,2025-01-28
DramaticDirection292,2025-01-28
Remarkable_Phrase711,2025-01-28
hmeets,2025-01-28
sausagegravyx2,2025-01-28
toothpaste--,2025-01-28
captainwaluigispenis,2025-01-28
ProTechBiz,2025-01-28
MoonlightBrowser,2025-01-28
Zackkkoma,2025-01-28
zhoubecca,2025-01-28
Key-Rich5834,2025-01-28
GrittyOptimist,2025-01-28
anicot,2025-01-28
fillurbum,2025-01-28
-end-_,2025-01-28
Select_Honeydew_6815,2025-01-28
daifukumilk,2025-01-28
Miku1010,2025-01-28
JGeng,2025-01-28
pattycakes7575,2025-01-28
judeinluv,2025-01-28
Select-Opening2573,2025-01-28
No_Scientist4889,2025-01-28
Local_Loser_R,2025-01-28
Training-Tree8467,2025-01-28
ng_26,2025-01-28
Specialist_Bison2031,2025-01-28
Broccoli-n-Chocolate,2025-01-28
tylerdurden_1310,2025-01-28
No_Faithlessness2992,2025-01-28
Kooky_Goal4101,2025-01-28
No_Lynx7583,2025-01-28
Sorry-Document-732,2025-01-28
Icy-Background-5564,2025-01-28
angelcakepop,2025-01-28
Any-Photo4523,2025-01-28
Luna_Vox_Darke,2025-01-28
Aztech06,2025-01-28
Illustrious-Bath820,2025-01-28
Pleasant-Fan7692,2025-01-28
simulationgrey,2025-01-28
Winter_Bandicoot_788,2025-01-28
Local-Life-281,2025-01-28
noellexoxox,2025-01-28
Background_Bother576,2025-01-28
throwaway543987654,2025-01-28
swedy-Ad-9581,2025-01-28
Glittering-Crow-7140,2025-01-28
gordriver_berserker,2025-01-28
TheJokingArsonist,2025-01-28
Salty-Pomegranate-31,2025-01-28
Background_Bunch_521,2025-01-28
Long_Composer_1746,2025-01-28
veggie-lover1999,2025-01-28
Alternative-Tea-7123,2025-01-28
Fragrant_Pen3430,2025-01-28
True-Ad-9540,2025-01-28
righttoleft6972,2025-01-28
Common_Warning4271,2025-01-28
Lonepinelandscaping,2025-01-28
forme56,2025-01-28
Fun_Elderberry_6826,2025-01-28
ghoulkyd,2025-01-28
mahayana__,2025-01-28
Adventurous_Ant5428,2025-01-28
TouristShoddy6177,2025-01-28
throwaway684729,2025-01-28
Banana_Flavor_Milk,2025-01-28
fl0urishing,2025-01-28
Beautiful_Trick_9666,2025-01-28
ski2310,2025-01-28
Necessary-Stage8337,2025-01-28
FlounderLazy7053,2025-01-28
callingthecopsontai,2025-01-28
Organic-Hour8766,2025-01-28
starlord8678,2025-01-28
Hungry_Move3673,2025-01-28
devzooom,2025-01-28
Current-Day-9960,2025-01-28
NoCow1674,2025-01-28
InternNo6767,2025-01-28
QuailAutomatic,2025-01-28
soleario21,2025-01-28
heyhiheyhihii,2025-01-28
ExistingMeaning5187,2025-01-28
Impossible-Cow-7898,2025-01-28
pawnografik,2025-01-28
Decent_Yam9918,2025-01-28
Glum-Sweet8608,2025-01-28
TaxTexan8223,2025-01-28
Melodic-Evidence-364,2025-01-28
Important-Green3582,2025-01-28
Additional-Ad9389,2025-01-28
boozy4200,2025-01-28
StinkyDogLove,2025-01-28
l0lhi,2025-01-28
Mz_KiKixo,2025-01-28
Turbulent_Song_7471,2025-01-28
Groobs81_OG,2025-01-28
Avarege_Trash,2025-01-28
UnmutedCoconut,2025-01-28
onbmain86,2025-01-28
CuriousAvocado23,2025-01-28
mirsondhony,2025-01-28
snookerdoodlies,2025-01-28
devvy601,2025-01-28
feelingsandthoughts,2025-01-28
publicenemy92,2025-01-28
Roosterproblem123,2025-01-28
citii-limited,2025-01-28
KoiFisher1492,2025-01-28
shubhamyadav5,2025-01-28
mirprinski,2025-01-28
nicc330,2025-01-28
Pinkie_INFJ,2025-01-28
BurnerBurner4567,2025-01-28
Sea_Basil_6501,2025-01-28
Independent-girly,2025-01-28
Tornado_of_Hammers,2025-01-28
InAnAltUniverse,2025-01-28
WeakAssWItch,2025-01-28
Some_human111,2025-01-28
AdMindless8536,2025-01-28
Adventurous-Law-6789,2025-01-28
Hyun_Slay,2025-01-28
Sufficient_Heron7857,2025-01-28
Clear_Comfortable132,2025-01-28
BrightX0,2025-01-28
sadist_breeder,2025-01-28
brando2121,2025-01-28
Timely_Forever_1397,2025-01-28
Foreign_Durian5640,2025-01-28
Klutzy_Tea_5263,2025-01-28
Proud_Draft1685,2025-01-28
Dmurda117,2025-01-28
Thriftygrandma,2025-01-28
Ross44_,2025-01-28
Early_Memory_545,2025-01-28
Thin_Method_9178,2025-01-28
Prudent_Jello5691,2025-01-28
pumkin266,2025-01-28
ro-burner-acc,2025-01-28
Stratusquare,2025-01-28
Hearmerawr1992,2025-01-28
_MrFlowers,2025-01-28
Traditional_Piano879,2025-01-28
KyleP1945,2025-01-28
tootsipoop,2025-01-28
tess_star,2025-01-28
Defiant-Leg8314,2025-01-28
Fantastic_Block964,2025-01-28
Plane_Alfalfa3181,2025-01-28
shutupyourenotmydad,2025-01-28
Free-Date6198,2025-01-28
Single_Fail_708,2025-01-28
Fun-Construction525,2025-01-28
One-Pea114,2025-01-28
Public-Aide-8818,2025-01-28
Natural_Vacation4030,2025-01-28
DietPotential5802,2025-01-28
RepairPale3676,2025-01-28
Nuthavas,2025-01-28
DanielDoesLife,2025-01-28
Higuysbuf,2025-01-28
ronniedaggertooth,2025-01-28
No-Departure-5121,2025-01-28
Dawgsrule24,2025-01-28
lafresona,2025-01-28
xxFirmlyGraspIt,2025-01-28
sorryyimsally,2025-01-28
Frosty-Front8007,2025-01-28
DefiantStandard8400,2025-01-28
RevolutionaryDrag474,2025-01-28
Connect-Visual8319,2025-01-28
_under_the-bridge,2025-01-28
Oro-Lavanda,2025-01-28
felix732,2025-01-28
MustardSaucer,2025-01-28
Initial-Damage1605,2025-01-28
MeowingBreadThief,2025-01-28
Born-Investigator-33,2025-01-28
akanecchi24,2025-01-28
DiverCritical,2025-01-28
_bluestreak89_,2025-01-28
Hippy-the-man,2025-01-28
honeydewcottoncandy,2025-01-28
PomegranateTop9645,2025-01-28
InterestingBed2048,2025-01-28
jljljljljljzjzjzjzjz,2025-01-28
Silly_Impact2507,2025-01-28
Any_Interaction_5442,2025-01-28
urfaselol,2025-01-28
Thick-Historian8315,2025-01-29
BigExpress51,2025-01-29
Spirited_Night3258,2025-01-29
BradCloonie,2025-01-29
ChemicalMidnight6303,2025-01-29
Ok-Toe-6224,2025-01-29
PresentationTop7288,2025-01-29
Deadsheetsy,2025-01-29
justachilldudeeee,2025-01-29
Adventurous_Job8319,2025-01-29
Catlover627616,2025-01-29
Embarrassed_Tear4892,2025-01-29
Lower_Offer_1232,2025-01-29
Onion_National,2025-01-29
TradishSpirit,2025-01-29
Dazzling_Boss2745,2025-01-29
YungCapo18,2025-01-29
Priscila_Melooo,2025-01-29
msiajuha,2025-01-29
itsarock02,2025-01-29
itsmssassafrass,2025-01-29
Some-Development-390,2025-01-29
General_Okra_,2025-01-29
ResponsibleFox7650,2025-01-29
Square-Judge8579,2025-01-29
Affectionate_Ebb6847,2025-01-29
SkyBlue726,2025-01-29
DixieNormouz-_-,2025-01-29
kencarlos923,2025-01-29
brebrabro,2025-01-29
ShoppingDismal3864,2025-01-29
Large_Pie_7064,2025-01-29
yeah_yea_ye_y,2025-01-29
Pleasant-Worry-4495,2025-01-29
This_Experience_2362,2025-01-29
ResourceOutside1632,2025-01-29
MaybeSecondBestMan,2025-01-29
Few_Argument4663,2025-01-29
Careful-Succotash-60,2025-01-29
Katdog28,2025-01-29
HourAd6509,2025-01-29
Gigaorc420,2025-01-29
PrestigiousYam9900,2025-01-29
WalkVisual5039,2025-01-29
Cold_Mango7410,2025-01-29
Equal-Designer5297,2025-01-29
Desperate-Guard-8788,2025-01-29
Equivalent-Treat-851,2025-01-29
jkromm32,2025-01-29
TapComprehensive2241,2025-01-29
Safaritogether88,2025-01-29
cozy-sage,2025-01-29
Normality27,2025-01-29
mardi_gras_queen,2025-01-29
OkManagement9855,2025-01-29
iChrist,2025-01-29
zeely67,2025-01-29
KingCooper721,2025-01-29
SnooCauliflowers5822,2025-01-29
MellowTelephone,2025-01-29
criticalanalysiss,2025-01-29
Select-Gas-199,2025-01-29
hsancg,2025-01-29
ArlanLothe,2025-01-29
adiosamigo15,2025-01-29
Necessary-Bed7858,2025-01-29
Either_Can_4705,2025-01-29
Minimum-Yellow2939,2025-01-29
CuriousCatalyst007,2025-01-29
Loud_Inevitable_1162,2025-01-29
Just_Tomorrow4655,2025-01-29
TowelPsychological54,2025-01-29
Last_Variation9764,2025-01-29
Odd-Staff-8538,2025-01-29
Lost_Lynx__,2025-01-29
Flashy_Remote1016,2025-01-29
thrxwthrxwthxowaway,2025-01-29
interestingtoot,2025-01-29
Triple_Nickel_325,2025-01-29
Lilaccblue,2025-01-29
Dr-Default,2025-01-29
angelicnips,2025-01-29
Available_Gold_1459,2025-01-29
ManyGreedy6745,2025-01-29
Shir_JTP,2025-01-29
ThrowRA362526,2025-01-29
No_Lingonberry01,2025-01-29
Coach_Administrative,2025-01-29
worry_wart2000,2025-01-29
North-Grapefruit-318,2025-01-29
Narrow_Pain_2213,2025-01-29
Apprehensive-Cut5866,2025-01-29
texaslonghorn96,2025-01-29
Slight_Sugar_6281,2025-01-29
Cantwhisperforshiet,2025-01-29
trading-wrong,2025-01-29
Infamous-Tour1880,2025-01-29
alexis-hg,2025-01-29
Sensitive_War_2788,2025-01-29
Never_dies_274,2025-01-29
Weary-Neighborhood-6,2025-01-29
Complete_Duck2082,2025-01-29
athena0820,2025-01-29
IllustriousKey1624,2025-01-29
Maximum-Cable221,2025-01-29
DarkHorizon30,2025-01-29
No-Bet3252,2025-01-29
cocomelona152,2025-01-29
Jamesconnect,2025-01-29
Lostwanderer_0505,2025-01-29
Professional-Tour358,2025-01-29
OtherwiseElephant162,2025-01-29
FinnFairytale,2025-01-29
Burntjellytoast,2025-01-29
rfvolume,2025-01-29
StrikeOutrageous3198,2025-01-29
FastConsequence4804,2025-01-29
Mindless-Hippo-7825,2025-01-29
lemony_snicked,2025-01-29
Careful-kay2122,2025-01-29
Quiet-Willingness532,2025-01-29
Pristine_Nature_36,2025-01-29
Industry7289,2025-01-29
anabeluga19,2025-01-29
Competitive-Smoke803,2025-01-29
Global-Ring2382,2025-01-29
iammrsjoestar,2025-01-29
Upbeat_Set4165,2025-01-29
Whole_Recording4702,2025-01-29
TRAW9968,2025-01-29
AccomplishedEbb7423,2025-01-29
DobiIsFree,2025-01-29
Justwinbabies,2025-01-29
PutAdventurous9508,2025-01-29
True_Resolution_5920,2025-01-29
Impressive-Bus-519,2025-01-29
Future_Builder2232,2025-01-29
Last-Shake-3257,2025-01-29
Special-Ad-5740,2025-01-29
pchscone,2025-01-29
xKleece,2025-01-29
deffnotfou,2025-01-29
Ok_Improvement3266,2025-01-29
AdditionalRing5681,2025-01-29
optic5808,2025-01-29
E-lf,2025-01-29
Imaginary_Fox_3688,2025-01-29
Careful_Fig8482,2025-01-29
messypond0,2025-01-29
jojicatbaby,2025-01-29
FranticArtic,2025-01-29
rocky_0074,2025-01-29
Over_Ad5372,2025-01-29
Far_Savings7839,2025-01-29
Royal-Lawyer-4308,2025-01-29
Intelligent-War5607,2025-01-29
sumidhu,2025-01-29
affluentasian,2025-01-29
themidnight_zone,2025-01-29
Kaitieruns,2025-01-29
Brilliant_Salt_263,2025-01-29
dummy-gummy,2025-01-29
Massive-State9490,2025-01-29
HeathenSidheThem,2025-01-29
anonuser2700,2025-01-29
Strange_Try7496,2025-01-29
srfygbriug,2025-01-29
LimpEntertainment563,2025-01-29
SignalOk1843,2025-01-29
NoSun7535,2025-01-29
ocdaf,2025-01-29
SuspiciousHospital82,2025-01-29
xkirakimix,2025-01-29
crypto_adventure,2025-01-29
anu016,2025-01-29
Nervewreck_27,2025-01-29
RevolutionaryTrip251,2025-01-29
isbn1975,2025-01-29
Mochich33ks,2025-01-29
hairyplumz,2025-01-29
itsybitsyspuder,2025-01-29
fernandamtzgmz,2025-01-29
Pallineon,2025-01-29
Professional_Baby801,2025-01-29
TaiwanBoii,2025-01-29
DiabloofNorth,2025-01-29
ContentAd7200,2025-01-29
jaystanding,2025-01-29
PrestigiousInside788,2025-01-29
Happy_Television6239,2025-01-29
Nice-Blacksmith-4420,2025-01-29
Ok_Pay_6811,2025-01-29
MoneyConfident1125,2025-01-29
ConsistentCurve5,2025-01-29
smsteffy0,2025-01-29
LimpAd6053,2025-01-29
EducationalRun5075,2025-01-29
KingTamale00,2025-01-29
Party-Excitement4165,2025-01-29
Maleficent_Night_501,2025-01-29
Right-Tea-5339,2025-01-29
c_hearted,2025-01-29
Random9367,2025-01-29
Background-Tangelo63,2025-01-29
Self-Made69420,2025-01-29
No-Egg-2623,2025-01-29
gottagetmesumofthose,2025-01-29
ShortAlternative8609,2025-01-29
WisdomQuester,2025-01-29
HighlyPossible,2025-01-29
petitejewel,2025-01-29
HostWorldly3138,2025-01-29
MJGlocks,2025-01-29
PrestigiousIce3761,2025-01-29
AntelopeNo7516,2025-01-29
Delicious-Tea108,2025-01-29
scousegiraffe,2025-01-29
SH4D0WSTAR,2025-01-29
Recent-Weird-3774,2025-01-29
FortifiedEmu,2025-01-29
Narrow-Image4898,2025-01-29
barracudab1tch,2025-01-29
JayBird843,2025-01-29
TipSuccessful6337,2025-01-29
Happy_Newspaper2013,2025-01-29
KilluaHatake,2025-01-29
Active_Associate_662,2025-01-29
Osk3r85,2025-01-29
Professional-Pack-22,2025-01-29
Guilty_Syrup1332,2025-01-29
ksihibe,2025-01-29
Darkdarker87,2025-01-29
Chadme_Amidala,2025-01-29
Popular_Green_2355,2025-01-29
redwinggianf,2025-01-29
Practical_Ad2562,2025-01-29
2umara,2025-01-29
dippy-freshh,2025-01-29
Wiccan_254,2025-01-29
SatanWhoMeows,2025-01-29
ReturnOfTheRover,2025-01-29
FuckBush1,2025-01-29
Vikiluch,2025-01-29
Holiday_Internal7418,2025-01-29
uwu_yumemi,2025-01-29
Deep_Nose240,2025-01-29
GraciouslyGreatful,2025-01-29
txranbot,2025-01-29
EzekielGMG,2025-01-29
xXStrangeDoggoXx,2025-01-29
Silly-Philosophy-622,2025-01-29
biocreek,2025-01-29
No-Performer-7320,2025-01-29
SerenityLavender8,2025-01-29
Original-Race3737,2025-01-29
Odd_Ad_6697,2025-01-29
marginallyobtuse,2025-01-29
Expired_Milk2020,2025-01-29
SGS992211,2025-01-29
PaleontologistOk5014,2025-01-29
sk8trix,2025-01-29
Inspirincast,2025-01-29
PsychologicalRun5909,2025-01-29
big_fish_dude,2025-01-29
DistanceInfinite1692,2025-01-29
RuleCharming7082,2025-01-29
clickersandbloaters,2025-01-29
Odd_Investigator_736,2025-01-29
Mysterious-Fudge7172,2025-01-29
BurntOutTriathlete,2025-01-29
Mart1876,2025-01-30
Due_Kaleidoscope6936,2025-01-30
Slow-Violinist-759,2025-01-30
ReggieWillkins5,2025-01-30
idk_anything_smth,2025-01-30
legalredpanda,2025-01-30
Shot-Depth-1541,2025-01-30
LickerMcBootshine,2025-01-30
Consistent-Pin-9589,2025-01-30
mzjay33,2025-01-30
dylanbrhny,2025-01-30
Hefty-Commission-593,2025-01-30
Unhappy_Ad_4911,2025-01-30
GimmeSomeSweet,2025-01-30
HeadAffect3574,2025-01-30
Selenium9,2025-01-30
WeirdBrief767,2025-01-30
Mindless_Pause6409,2025-01-30
Hairy-Entry-3174,2025-01-30
AdSame4598,2025-01-30
tune97,2025-01-30
Aware-Amount-7067,2025-01-30
PrinterJedi,2025-01-30
Coldwet,2025-01-30
Broad_Shower_8347,2025-01-30
AbnoProxy,2025-01-30
Donkeyrollers,2025-01-30
Lonely_Wealth_9642,2025-01-30
ConsequenceWorldly73,2025-01-30
Funnyguyinthehouse,2025-01-30
AshuVj,2025-01-30
WafflesMurdered,2025-01-30
Johnny_Cades_Gf,2025-01-30
Big_Permit2775,2025-01-30
RWM03,2025-01-30
Setsuo35,2025-01-30
disreputablegoose,2025-01-30
Ok-Memory2552,2025-01-30
BikerHackerman2,2025-01-30
OP_Developer,2025-01-30
BigFlamingo8887,2025-01-30
Ok-Description4359,2025-01-30
AcastaSPLATOON,2025-01-30
Most_Initiative_4597,2025-01-30
Busy-Advantage-137,2025-01-30
Dazzling-Score-137,2025-01-30
Sapphire_2112,2025-01-30
Enough-Act8664,2025-01-30
a21edits,2025-01-30
ConfidentScreen8260,2025-01-30
TechnologyRemote7331,2025-01-30
Logical-Career-5357,2025-01-30
i_sing_anyway,2025-01-30
ResearcherMelodic396,2025-01-30
Better_Fan_5262,2025-01-30
Most_Finger_6784,2025-01-30
Eternal_Destiny,2025-01-30
Outrageous-Break-819,2025-01-30
DepartureAshamed6501,2025-01-30
Sufficient-Cod-9405,2025-01-30
Tiny-Pass3236,2025-01-30
Terrible-File-530,2025-01-30
Big_Example3421,2025-01-30
itxflix,2025-01-30
IntroductionTop4927,2025-01-30
ObviousQuality2384,2025-01-30
VII444,2025-01-30
Rich-Handle-1653,2025-01-30
Old-Benefit-4356,2025-01-30
ArugulaSpecific2823,2025-01-30
ZealousidealRice4805,2025-01-30
Different-Degree-457,2025-01-30
throwaway12192199,2025-01-30
poortimemanagementt,2025-01-30
BidChance2147,2025-01-30
No_Toe_2791,2025-01-30
Vast_Blacksmith_389,2025-01-30
jk_00007,2025-01-30
Atit_mommi,2025-01-30
Objective_Fuel_8754,2025-01-30
PerceptionFirst5763,2025-01-30
Voyager1022,2025-01-30
darthmaul322,2025-01-30
skopiadisko,2025-01-30
catherine_bell45,2025-01-30
butterwoman18,2025-01-30
Shoddy_Ad9513,2025-01-30
FFrog101,2025-01-30
Affectionate-Fault-3,2025-01-30
Rishi_AR,2025-01-30
hechima_tawashi,2025-01-30
YesterdaySad4775,2025-01-30
AggravatingRaisin993,2025-01-30
Glittering-Ginger,2025-01-30
Objective-Wallaby355,2025-01-30
Ok-Read1983,2025-01-30
Strawberry_apple1,2025-01-30
HaroonP41N,2025-01-30
fungi-imperfecti,2025-01-30
Playful_Peace_1617,2025-01-30
mainaeri,2025-01-30
DivineAuroraExtract,2025-01-30
Independent-Quit-399,2025-01-30
PitchMeAI,2025-01-30
PixelNomad77,2025-01-30
Galatard,2025-01-30
qwerrtyuiop333135,2025-01-30
FinanceGuy06,2025-01-30
ItzGello,2025-01-30
Mean_Percentage_7408,2025-01-30
Wise_Sir5184,2025-01-30
UrsineWitcher,2025-01-30
Exotic-Health416,2025-01-30
Inevitable_Match9039,2025-01-30
N4mzzy,2025-01-30
GoalFun3092,2025-01-30
munna_Darling,2025-01-30
Cr8zyCat1,2025-01-30
Careless_String_6443,2025-01-30
Shroom-s,2025-01-30
Good-Independent-351,2025-01-30
JellyfishTrifle52,2025-01-30
Fuzzy-Delivery-3274,2025-01-30
expertwitness0,2025-01-30
Puzzleheaded_Can_637,2025-01-30
mnancy56,2025-01-30
shru-_-,2025-01-30
Malakcute23,2025-01-30
NadiaPowell,2025-01-30
Plushie1012,2025-01-30
Mikemannm,2025-01-30
AstartesFanboy,2025-01-30
cakewalk093,2025-01-30
Fun-Midnight1010,2025-01-30
Electronic-Spread593,2025-01-30
Dramatic-Flounder376,2025-01-30
evmitch,2025-01-30
Royal_Roll8601,2025-01-30
East_Lawfulness_8675,2025-01-30
Financial-Hunt8822,2025-01-30
Acrobatic_Product771,2025-01-30
akrdzalic,2025-01-30
SoilElectronic7546,2025-01-30
Spiritual-Orange8143,2025-01-30
Connect-Frosting8196,2025-01-30
AppealStatus2800,2025-01-30
Tankdog12,2025-01-30
marngm,2025-01-30
Sea_Introduction_750,2025-01-30
FunnyFox8496,2025-01-30
Fair_Walk_8650,2025-01-30
Chisom1998_,2025-01-30
JunkyardDawg04,2025-01-30
InternationalClub318,2025-01-30
jelllyyy_fishhh,2025-01-30
deebow97,2025-01-30
Critical_Aside940,2025-01-30
spoicyavocado,2025-01-30
millenialsadness,2025-01-30
Comfortable-Ad159,2025-01-30
DrinkUpChumps,2025-01-30
Horror_Armadillo7972,2025-01-30
Federal-Engineer-182,2025-01-30
gulabjamunkahalwa,2025-01-30
666medusa666,2025-01-30
Chewelsy,2025-01-30
Unlucky-Ad-7529,2025-01-30
gaiaom,2025-01-30
Unfair-Face-1247,2025-01-30
OkPerspective2465,2025-01-30
DyJoGu,2025-01-30
Ambitious_Lake3481,2025-01-30
Substantial-Web6497,2025-01-30
Not_what_theyseem,2025-01-30
Strange_Celery1841,2025-01-30
w0lfm0nk,2025-01-30
GutZsh,2025-01-30
Serious_Cream3790,2025-01-30
Manasvi1993,2025-01-30
friendsthatlast4ever,2025-01-30
Hazzer1601,2025-01-30
mkh1995xx,2025-01-30
Fair-Procedure-5257,2025-01-30
Crouton_Hope,2025-01-30
wdym_an,2025-01-30
Impressive_Tell_4013,2025-01-30
Acceptable_Present_9,2025-01-30
PresentAttorney9982,2025-01-30
phantasmagoria1985,2025-01-30
Amazing_Ad902,2025-01-30
myrareidea,2025-01-30
Itrustinreddit,2025-01-30
thefilmguy8224,2025-01-30
Glitzandglam1456,2025-01-30
goodcuriousity23,2025-01-30
Heinz0033,2025-01-30
valiant_vagrant,2025-01-30
Gullible-Junket2717,2025-01-30
TipStandard2518,2025-01-30
PineberryRigamarole,2025-01-30
cerealqueen275,2025-01-30
Appropriate_Bank_998,2025-01-30
Movingbison,2025-01-30
Gkyhdjr,2025-01-30
Rich-Application-582,2025-01-30
younglord97,2025-01-30
ophelia_blue24,2025-01-30
nhopyoung,2025-01-30
HereToSeekAnswers,2025-01-30
zaxanllc,2025-01-30
Raygaen01,2025-01-30
Tiny_Honeydew_5900,2025-01-30
Old-Marionberry7000,2025-01-30
jackiebot101,2025-01-30
Relevant_Brother3304,2025-01-30
MysteriousFlight9127,2025-01-30
Thulisile_A,2025-01-30
Acceptable_Spray9568,2025-01-30
AT-25,2025-01-30
SushiCook,2025-01-30
Jyotish547,2025-01-30
One-Fox7646,2025-01-30
ikexev,2025-01-30
UOnline260,2025-01-30
EmphasisFit4934,2025-01-30
clayishpoem,2025-01-30
newgradrnn,2025-01-30
HeadSubstance2683,2025-01-30
staticsoundwavv,2025-01-30
wizdiv,2025-01-30
Possible-Summer5442,2025-01-30
Awkward_Ad_64,2025-01-30
Training-Art-5431,2025-01-30
Adorable-North-7912,2025-01-30
Formal-Plate-8242,2025-01-30
Better_Dragonfly2347,2025-01-30
cruzorlose,2025-01-30
After-Panda1384,2025-01-30
The_MxEQshNr,2025-01-30
Prize_Internet_9467,2025-01-30
SomeBoredGuy77,2025-01-30
Broken_braces_galore,2025-01-30
docdoom_,2025-01-30
WorldsOkayestMom17,2025-01-30
Clorox_bleach_spray,2025-01-30
noahqueen69,2025-01-30
Square_Lie5164,2025-01-30
Icy_Shower_325,2025-01-30
Disastrous-Mouse-796,2025-01-30
Elegant_Try_8875,2025-01-30
Alpha-golf-hotel,2025-01-30
Competitive_School80,2025-01-30
briannad474,2025-01-30
Local_Cause_4197,2025-01-30
One_Yam1224,2025-01-30
Electronic-Seat-7186,2025-01-30
Boopsssss,2025-01-30
Queasy-Lunch-2352,2025-01-30
throwawayway0987,2025-01-30
str4yl00ny,2025-01-30
Lil-Mushroom-Fairy,2025-01-30
sawotee,2025-01-31
cowking010,2025-01-31
BitterCareer1633,2025-01-31
ShameFlat2690,2025-01-31
Ancient-Knee3212,2025-01-31
DazedPirate7595,2025-01-31
Express_Sleep_4498,2025-01-31
iforgotalltgedetails,2025-01-31
newWilliamWallace,2025-01-31
ProductOk4050,2025-01-31
WaitSmart456,2025-01-31
NoFaithlessness1024,2025-01-31
CommentAvailable7520,2025-01-31
Shrutigupta_31,2025-01-31
Timely-Ad1927,2025-01-31
RoomAgitated5082,2025-01-31
SadCut2702,2025-01-31
DatAspie2000,2025-01-31
Automatic_Name_8659,2025-01-31
SimpleSuch2853,2025-01-31
Jordyyyb,2025-01-31
jake-a-roon,2025-01-31
rumpledfoarskin,2025-01-31
fuzzy_snellen,2025-01-31
pathwayinsider,2025-01-31
Desperate_Row_7830,2025-01-31
BinkNBoink,2025-01-31
JGomass,2025-01-31
Nervous_Spinach69,2025-01-31
Open-Fig915,2025-01-31
wallop187,2025-01-31
Jaded-Swim-8565,2025-01-31
Dizzy_Presence_8197,2025-01-31
Spiritual_Ad1456,2025-01-31
Constant_Treacle3919,2025-01-31
Slight-Traffic6090,2025-01-31
FlowerLegitimate8094,2025-01-31
AccomplishedWalk6893,2025-01-31
TurboWaffleKing,2025-01-31
Lyioux,2025-01-31
JonusRFalcon,2025-01-31
Fun_Cardiologist4575,2025-01-31
Awkward_Illustrator9,2025-01-31
angrybird16755,2025-01-31
bluemind1993,2025-01-31
Frozenstarzz,2025-01-31
shdbs62,2025-01-31
Adventurous_Clock241,2025-01-31
Slight_Astronomer_76,2025-01-31
Chalk-Prince,2025-01-31
Narrow_Flounder_6160,2025-01-31
Sure_Conference1768,2025-01-31
Moondog_007,2025-01-31
No_Information_5949,2025-01-31
Mountain-Bit-1606,2025-01-31
Slight-Western7289,2025-01-31
Overall-Aside-4233,2025-01-31
vinitajr,2025-01-31
FixAdministrative916,2025-01-31
deCantilupe,2025-01-31
Mobile_Counter_6932,2025-01-31
Rogerthat12345678,2025-01-31
Ok_Machine9724,2025-01-31
born_negative_31,2025-01-31
Upbeat_Craft5971,2025-01-31
Greenmooseguava,2025-01-31
Historical_South_277,2025-01-31
Important-Grocery710,2025-01-31
Mental-Reflection-80,2025-01-31
Terrible-Arm2757,2025-01-31
TheTreeHimself07,2025-01-31
riccireal,2025-01-31
Hopeful-Pudding1837,2025-01-31
Kitchen_Swimming7512,2025-01-31
East_Teacher2843,2025-01-31
HatoriiHanzo,2025-01-31
RoughOwll,2025-01-31
PoolDry465,2025-01-31
Kyrakam,2025-01-31
Fun_Opposite7721,2025-01-31
kaylalancaster,2025-01-31
One-Estimate4240,2025-01-31
New_Pop4711,2025-01-31
Honest_Springs,2025-01-31
trottiko,2025-01-31
Gloomy_Willingness_4,2025-01-31
Nearby_Cloud3466,2025-01-31
Express-Ad7670,2025-01-31
fairybubbles,2025-01-31
SuspiciousButton2222,2025-01-31
BananaAziz,2025-01-31
Appropriate_Wrap4995,2025-01-31
Clean_Ad_8767,2025-01-31
Salty_Bench8448,2025-01-31
PineappleCubeKicks,2025-01-31
ElCapitanJackSparrow,2025-01-31
Decent_Blueberry52,2025-01-31
weareallsoybeans,2025-01-31
Genrral,2025-01-31
HopelessStranger121,2025-01-31
OkFondant2357,2025-01-31
Noragretskatie,2025-01-31
One_Trouble5922,2025-01-31
Soupfork_1999,2025-01-31
Busy-Bell-4715,2025-01-31
Brief-Leg233,2025-01-31
Left-Diamond3847,2025-01-31
CurrentFit7684,2025-01-31
APPA-Outdoors,2025-01-31
poppo02,2025-01-31
FeistySize8795,2025-01-31
PopcornGirl28,2025-01-31
Fluffy_Chemist_8988,2025-01-31
8phasesofthemoon,2025-01-31
FxTrading123,2025-01-31
omi10000,2025-01-31
Routine-Crew8651,2025-01-31
Bubbly_Teaching_1991,2025-01-31
EliassAI,2025-01-31
ScaredSuggestion6108,2025-01-31
StunningAbility9347,2025-01-31
DirectFlan4888,2025-01-31
TrainingEstimate6813,2025-01-31
ThrowawayEhEhElaEla,2025-01-31
Imaginary_Gap_5386,2025-01-31
hulka-maniac,2025-01-31
Solaire3554,2025-01-31
Aggressive_Onion4649,2025-01-31
daniiiimarie,2025-01-31
EmotionalWin09,2025-01-31
BookBuzzPaws,2025-01-31
khrispyb,2025-01-31
Lukenul69,2025-01-31
LaceBird360,2025-01-31
Maleficent_Peak_1563,2025-01-31
Efficient-Junket3671,2025-01-31
scienceresearchsimp,2025-01-31
Separate_Match_918,2025-01-31
Shanoony,2025-01-31
Archerinvestors,2025-01-31
melonbrains,2025-01-31
Novel_Hat_2961,2025-01-31
MentalTourist1353,2025-01-31
Maleficent_Major4618,2025-01-31
In_VT12,2025-01-31
Far-Damage-8109,2025-01-31
Pristine-Algae-6568,2025-01-31
Spare_Perspective972,2025-01-31
Famous_Obligation551,2025-01-31
Substantial-Crab-240,2025-01-31
Ola_Adebanjo,2025-01-31
LegendaryLush12,2025-01-31
Sneakey_Toaster,2025-01-31
Curious_Bug_96,2025-01-31
BigMac_111,2025-01-31
itg9,2025-01-31
hairy_coochh,2025-01-31
JoinTheTeamNow00,2025-01-31
Geniushmi2025,2025-01-31
VenomOfWar_,2025-01-31
Temporary-Insect5032,2025-01-31
That-Employment6388,2025-01-31
Winter-Cut-5485,2025-01-31
Hot-Rush-8659,2025-01-31
AttemptJolly1279,2025-01-31
According_Part9000,2025-01-31
angelicboy,2025-01-31
CommanderGO,2025-01-31
OddAssociation000,2025-01-31
Arcaddes,2025-01-31
Phoenixiaaa,2025-01-31
thiccyjose-,2025-01-31
Thrillwaukee,2025-01-31
livendieinLA8,2025-01-31
Motor-Commercial386,2025-01-31
disseveggene,2025-01-31
123epic,2025-01-31
CoolMentorK,2025-01-31
sacrol07,2025-01-31
mackoye73,2025-01-31
Ok-Commercial-5705,2025-01-31
adamb1187,2025-01-31
darks931__,2025-01-31
DepressedHermit1,2025-01-31
anireaa,2025-01-31
contemplatingg,2025-01-31
Skip_Tracey,2025-01-31
HelloFabulous,2025-01-31
Reasonable_Trip2302,2025-01-31
Lanky-Earth-405,2025-01-31
ibefreak,2025-01-31
dragonore,2025-01-31
Bram_Stoner,2025-01-31
AnionKay,2025-01-31
Most-Present-6226,2025-01-31
Tricky-Ride7785,2025-01-31
WillisGamingForEver,2025-01-31
idontreadcamus,2025-01-31
Bluefacedid911,2025-01-31
lbenzz,2025-01-31
Ophus117,2025-01-31
StinkyFinger5000,2025-01-31
Repulsive_Aviator,2025-01-31
Electrical_Bed_1145,2025-01-31
Jcdh12345,2025-01-31
EvidenceFantastic969,2025-01-31
svulieutenant,2025-01-31
jpcaparas,2025-01-31
EtherBoo,2025-01-31
Machinefun,2025-01-31
epheva,2025-01-31
InternalExploits,2025-01-31
vag_pics_welcomed,2025-01-31
Outrageous-Start7869,2025-01-31
shogunette,2025-01-31
Secure_Choice8902,2025-01-31
Critical-Lemon7218,2025-01-31
Sea_Energy5001,2025-01-31
Emotional-Low4104,2025-01-31
Temporary-Ice-9184,2025-02-01
jiqifiqiri1m0,2025-02-01
Boring-Broccoli-55,2025-02-01
Positive-Material,2025-02-01
BudgetEmotional9644,2025-02-01
CarrotTopCowboy,2025-02-01
DeliciousAction6347,2025-02-01
OreoKing10,2025-02-01
PalpitationSlow5755,2025-02-01
ShittyLuckGraduate,2025-02-01
Fun-Individual-2428,2025-02-01
New_Necessary_9591,2025-02-01
Wayward_Conciousness,2025-02-01
Appropriate-Day8924,2025-02-01
Visible_Yoghurt655,2025-02-01
Plane_Camel6386,2025-02-01
Useful_Ambassador_28,2025-02-01
ButterscotchFormer84,2025-02-01
Miserable_File7059,2025-02-01
game_dad_aus,2025-02-01
Obvious-Manner5634,2025-02-01
goldicecream,2025-02-01
Real-March-8571,2025-02-01
Acrobatic-Cost2155,2025-02-01
lov4orange,2025-02-01
Relative-Command6454,2025-02-01
Stoievn,2025-02-01
Stellar_Moon8,2025-02-01
Secret-Interest-1188,2025-02-01
StripedPatsu,2025-02-01
whore4matcha,2025-02-01
Glittering_Grand6680,2025-02-01
odysseyhecate,2025-02-01
Away_Commercial_9892,2025-02-01
Dirty_Falcon69,2025-02-01
Monsterbee-83,2025-02-01
dirtcrown,2025-02-01
Common_Chip_5935,2025-02-01
hadi_73,2025-02-01
JustSwizu,2025-02-01
Liebling583,2025-02-01
quick-snowball,2025-02-01
introverted-lawyer,2025-02-01
National_Funny9749,2025-02-01
hymnofshadows,2025-02-01
Brilliant_Skill_3156,2025-02-01
Good-Paint-815,2025-02-01
everyday9to5,2025-02-01
LocalCryptid935,2025-02-01
AbujarGifari6257,2025-02-01
BeautifulBasic208,2025-02-01
Realistic_Macaroon98,2025-02-01
Aggravating-Foot-634,2025-02-01
Hot-Management3247,2025-02-01
Lonely-Requirement20,2025-02-01
Adventurous_Net3373,2025-02-01
fml1989kmn,2025-02-01
Technical_Try_28,2025-02-01
Top_Elk_3914,2025-02-01
ComprehensiveFail647,2025-02-01
Possible-Business883,2025-02-01
RealisticAwareness36,2025-02-01
Selflessly_Anonymous,2025-02-01
Less-Reflection3848,2025-02-01
Maleficent-Gap-5221,2025-02-01
RepulsiveSwing4341,2025-02-01
lNSECTOID,2025-02-01
ZealousidealBowl9540,2025-02-01
Soldierofparadis,2025-02-01
Erick02516,2025-02-01
Tall_Engineering575,2025-02-01
Accomplished-Unit229,2025-02-01
DifficultOccasion208,2025-02-01
findmeinneverland,2025-02-01
AgitatedLeading6650,2025-02-01
Representative_Emu30,2025-02-01
TranslatorVarious940,2025-02-01
Shot_Ad_2194,2025-02-01
abcantel,2025-02-01
Stunning_Sentence830,2025-02-01
GABRIELFORLIFE,2025-02-01
sickleRunner,2025-02-01
citizenblind,2025-02-01
Adventurous-Owl-977,2025-02-01
MFBAking,2025-02-01
Broknstrings1,2025-02-01
neverpost4,2025-02-01
AffectionateBread798,2025-02-01
Guilel,2025-02-01
AdventurousHeat830,2025-02-01
Agitated_District,2025-02-01
Beneficial_Funny_479,2025-02-01
Hopeful_Gur9537,2025-02-01
Electrical-Duty973,2025-02-01
jerahysabelle,2025-02-01
Fickle_Cranberry_292,2025-02-01
cattivix,2025-02-01
Training_River_3110,2025-02-01
Careful-Subject9409,2025-02-01
meowkyeom,2025-02-01
Key-Rate-9027,2025-02-01
AbiesOk9007,2025-02-01
THROWRA_catlad,2025-02-01
DreamAffectionate716,2025-02-01
stay_away_ho,2025-02-01
princessa316,2025-02-01
Competitive-Panda215,2025-02-01
dina0594,2025-02-01
OneChain2576,2025-02-01
foxinterrupted,2025-02-01
bones_39,2025-02-01
Prestigious_Cut_7716,2025-02-01
Disccrd,2025-02-01
SpiritualApricot6484,2025-02-01
captwaffles27,2025-02-01
Total-Rub-5067,2025-02-01
stealthoptimist,2025-02-01
NoahRogersMcDowell,2025-02-01
Sweet-Idea-7553,2025-02-01
liminalmilk0,2025-02-01
Longjumping_Shoe_700,2025-02-01
MagicalReefs,2025-02-01
Ok_Present4599,2025-02-01
konniqq,2025-02-01
Flat-Ice9433,2025-02-01
willsellfrog,2025-02-01
Aromatic_Note8944,2025-02-01
BrilliantPhilosophy8,2025-02-01
Forever_Summer192,2025-02-01
holisters2585,2025-02-01
Itchy-Replacement610,2025-02-01
Proof-Peanut-7876,2025-02-01
TypicalAssistance910,2025-02-01
Mr-Barack-Obama,2025-02-01
mysteriousloner,2025-02-01
CommercialShare7480,2025-02-01
WhyyAbby,2025-02-01
GrassFresh9863,2025-02-01
No-Okra5552,2025-02-01
indyrose16,2025-02-01
ryantinker,2025-02-01
Brilliant-Gap587,2025-02-01
YLynnx,2025-02-01
TrueBananaz,2025-02-01
AromaticHearing281,2025-02-01
Relevant-External610,2025-02-02
Ok-Marionberry9019,2025-02-02
OKBreakfast128,2025-02-02
Purebtw,2025-02-02
Madden349,2025-02-02
missj883,2025-02-02
fanfic_haver,2025-02-02
Long_Sprinkles_3222,2025-02-02
LatterSupermarket823,2025-02-02
MayaOnaisee,2025-02-02
Historical_Mode9845,2025-02-02
notsurewhybutyeah,2025-02-02
joemama1917,2025-02-02
TurbulentChemical636,2025-02-02
Chrisg_2109,2025-02-02
Shot_Dirt6650,2025-02-02
Penalty-Weird,2025-02-02
candidminer,2025-02-02
imsaurabh3,2025-02-02
No-Advertising-4290,2025-02-02
something-scarlet-13,2025-02-02
Livid_Associate2914,2025-02-02
Inner_Victory4544,2025-02-02
Future-Lawfulness998,2025-02-02
Kamizensass2,2025-02-02
Fluffy-Decision7347,2025-02-02
EnvironmentalLaw8451,2025-02-02
WildElection4950,2025-02-02
Dangerous_Platypus86,2025-02-02
WrapTotal6225,2025-02-02
SecondFlaky6966,2025-02-02
devilmaydance,2025-02-02
Toughest_soft_cat,2025-02-02
No_Guarantee9908,2025-02-02
saraswat_soni,2025-02-02
safaaaaaaaaaa,2025-02-02
sgtdrsmith8152,2025-02-02
Suspicious-Bad5870,2025-02-02
Wide_Driver6627,2025-02-02
SeykeDev,2025-02-02
Actual_Secretary9351,2025-02-02
7atm,2025-02-02
Expensive-Fun9248,2025-02-02
The_Shadow_2004_,2025-02-02
Equivalent_Excuse564,2025-02-02
Mobile_Salamander_16,2025-02-02
Zestyclose_Ebb6556,2025-02-02
Ok_Tank_9020,2025-02-02
Martian-Starling,2025-02-02
No_Egg9145,2025-02-02
OriginalHybrid127,2025-02-02
w-wg1,2025-02-02
AngelicDragonGirl7,2025-02-02
Quirky-Charity-9275,2025-02-02
Key-Substance-4175,2025-02-02
vhuihgcvbbk,2025-02-02
wolfie-red,2025-02-02
Far_Flamingo5333,2025-02-02
Defiant_Drawer_9221,2025-02-02
EmbarrassedDog3172,2025-02-02
Independent-Force635,2025-02-02
dwei1,2025-02-02
Environmental_Gur716,2025-02-02
Famous_Map2416,2025-02-02
Few_Experience_7920,2025-02-02
nibber420,2025-02-02
Kitchen_Answer4249,2025-02-02
truthfinder9616,2025-02-02
AdMobile1632,2025-02-02
Pristine-Midnight122,2025-02-02
Least-Pin3600,2025-02-02
ginganinja709,2025-02-02
Temporary-Alarm-744,2025-02-02
lavenderlatte_22,2025-02-02
Emergency-Price7107,2025-02-02
Some_Background8995,2025-02-02
tajsagay,2025-02-02
TapOld6045,2025-02-02
Ok_Echidna_4175,2025-02-02
1945GarlicBread,2025-02-02
Particular-You-2282,2025-02-02
minisculemonstrosity,2025-02-02
DupeLuke,2025-02-02
valex180,2025-02-02
Sense714,2025-02-02
Big_Advertising_5318,2025-02-02
Express-Row-2595,2025-02-02
No_Jelly_6500,2025-02-02
Spursnation1193,2025-02-02
iluxu,2025-02-02
Unlikely_Pace3339,2025-02-02
True_Signature_5336,2025-02-02
Distinct-Head-1962,2025-02-02
CONCEPT_BIMMER,2025-02-02
angweeducc,2025-02-02
RadioRebel77,2025-02-02
lemash2020,2025-02-02
Puzzleheaded_Pop4659,2025-02-02
Safe_Homework8500,2025-02-02
PotatoMcSalad,2025-02-02
Asleep-Gas9691,2025-02-02
No_Possibility4782,2025-02-02
YogurtCloset6879,2025-02-02
ThisIzDish,2025-02-02
Intelligent_Care6610,2025-02-02
Crafty_Ordinary_3845,2025-02-02
QuoteAdorable8484,2025-02-02
One_Bottle_1382,2025-02-02
Adept-State2038,2025-02-02
Visaguidance,2025-02-02
ActOk6345,2025-02-02
Nobody_0481,2025-02-02
Unknown_User7514,2025-02-02
Snoo_24395,2025-02-02
vanbald,2025-02-02
EbbCapable9317,2025-02-02
Aquarius777_,2025-02-02
Cloudminnt,2025-02-02
Direct_Pipe_2415,2025-02-02
Shimabui,2025-02-02
Direct_Package8702,2025-02-02
LifeOfSlice89,2025-02-02
OkMany5373,2025-02-02
Clean-Run313,2025-02-02
MiniMunching,2025-02-02
Waste-Grand-7941,2025-02-02
AlarmedAd289,2025-02-02
BandFinancial8917,2025-02-02
focused-phantom,2025-02-02
Safe_Door_4816,2025-02-02
Few-Imagination9014,2025-02-02
Non_Existent07,2025-02-02
Awkward_Roof_2254,2025-02-02
_Fall_2572bibi,2025-02-02
SellMeThisPen2021,2025-02-02
nintenotion,2025-02-02
GingerMarquis,2025-02-02
Key-Seaworthiness332,2025-02-02
aLifeOfPi,2025-02-02
Beneficial_Pizza_828,2025-02-02
Ok_Zucchini_2542,2025-02-02
eggmanbagel,2025-02-02
PristineJudgment9125,2025-02-02
EditorImpossible2038,2025-02-02
deepintothedarkness5,2025-02-02
TTA1108,2025-02-02
emogay101,2025-02-02
StarkPaper72,2025-02-02
Fluid-Bag-3061,2025-02-02
Alarming-Republic-96,2025-02-02
starlovergirl,2025-02-03
haltan4246,2025-02-03
rayachitt,2025-02-03
JuniorYogurt8359,2025-02-03
Away_Flan_7577,2025-02-03
Neat-Violinist6591,2025-02-03
Glad_Gold4052,2025-02-03
Mobile-Piel,2025-02-03
hohosbbshs,2025-02-03
No-Temperature5211,2025-02-03
Positive_Feature1904,2025-02-03
Scared-Balance-7278,2025-02-03
tsbsom,2025-02-03
Miserable_Highway953,2025-02-03
huntevans20,2025-02-03
Important_Carpet7198,2025-02-03
scribblesfreak,2025-02-03
Independent_Big1854,2025-02-03
SNKRtrbl,2025-02-03
Affectionate-Yak-559,2025-02-03
Relative_Zebra_3202,2025-02-03
Ill_Kaleidoscope_819,2025-02-03
sweet_Girl2327,2025-02-03
Hot_Set3075,2025-02-03
Far-Bobcat-9591,2025-02-03
Vast-Acanthisitta687,2025-02-03
PresentationVast,2025-02-03
bskskwidbdoan,2025-02-03
whatA-Life3,2025-02-03
OwnConfusion6826,2025-02-03
_anyaforgerx,2025-02-03
Familiar_Glass618,2025-02-03
Few_Mess_7114,2025-02-03
Old_Order5026,2025-02-03
ComprehensiveBit4016,2025-02-03
Wild-Camera7441,2025-02-03
Extreme-Song2468,2025-02-03
UnderstandingThin40,2025-02-03
aihaode,2025-02-03
smalleyesbigface,2025-02-03
Intelligent-Text-812,2025-02-03
kmsucculents,2025-02-03
nosilag,2025-02-03
BarConsistent8588,2025-02-03
mammyJz,2025-02-03
AlternativeBowler847,2025-02-03
Individual_Stay3617,2025-02-03
megumisbloodykisses,2025-02-03
gr33np3pp3rm1nt,2025-02-03
bus-inessman,2025-02-03
user23742678,2025-02-03
alhaan313,2025-02-03
Justyna0,2025-02-03
OrangeMammoth5,2025-02-03
Aromatic_Animator_20,2025-02-03
OcelotVirtual6811,2025-02-03
Away_Presentation617,2025-02-03
Kalki_77,2025-02-03
JonMidnight,2025-02-03
ProfessionalYogurt24,2025-02-03
min2811,2025-02-03
ornev,2025-02-03
Typical-Spray2168,2025-02-03
paneburroemarmellata,2025-02-03
Woloveth,2025-02-03
Agreeable_Range512,2025-02-03
EffectiveOk4088,2025-02-03
Testedwaters065,2025-02-03
shourya_jain,2025-02-03
Motor-Mail1111,2025-02-03
TashaTalks,2025-02-03
Either-Pianist-494,2025-02-03
its_buckwild,2025-02-03
dolphin_fan20004,2025-02-03
Shot-Hamster-7319,2025-02-03
LeaveIcy7181,2025-02-03
Pleasant_Republic_84,2025-02-03
Ok_Fee2824,2025-02-03
Tasty_Purpose8548,2025-02-03
throwRA619193739,2025-02-03
Miserable-Job-2321,2025-02-03
IcyPitch1137,2025-02-03
Fun_Basil7580,2025-02-03
One-Insurance5366,2025-02-03
Patient-Cress171,2025-02-03
Leather_Pattern754,2025-02-03
Old-Watercress-9799,2025-02-03
Winter-Part01,2025-02-03
VisionWeaver_1998,2025-02-03
Darthlicious,2025-02-03
TechTirth,2025-02-03
RecommendationDue783,2025-02-03
GrapefruitTough16,2025-02-03
Crazy_Literature_909,2025-02-03
BigChunges69420,2025-02-03
Evening_Signal5133,2025-02-03
cothley,2025-02-03
No_Lock_983,2025-02-03
Dramatic-Trainer9325,2025-02-03
Human-Ticket-478,2025-02-03
ThrowRA3656,2025-02-03
DreamyGemini25,2025-02-03
Humble-Peace-8445,2025-02-03
Either-Pain-7804,2025-02-03
Junior-Gate-6120,2025-02-03
DolexExtra,2025-02-03
VirtualFriend_95,2025-02-03
silverboy787,2025-02-03
No_Dream_335,2025-02-03
ntieskoe,2025-02-03
hellsxngel,2025-02-03
GAMElover1101,2025-02-03
ItsJustCasey,2025-02-03
Ok_Living7351,2025-02-03
biggycheeseJ,2025-02-03
in_the_pines__,2025-02-03
Fairly-Feral,2025-02-03
uhohmykokoro,2025-02-03
Difficult-Regular592,2025-02-03
seheememe,2025-02-03
RoyalFalse,2025-02-03
Imastraightdawgyo,2025-02-03
uncle_traveler,2025-02-03
TheRealBenReilly,2025-02-03
LonelyLurker101,2025-02-03
zachandyap,2025-02-03
UnlikelyWelder2105,2025-02-03
MattfromNEXT,2025-02-03
Ok_Weird9063,2025-02-03
Anxious_Art3915,2025-02-03
Hour_Lavishness3636,2025-02-03
Hollow-Crusader,2025-02-03
Sad_Recognition7510,2025-02-03
BeatItAT,2025-02-03
King__Witch,2025-02-03
No-Impression5270,2025-02-03
401Nailhead,2025-02-03
wildbabydoll,2025-02-03
ajdotthirtyone,2025-02-03
kellynthegay,2025-02-03
Ok-Tomorrow-7818,2025-02-03
No_Perspective_3502,2025-02-03
United-Swimming-9594,2025-02-03
tastytulips03,2025-02-03
CAREbear-Rainbow,2025-02-03
Garfieldformayor,2025-02-03
danielson415,2025-02-03
pinkcameoring,2025-02-03
Extra_Top_5022,2025-02-03
Drakeswife3,2025-02-03
windycitygirl87,2025-02-03
Ok_View_6633,2025-02-03
englishprozzy,2025-02-03
nebulousthot,2025-02-03
omgoth_,2025-02-03
jamro05,2025-02-03
coreyart_s,2025-02-03
JuryConscious6917,2025-02-03
Certain-Work5121,2025-02-03
Healthy-Echidna-3798,2025-02-03
Leviah_Papaya,2025-02-03
zeekthegeek_82,2025-02-03
Worried_Bad_6427,2025-02-03
Ok-Orange-5036,2025-02-03
Oqtopi,2025-02-03
dezsivan,2025-02-03
mr-jade,2025-02-03
Ok-Camel7458,2025-02-03
NeighborhoodEvery244,2025-02-03
ChaoticIdol,2025-02-03
fujika1,2025-02-03
Crashed_wave94,2025-02-03
Haunting_Drawer7220,2025-02-03
buttahyobiscuit,2025-02-03
insert_1coin98,2025-02-03
Aiba810129,2025-02-03
beetcomrade,2025-02-03
Zacurryaa,2025-02-03
BlueMoon0009,2025-02-03
KY01911,2025-02-03
Rantmara,2025-02-03
Connect_Sky_4930,2025-02-03
EmploymentMajestic64,2025-02-03
Anony_Miss,2025-02-03
Seedless_Orange69,2025-02-03
bapurcell183,2025-02-03
catmehome,2025-02-03
alice_echoes,2025-02-03
Puzzleheaded_Work555,2025-02-03
LowCharacter614,2025-02-03
Lanky-Scot,2025-02-03
Ok_Cancel_2705,2025-02-04
Logical_Hat_7954,2025-02-04
Global_Night5294,2025-02-04
designyguy,2025-02-04
ragged_joy,2025-02-04
Unique-Variation-531,2025-02-04
hdoaiehfdi,2025-02-04
SnooObjections3570,2025-02-04
Maasbreesos,2025-02-04
justuraveragenibba,2025-02-04
Evening-Reporter3348,2025-02-04
Aggravating_Owl4910,2025-02-04
Accomplished-Gene285,2025-02-04
PercentageHuman2294,2025-02-04
WildDishwasher,2025-02-04
fpm345,2025-02-04
Gods-Nutbucket,2025-02-04
WillingnessOk8371,2025-02-04
the_name_changer1,2025-02-04
Less_Refrigerator753,2025-02-04
ktb609,2025-02-04
zerofalks,2025-02-04
surfshack18,2025-02-04
QualityWeekly9,2025-02-04
Bananananananrama,2025-02-04
Opposite_Primary3058,2025-02-04
DepressionFilled,2025-02-04
vortex-of-time,2025-02-04
Majestic-Community58,2025-02-04
Commercial_Archer844,2025-02-04
Background-Pie6594,2025-02-04
Objective_Let7902,2025-02-04
Beautiful_Flower_468,2025-02-04
Ancient-Shelter5432,2025-02-04
that_rc99,2025-02-04
ComprehensiveSafe182,2025-02-04
Purple_Tangerine8450,2025-02-04
SheepherderDue227,2025-02-04
PoyrazJones,2025-02-04
thatsmrssmallstoyou,2025-02-04
kat_spitz,2025-02-04
Illustrious_Catch_16,2025-02-04
Dependent-Chicken-74,2025-02-04
bethebitz,2025-02-04
EFFeverything_,2025-02-04
Electronic-Try-816,2025-02-04
ClearPicture6948,2025-02-04
Be-Nimble_Jack,2025-02-04
herbivore_phoenix,2025-02-04
EquivalentOk8822,2025-02-04
pirate_the_otaku,2025-02-04
Parking-Weather-2697,2025-02-04
Top_Coyote3890,2025-02-04
indoplat,2025-02-04
Big_Pomegranate_667,2025-02-04
SameTerm4267,2025-02-04
Illustrious_Ship_428,2025-02-04
Specialist_Hornet488,2025-02-04
Safe_Strawberry4675,2025-02-04
Appropriate_Stand_60,2025-02-04
ImpressiveFault7,2025-02-04
StrongRole2831,2025-02-04
LifeofGraciousEase,2025-02-04
poprokx,2025-02-04
ProfessionalRub866,2025-02-04
markinapub,2025-02-04
VoiceEastern6779,2025-02-04
lowdrag1,2025-02-04
CardiologistNo7890,2025-02-04
Ancient-Pudding-8101,2025-02-04
pablova14,2025-02-04
fordert,2025-02-04
EpicElephant0-o,2025-02-04
PresentChampion7209,2025-02-04
Fresh-Woodpecker-722,2025-02-04
greentealeafy,2025-02-04
Guilty-Nebula-3740,2025-02-04
SouthButterfly1102,2025-02-04
thro-uh-way109,2025-02-04
Far_Cryptographer593,2025-02-04
Hot_Form9587,2025-02-04
Low-Analyst8142,2025-02-04
Key-Suspect-5669,2025-02-04
SingleImpress116,2025-02-04
pur3extrme,2025-02-04
gabbarAOC,2025-02-04
PracticePerfect3250,2025-02-04
alwaysaspecialdream,2025-02-04
W1tchberry,2025-02-04
HypeTeamOwner,2025-02-04
New_Look_9184,2025-02-04
ieltsworld23,2025-02-04
user11013,2025-02-04
Eastern-Housing6380,2025-02-04
someuser91,2025-02-04
Famous_Dimension801,2025-02-04
Capable-Candle6154,2025-02-04
RDX717,2025-02-04
ibarasaegusas,2025-02-04
Double_Subject_2853,2025-02-04
RutabagaJumpy9292,2025-02-04
smacznygrzybek,2025-02-04
ItsJust1s_0s,2025-02-04
Critical_Opening_526,2025-02-04
AgreeableBee8684,2025-02-04
MYT33,2025-02-04
becket7102,2025-02-04
HeavyMinute3808,2025-02-04
Realistic-Neat8074,2025-02-04
fngcrystl,2025-02-04
jc0187,2025-02-04
YnotThrowAway7,2025-02-04
Bored_AF_WTH,2025-02-04
Few_Cheek3922,2025-02-04
the_lastray,2025-02-04
josiedee493,2025-02-04
Downtown-Emotion121,2025-02-04
Wyrat_kohli3,2025-02-04
InspectorUniverse,2025-02-04
MastaGAtomic,2025-02-04
OneCouple7403,2025-02-04
alenathomasfc,2025-02-04
throwayawayseizure,2025-02-04
DJTlover85,2025-02-04
tmartin2020,2025-02-04
Not_So_Obvious,2025-02-04
NuclearWarHorse,2025-02-04
Mountain_Soft_9145,2025-02-04
MobBoss702,2025-02-04
SubstantialEgg7148,2025-02-04
ReginaBicman,2025-02-04
secretname12,2025-02-04
No_Location_2851,2025-02-04
Mountain-Grand466,2025-02-04
Zanymom,2025-02-04
Still_Honeydew_1806,2025-02-04
Less_Antelope8113,2025-02-04
Jungaon,2025-02-04
Relisia,2025-02-04
Key-Mirror-1135,2025-02-04
drayadrakkojay,2025-02-04
ForeverCaleb,2025-02-04
EmbarrassedPen8231,2025-02-04
MamaPixie170411,2025-02-04
Leather-Writing5688,2025-02-04
Rough_Disaster2995,2025-02-04
Muted_Piccolo4992,2025-02-04
captianrobotpants,2025-02-04
bewegunguoy,2025-02-04
No_Dream4029,2025-02-04
PPGN_DM_Exia,2025-02-04
Tangled-snail,2025-02-04
One_Construction5999,2025-02-04
AbbreviationsVivid66,2025-02-04
Educational_Comb_701,2025-02-04
Wrong_Significance67,2025-02-04
umerxxz,2025-02-04
ahmednurovic,2025-02-04
Able-Rutabaga-6390,2025-02-04
DevelopmentQuick2837,2025-02-04
strikefire48,2025-02-04
Agreeable-Debt3618,2025-02-04
Dry_Usual534,2025-02-04
Hungry_Telephone5877,2025-02-04
One_Calligrapher5376,2025-02-04
UnjustCorgi,2025-02-04
Rare-Ad-8786,2025-02-04
12345678911,2025-02-04
clem50n,2025-02-04
Sxteesx,2025-02-04
Blahpedaboopa,2025-02-04
devilprincess95,2025-02-04
mwaaaaaaaaaaah,2025-02-04
Cici1y,2025-02-04
Realistic_Essay_7081,2025-02-04
aanuma,2025-02-04
mstech_learn,2025-02-04
Itamii-_-,2025-02-04
cph17,2025-02-04
duffyboythemain,2025-02-04
Right_Surprise5369,2025-02-04
Positive_Ad_1074,2025-02-04
Thick-Size1677,2025-02-04
Ok-Needleworker2141,2025-02-04
Naryely01,2025-02-04
Available_Repeat4902,2025-02-04
Zestyclose-You-100,2025-02-04
Lsama_nisan98,2025-02-04
echostorm19,2025-02-04
Signal-Farmer-8674,2025-02-04
Safe-Beautiful6122,2025-02-04
Nice_Pain9328,2025-02-04
Plantmother4609735,2025-02-04
DokiStabbyWaifu,2025-02-04
sunnydey007,2025-02-04
Itsmekarenn89,2025-02-04
Spehgetti_man,2025-02-04
MaybeMastersStudent,2025-02-04
heartbre8ksoldier,2025-02-04
Significant-Juice310,2025-02-04
Fit-Shame5424,2025-02-04
justexistingkinda,2025-02-04
Mean-Tap-4251,2025-02-04
thetyredteacher,2025-02-04
Individual_Sign5527,2025-02-04
milliebeads13,2025-02-04
Icy_Driver8221,2025-02-04
Wizziepie,2025-02-04
SnooPeanuts3387,2025-02-04
memento_mori80,2025-02-04
CiscoSuperman,2025-02-04
Quick_Enthusiasm_306,2025-02-04
problema12,2025-02-04
cipherXplore,2025-02-04
unnamed297,2025-02-04
takemetearmeapart,2025-02-04
Square-Telephone4410,2025-02-04
One-Individual7977,2025-02-04
Worried_Weird7696,2025-02-04
cupie-coop,2025-02-05
thriftstoredad,2025-02-05
Soto-San,2025-02-05
No_Bear4794,2025-02-05
Street_Hat3982,2025-02-05
PrimarySpecialist163,2025-02-05
coffee-enjoyer,2025-02-05
casiocrybb97,2025-02-05
Mp617s,2025-02-05
DeepIntroduction9158,2025-02-05
Dazzling-Field-2098,2025-02-05
cryptolunat,2025-02-05
AdvantageAwkward737,2025-02-05
Friendly_Donut8786,2025-02-05
LetsArgueMothafuckas,2025-02-05
starkolee,2025-02-05
lowest-self-esteem,2025-02-05
whimsicalpotatox,2025-02-05
Unconquered-,2025-02-05
lolitareaper,2025-02-05
Far_Bee_7565,2025-02-05
Rude_Database_7068,2025-02-05
Background_Eagle1084,2025-02-05
HotOil9991,2025-02-05
jesuisunnomade,2025-02-05
One_Lime3561,2025-02-05
No-Assistance110,2025-02-05
Then_Environment_678,2025-02-05
LittleStarfish3,2025-02-05
Born-Gain6344,2025-02-05
DisKODARLa,2025-02-05
Additional_Dig_6011,2025-02-05
samlovesoned,2025-02-05
Few_Waltz_9942,2025-02-05
Reasonable-Ride884,2025-02-05
StarlightCuttie,2025-02-05
CriticalOpening4200,2025-02-05
Defiant_Pumpkin_7786,2025-02-05
Ok_Perspective_7597,2025-02-05
chonkyal,2025-02-05
milk_and_cookies_82,2025-02-05
kaanmeister0,2025-02-05
SpecialChocolate9159,2025-02-05
Straight_Software913,2025-02-05
Primary_Training4913,2025-02-05
AppleShampoo-182,2025-02-05
Visible-Plane-8132,2025-02-05
SoMuchLove4Pizza,2025-02-05
Specific_Low9744,2025-02-05
MidDANNY12345,2025-02-05
Muted-Result-5940,2025-02-05
Due-Show-9452,2025-02-05
ehi_aig,2025-02-05
Outrageous_World_868,2025-02-05
wintertaeyeon,2025-02-05
Ok_Entrance_1525,2025-02-05
Lacassadallas,2025-02-05
FewDevelopment6132,2025-02-05
BWTkata,2025-02-05
ola00_3,2025-02-05
paulinevaldez,2025-02-05
Pure-Television2278,2025-02-05
Hot-Airline-4070,2025-02-05
Beautiful_Jaguar_741,2025-02-05
CanSquare5558,2025-02-05
AccordingAd3229,2025-02-05
Snarfysays,2025-02-05
Good_Charity_3636,2025-02-05
afsirllp,2025-02-05
igethighigethigh420,2025-02-05
Ok_Practice_6702,2025-02-05
Atharv6655,2025-02-05
InitialHistorical944,2025-02-05
Playful-Ad-625,2025-02-05
leonteem,2025-02-05
Limp_Big_8373,2025-02-05
Successful-Wheel4768,2025-02-05
z24bd,2025-02-05
mehtapca,2025-02-05
nicmercadowrites,2025-02-05
HarleyJarvis_91,2025-02-05
Interesting-Store-44,2025-02-05
Extension-Abies7342,2025-02-05
StickyNode,2025-02-05
PiscesPulse,2025-02-05
Comfortable_Two5823,2025-02-05
duckduckyquack,2025-02-05
Primary-Customer1958,2025-02-05
xoxoitsmo,2025-02-05
Jaded-Resource-9432,2025-02-05
SkibidiLee,2025-02-05
Ok-Razzmatazz4412,2025-02-05
Additional_Brain_205,2025-02-05
NOX-77,2025-02-05
applyr-hq,2025-02-05
idealcocoon,2025-02-05
Beginning_Chef_656,2025-02-05
Suspicious-Fig2256,2025-02-05
ThatGuyNoah8,2025-02-05
JobeyzeCN,2025-02-05
ken1776,2025-02-05
NonToxicWork,2025-02-05
Daughterofsara,2025-02-05
Alone_Ingenuity_8888,2025-02-05
jescal24,2025-02-05
Old_Ad_7335,2025-02-05
FragrantSafety3110,2025-02-05
RevolutionarySwan700,2025-02-05
Plus_Selection3588,2025-02-05
Git-Hug-Git-Gud,2025-02-05
ZK2116,2025-02-05
Nearby_Photograph_75,2025-02-05
One-Rub-6010,2025-02-05
MovemberMan123,2025-02-05
Usedandconfused30,2025-02-05
Sad_Writer892,2025-02-05
Resident_Wheel6442,2025-02-05
DenOfIsolation,2025-02-05
WeakLifeguard5321,2025-02-05
HoldOk4165,2025-02-05
Distinct-Battle3578,2025-02-05
RickyRamos01,2025-02-05
batmandar1991,2025-02-05
bonesofberdichev,2025-02-05
Icy-Programmer1397,2025-02-05
Dull-Philosopher-819,2025-02-05
Rare_Firefighter_954,2025-02-05
RedBaron308,2025-02-05
No_Thought_8713,2025-02-05
captcraigaroo,2025-02-05
Windyandbreezy,2025-02-05
Deep-Yogurtcloset756,2025-02-05
Desperate-Suck,2025-02-05
MinksnMinks,2025-02-05
Rhino-Beetle,2025-02-05
Free-Inflation-2703,2025-02-05
Worth-Tour9322,2025-02-05
Major_Object_4652,2025-02-05
Frank0ce6n,2025-02-05
Fantastic_Proof7834,2025-02-05
raniashrdh,2025-02-05
FattyBread_069,2025-02-05
fake_scooby_doo_fan,2025-02-05
hello-kitty420alp,2025-02-05
Ok_Career5971,2025-02-05
thelaughingblue,2025-02-05
TAacctSad,2025-02-05
NovelIntrepid,2025-02-05
Specialist_Bet3831,2025-02-05
Rugratz420,2025-02-05
evutics,2025-02-05
Grand_Ad9,2025-02-05
Sas-Sus,2025-02-05
Sad_Patience7494,2025-02-05
ThrowRA_PoonyPoons,2025-02-05
Adorable_Goat_2092,2025-02-05
Stefania6699,2025-02-05
0604050606,2025-02-05
justheretoviewshit,2025-02-05
Extension_Document98,2025-02-05
purplegoose223344,2025-02-05
Ok-Discipline-5536,2025-02-05
RealSeaworthiness792,2025-02-05
Negative_Rub3219,2025-02-05
ClassicOtherwise2719,2025-02-05
Infamous-Virus6167,2025-02-05
NoTime6165,2025-02-05
AnyTechnology100,2025-02-05
More_Atmosphere_6385,2025-02-05
ArcherAmazing8255,2025-02-05
Cautious-Ad894,2025-02-05
insanityslife,2025-02-05
Acrobatic-Ladder7609,2025-02-05
No_Camera3052,2025-02-05
heidieee,2025-02-05
Round_Garlic_1436,2025-02-05
mmascfc,2025-02-05
Evening-Soup-5517,2025-02-05
Ok_Kaleidoscope_1535,2025-02-05
Fair_Diamond_3785,2025-02-05
MissPurpleQuill,2025-02-05
Fluid-Network-4206,2025-02-05
Retrats98,2025-02-05
Background_House_705,2025-02-05
Disastrous_Tell_3347,2025-02-05
sameyk,2025-02-05
LeonerdoDiCraprio,2025-02-06
CaterpillarHot2648,2025-02-06
LuckyVirus4781,2025-02-06
rozalyn245a,2025-02-06
Blodg8,2025-02-06
rubiporto,2025-02-06
Additional_Fox_5286,2025-02-06
Dry-Statement-2146,2025-02-06
Millatt27,2025-02-06
carriwitchetlucy2,2025-02-06
Anxious-Experience15,2025-02-06
Honest_Suit1137,2025-02-06
Unique-Air-8089,2025-02-06
Top-Teaching3834,2025-02-06
Ok-Price-3498,2025-02-06
Inside-Progress4627,2025-02-06
meme_destroyer554,2025-02-06
obradodi,2025-02-06
PersimmonNegative947,2025-02-06
2sad2broken,2025-02-06
Kitchen_Courage_4122,2025-02-06
sometimes_blonde,2025-02-06
1rub,2025-02-06
Evanbuckleyismybf,2025-02-06
cantfigure1out,2025-02-06
ScorpioDdyyy,2025-02-06
Naive_Cat_6535,2025-02-06
Quirky-Ease2890,2025-02-06
Icy_Block_9216,2025-02-06
verxse,2025-02-06
lakurblue,2025-02-06
alifealie,2025-02-06
New_Activity7643,2025-02-06
Embarrassed-Unit5283,2025-02-06
Top_Policy_2868,2025-02-06
Careful_Bad_3539,2025-02-06
arvinsins,2025-02-06
SpecificTarget3310,2025-02-06
chipkipling,2025-02-06
lpads98,2025-02-06
TopStyle3095,2025-02-06
Immediate_Local4656,2025-02-06
Wet_Toilet_Seat,2025-02-06
yadayadayada__,2025-02-06
Ok_Abalone3061,2025-02-06
Odd-Plastic2849,2025-02-06
lys0721,2025-02-06
bismail1,2025-02-06
watersatyr,2025-02-06
adoptedmando501st,2025-02-06
CrazyBase7374,2025-02-06
FruscianteFan12,2025-02-06
GLNorthcutt,2025-02-06
83r9,2025-02-06
The_New_Kid2792,2025-02-06
uwuzivur,2025-02-06
ClubOk8688,2025-02-06
Powerful_Plantain732,2025-02-06
salaryscript,2025-02-06
Wide-Ad9926,2025-02-06
BoatsNH0ezz,2025-02-06
ComplaintFast521,2025-02-06
Public_Tumbleweed648,2025-02-06
lululemurian,2025-02-06
Thick-Pomegranate547,2025-02-06
Fazazer,2025-02-06
Pradeepyl,2025-02-06
ElectronicMail42,2025-02-06
No-Historian8114,2025-02-06
imjustasking18_,2025-02-06
yerunkaraj,2025-02-06
Puzzleheaded_Lake398,2025-02-06
Technical_Use9267,2025-02-06
uttkarsh27,2025-02-06
heyyyitsmeee__,2025-02-06
Lonely_Society1311,2025-02-06
Alone-Kick-1614,2025-02-06
Infamous-Ad1874,2025-02-06
Solid_Draft8425,2025-02-06
Weak-Quantity6897,2025-02-06
JuiceHairy6829,2025-02-06
Alternative-Bad-3752,2025-02-06
TimesandSundayTimes,2025-02-06
throwitash,2025-02-06
WesternMuslim96,2025-02-06
Repulsive_Dust8691,2025-02-06
next_mile,2025-02-06
Desperate_Height8420,2025-02-06
doenjangjjigae,2025-02-06
Scary_Swim_1732,2025-02-06
Any_Satisfaction5539,2025-02-06
Coolguy2113,2025-02-06
Busy_Faithlessness95,2025-02-06
Topworld7777,2025-02-06
honeybee267,2025-02-06
h00manist,2025-02-06
ComedianChance4451,2025-02-06
SkyOk8429,2025-02-06
LogicalChocolate992,2025-02-06
ricardoshillieshally,2025-02-06
BattlePantsPrime,2025-02-06
damnnm,2025-02-06
sourlemons333,2025-02-06
Competitive-Tip8878,2025-02-06
Successful_Seat_833,2025-02-06
ThatsNotVaporwave,2025-02-06
Both-Blueberry2510,2025-02-06
NegativeTransition0,2025-02-06
Own_Definition5830,2025-02-06
LeopardNo970,2025-02-06
mimikyu_scrump,2025-02-06
Imaginary_Client_357,2025-02-06
mona_xo,2025-02-06
Medium-Chair7236,2025-02-06
Efficient-Athlete941,2025-02-06
Particular-Walk9539,2025-02-06
NanoflameOP,2025-02-06
CarAccurate9357,2025-02-06
a_day_with_dave,2025-02-06
b00giebuns,2025-02-06
SnooWalruses7933,2025-02-06
bryantreacts,2025-02-06
sumonsanyal,2025-02-06
Stable_Latter,2025-02-06
betaskye,2025-02-06
CompetitiveGood8610,2025-02-06
californialovinn,2025-02-06
DangerousAd8564,2025-02-06
areweallaware,2025-02-06
Plastic_Hedgehog7734,2025-02-06
JameAlen,2025-02-06
holllaur,2025-02-06
sophssqueezebox,2025-02-06
No-Penalty-3261,2025-02-06
aussiemom_rn,2025-02-06
Ok_Resort_5355,2025-02-06
AdministrativeBee164,2025-02-06
oddfully,2025-02-06
tacojane2022,2025-02-06
BurningHot1899,2025-02-06
tinstinabeenabins,2025-02-06
Mean-Reporter-4444,2025-02-06
SMOKEYx64,2025-02-06
Specific_Inside_2039,2025-02-06
Thellie10,2025-02-06
Commercial-Silver000,2025-02-06
Snoreofthebear,2025-02-06
Wide_Giraffe7147,2025-02-06
Sad-Dragonflyy,2025-02-06
curiouslifepunch,2025-02-06
No_Grass_7013,2025-02-06
Either-Paramedic8761,2025-02-06
bilbog86,2025-02-06
JustAddWaterForMe2,2025-02-06
Swimming-Waltz-9882,2025-02-06
Madzmoiselle,2025-02-06
Dry-Inevitable9706,2025-02-06
No-Pop-7628,2025-02-06
Right_Hawk_2586,2025-02-06
thewrongrecroom,2025-02-06
MySideSideSide,2025-02-06
JohnTravolta-,2025-02-06
No_Bison_6709,2025-02-06
Klutzy_Duty_5885,2025-02-06
Clean_Turnover3614,2025-02-06
Tale_Eater,2025-02-06
xBetrayals,2025-02-06
morg022,2025-02-06
unaliveLife,2025-02-06
Anassmotronico,2025-02-06
Basic_Professor2650,2025-02-06
Alarmed_Definition12,2025-02-06
Technical-Elk7365,2025-02-06
craigdahlke,2025-02-06
HoonRhat,2025-02-06
Solimara,2025-02-06
Wise_Ad677,2025-02-06
craftygirl72,2025-02-06
seiji_in_red,2025-02-06
Grizzly_Berry,2025-02-06
Plastic_Proof_8347,2025-02-06
StarsSingSongs15,2025-02-06
HereLiesTwoEyes,2025-02-06
Ill_Seaworthiness150,2025-02-06
Available_Let_2418,2025-02-06
notsosavage-21,2025-02-06
Sweaty_Astronomer440,2025-02-06
GlitteringTomorrow79,2025-02-06
apfelsine42,2025-02-06
ahambramhasmi_,2025-02-06
zoning-out,2025-02-06
malaysiahemphill,2025-02-06
Realistic_Skin_5580,2025-02-06
Quick_Fuel_1088,2025-02-06
Legitimate_Ad1468,2025-02-06
Known-War-245,2025-02-06
fhhtyhih,2025-02-06
Then-Yam-2266,2025-02-06
SmoothVortex,2025-02-06
Lanky-Boat-9893,2025-02-06
pyrolllz,2025-02-06
ExtraActuary201,2025-02-06
Real-Necessary-7089,2025-02-06
Few_Acanthisitta_279,2025-02-06
Mysterious-Yak5647,2025-02-06
Downtown-Fox9301,2025-02-06
Purple-Ad-7464,2025-02-06
Material-Finance-460,2025-02-06
Aldosothoran,2025-02-06
timefish576,2025-02-06
Famous_Economist4314,2025-02-06
Dragonfly492,2025-02-06
No-Nerve-1151,2025-02-06
AdministrativeAd6437,2025-02-06
ignoreignore,2025-02-06
llysenw_atinguak,2025-02-06
Sharp_Park_8144,2025-02-06
RevolutionDefiant256,2025-02-06
tinkygirly,2025-02-06
UltraShad97,2025-02-06
Relevant_Waltz_1020,2025-02-06
Creative-Complex255,2025-02-06
Livid-Airline-5478,2025-02-06
partially_extrovert,2025-02-06
Planet_Who,2025-02-06
SOJARIE,2025-02-06
fairybr,2025-02-06
jesswitdamess,2025-02-06
snappeas30,2025-02-06
Capable_Aerie_5835,2025-02-06
throwaway4738648273,2025-02-06
heyyynobagelnobagel,2025-02-07
doglover5784,2025-02-07
Iccarys,2025-02-07
Questions-Throwaway5,2025-02-07
Worth_Flan_5370,2025-02-07
MudVisual1054,2025-02-07
flwpxm,2025-02-07
Frosty_Fuel651,2025-02-07
Ok_Alternative_8685,2025-02-07
boobywoobies,2025-02-07
Beautiful-Plan-2792,2025-02-07
Gloomy_Shroom21,2025-02-07
purepurrrrs,2025-02-07
Totino_Montana,2025-02-07
Fast_Pea_2641,2025-02-07
carriewhatcarriewho,2025-02-07
mhjy,2025-02-07
Aurorarosa234,2025-02-07
Odd-Sign3289,2025-02-07
Suitable-Ticket-361,2025-02-07
_FlightLevel,2025-02-07
Formal-Tax3859,2025-02-07
lizchibi-electrospid,2025-02-07
EchoOfAsh,2025-02-07
Last_Choice_1191,2025-02-07
SovietZealots,2025-02-07
sbdash04,2025-02-07
Ok-End-5481,2025-02-07
fishhhhbone,2025-02-07
nothing2Ch3re880,2025-02-07
AccomplishedSpeech78,2025-02-07
TR3WAYSHITMAN711,2025-02-07
Yelhas,2025-02-07
FreakingBurrito,2025-02-07
Primary-Ad2893,2025-02-07
Neat-Carpenter-6681,2025-02-07
Stock_Elk5453,2025-02-07
PermissionAbject6481,2025-02-07
Technical-Skill6003,2025-02-07
Beginning-Sense4262,2025-02-07
HelloWorld1122,2025-02-07
Cold-Eye6268,2025-02-07
BarCode948393,2025-02-07
Hiring_Manager1,2025-02-07
TooFlyTy,2025-02-07
Hungry-Forever4108,2025-02-07
ByronLeftwich,2025-02-07
DepartmentLead,2025-02-07
SandwitcherHunter,2025-02-07
sjfuture,2025-02-07
Icy-Plenty-6598,2025-02-07
Novel_Lack_6378,2025-02-07
Z3R0_DARK,2025-02-07
minnie_popcorn,2025-02-07
___fallenangel___,2025-02-07
ConfidentSalt6126,2025-02-07
costcowaterbottle,2025-02-07
Jealous_Magazine_404,2025-02-07
codemanga,2025-02-07
Meowthief,2025-02-07
MorbidRuin,2025-02-07
Longjumping_Dirt_582,2025-02-07
No-Sky-311,2025-02-07
sr0rm,2025-02-07
paisan-rv,2025-02-07
Loud-Ad9148,2025-02-07
Mars8757,2025-02-07
Over-Disaster3263,2025-02-07
Appropriate_Trip_843,2025-02-07
ThrowRACalmAd2173,2025-02-07
ThosPuddleOfDoom,2025-02-07
wenbo8,2025-02-07
kyabat1,2025-02-07
pierozucco,2025-02-07
LazyAd6980,2025-02-07
we11bz,2025-02-07
Agent_Optimus,2025-02-07
Bernadettie1995,2025-02-07
SituationSadXD,2025-02-07
xbelzitos,2025-02-07
scobi7,2025-02-07
azyintl,2025-02-07
Salty-Bluebird-3565,2025-02-07
Niki_544,2025-02-07
rizzlarose,2025-02-07
Sea-Ant-4226,2025-02-07
Cute-Act5758,2025-02-07
Rebelliousdefender,2025-02-07
pink_panda05,2025-02-07
s33k1ng4d,2025-02-07
KatsDA17,2025-02-07
eddy20029,2025-02-07
Level-Pay-6194,2025-02-07
Temporary_Tough6314,2025-02-07
Specific_Table_3770,2025-02-07
Tricky_Low_8043,2025-02-07
FigureItOutIdk,2025-02-07
parle__G,2025-02-07
Beneficial-Message33,2025-02-07
Comfortable_Nail3966,2025-02-07
SituationFew4222,2025-02-07
ramXJon,2025-02-07
cl3ment1n3,2025-02-07
Upbeat-Inflation-752,2025-02-07
HH_Evan,2025-02-07
Key-Visual-5465,2025-02-07
evian911,2025-02-07
prznangel,2025-02-07
samdadamman,2025-02-07
Key-Garbage-3782,2025-02-07
manchegan,2025-02-07
MagicianStrong8818,2025-02-07
carloonytoon,2025-02-07
MountainEuphoric3511,2025-02-07
Special_Speaker_7580,2025-02-07
ObsessiveLittleMouse,2025-02-07
Hefty-Astronomer4071,2025-02-07
Sure_Ad6970,2025-02-07
LSharpy,2025-02-07
hangrymf00,2025-02-07
_awkward_ask_,2025-02-07
koopzilla,2025-02-07
Infinite-Apollo,2025-02-07
buddylee47,2025-02-07
Nice_Broccoli6298,2025-02-07
RubRepresentative779,2025-02-07
machadoqw,2025-02-07
bug-enthusiast411,2025-02-07
Junior-Bet6768,2025-02-07
NoWillow8523,2025-02-07
Public_Rate_2921,2025-02-07
Puzzleheaded-King420,2025-02-07
Unfair_Patient4544,2025-02-07
Gingersaurus_Rex96,2025-02-07
Stunning-Buy779,2025-02-07
asmaeevee,2025-02-07
RMO-Baker,2025-02-07
heavypercent,2025-02-07
_justhereforthe,2025-02-07
Brittocloud,2025-02-07
ashyjoints,2025-02-07
dogman_mycelium,2025-02-07
SchoolTop9156,2025-02-07
mahdif80,2025-02-07
theovertimelawyer,2025-02-07
delusionaltwitty,2025-02-07
nat_traynor,2025-02-07
andhegames,2025-02-07
Thekharesahab,2025-02-07
topbillin1,2025-02-07
ilovetosnowski,2025-02-07
The-Chister,2025-02-07
Long-Chemist3339,2025-02-07
Just_Hunter_2007,2025-02-07
Gullible_Carpet_819,2025-02-07
Repulsive_Banana_747,2025-02-07
Specialist_Leek5231,2025-02-07
Adorable-Good-8169,2025-02-07
Comprehensive_Bad186,2025-02-07
MKULTRA_91,2025-02-07
Dry_Argument_581,2025-02-07
DontScore_,2025-02-07
sweetdaisy99999,2025-02-07
Potential_Benefit_57,2025-02-07
Mongrel714,2025-02-07
Leather-Blueberry856,2025-02-07
Twindaddy2019,2025-02-07
AchingforBacon,2025-02-07
neonpc9000,2025-02-07
No_Can3427,2025-02-07
carlanpsg,2025-02-07
DuePurchase31,2025-02-07
Professional_Cup9962,2025-02-07
andressilesm,2025-02-07
Galaxia-Wonder,2025-02-07
Jaded_Jackel,2025-02-07
AprilDayFool,2025-02-07
Chipring13,2025-02-07
SpareAQuarterPlease,2025-02-07
stardewmush,2025-02-07
FFanatick,2025-02-07
johnjohn-silver,2025-02-07
Careful_Olive,2025-02-07
Far_Veterinarian5628,2025-02-07
Okatu-Syndrome,2025-02-07
ThatOneTunisianKid,2025-02-07
LeanGreenBean8,2025-02-07
gharkakabutar,2025-02-07
zuzamimi,2025-02-07
awecookie,2025-02-07
No_Sprinkles_893,2025-02-07
FreshChamp94,2025-02-07
will-ithium,2025-02-07
PurpleIsALady1798,2025-02-07
thinkclay,2025-02-07
PresentationRight812,2025-02-07
Original-Mongoose948,2025-02-07
A_Single_Annihilape,2025-02-07
OkClient5302,2025-02-07
Automatic_Quantity68,2025-02-07
Born-Eye-8013,2025-02-07
newgirl01LA,2025-02-07
Gullible_Basil9713,2025-02-07
ConstructionNew7571,2025-02-07
Greedy_Trifle_6288,2025-02-07
Embarrassed-Pen9771,2025-02-07
PJR1216,2025-02-07
Subject-Vast-8586,2025-02-07
Necessary_Style3883,2025-02-07
Quirky_Rest4052,2025-02-07
EliteFlamezz,2025-02-07
meadowlandrr,2025-02-07
Vegetable-Culture736,2025-02-07
Kind_Supermarket828,2025-02-07
SurpriseNeat8993,2025-02-07
No_Singer9253,2025-02-07
padluigi,2025-02-07
clover-444,2025-02-07
Goliath9607,2025-02-07
builtlikebrad,2025-02-07
_mealwheel_,2025-02-07
Giorickens,2025-02-07
SnooDoodles420,2025-02-07
Razilla,2025-02-07
That_Necessary_7494,2025-02-07
No-Statement7011,2025-02-07
southernfrogpog,2025-02-07
Local-Connection-168,2025-02-07
Major-Highlight-2030,2025-02-07
Key_Jello6770,2025-02-07
SeaweedHeavy1712,2025-02-07
Mansion_World,2025-02-07
Weird_Apricot2546,2025-02-07
Independent-Bat4994,2025-02-07
webdev-dreamer,2025-02-08
CuriousFirework75,2025-02-08
vivacious-learner,2025-02-08
Few-Personality4281,2025-02-08
Sensilent,2025-02-08
girlfriend_inacoma,2025-02-08
meghanamerican,2025-02-08
Ok_Negotiation5843,2025-02-08
illumidaddyy,2025-02-08
Super_Syrup4194,2025-02-08
Sufficient-Repair834,2025-02-08
Stained_Glass_Saints,2025-02-08
OxtailPhoenix,2025-02-08
ChudChudChudJak,2025-02-08
grubbygoop,2025-02-08
ScarletKnoight,2025-02-08
xGingerly,2025-02-08
Spirited_Situation,2025-02-08
digitalasp,2025-02-08
Complete-Ant-4143,2025-02-08
Darkermantle,2025-02-08
Eternellsx,2025-02-08
barbiebaybee,2025-02-08
Gwomshanks,2025-02-08
FlatRevolution6013,2025-02-08
whatuptoke,2025-02-08
sahalymn,2025-02-08
thankyou_butno,2025-02-08
Nuzii9,2025-02-08
Electronic_Hat7974,2025-02-08
thwowawaw69,2025-02-08
bpxbpx,2025-02-08
Jusssss-Chillin72,2025-02-08
Icy_Stop_2573,2025-02-08
epigal1212,2025-02-08
atelectasiszts,2025-02-08
Wonderful_Muscle8573,2025-02-08
kkkrrrzzz,2025-02-08
Similar_Professor_19,2025-02-08
Total-Archer-6052,2025-02-08
Professional-Bid3005,2025-02-08
GloveNo9652,2025-02-08
Si-mi-no,2025-02-08
EmbarrassedCandy8297,2025-02-08
Appropriate-Neat6715,2025-02-08
Mediocre-Many-9590,2025-02-08
editorhits,2025-02-08
jnl002,2025-02-08
Dense_Cranberry28,2025-02-08
_kintarooe,2025-02-08
blinkapple,2025-02-08
MsAchelois,2025-02-08
msalgueirom,2025-02-08
MaxGuevara89,2025-02-08
Fast-Trash7991,2025-02-08
cpeak57,2025-02-08
mabimo,2025-02-08
Possible-Aspect7288,2025-02-08
MrDuck3929,2025-02-08
fairychaer,2025-02-08
IntelligentPlane3440,2025-02-08
athena00820,2025-02-08
lady_0f_the_lakes,2025-02-08
blueskies_forever,2025-02-08
Express_Economics_36,2025-02-08
zendonn7,2025-02-08
LittleBoxes88,2025-02-08
badassthickiana,2025-02-08
masolakuvu,2025-02-08
Shoddy-Tangelo-1014,2025-02-08
Grand_Name4909,2025-02-08
Ecstatic-Barnacle-42,2025-02-08
Different-Airline119,2025-02-08
Infamous-Ad-363,2025-02-08
highapplepie,2025-02-08
djcrackgamer,2025-02-08
grumpymfc_12,2025-02-08
BlueyBingo300,2025-02-08
Gamer_Cici,2025-02-08
Legitimate-Rich1792,2025-02-08
Federal_Plantain1211,2025-02-08
Hairy_Layer1809,2025-02-08
Least-Economics-1769,2025-02-08
Former-Fee-2226,2025-02-08
karibbeanqueen,2025-02-08
Miklady,2025-02-08
Impressive-Bank4751,2025-02-08
Ok_Butterscotch_1405,2025-02-08
Brook_nvk92,2025-02-08
Away_Skill1947,2025-02-08
1986o527,2025-02-08
usurper_4life,2025-02-08
Ok_Cod4851,2025-02-08
untablesarah,2025-02-08
srk_ka_beta,2025-02-08
brackh,2025-02-08
pixyofthepixel,2025-02-08
RealisticLychee4648,2025-02-08
suspiciouspoptart84,2025-02-08
Excellent_Demand_579,2025-02-08
Artak2018,2025-02-08
youllsayitwrong,2025-02-08
KenyanConfessor,2025-02-08
Aura_Rora,2025-02-08
Utahteenageguy,2025-02-08
EasternFeastern,2025-02-08
Buffanoso,2025-02-08
estherotieno,2025-02-08
iEskimofo,2025-02-08
Important_Deer_4410,2025-02-08
Leading-Finding-3598,2025-02-08
FollowingAmbitious37,2025-02-08
EagleCatbutnotHybrid,2025-02-08
FitAd9801,2025-02-08
mapotofu66,2025-02-08
DryZombie6458,2025-02-08
desideuce,2025-02-08
Sweaty-Associate6487,2025-02-08
ATLAs914,2025-02-08
PackFickle7420,2025-02-08
Think-Wrongdoer-8354,2025-02-08
verymuchkira,2025-02-08
pinkkittenbeansmeow,2025-02-08
UslessShitbag,2025-02-08
ZappierGamez,2025-02-08
KingsleyDaThird,2025-02-08
ddggvdryhfe,2025-02-08
Background-Paint-478,2025-02-08
Prestigious-You6639,2025-02-08
r00minating,2025-02-08
iLauraa,2025-02-08
Chris_Reeves_Legs,2025-02-08
deadly_nightshade_wm,2025-02-08
NCPTX,2025-02-08
Samkimsgirlfriend,2025-02-08
thisisawkwrad,2025-02-08
United_Statement4039,2025-02-08
philosopher6-2,2025-02-08
MaterialDesperate610,2025-02-08
Rough-Bit-3717,2025-02-08
Persistent-fatigue,2025-02-08
Vivid-Pie2966,2025-02-08
PersonalityHeavy660,2025-02-08
Arich-mr,2025-02-08
staralien44,2025-02-08
PumpkinEater2910,2025-02-08
PaimonsLair,2025-02-08
AdventurousNeat5903,2025-02-08
ARC-5555_SW,2025-02-08
PutDaFriesInDaBag,2025-02-08
Mysterious-Slice-699,2025-02-08
Duhmb_Sheeple,2025-02-08
_Abby_Normal,2025-02-08
CaterpillarOdd8523,2025-02-08
lodijazz,2025-02-08
llama5376,2025-02-09
Alive-Consequence-36,2025-02-09
Duckybob127,2025-02-09
Hope31_2,2025-02-09
cyclepenguin,2025-02-09
ManlykN,2025-02-09
samus_futa_lover,2025-02-09
Purple_Time4247,2025-02-09
No_Pumpkin_98,2025-02-09
Fluid-Secretary6787,2025-02-09
Bus_Creative,2025-02-09
Dunlopfuzzy00,2025-02-09
Certain_Banana5037,2025-02-09
PriorityFearless7392,2025-02-09
Delicious_Mode_2350,2025-02-09
Super_Cause_1787,2025-02-09
HeartyMaori,2025-02-09
Affectionate_Cat_197,2025-02-09
MallElegant698,2025-02-09
Sacreds2,2025-02-09
jm08003,2025-02-09
Superb-Actuator-8404,2025-02-09
hello0193,2025-02-09
Pretty_Jeweler_1410,2025-02-09
Equal-Librarian-7686,2025-02-09
Kingsareus15,2025-02-09
Ender2424,2025-02-09
marbles_marbles_,2025-02-09
HourReasonable9509,2025-02-09
dudeidunnolol,2025-02-09
hauntedbeauty21,2025-02-09
Leux1818,2025-02-09
ThisIsMyUsername341,2025-02-09
originalgimchi,2025-02-09
No_Educator_2470,2025-02-09
Clayton_Official,2025-02-09
NathanFinnParker,2025-02-09
Simya_13,2025-02-09
purplecheerios82916,2025-02-09
byebye3azizi,2025-02-09
Neat-Ad7267,2025-02-09
Soy_El_Mandarin,2025-02-09
rockmancol,2025-02-09
LinkedInConnections,2025-02-09
Jumpy_Phone_6325,2025-02-09
samolyot918,2025-02-09
Specialist-Ideal6031,2025-02-09
Zestyclose-Nebula1,2025-02-09
darkskiesup,2025-02-09
NotTheRealEsme,2025-02-09
AnimatorMinute2081,2025-02-09
Which_Objective_4160,2025-02-09
Unique-Flan6227,2025-02-09
bangingmyhead0,2025-02-09
quavafruity,2025-02-09
squishy717177,2025-02-09
Lucky_Charm_7776,2025-02-09
Level-Blacksmith8227,2025-02-09
Dr_M7,2025-02-09
Opening-Interest747,2025-02-09
No-Effective5762,2025-02-09
Automatic-Flight7953,2025-02-09
woflgangPaco,2025-02-09
Hopeful-Room7598,2025-02-09
Soggy-Internal916,2025-02-09
Successful-Roof5912,2025-02-09
aobero4,2025-02-09
tamj20,2025-02-09
solavillianess,2025-02-09
Lost-Asparagus2570,2025-02-09
superwitchbitch,2025-02-09
Weird_Revenue6566,2025-02-09
Former_Quiet_6449,2025-02-09
Beneficial_Bonus_162,2025-02-09
deeelle96,2025-02-09
Mobile_Ad8608,2025-02-09
Able-Pilot-1111,2025-02-09
Exact-Produce-4488,2025-02-09
Wild_Research9160,2025-02-09
Prestigious-Egg-4977,2025-02-09
Just_me_again109,2025-02-09
arharhray,2025-02-09
hellhoundflame,2025-02-09
Fresh_Employ_3168,2025-02-09
Ok_Meringue_3500,2025-02-09
whatau,2025-02-09
manish_0204,2025-02-09
Special_Dust5329,2025-02-09
Unlucky_Pin7985,2025-02-09
RockhoundHikes,2025-02-09
NoOperation2337,2025-02-09
joelx69,2025-02-09
Constant-Employee586,2025-02-09
Mammoth_Can_3479,2025-02-09
Technical_Benefit474,2025-02-09
ktwhite42,2025-02-09
DisastrousBar7,2025-02-09
stuh_da,2025-02-09
Winnnn77,2025-02-09
nomasnieve,2025-02-09
No_Pie_3535,2025-02-09
Brinley-berry,2025-02-09
SilentSentence4008,2025-02-09
lamestpregenname,2025-02-09
JSG3K00,2025-02-09
Joeypals,2025-02-09
sun_moon_1,2025-02-09
iminabsolutehell,2025-02-09
asteriser,2025-02-09
Ok-Dig-6425,2025-02-09
itzbri1109,2025-02-09
CharacterPresence658,2025-02-09
Mental-Step-4574,2025-02-09
anxiousgoblin1000,2025-02-09
vdaysk8,2025-02-09
WonderfulReview997,2025-02-09
Existing_Version4921,2025-02-09
whoamiplsidk,2025-02-09
Jealous-Sherbert-890,2025-02-09
UnexpectedMarmalade,2025-02-09
No_Bid_3892,2025-02-09
MrsFancyPans,2025-02-09
Lonely-Injury-5963,2025-02-09
Cold_Chocolate_8188,2025-02-09
Clean_Cat_1828,2025-02-09
AnteaterExtension771,2025-02-09
ExpressPlenty5985,2025-02-09
riotdayv2,2025-02-09
metalsuppository,2025-02-09
lemonverbenahandsoap,2025-02-09
Mads1611,2025-02-09
EquivalentArtistic82,2025-02-09
besofrfrfr,2025-02-09
speshoot,2025-02-09
Glittering_Word8030,2025-02-09
whoesome3435,2025-02-09
Confused_Camper67,2025-02-09
InformalAvocado1102,2025-02-09
poweley,2025-02-09
somerandompeon,2025-02-09
SignificantCity6325,2025-02-09
DefDoc_,2025-02-09
Medical-Question2661,2025-02-10
Worldly_Injury7265,2025-02-10
Zealousideal-Key-391,2025-02-10
NeverlostNolan,2025-02-10
friendsbad_choices,2025-02-10
Lazy_Transition_9269,2025-02-10
Traditional_Bear9697,2025-02-10
Just-Bother-1997,2025-02-10
ExaminationWaste5453,2025-02-10
blendedstrawberries,2025-02-10
Relative-Aardvark-84,2025-02-10
sleepinthisbox,2025-02-10
sofisvt,2025-02-10
im_not_who_you_thot,2025-02-10
Grand-Wonder2439,2025-02-10
Samueleleach2001,2025-02-10
Abdullahkh4n,2025-02-10
Ok-Job6677,2025-02-10
Parking_Departure705,2025-02-10
Brilliant-Citron6299,2025-02-10
Rogerrogerrrrr,2025-02-10
Ice4Crystal,2025-02-10
Swaggysam14,2025-02-10
lilevefy,2025-02-10
catchingbuns,2025-02-10
Fun_Page_4224,2025-02-10
Automatic_Ad_8447,2025-02-10
Proof-Amphibian-8497,2025-02-10
Clean_Astronaut496,2025-02-10
LocksmithPure7543,2025-02-10
Open-Examination-526,2025-02-10
Vergeofdiabetes,2025-02-10
Grand-Masterpiece865,2025-02-10
No_Return_3067,2025-02-10
Either_Impress6200,2025-02-10
sophia8482,2025-02-10
Quick_Bag_8714,2025-02-10
Charming_Teacher_277,2025-02-10
Themeeeeeeem,2025-02-10
Ocisly914,2025-02-10
Brilliant_Piglet4638,2025-02-10
Slow_Signature_5526,2025-02-10
thenarddog10,2025-02-10
AdagioLast6414,2025-02-10
TH3ZE,2025-02-10
Foreign_Trip4475,2025-02-10
Ygideon,2025-02-10
kyokuu,2025-02-10
BuyAccurate7232,2025-02-10
Tyreal10,2025-02-10
Proud_Living3293,2025-02-10
draqo_haven,2025-02-10
Luminous-Space-Bee,2025-02-10
BRockTheIslamicShock,2025-02-10
Borahaeanne,2025-02-10
Lower-Blacksmith5713,2025-02-10
rockyadav,2025-02-10
RayneDeoman,2025-02-10
mute_30,2025-02-10
HQX10,2025-02-10
Owlgold,2025-02-10
Cautious-Lead-7539,2025-02-10
Independent_Sense704,2025-02-10
albacete_yael,2025-02-10
Si_Apis,2025-02-10
Think_Bee_4469,2025-02-10
Few_Mongoose_2939,2025-02-10
Puzzleheaded-Ebb5616,2025-02-10
JoaoLimaa,2025-02-10
Rt_boi,2025-02-10
ColdDistrict9468,2025-02-10
Interesting_Mind2657,2025-02-10
NoSubstance6984,2025-02-10
Severe_Syrup_54,2025-02-10
tyson_75,2025-02-10
wowhack007,2025-02-10
l_eatherface,2025-02-10
Mr_A_UserName,2025-02-10
girlintransit1996,2025-02-10
Mighty-Alrighty,2025-02-10
Popi-Sama,2025-02-10
Happi0202,2025-02-10
Flamingpie_,2025-02-10
Puzzled-Seesaw3675,2025-02-10
FiveTaggerJ,2025-02-10
OutrageousStuff_,2025-02-10
MyTeaJustWentCold,2025-02-10
PuzzleheadedMonk6098,2025-02-10
sportsguy2789,2025-02-10
NoMeasurement8667,2025-02-10
More_Door_6682,2025-02-10
Patient-Assignment38,2025-02-10
AnonymousQz,2025-02-10
Interesting_Ant7813,2025-02-10
Objective-Fix-1106,2025-02-10
007bondredditor,2025-02-10
Highoncracc,2025-02-10
magneticormythical,2025-02-10
Finding-A-Purpose24,2025-02-10
v4mpirek1d,2025-02-10
Anony_Mous11001002,2025-02-10
Prior-Inflation8755,2025-02-10
ready4health,2025-02-10
KanyeIsMyGod,2025-02-10
interpol8994,2025-02-10
Hot_Improvement_493,2025-02-10
Basic_Objective_48,2025-02-10
totally_honest_107,2025-02-10
Aware_Temperature612,2025-02-10
Dramatic-Vanilla4114,2025-02-10
Big_Bat_3847,2025-02-10
Extension_Snow_8014,2025-02-10
norse_force_30,2025-02-10
Artistic-Degree-7866,2025-02-10
Cheap-Pickle9753,2025-02-10
Scaredflamingo1,2025-02-10
ToshPointNo,2025-02-10
A-Gay-Mushroom,2025-02-10
Essicent,2025-02-10
Bubbly-Jelly-5471,2025-02-10
Dry-Scratch-6586,2025-02-10
Who_D1s,2025-02-10
KINGBEAST314,2025-02-10
vv4mpie,2025-02-10
BandPsychological337,2025-02-10
matchabr0,2025-02-10
The_amazing_rubes,2025-02-10
Lateandbehindguy,2025-02-10
tobesolonely,2025-02-10
Dizzy-Letterhead7675,2025-02-10
Fair_Thanks_3453,2025-02-10
Vast-Hat-9855,2025-02-10
Enchanted-Lapis,2025-02-10
Good_Bet1701,2025-02-10
THE_BIGUN,2025-02-10
dystopian_obsessed,2025-02-10
Affectionate_Sea_151,2025-02-10
Electrical-Money6548,2025-02-10
StraightBurbin110,2025-02-10
tirfdyke,2025-02-10
Busy-Carpet-5849,2025-02-10
Embarrassed-Row-3694,2025-02-10
arkspiceoriginal,2025-02-10
Commercial_Class4025,2025-02-10
NE889,2025-02-10
jaset289,2025-02-10
Florian2773,2025-02-10
Aggressive-Cap5680,2025-02-10
LazyClerk408,2025-02-10
imaginaryflower5,2025-02-10
Born-Sand9452,2025-02-10
Ok-Maintenance-6674,2025-02-10
Anitagrancaric,2025-02-10
KindTarget,2025-02-10
Hyltrbbygrl,2025-02-10
Bruno_Bataglia,2025-02-10
Spicyfruit1999,2025-02-10
Jaywashereee,2025-02-10
NostalgiafoInfinity,2025-02-10
Various-Professor551,2025-02-10
Adventurous_Sir1881,2025-02-10
Throwaway475972,2025-02-10
Ambitious_Shoe_5722,2025-02-10
chaanteng,2025-02-10
The-peeepo,2025-02-10
YourFavZ,2025-02-10
h0llywat3_,2025-02-10
Beautiful_Archer_871,2025-02-10
Some-Substance-5490,2025-02-10
Elliott_benson,2025-02-10
KaizenAzariya,2025-02-10
AutumnScribedMe,2025-02-10
abuilaal,2025-02-10
Affectionate_Bat3880,2025-02-10
Fearless-Way-8115,2025-02-10
Sherl0ckHolmess,2025-02-10
DryStar359,2025-02-10
Significant_Bank_115,2025-02-10
Creat1veCrafter,2025-02-10
_pumpkinlatte_,2025-02-10
Possible-Ad-2060,2025-02-10
Super-Bicycle-2808,2025-02-10
local_search,2025-02-10
Potential-Ad2510,2025-02-10
Ordinary_1220,2025-02-10
crazyr3kid,2025-02-10
patrick-fernsby,2025-02-10
Technical-Tie-8695,2025-02-10
mryzzz,2025-02-10
bimmergirl1,2025-02-10
RazorClouds,2025-02-10
Illustrious_Whole307,2025-02-10
cup420blazeit,2025-02-10
Virtual-Lie8226,2025-02-10
Deep_Travel_5337,2025-02-10
Funny-Lavishness4780,2025-02-10
RudeCar4947,2025-02-10
CanadianStormm,2025-02-10
oburisan1990,2025-02-10
Time-Marketing8875,2025-02-10
jshoemate,2025-02-10
micrxcxsmxs,2025-02-10
Bigpoppa0326,2025-02-10
Cool_Competition8223,2025-02-10
buzzlightyear0473,2025-02-10
Individual_Mood6573,2025-02-10
Cold_Ad5353,2025-02-10
running4possums,2025-02-11
Fun-Location-3008,2025-02-11
Visible_Expert_1330,2025-02-11
XavierBananaglassVI,2025-02-11
mrsbinraccoon,2025-02-11
DesperateIntern2404,2025-02-11
Grenrach,2025-02-11
Mysterious_Invite151,2025-02-11
EnvironmentalWhile37,2025-02-11
LameE_,2025-02-11
bintoryx,2025-02-11
Viri_Sovari,2025-02-11
surfdirtbag,2025-02-11
viswdeep,2025-02-11
CloveFinancials,2025-02-11
StructureTemporary18,2025-02-11
beybiGirLL,2025-02-11
100bvndz,2025-02-11
No_Stress_4788,2025-02-11
rockchalkjayhawk34,2025-02-11
Gswizzlee,2025-02-11
Resident_Sort_2164,2025-02-11
Pure_Ad_7019,2025-02-11
CrunchyPersimmon,2025-02-11
Main-Reputation-6604,2025-02-11
Londoncashmeans,2025-02-11
mufflefuffle,2025-02-11
RunningSquirrels,2025-02-11
SufficientAd7175,2025-02-11
midlevellife,2025-02-11
Fabulous-Smoke-5327,2025-02-11
Accomplished_Pie_248,2025-02-11
Status_Yoghurt9741,2025-02-11
Consistent_Bee_902,2025-02-11
SpiritlesSpirit,2025-02-11
ActiveMarsupial588,2025-02-11
Resident-Painting460,2025-02-11
Connect_Birthday_387,2025-02-11
Competitive_Study365,2025-02-11
One-Topic-9544,2025-02-11
ReturnAdventurous127,2025-02-11
External-Art29,2025-02-11
spaciousdivide,2025-02-11
DimensionSouth7525,2025-02-11
QuickSpin27,2025-02-11
Colbr0,2025-02-11
Realistic_Attorney_4,2025-02-11
pizgloria007,2025-02-11
Mikyuu665,2025-02-11
StatementCommon4073,2025-02-11
DonutReasonable706,2025-02-11
Apart_Spread341,2025-02-11
Lopsided-Past-5203,2025-02-11
Time-Walrus6075,2025-02-11
Drunkin_Dino,2025-02-11
Impossible_futa_248,2025-02-11
Few_Confection_3947,2025-02-11
Routine-Oil1741,2025-02-11
Ok_Reward_7478,2025-02-11
Icy-Pirate-7511,2025-02-11
Ok-Dragonfly3769,2025-02-11
Usual_Ebb_6244,2025-02-11
Thick_Boot_5584,2025-02-11
Beneficial-Muscle578,2025-02-11
NoUsual1064,2025-02-11
Lower_Panic6511,2025-02-11
ewoman_,2025-02-11
zoadan,2025-02-11
ItzMizukiie_069,2025-02-11
thegoldisjustbanana,2025-02-11
Dear-Age4422,2025-02-11
No_Fee2960,2025-02-11
suhlen,2025-02-11
HistorianFuzzy4609,2025-02-11
Complete-Cancel4130,2025-02-11
endurablemage,2025-02-11
JJMastaKilla,2025-02-11
lividpricelove,2025-02-11
Reasonable-Art2214,2025-02-11
Vetvijver,2025-02-11
runwayzjm,2025-02-11
PreferenceAny1028,2025-02-11
LingonberryOwn9185,2025-02-11
lincolnsbeer,2025-02-11
Responsible-Swim-419,2025-02-11
DressOk40,2025-02-11
zonnnnnedout,2025-02-11
Accomplished-Leg3657,2025-02-11
throwrapartnerprob,2025-02-11
thatrunnerboy,2025-02-11
sandisk216,2025-02-11
budii_company,2025-02-11
P0L4RST4R,2025-02-11
MusicallySpoken,2025-02-11
nunyabidness635,2025-02-11
Thatwasuthou,2025-02-11
No_Worldliness5562,2025-02-11
Immediate_Brush_377,2025-02-11
Amongus457,2025-02-11
Severe_Bee_Aug,2025-02-11
Rich-Leadership1340,2025-02-11
Comfortable_Ro,2025-02-11
NoraNora101,2025-02-11
Striking-Pause-2866,2025-02-11
Old_Intention4506,2025-02-11
Ok-Dingo-8536,2025-02-11
TartInfamous5545,2025-02-11
Professional_Math306,2025-02-11
Accurate-End-854,2025-02-11
CocoH71,2025-02-11
trashhuffer,2025-02-11
Puzzleheaded_Leg_872,2025-02-11
That_Page16,2025-02-11
FE1OS,2025-02-11
AdditionalProduce279,2025-02-11
OverComfortable5112,2025-02-11
BattleResident1880,2025-02-11
lemilyyy,2025-02-11
Tight-Primary6660,2025-02-11
DripSzn412,2025-02-11
Junior-Professor-743,2025-02-11
Civil_Computer337,2025-02-11
sujitkumarr,2025-02-11
wellice,2025-02-11
OkFinding3248,2025-02-11
NoEconomics1115,2025-02-11
OkLaw6704,2025-02-11
Fluffybabyyoda,2025-02-11
Kusakaru,2025-02-11
Lumpy-Luck-528,2025-02-11
GroceryQueen23,2025-02-11
SentenceUnique2625,2025-02-11
FreePossession9590,2025-02-11
Bright-House1540,2025-02-11
Deep_Purchase_2515,2025-02-11
Glittering_Tale_2978,2025-02-11
Internal-Coconut-122,2025-02-11
anxious_girlypop_,2025-02-11
Winter-Low-6212,2025-02-11
Helpful-Lemon9959,2025-02-11
speed-and-powerrr,2025-02-11
Efficient_Cut5644,2025-02-11
mrinmoysarkarr,2025-02-11
Friendly-Cucumber184,2025-02-11
AccordingCan1936,2025-02-11
Cheap_Rub_3424,2025-02-11
Dense_Stand_8417,2025-02-11
Kind_Comfortable1933,2025-02-11
PracticalCurrent8409,2025-02-11
BodyByWawa,2025-02-11
scottyking808,2025-02-11
Pretend-Problem-8358,2025-02-11
MajorMemory8458,2025-02-11
WhereasCool247,2025-02-11
Midwest_Niner22,2025-02-11
crow_feeder122,2025-02-11
Far-Conflict7685,2025-02-11
InstructionRelative3,2025-02-11
multiversetraveller8,2025-02-11
Intelligent-Grab-879,2025-02-11
Content-Arachnid-65,2025-02-11
Ebtfraud,2025-02-11
Scr1bss,2025-02-11
Imaginary_Refuse_239,2025-02-11
Maria_j85,2025-02-11
Grooovymaxxx,2025-02-11
DiverLopsided1942,2025-02-11
AnnualWorldly,2025-02-11
decappitated,2025-02-11
Clear-Twist2041,2025-02-11
AssociationExpress81,2025-02-11
ComprehensiveArm2026,2025-02-11
Aravaee,2025-02-11
eternalsunshineofme,2025-02-11
Gbeg55,2025-02-11
rosecoloredboyx,2025-02-11
tru1117,2025-02-11
GodliiiveS369,2025-02-11
Prestigious-Arm3410,2025-02-11
iCollectMice24,2025-02-11
ProgrammerNeither453,2025-02-11
486_01,2025-02-11
Tyrantnovarex,2025-02-11
Usual_Succotash_5511,2025-02-11
ThisEffective4868,2025-02-11
Familiar-West1984,2025-02-11
allysan7,2025-02-11
buffouston,2025-02-11
needanswersrightnow,2025-02-11
Impressive-Bar-7278,2025-02-11
mrDbunk,2025-02-11
jkaykay_5,2025-02-11
Express_Classroom_37,2025-02-11
kkcloud99,2025-02-11
liloulola,2025-02-11
Bonestown,2025-02-11
Ok_Two_5608,2025-02-11
Final-Wallaby3337,2025-02-11
Small_Cry8028,2025-02-11
Own_Dig5695,2025-02-11
Davidier,2025-02-11
terravirr,2025-02-11
El-hombre09,2025-02-11
99Direwolf,2025-02-11
Actual-Lifeguard3903,2025-02-11
justahuman555,2025-02-11
taeyounggg,2025-02-11
WeeArcher09,2025-02-11
Midwesternbully,2025-02-12
Elektr1scher,2025-02-12
Plankt0n89,2025-02-12
HuckleberryInner7848,2025-02-12
OneRevolution6087,2025-02-12
ApprehensiveCup6029,2025-02-12
jlclarke31,2025-02-12
Redzone7410,2025-02-12
Nicenicenic,2025-02-12
OkStyle8930,2025-02-12
WaryWisp,2025-02-12
Street-Illustrator65,2025-02-12
Complex-Long6271,2025-02-12
Normal_Donut_6700,2025-02-12
MechanicOk5098,2025-02-12
CosmicMatter_,2025-02-12
apiattoni6,2025-02-12
Creepy-Lemon-7562,2025-02-12
TheRealUnxpekted,2025-02-12
Interesting-Loquat29,2025-02-12
Adventurous-Buy6292,2025-02-12
Professional-Yak-906,2025-02-12
Environmental-Wave51,2025-02-12
Successful_Track1862,2025-02-12
Away-Tonight945,2025-02-12
laideetootz,2025-02-12
Corvoxcx,2025-02-12
Unusual_Feature4853,2025-02-12
--Valk--,2025-02-12
Ms_Red_Panda,2025-02-12
stormthefort,2025-02-12
therealbananahunter,2025-02-12
yepthisisathrowaway9,2025-02-12
klinks88,2025-02-12
StruggleBetter8094,2025-02-12
Lanky-Thanks4950,2025-02-12
West-Engineering-476,2025-02-12
Luc_LMZ_REZI,2025-02-12
Honey_910,2025-02-12
ChaseCaiels,2025-02-12
StunningSurprise1915,2025-02-12
Middle-Locksmith-168,2025-02-12
wowyoudidntsay,2025-02-12
PageWinter37,2025-02-12
GangGangBustNutz,2025-02-12
Alternative_Emu9369,2025-02-12
Floorguy_2014,2025-02-12
MarketingWhisperer,2025-02-12
Flowerpatch12,2025-02-12
glass_stain_windows,2025-02-12
jenjipi,2025-02-12
Top_Dust7300,2025-02-12
ComposerOk1234,2025-02-12
bloodndbutter,2025-02-12
PresentationLess5899,2025-02-12
wirtzbusiness,2025-02-12
Wild_Courage906,2025-02-12
sandudi,2025-02-12
Big_Squirrel1115,2025-02-12
kenzdig,2025-02-12
Reasonable-Smile7958,2025-02-12
rainbowkitttles,2025-02-12
pmv8899,2025-02-12
lovelytaurus7002,2025-02-12
One_Chance966,2025-02-12
Braylon0405,2025-02-12
dangerbicycle,2025-02-12
Affectionate-Jinx,2025-02-12
Richcaramelqueen,2025-02-12
daxter_101,2025-02-12
yourmomsafuckinghoe,2025-02-12
Prize_Caterpillar_72,2025-02-12
Supersaiyajinn,2025-02-12
thatgirlmakchats,2025-02-12
Unique-Paramedic2023,2025-02-12
Hydrangea1128,2025-02-12
Ordinary_Comb218,2025-02-12
Careless_Year396,2025-02-12
WeirdAd4533,2025-02-12
Necessary_Stable562,2025-02-12
pandora_ramasana,2025-02-12
reddit__user--active,2025-02-12
Quick_Sun7436,2025-02-12
TheGameOverTGO,2025-02-12
baljeetboi,2025-02-12
sarvadanand,2025-02-12
CheesecakeNo1453,2025-02-12
Unlikely-Surprise560,2025-02-12
Active_Jellyfish_290,2025-02-12
Glittering_Glinger,2025-02-12
mangojuice1234567,2025-02-12
RareDelay884,2025-02-12
Historical_Stay3458,2025-02-12
Spiritual_Echo_3359,2025-02-12
Atleast3AMPS,2025-02-12
Own-Ask4942,2025-02-12
user7996,2025-02-12
Careless-Cover8000,2025-02-12
rightfuria,2025-02-12
JLSCaseFiles,2025-02-12
AImoneyhowto,2025-02-12
Extension_Noise260,2025-02-12
Ashamed_Wonder9154,2025-02-12
Possible-Salary8997,2025-02-12
XASASSIN,2025-02-12
Prudent_Square2156,2025-02-12
throwRAyadayadaya,2025-02-12
boxlover14,2025-02-12
Comfortable_Earth_67,2025-02-12
AltruisticDraw6011,2025-02-12
Numerous-Lawyer-2193,2025-02-12
SatisfactionOk2014,2025-02-12
Future-Sort-1387,2025-02-12
JobfinderDE,2025-02-12
fierylise,2025-02-12
dus90,2025-02-12
Suitable-Evening-189,2025-02-12
Past_Lengthiness8289,2025-02-12
Party_Recording_3450,2025-02-12
olderthanwater,2025-02-12
vd2024,2025-02-12
Known_Lifeguard1563,2025-02-12
LickRust78,2025-02-12
Sleepatlast,2025-02-12
Original-Exercise624,2025-02-12
builtforpill,2025-02-12
TeeJaey_Ke,2025-02-12
Escapetheshape,2025-02-12
ForefootRunner,2025-02-12
AdministrativeDay109,2025-02-12
NorthActuator9188,2025-02-12
oscillatingtoolfan,2025-02-12
xwi11,2025-02-12
Chupapiz420,2025-02-12
SPHaggerty,2025-02-12
PhantomLordM81,2025-02-12
SignalNo9714,2025-02-12
malenkylizards,2025-02-12
boldwbrains88,2025-02-12
Daviid-Lightman,2025-02-12
MushroomFairyGirl,2025-02-12
Acrobatic_Student632,2025-02-12
ThanksProfessional86,2025-02-12
Striking-Wall-8537,2025-02-12
AdmirableInfluence80,2025-02-12
ddimitra,2025-02-12
Queasy-Coyote9844,2025-02-12
crybangg,2025-02-12
Either_Importance767,2025-02-12
HarambeKnewMe,2025-02-12
VoidWalker877,2025-02-12
princessconsuelaB123,2025-02-12
No_Recipe6050,2025-02-12
Ok_Macaron_2007,2025-02-12
Financial-Hair6475,2025-02-12
Gossipygirll,2025-02-12
Sweaty-Promise-5658,2025-02-12
Former_Ad2742,2025-02-12
RacoonCityCitizen,2025-02-12
morgue_nb,2025-02-12
setfed3,2025-02-12
vraiste69,2025-02-12
tamor836,2025-02-12
DavidSchitt3000,2025-02-12
deer-trail,2025-02-12
Few_Management_927,2025-02-12
snivvygreasy,2025-02-12
False_Discussion7866,2025-02-12
disneyadult2,2025-02-12
ButterflyEconomy3442,2025-02-12
iglowinthedarkk,2025-02-12
One_Constant_1759,2025-02-12
Rare_Security9455,2025-02-12
Neb-hehe-xd,2025-02-12
IEatChubbyKids,2025-02-12
Last-Panda-5004,2025-02-12
jobthrowaway456849,2025-02-12
aodcrypt1,2025-02-12
phoenix__369,2025-02-12
VirtualCucumber9,2025-02-12
Cougarette99,2025-02-12
Quick_healer,2025-02-12
Crowndex,2025-02-12
Large-Area-3553,2025-02-12
Able_Maybe_5473,2025-02-12
Ok_Gift_4595,2025-02-12
Emorri24,2025-02-12
Ok_Win7751,2025-02-12
pennycat159,2025-02-12
StillWatt,2025-02-12
Huge-Establishment11,2025-02-12
OddBuy2724,2025-02-12
kudziak,2025-02-12
PlayfulBeyond9699,2025-02-12
MercatorLifeAcademy,2025-02-12
bitzslug,2025-02-12
ictoauthwia,2025-02-12
LesserNerd,2025-02-12
Fickle_Slide1644,2025-02-12
go-diva,2025-02-12
No-Traffic3312,2025-02-12
melostone,2025-02-12
Parrallax91,2025-02-12
Equal-External-5835,2025-02-12
AssignmentSouthern49,2025-02-12
nini2k24,2025-02-12
Organic_Cattle_8993,2025-02-12
eeek1867,2025-02-12
Hot_Minute_926,2025-02-12
SoylentAquaMarine,2025-02-12
Immediate-Cause6536,2025-02-12
-_shishi_-,2025-02-12
Flaky_Draft_8808,2025-02-12
Internal_Cap_268,2025-02-12
CatRoutine4777,2025-02-12
Rough-Direction3629,2025-02-12
Organization-Candid,2025-02-12
Impressive_Double_58,2025-02-12
ida-nyc37,2025-02-12
prorecruiterlj,2025-02-12
Hot-Awareness5730,2025-02-12
Delicious-Tension772,2025-02-12
chillgamerguy864,2025-02-12
dougydimadone,2025-02-12
ThingNo5769,2025-02-12
AshQS,2025-02-12
Wonderful_Shallot354,2025-02-12
Numerous-Chicken-341,2025-02-12
Significant-Dark2743,2025-02-12
Putrid_Tomorrow_4230,2025-02-12
Flimsy_Ad_9558,2025-02-12
ResourceEastern724,2025-02-12
No_Candidate486,2025-02-12
Amazing-Sorbet-7454,2025-02-12
seasirentanya,2025-02-12
Horror-Chard9105,2025-02-12
wackbych06,2025-02-12
Civil-Media-3072,2025-02-12
Exact_Department_262,2025-02-12
Informal-Rhubarb-405,2025-02-12
Candyx12,2025-02-12
Ok-Lawyer9218,2025-02-12
EntryLevel_ca,2025-02-12
luisjhk,2025-02-12
Eastern-Cable-8752,2025-02-12
40earthlikeplanets,2025-02-12
ProfessionalWalk4427,2025-02-12
dezrat760,2025-02-12
WiseGuy150287,2025-02-12
_realityTVtrash_,2025-02-12
acidynice,2025-02-12
Odd-Loan3470,2025-02-12
Tight_Reporter3113,2025-02-12
Agile-Parfait-3193,2025-02-13
Consistent-Camp5359,2025-02-13
IagoInTheLight,2025-02-13
Deep_Rest_8884,2025-02-13
Ill_Possibility9596,2025-02-13
Regular_Sir_1365,2025-02-13
Adventurous-Pool-875,2025-02-13
venskyshop,2025-02-13
kingredt,2025-02-13
EmmsSpark,2025-02-13
Unable_Gear_6074,2025-02-13
Goldenpup24x,2025-02-13
Randomisb,2025-02-13
gidianna,2025-02-13
TheHomelessPickle,2025-02-13
writethis87,2025-02-13
javerthugo,2025-02-13
Professional_Pay_577,2025-02-13
haneliza,2025-02-13
Accurate_Coast_3158,2025-02-13
AntiqueP,2025-02-13
ifartedonyouoops,2025-02-13
Opposite_Spread_1629,2025-02-13
Pizza_hint,2025-02-13
Lopsided-Ice9054,2025-02-13
SouthEndBC,2025-02-13
No-Focus6434,2025-02-13
Master_Rabbit7073,2025-02-13
Doocoo0,2025-02-13
Sad-Front-9410,2025-02-13
Happy_Assistant_9070,2025-02-13
Few_Cardiologist_269,2025-02-13
str8frmpluto,2025-02-13
Groundbreaking_Dot85,2025-02-13
Few_Aerie5288,2025-02-13
DEFFIV,2025-02-13
No-Place-6241,2025-02-13
Snapplekeys,2025-02-13
SeesThroughTime,2025-02-13
butterchampion,2025-02-13
big_iron_hip,2025-02-13
Mysterious_Ratio_261,2025-02-13
thereddevilss,2025-02-13
Realistic-Law-8736,2025-02-13
EnvironmentalBass321,2025-02-13
RReinB,2025-02-13
Ok-Title-1250,2025-02-13
LeadershipMain5253,2025-02-13
Disastrous-Flower732,2025-02-13
Chirpingears,2025-02-13
fin_024,2025-02-13
J_Sky_J,2025-02-13
Ok_Indication952,2025-02-13
Real-Influence6215,2025-02-13
Few_Lecture6062,2025-02-13
Infamous__Art,2025-02-13
LittleRedRose00,2025-02-13
GroundbreakingHost98,2025-02-13
Susan_Flanery,2025-02-13
RenegadEvoX,2025-02-13
Asta__24,2025-02-13
78sm,2025-02-13
yotau_,2025-02-13
marypup,2025-02-13
GreyRadiantWarden,2025-02-13
Tesseract_27,2025-02-13
Beginning_Downtown,2025-02-13
smolsaturn,2025-02-13
HallesandBerries,2025-02-13
Shopping-House,2025-02-13
Front-Use-5408,2025-02-13
Furiously-dynamic,2025-02-13
ComfortableChard7922,2025-02-13
Next-Talk825,2025-02-13
Redasrare,2025-02-13
Rare_Mirror6075,2025-02-13
X_Chase_X,2025-02-13
tearinmybeard,2025-02-13
West_Vast_2033,2025-02-13
poorbugger,2025-02-13
user61909,2025-02-13
ComfortableAd1461,2025-02-13
SaltySpinach168,2025-02-13
mariaoconnor23,2025-02-13
yagamilite__,2025-02-13
Kaleshigurl,2025-02-13
nameisrouge,2025-02-13
SupportWinter1921,2025-02-13
Bader_eddine0101,2025-02-13
deadinspace19,2025-02-13
No-Country1938,2025-02-13
Puzzleheaded1169,2025-02-13
Ok_Butterfly7408,2025-02-13
darmeister96,2025-02-13
Realistic-Monitor304,2025-02-13
Mission_Passenger392,2025-02-13
Wonderful_House6794,2025-02-13
Khallela,2025-02-13
Big_Kangaroo_3061,2025-02-13
throwawayyy_now,2025-02-13
Englishhedgehog13,2025-02-13
Effective_Mix_2443,2025-02-13
unlistedjobs,2025-02-13
DotIcy7748,2025-02-13
unlimitedpizzaworks,2025-02-13
West-Champion-2722,2025-02-13
Visible-Orange-6537,2025-02-13
shutupanddanceforme,2025-02-13
Competitive-Eye9285,2025-02-13
rhffcp,2025-02-13
No_Raspberry_3362,2025-02-13
dinde_aniket,2025-02-13
chilli_potato1,2025-02-13
Artistic-Ad550,2025-02-13
Prestigious-Heat6771,2025-02-13
Sincerely_me_2113,2025-02-13
Electronic_Cherry574,2025-02-13
troopaloop311,2025-02-13
Weekly_Warthog_6097,2025-02-13
Pokefan-Jeet,2025-02-13
Ordinary-Cause-7099,2025-02-13
aszxc2888888,2025-02-13
Low-Moment-555,2025-02-13
akhi_al_capone,2025-02-13
Designer_Dig9394,2025-02-13
W5SNx,2025-02-13
Aman-75,2025-02-13
ar15fonsi,2025-02-13
Jealous_Somewhere_43,2025-02-13
PersonalCompany4460,2025-02-13
Purple-Cranberry-539,2025-02-13
toe_jamzz,2025-02-13
Dense_Painter7714,2025-02-13
trinaG7,2025-02-13
Sluggishh09,2025-02-13
Nirvanas_milkk,2025-02-13
yeahitsmeagian,2025-02-13
amanbharti31,2025-02-13
joncdays,2025-02-13
Autisticus_Primus,2025-02-13
lonely-homo,2025-02-13
Traditional-Scar8892,2025-02-13
EpicHobos,2025-02-13
oz_zey,2025-02-13
mustknown,2025-02-13
lallalalalalaalala,2025-02-13
Character_Cell_1963,2025-02-13
Agile-Sea6078,2025-02-13
ohwhereareyoufrom,2025-02-13
babciadementor,2025-02-13
NomadicBrian-,2025-02-13
Pretend-Tailor-8236,2025-02-13
Ok-Temporary254,2025-02-13
HingleMcringleberrry,2025-02-13
Dangerous-Parsnip-37,2025-02-13
Outrageous-Algae3741,2025-02-13
Quick-Bad-6860,2025-02-13
KookyCap3295,2025-02-13
Jscotty111,2025-02-13
that_crom,2025-02-13
alh8705,2025-02-13
marzmallowy,2025-02-13
BrownieMonster_98,2025-02-13
Federal-Thanks1001,2025-02-13
vghR1104,2025-02-13
Mindless-Stranger738,2025-02-13
nothingness76,2025-02-13
Necessary_Touch7579,2025-02-13
Elquetefocka,2025-02-13
buscandofelicidad,2025-02-13
South_Imagination104,2025-02-13
CarryNormal7835,2025-02-13
zasta_5,2025-02-13
Veritas867,2025-02-13
HamsterCapital2019,2025-02-13
Human-Farmer1210,2025-02-13
yousboot,2025-02-13
HansDerManns,2025-02-13
thugbaby_,2025-02-13
MajorCamera1626,2025-02-13
ShoddyMap2541,2025-02-13
idkbrosis,2025-02-13
Imnothighyourhigh,2025-02-13
Full-Homework-9449,2025-02-13
saucy_pudding,2025-02-13
Different-Capital796,2025-02-13
Big-Passenger-6558,2025-02-13
Mushroom_Beserker,2025-02-13
Basic-Cup3571,2025-02-13
willyyumm27,2025-02-13
Ok-Fennel-9983,2025-02-13
AnxiousPerception371,2025-02-13
SnooDonkeys2076,2025-02-13
AwkwardPankekki,2025-02-13
PraisePancakes,2025-02-13
royalpenny,2025-02-13
Afraid_Day4317,2025-02-13
Vast_Ground1436,2025-02-13
holaitsmetheproblem,2025-02-13
BugGroundbreaking429,2025-02-13
IndigenousSami,2025-02-13
SuperbAstronomer,2025-02-13
Brazilmania1788,2025-02-13
Thick_Bat_2057,2025-02-13
GoodMix6333,2025-02-13
RNG_HatesMe,2025-02-13
Crazy_Negotiation326,2025-02-13
BaebydollC,2025-02-13
Ok_Satisfaction_8670,2025-02-13
mhbbunnnnn,2025-02-13
Wonderful_Cheetah554,2025-02-13
DTOP09,2025-02-13
John__Mason,2025-02-13
CauliflowerAlive2075,2025-02-13
LilKrippled,2025-02-13
The_Wolverine_9208,2025-02-13
Minds-Eye_C12H22O11,2025-02-13
Deaddredhead92,2025-02-13
Lawstudentprobs,2025-02-13
mililani2,2025-02-13
danceamongroses15,2025-02-13
NoPlankton5630,2025-02-13
Adept-Crazy-6146,2025-02-13
AirWrong4806,2025-02-13
worldsthirdbestdad,2025-02-13
RegisterHistorical61,2025-02-13
RemarkableAct622,2025-02-13
Old-Negotiation-5795,2025-02-13
Ok_Tone2936,2025-02-13
talkwithbillxie,2025-02-13
babyimcolddd,2025-02-13
LargeAd7747,2025-02-13
ZpookyCode,2025-02-13
Beginning_Spell_9377,2025-02-13
mcardenas805,2025-02-13
hellboy_126,2025-02-13
No_District3254,2025-02-13
anephemeralyouth,2025-02-13
mubieee,2025-02-13
salty_rainwater,2025-02-13
viridity_rising,2025-02-13
AndreaBusato,2025-02-13
DifferentGrieveI,2025-02-14
ZombieMurker95,2025-02-14
Mindless-Ebb8806,2025-02-14
BlueberrySlushii,2025-02-14
Bestself1970,2025-02-14
rantlord160,2025-02-14
Outrageous_Call1048,2025-02-14
Complex_Talk755,2025-02-14
aspiringlittlespoons,2025-02-14
cadd918,2025-02-14
windydrew,2025-02-14
Infamous-Hunter-523,2025-02-14
ac1dic_tsunxmi,2025-02-14
Aggravating-Toe-4425,2025-02-14
liv-rhea,2025-02-14
Antique-Daikon8133,2025-02-14
AQueensTale90,2025-02-14
MouseAlternative5869,2025-02-14
PharmaFitness88,2025-02-14
Ok-Writing-955,2025-02-14
Fast_Fondant7880,2025-02-14
SnowOrnery1200,2025-02-14
DevelopmentGrand7042,2025-02-14
Golden-lillies21,2025-02-14
Virtual-Oil1920,2025-02-14
Historical-Ask-6649,2025-02-14
ScholarQsAbt-,2025-02-14
One_Loquat5389,2025-02-14
Independent5217,2025-02-14
Affectionate-Tea-569,2025-02-14
DoorTime3687,2025-02-14
bnanacream-pi,2025-02-14
Full_Season_9131,2025-02-14
No_Pollution_3796,2025-02-14
snazzb3rry261,2025-02-14
NoiseInteresting5894,2025-02-14
Old-Big-7266,2025-02-14
TocorocoMtz,2025-02-14
MaroonSiesLessUno,2025-02-14
Bet_Secret,2025-02-14
xchroo,2025-02-14
Specialist-Owl3522,2025-02-14
Fair_Maintenance_281,2025-02-14
Dapper-Dragonfruit89,2025-02-14
blastedbutthole,2025-02-14
CaterpillarFine5212,2025-02-14
FriendshipSpecial129,2025-02-14
Boring_Song_3815,2025-02-14
Murky_Screen3894,2025-02-14
Character-Lemon9053,2025-02-14
General-Quantity-988,2025-02-14
brownboot22-,2025-02-14
jf_130,2025-02-14
No_Respond_7316,2025-02-14
YoUrK11iNMeSMa11s,2025-02-14
Zealous_War,2025-02-14
Hot_Tie_6830,2025-02-14
Brown_banker,2025-02-14
Starwolf2204,2025-02-14
Silver_Carpenter2019,2025-02-14
False-Day-714,2025-02-14
Numerous_Onion_2352,2025-02-14
PurposeNervous6327,2025-02-14
AmazingLemon9159,2025-02-14
Sea_MM_4160,2025-02-14
NormansNewShoes,2025-02-14
Aggressive_Web8130,2025-02-14
Substantial_Award_51,2025-02-14
Puzzled-Manner9364,2025-02-14
BruticusBob,2025-02-14
Digidai,2025-02-14
lif3welive,2025-02-14
Abbas_Sayed,2025-02-14
Queasy_Camel_5557,2025-02-14
MagicalPurrmaid,2025-02-14
Delicious_Lie_73,2025-02-14
Special_Map_3535,2025-02-14
Senior-Ad-947,2025-02-14
Artistic_Stay_4832,2025-02-14
DelegatedZeus,2025-02-14
SheepherderFun4795,2025-02-14
ADemonsAngel,2025-02-14
Adventurous_Fox7895,2025-02-14
Excellent-Buddy3447,2025-02-14
thotdestroyer987,2025-02-14
H3R0-1,2025-02-14
ConceptGlum716,2025-02-14
Kingfire305,2025-02-14
Puzzleheaded_Bit6370,2025-02-14
M16Mike,2025-02-14
Square-Owl-2984,2025-02-14
Fit_Ability494,2025-02-14
mustihans,2025-02-14
No-Debt-6397,2025-02-14
FirefighterOwn111,2025-02-14
_WireChimera_,2025-02-14
Icy-Battle8763,2025-02-14
motor438,2025-02-14
Infamous_General6456,2025-02-14
Captain_Nuggitz,2025-02-14
boscrew3,2025-02-14
alwaysdefied,2025-02-14
unicorn_dawn,2025-02-14
dragon_horn,2025-02-14
Wayob,2025-02-14
Working_Heat_9276,2025-02-14
Low_War49,2025-02-14
surfhellflame,2025-02-14
Creative-Factor-666,2025-02-14
AdSufficient2471,2025-02-14
StructureNo2396,2025-02-14
billnyethesciencedog,2025-02-14
Key_Intention5361,2025-02-14
Jaded-Show-4502,2025-02-14
StonedParadiseFL,2025-02-14
ghostpipedaisy,2025-02-14
Cheap-Cantaloupe9275,2025-02-14
Initial-Average-9381,2025-02-14
Specific-Ad-8358,2025-02-14
Trippydudes,2025-02-14
AnonimGall,2025-02-14
Lookingformeaning482,2025-02-14
Imaginary_Common_577,2025-02-14
Indrid__C0ld,2025-02-14
tlafle23196,2025-02-14
Sensitive_Finish3383,2025-02-14
Unusual_Library4117,2025-02-14
Comfortableconfuse,2025-02-14
heygiselle,2025-02-14
Top-Shape6904,2025-02-14
Dry_End1175,2025-02-14
elalavie,2025-02-14
lilzlilzdollabillz,2025-02-14
rogergwyatt,2025-02-14
Quiet_Fisherman6749,2025-02-14
Shawookatote,2025-02-14
N00bia_,2025-02-14
Helpmehelpyu_,2025-02-14
ChanceParfait,2025-02-14
Important-Case5625,2025-02-14
Tyteawater,2025-02-14
lethalweaponkas,2025-02-14
SCarrowan,2025-02-14
InterestingLoad9982,2025-02-14
MersAutruche,2025-02-14
FunRepresentative19,2025-02-14
ProfessionalError920,2025-02-14
OpeningAd5477,2025-02-14
Resident_Badger5023,2025-02-14
Agitated-Rent-8494,2025-02-14
Glidepixel,2025-02-14
i_sangh77,2025-02-14
MikeOxmaul,2025-02-14
Slow_Resident9872,2025-02-14
Navoneel,2025-02-14
jeeperjeeper85,2025-02-14
Bratty_Worm,2025-02-14
Dark-Marc,2025-02-14
ImaginationDue1641,2025-02-14
FindingMedium1098,2025-02-14
psychofistface,2025-02-14
spicy_aari,2025-02-14
Aimlesslylivinglife,2025-02-14
Spirited-Ganache-527,2025-02-14
MentionBoring7949,2025-02-14
xSkinnyPuppyx,2025-02-14
rickle_prick,2025-02-14
WingingItNow,2025-02-14
somerunningpandas,2025-02-14
Equal-Counter334,2025-02-14
poultrey_wolf,2025-02-14
CompetitiveTwo6391,2025-02-14
AssistEmbarrassed405,2025-02-14
Yesheb,2025-02-14
Practical_Assist_846,2025-02-14
Patel-8500,2025-02-14
yesemill_2025,2025-02-14
ScaryFoot22,2025-02-14
Tiny-Ebb-8909,2025-02-14
MikeWebbDot1,2025-02-14
Zealousideal-Use1252,2025-02-14
vanilla_saturn,2025-02-14
Salty-Caviar,2025-02-14
VolumeIll9658,2025-02-14
Academic-Dark2413,2025-02-14
mled27,2025-02-14
Motorizer_6,2025-02-14
Austin1975,2025-02-14
Mogakusenpai,2025-02-14
Sheenz_vegas,2025-02-14
DrNickRiviera76,2025-02-14
vysh7nnav,2025-02-14
_reddit__referee_,2025-02-14
R_M_Beats,2025-02-14
naziauddin,2025-02-14
schiessephrenia,2025-02-14
AdLeading9808,2025-02-14
Icy-Bee6338,2025-02-14
Forward-Jicama-4421,2025-02-14
Glass_Animal_2714,2025-02-14
catresuscitation,2025-02-14
Melodic_Engine9254,2025-02-14
Only-Music3733,2025-02-14
The_Watcher5292,2025-02-14
feral_poodles,2025-02-14
TheFlannC,2025-02-14
karma_jean,2025-02-14
Big-Reaction-9798,2025-02-14
Admirable_Skill8991,2025-02-14
Shot-Contest-5224,2025-02-14
jujujenga,2025-02-14
Creaturexo9,2025-02-14
taylorjlsmith,2025-02-14
pavusse,2025-02-14
savngtheworld,2025-02-14
AdRepulsive466,2025-02-15
Puzzleheaded_Can8242,2025-02-15
GerisLongSchlong,2025-02-15
Own-Nectarine-1001,2025-02-15
PeaEfficient7072,2025-02-15
AdmirableProgress714,2025-02-15
DoubleImagination633,2025-02-15
revesetrealites,2025-02-15
BelleContre2024,2025-02-15
Cool-Error-6730,2025-02-15
bcuzyea,2025-02-15
honkyslonky,2025-02-15
bigshark2740,2025-02-15
Worried-Car-1685,2025-02-15
PossibleClient2663,2025-02-15
Repulsive-Peanut-,2025-02-15
One_Lifeguard4801,2025-02-15
amarilove19,2025-02-15
RockSaltofDoom,2025-02-15
Diligent-Calendar177,2025-02-15
ThrowAwayBothExp,2025-02-15
Mbj2nd,2025-02-15
Capital_Coyote_2971,2025-02-15
Appropriate_Oven_213,2025-02-15
Alone_Recording7670,2025-02-15
Mphlol,2025-02-15
Ok-Article-2345,2025-02-15
Achilles_Veil,2025-02-15
Impressive_End_9465,2025-02-15
NoAbbreviations2371,2025-02-15
R4A6,2025-02-15
Soldger37,2025-02-15
Adventurous-Dog-6462,2025-02-15
Illustrious_Toe_3392,2025-02-15
OkTear6336,2025-02-15
Federal_Newt295,2025-02-15
SuperDeluxeLandlord,2025-02-15
innovativebright,2025-02-15
MRFUNK94,2025-02-15
Belgriest,2025-02-15
Consistent-Object264,2025-02-15
Koolbeanz4lyfe,2025-02-15
Turbulent-Abroad7841,2025-02-15
Intrepid-Physics-258,2025-02-15
ObjectiveGloomy7184,2025-02-15
AdditionalArm1701,2025-02-15
Trick-Lingonberry843,2025-02-15
professional_spicy,2025-02-15
throwawayasteroidpie,2025-02-15
Fit_Big_5629,2025-02-15
Neat-Ad-6002,2025-02-15
shriekndreamr5446,2025-02-15
Icy-Trick-2575,2025-02-15
Weekly-Item-8990,2025-02-15
zombiechickenhd,2025-02-15
KDUB_real_account,2025-02-15
jackrabbitwanders,2025-02-15
Rehulmonsynapses,2025-02-15
guptasg1403,2025-02-15
illogicallyhandsome,2025-02-15
Only_Researcher_2394,2025-02-15
Deansbaby_12479,2025-02-15
OutrageousTouch1392,2025-02-15
Certain-Dinner-8896,2025-02-15
caller_unknown,2025-02-15
Appropriate-Yellow,2025-02-15
aninternetuser,2025-02-15
theoriginalj99,2025-02-15
peepeepoopooguy74,2025-02-15
Maleficent_Return485,2025-02-15
Master_Magazine_9882,2025-02-15
_Hydrohomie_,2025-02-15
Usual_Employer_9349,2025-02-15
speechmaker,2025-02-15
Key-Cancel-5000,2025-02-15
boss___man,2025-02-15
Same_Needleworker609,2025-02-15
GreenMinimum2931,2025-02-15
thundersteel21,2025-02-15
kmentik,2025-02-15
Scabo33,2025-02-15
Kool99123,2025-02-15
Vivid-Donkey1320,2025-02-15
Maddison_201,2025-02-15
YogurtclosetMajor877,2025-02-15
General_Ad_737,2025-02-15
ChapkaMaster,2025-02-15
SweatyDingleBerries,2025-02-15
VerdeAzul74,2025-02-15
ImaginaryEnemy1385,2025-02-15
stylusmaster,2025-02-15
Stapityou,2025-02-15
rowyourboat740,2025-02-15
mial0veday,2025-02-15
Tizergold,2025-02-15
buckyxbrnes,2025-02-15
6tears,2025-02-15
Historical_Sort1289,2025-02-15
PastStore4777,2025-02-15
Dry-Emotion-9263,2025-02-15
Classic-Bug-3191,2025-02-15
relloz22,2025-02-15
Responsible-Pen3985,2025-02-15
AllOldiesViRadio,2025-02-15
Euphoric-Coach2454,2025-02-15
Dolphin_Moon,2025-02-15
workplantsleep,2025-02-15
Party-Package-6066,2025-02-15
rozen213,2025-02-15
donutmeoew,2025-02-15
Scared-Tie-7803,2025-02-15
Independent_Lynx715,2025-02-15
Intelligent_Study427,2025-02-15
DustDog1029,2025-02-15
moboarmu,2025-02-15
custardgoddess04,2025-02-15
RoundExternal1328,2025-02-15
Aspiringnukeman,2025-02-15
PatientsIsRelitive,2025-02-15
RepublicEntire4301,2025-02-15
Outrageous-Prune-932,2025-02-15
SnooPies6197,2025-02-15
Socaltallblonde,2025-02-15
UnusualBaby9171,2025-02-15
Familiar-Ad-2082,2025-02-15
thebuild3r,2025-02-15
lunathepeanut,2025-02-15
TheGoonestOfGoon,2025-02-15
Dry_Flounder_119,2025-02-15
thefilthybeard,2025-02-15
DirectYesterday966,2025-02-15
CodeThat6077,2025-02-15
FloppySlapper,2025-02-15
0ff_The_Cl0ck,2025-02-15
Appropriate-Type9881,2025-02-15
Independent_Star2025,2025-02-15
ProofShip6437,2025-02-15
SubstantialEmploy816,2025-02-15
Ok-Land-6958,2025-02-15
Zealousideal-Ad-2137,2025-02-15
WhileCrafty2395,2025-02-15
SeecretSociety,2025-02-15
Midnight-Fly7659,2025-02-15
Outrageous_Catch5077,2025-02-15
ReasonableWalrus6182,2025-02-15
icoulddrop,2025-02-15
Clear-Sherbet3726,2025-02-15
laknarokee,2025-02-15
awakeningat40,2025-02-15
--Zaphkiel--,2025-02-15
crick-crick,2025-02-15
itsnvrthtsrs,2025-02-15
CommunityStatus9393,2025-02-15
neon_no_one,2025-02-15
ttkitty30,2025-02-15
Sufficient-Tank946,2025-02-15
Hao-Ly-0609,2025-02-15
Inside-Priority-8497,2025-02-15
askingforhelp123plea,2025-02-15
Flat_Tonight_2489,2025-02-15
Just_Statistician552,2025-02-15
VERIVISU,2025-02-15
wellkeptslave,2025-02-15
Bydlchz5,2025-02-15
shooks838,2025-02-15
bookwheore16,2025-02-15
Individual_Car_825,2025-02-15
CloudZealousideal764,2025-02-15
Royal_Bell_8493,2025-02-15
throwaway2936380263,2025-02-15
null_space0,2025-02-15
wannaberunnergirl,2025-02-15
Salty-Customer6266,2025-02-15
m_irina,2025-02-15
transgirl-18795,2025-02-16
GlitteringResort4577,2025-02-16
ZealousidealGolf1059,2025-02-16
bree-voice-acting,2025-02-16
Different_Flower_664,2025-02-16
bumwithsumrum,2025-02-16
iiilex,2025-02-16
terribledayalready04,2025-02-16
dimestorepublishing,2025-02-16
GlunkTheLegend,2025-02-16
Early_Economist5917,2025-02-16
AntichristSocialite,2025-02-16
ProgrammerOriginal86,2025-02-16
No-Butterfly-9836,2025-02-16
doseofl,2025-02-16
kncnas,2025-02-16
Original-Tea-9633,2025-02-16
PuzzleheadedNewt4116,2025-02-16
Big_Improvement_2282,2025-02-16
One_Neighborhood9676,2025-02-16
No_Program_1433,2025-02-16
Alternative-Raisin2,2025-02-16
critterie,2025-02-16
workaholic828,2025-02-16
PeaceLikeThat,2025-02-16
Scared_Ad5021,2025-02-16
Variant1629,2025-02-16
AthensMoons,2025-02-16
Electrical_Comb7902,2025-02-16
AdAdditional527,2025-02-16
Pretty-Egg9568,2025-02-16
6erenade,2025-02-16
Familiar_Paint4046,2025-02-16
rainingcatanddog420,2025-02-16
Fadwa27,2025-02-16
Crafty-Ad-6216,2025-02-16
Dangerous-Process148,2025-02-16
South-Lettuce-5612,2025-02-16
Grass-no-Gr,2025-02-16
PermitAmazing5235,2025-02-16
WonderfulDress6007,2025-02-16
Significant-Dot1757,2025-02-16
JBxSolo,2025-02-16
ashutoshsx,2025-02-16
Delicious_Pumpkin916,2025-02-16
zbeyz,2025-02-16
Ok-Discussion1509,2025-02-16
BostonianNewYorker,2025-02-16
Other-Plankton-6746,2025-02-16
Due-Organization3096,2025-02-16
Time-Flower-5343,2025-02-16
No-Reach-2398,2025-02-16
Karma_king1983,2025-02-16
manchesterMan0098,2025-02-16
amadeus_004_SG,2025-02-16
Designer-Pea-1465,2025-02-16
ForrestLongmh_10,2025-02-16
Neat-Broccoli-2009,2025-02-16
zuberkhan01st,2025-02-16
Ok_Guidance_4548,2025-02-16
Global_Director2588,2025-02-16
ThroGM,2025-02-16
Choice_Ad_3737,2025-02-16
Careless-Role3625,2025-02-16
MonicaRedLabda,2025-02-16
just-throwaway-294,2025-02-16
EternalFool_,2025-02-16
Most-Refrigerator987,2025-02-16
Designer-Comfort9242,2025-02-16
dollabill713,2025-02-16
Upstairs_Chef3582,2025-02-16
GrendelsAmends,2025-02-16
ShakyShaggy101,2025-02-16
Conscious-Walk-7011,2025-02-16
dxtrx113,2025-02-16
Prudent-Mountain-767,2025-02-16
Ok_Tadpole_9549,2025-02-16
ShardofGold,2025-02-16
OkBullfrog5683,2025-02-16
eZ_Power,2025-02-16
jesuisapprenant,2025-02-16
mtarv99,2025-02-16
Gullible-Net9457,2025-02-16
SeaTurtle_840,2025-02-16
Time-Interaction-832,2025-02-16
NotSmartJustNotDumb,2025-02-16
BlackChilddd,2025-02-16
Snorlax72_,2025-02-16
BlazinBaker09,2025-02-16
ch3rrybl0ss0mz,2025-02-16
Lonely-Machine-218,2025-02-16
Dozer11,2025-02-16
Fonz118,2025-02-16
5ADB0I,2025-02-16
Happy_Sundae9363,2025-02-16
illjustthrowawaythis,2025-02-16
Sierra-Wolf5902,2025-02-16
beMdoubleyou,2025-02-16
Best_Falcon5058,2025-02-16
Aggressive-Ad-4702,2025-02-16
gaboantonioni,2025-02-16
Startingover1o1,2025-02-16
RedMistVillain,2025-02-16
juicyassbaddiex,2025-02-16
altrongtm,2025-02-16
gazi3138,2025-02-16
stevedsign1,2025-02-16
detached-lifeform,2025-02-16
MostCollection3179,2025-02-16
xtremlybored,2025-02-16
ThrowRA26031989,2025-02-16
Normal_Hat8707,2025-02-16
investurug,2025-02-16
bratekshop,2025-02-16
According-One8917,2025-02-16
yeti1911,2025-02-16
EmotionalBuy3028,2025-02-16
Significant_Soup2558,2025-02-16
Chetacheeser,2025-02-16
artsynewyorker,2025-02-16
Dry_Exercise6086,2025-02-16
Physical_Mushroom_29,2025-02-16
KindNewYorker,2025-02-16
presteragentamicin,2025-02-16
ComfortableStudio609,2025-02-16
That_Thing_Crawling,2025-02-16
Bolyki,2025-02-16
ElephantMuted3522,2025-02-16
SterlingWCreates,2025-02-16
darksoulblueeeye,2025-02-16
VegetableReply7213,2025-02-16
Ill_Position8783,2025-02-16
Mammoth_Place8246,2025-02-16
CompetitiveHeat6488,2025-02-16
chris_sparq,2025-02-16
evan_wolf,2025-02-16
SickleClaw,2025-02-16
XxHarl3yxx,2025-02-16
FlowExcellent6668,2025-02-16
eagle879,2025-02-16
kalam4z00,2025-02-16
Boostedwrath,2025-02-16
Ok_Swimmer6336,2025-02-16
Amazing_Thought3555,2025-02-16
Significant_Mud5525,2025-02-16
EducationExcellent87,2025-02-16
Holiday-Material5406,2025-02-16
AuthenticTruther,2025-02-16
CherrryBomm,2025-02-16
QueenDebby3,2025-02-16
konstancecinnarbar,2025-02-16
averquepasa39,2025-02-16
aboveno,2025-02-16
Zealousideal-Emu2043,2025-02-16
starryeyed_princess,2025-02-16
Stoma030,2025-02-16
dying-but-trying,2025-02-16
Melodic_Coach_5911,2025-02-16
Ancient_Champion_806,2025-02-16
wooliemammoth123,2025-02-16
FabulousSetting3709,2025-02-16
Fattyboy_777,2025-02-16
xenrdt,2025-02-16
MissingSugarcreek,2025-02-16
Jimmytina,2025-02-16
Sad-Highway-78,2025-02-16
Wooden-Honey-9121,2025-02-17
LuciusWasTaken,2025-02-17
WildRabbitRoad,2025-02-17
YoshYosher,2025-02-17
PoisonDartFiend,2025-02-17
Environmental-Bag741,2025-02-17
GlitchisOnline,2025-02-17
NobleV5,2025-02-17
Desperate-Ad332,2025-02-17
REINI10,2025-02-17
LiveLyf97,2025-02-17
Ok_Turnover_930,2025-02-17
SonicEchoes,2025-02-17
Lonely-System1184,2025-02-17
Odd_Incident_4841,2025-02-17
tamerelaporte,2025-02-17
Hairy-Tie2020,2025-02-17
Excellent_Daikon3800,2025-02-17
NoCulture4313,2025-02-17
Forward-Tap-4390,2025-02-17
iloveyoumiri,2025-02-17
Pretty-Rope663,2025-02-17
Temporary-Ninja3676,2025-02-17
MysticalKrssna,2025-02-17
Typical_Objective_37,2025-02-17
Wrong-Neighborhood-8,2025-02-17
Less-Motor6702,2025-02-17
Fast-Maintenance1454,2025-02-17
cashgurl,2025-02-17
Resident_Key_5731,2025-02-17
Kristenxmarie,2025-02-17
Loud-Literature9322,2025-02-17
Own-Brilliant1658,2025-02-17
melhott,2025-02-17
Hamster1993_y,2025-02-17
cappuccinofortune,2025-02-17
Key_Doctor_8280,2025-02-17
Select_Helicopter_7,2025-02-17
Equal_Comedian9222,2025-02-17
Traditional_Run_1402,2025-02-17
Tizzymd03,2025-02-17
Big_Outcome5948,2025-02-17
CarniferousDog,2025-02-17
YummyMarshmallow999,2025-02-17
isgushi,2025-02-17
Great_Garden_4397,2025-02-17
Significant-Yak-475,2025-02-17
ConsistentPound9047,2025-02-17
hussainshah93,2025-02-17
Better-_end,2025-02-17
nerdyykidd,2025-02-17
Ahmad_Pog,2025-02-17
Impressive_Intern845,2025-02-17
Opening-Cranberry362,2025-02-17
Own-Bank-8040,2025-02-17
Bright_Fix_8325,2025-02-17
OkRelationship9694,2025-02-17
Afraid-Chip-2685,2025-02-17
aesopJAY,2025-02-17
dontsayhiplease,2025-02-17
Several_Ad_7643,2025-02-17
Interesting-Duck-282,2025-02-17
Effective-Fig9423,2025-02-17
araK9,2025-02-17
DullSuccess4853,2025-02-17
MinuteConsequence425,2025-02-17
cuttingcostsrampage,2025-02-17
NeedleworkerSecure13,2025-02-17
Least-Prune6418,2025-02-17
ClockArtistic1673,2025-02-17
iiluvkittii,2025-02-17
Afrad-,2025-02-17
No-Definition-2886,2025-02-17
Putrid-Challenge1940,2025-02-17
Sa_DoG-210,2025-02-17
Ok-Lawfulness2690,2025-02-17
Fearless-Voice-7602,2025-02-17
Warm-Mode-8926,2025-02-17
DuzaLips,2025-02-17
SweatyBreath8931,2025-02-17
dferrell40,2025-02-17
LobsterHead2285,2025-02-17
therealpluto404,2025-02-17
DolSparnur,2025-02-17
duhoodauplacard,2025-02-17
only4bikes,2025-02-17
Ambitious_Key1124,2025-02-17
katuAHH,2025-02-17
Sifat_CM,2025-02-17
ritasparita2066,2025-02-17
Flashtony,2025-02-17
BodyOk9543,2025-02-17
Semorar,2025-02-17
Anxious_Intern_,2025-02-17
mxg1984,2025-02-17
MoreSecret9284,2025-02-17
AdBrief1949,2025-02-17
iinervision,2025-02-17
ExpressionEntire5002,2025-02-17
Silent-Horror-9585,2025-02-17
BaldericTheCrusader,2025-02-17
RabiedRooster,2025-02-17
jjjjjj484737,2025-02-17
ElectronicSuit4777,2025-02-17
Single-Site7605,2025-02-17
AZ_4life,2025-02-17
OG_RememberMeWell,2025-02-17
passdatjawn,2025-02-17
prideful_pen,2025-02-17
Own_Captain_9475,2025-02-17
NoMis6677,2025-02-17
Stock-Awareness-5552,2025-02-17
uberlostonhwy20,2025-02-17
chrisbot128,2025-02-17
CluelessBud,2025-02-17
bigbeezer710,2025-02-17
Equivalent-Ad-2373,2025-02-17
vortex_58,2025-02-17
Sufficient_Brain_384,2025-02-17
Academic_Pop3368,2025-02-17
Icanthowl,2025-02-17
nischalqaz,2025-02-17
pucksavy,2025-02-17
Dude_Awesomeness1234,2025-02-17
Pure_Fudge_3731,2025-02-17
Educational_Date_628,2025-02-17
lalaland69lalaland,2025-02-17
Ancient_Field_3172,2025-02-17
Massive_Use9281,2025-02-17
Last_Equipment3216,2025-02-17
Wise-Championship119,2025-02-17
ThrowRAcoldout9218,2025-02-17
littletinyswimmers,2025-02-17
Adventurous-Pen2439,2025-02-17
Powerful_Zucchini135,2025-02-17
Barry_flash19,2025-02-17
Prior-Maize6487,2025-02-17
Secret-Capital-8893,2025-02-17
Suspicious_Assist_16,2025-02-17
Optimal_Raspberry694,2025-02-17
chingchsan,2025-02-17
Syddakillakyd,2025-02-17
OldGanache6817,2025-02-17
aacc__23,2025-02-17
EntertainmentFit9168,2025-02-17
missmargiela,2025-02-17
Straight-Bad-3698,2025-02-17
tyediebleach,2025-02-17
Cyrusbrayan,2025-02-17
shxlbzzz,2025-02-17
Plastic_Date1619,2025-02-17
NefariousnessOk9593,2025-02-17
Plus-Glove-4850,2025-02-17
ExoticAnxiety7417,2025-02-17
Relative-Western-274,2025-02-17
AlpineSK,2025-02-17
ProtContQB1,2025-02-17
Dependent_Item5025,2025-02-17
Initial-Ad575,2025-02-17
Personal_Concern4434,2025-02-17
maxseasci,2025-02-17
Sorry_Show9815,2025-02-17
Serious_Airline_1996,2025-02-17
typical_rxro,2025-02-17
slamlam2,2025-02-17
starflower100,2025-02-17
DeathDriveDialectics,2025-02-17
barbarian_6,2025-02-17
Upper_Bookkeeper_758,2025-02-17
Human-active96,2025-02-17
Pristine-Amount3410,2025-02-17
I-welcome-AllDaSmoke,2025-02-17
Emotional-Tale-6913,2025-02-17
ILLEGALFIRING,2025-02-17
SyllabubInfamous8284,2025-02-17
StayAwayMusic,2025-02-17
Automatic-Clue6355,2025-02-17
feelingmathswrath,2025-02-17
Thatcherrycupcake,2025-02-17
Sure-Pool-6865,2025-02-18
jumpysan,2025-02-18
Delicious-Bonus-7216,2025-02-18
spooky_aglow,2025-02-18
Old_Effect2061,2025-02-18
Reasonable_Army8990,2025-02-18
BlueCollarMess,2025-02-18
Noiseyru,2025-02-18
FanFlareEnt,2025-02-18
UnemployedPikachu,2025-02-18
ilovesoulfood,2025-02-18
Automatic-Egg9722,2025-02-18
Kntmare,2025-02-18
Professional-Bag8540,2025-02-18
Snow-Plum,2025-02-18
SexuallyConfused_25,2025-02-18
Dense_Dimension_913,2025-02-18
Monoei,2025-02-18
tofuswimmingpool,2025-02-18
Over-Republic6260,2025-02-18
ConfusedResAss,2025-02-18
CounterTerroristWons,2025-02-18
Money_Bus_9234,2025-02-18
LoudDecision4845,2025-02-18
sweetvalleywhy,2025-02-18
Anxious_Movie_3238,2025-02-18
JoeDelta14,2025-02-18
Dapper-Peach-1746,2025-02-18
Dry-Radio6377,2025-02-18
frannymcguire,2025-02-18
New_Charity5,2025-02-18
SpareGrapefruit1507,2025-02-18
Key-Exam-4361,2025-02-18
Advanced_Shirt_4719,2025-02-18
Feisty_Grass_3284,2025-02-18
Monsterstork,2025-02-18
Warm_Dinner_2947,2025-02-18
Forward_Lion3047,2025-02-18
MixtureDizzy4019,2025-02-18
Consistent-Bike-5261,2025-02-18
Street_Phinance,2025-02-18
daboodeeabm,2025-02-18
montcott,2025-02-18
Lemonade2250,2025-02-18
managedmschf,2025-02-18
aymarko,2025-02-18
Clean_Tear_7955,2025-02-18
Necessary-Meeting-29,2025-02-18
jwt-token,2025-02-18
One_Proposal2673,2025-02-18
Super-Assumption1334,2025-02-18
khalidski,2025-02-18
Yakuroto,2025-02-18
Eden718,2025-02-18
Easy_Service,2025-02-18
scrunky256,2025-02-18
mustangfan12,2025-02-18
PopAny2955,2025-02-18
fatal-pvp-lover,2025-02-18
WitchCackleHehe,2025-02-18
QubeInteriors,2025-02-18
Healthy-Life6932,2025-02-18
Glittering-Bee-3877,2025-02-18
FrozenGhost123,2025-02-18
choubidoubi,2025-02-18
SituationAwkward648,2025-02-18
OriginalHungry5835,2025-02-18
Apprehensive_Art_779,2025-02-18
Bird_air,2025-02-18
Ayushihihihihi,2025-02-18
wasting_time_heree,2025-02-18
pufflecount27,2025-02-18
Shimmershark123,2025-02-18
Comprehensive_Code42,2025-02-18
Electronic-Town-5197,2025-02-18
Green_Commercial6500,2025-02-18
ShortCalligrapher435,2025-02-18
CasualSlacker,2025-02-18
Ok_Draft_8560,2025-02-18
Old_Owl4601,2025-02-18
No_Departure9936,2025-02-18
mustafa504,2025-02-18
PerfectPeople_Liam,2025-02-18
Impossible_Sun_4351,2025-02-18
NeoBlaze07,2025-02-18
Tricky-Persimmon-599,2025-02-18
Figure-Ate,2025-02-18
VeganLog,2025-02-18
Few-Hunt6395,2025-02-18
Specialist-Break-709,2025-02-18
Lock3tteDown,2025-02-18
imye_9294,2025-02-18
Ok_Airline_2060,2025-02-18
waffleoverlord01,2025-02-18
GrupoAp,2025-02-18
Icy-Doughnut-4879,2025-02-18
Constant_Procedure71,2025-02-18
Pretty_Wrongdoer1110,2025-02-18
butbi,2025-02-18
ohmyglobyouguys,2025-02-18
Outrageous31526,2025-02-18
Intelligent-Spot2186,2025-02-18
M0055_,2025-02-18
Independent-Star1875,2025-02-18
xmartphone,2025-02-18
Fun-Manufacturer-346,2025-02-18
Mr_edchu,2025-02-18
lolwhatisthisdude,2025-02-18
Current_Stranger3256,2025-02-18
Key-Nectarine-7508,2025-02-18
13fishsticks,2025-02-18
ImpossibleRegular820,2025-02-18
Emotional-Status7932,2025-02-18
Common-Bullfrog-4968,2025-02-18
Human_Pudding2289,2025-02-18
SEBIMockery,2025-02-18
BeautifulShallot7459,2025-02-18
Nearby_Singer_4214,2025-02-18
General-Thing1519,2025-02-18
Major_Inspector_81,2025-02-18
RepairComplete1652,2025-02-18
Lunareclipse0192836,2025-02-18
Honest_Reflection157,2025-02-18
nonepizza_leftbeef_,2025-02-18
Rainy212,2025-02-18
Reasonable_Emu_6371,2025-02-18
Bubazavr,2025-02-18
Admirable_Increase37,2025-02-18
RegisterNew1833,2025-02-18
Swimming-Version-703,2025-02-18
Green-Set-2250,2025-02-18
Affectionate-Let2366,2025-02-18
Ok-Support7896,2025-02-18
Ridicule-Red,2025-02-18
wanderingsoul30,2025-02-18
Agreeable-Pepper-960,2025-02-18
InternationalRole634,2025-02-18
ContentPlatform6783,2025-02-18
AquamarineCallistro,2025-02-18
Majestic-Brick4726,2025-02-18
tfabwit,2025-02-18
FriendlyPanda2k,2025-02-18
DazzlingTie4119,2025-02-18
Jgelzzz,2025-02-18
Nusubor,2025-02-18
NegroMedic,2025-02-18
ActWide6615,2025-02-18
Kapuman,2025-02-18
rebel_recluse,2025-02-18
SnooMemesjellies847,2025-02-18
Ok_Experience_5756,2025-02-18
ghost_w_the_most_,2025-02-18
Accomplished_Cloud80,2025-02-18
sivanand_18,2025-02-18
SamuraiKinshii,2025-02-18
OriginalDoubt2238,2025-02-18
priscyausten,2025-02-18
sunriser13,2025-02-18
NextPerspective2626,2025-02-18
Hot_Ad_7617,2025-02-18
Correct_Progress442,2025-02-18
Lambo696969,2025-02-18
ThetaAvian,2025-02-18
viraldisaster,2025-02-18
p9wich,2025-02-18
Jumpy-Desk4215,2025-02-18
PostFreely,2025-02-18
True_Supermarket_263,2025-02-18
Few_Contribution1910,2025-02-18
PineappleCake1245,2025-02-18
saywhatnow90,2025-02-18
FluffalBoy,2025-02-18
mulcahey,2025-02-18
khanye123,2025-02-18
kissing_outer_space,2025-02-18
BehrmanTheBeerman,2025-02-18
SaucyyDripss,2025-02-18
xTsukareta,2025-02-18
TossThat21,2025-02-18
Electronic_Formal_35,2025-02-18
PeanutButterOnBoobs,2025-02-18
MCMXCIII__,2025-02-18
bradrame,2025-02-18
Bright-Flower7637,2025-02-18
DragonHeart_97,2025-02-18
guiltsifter,2025-02-18
Loose_Bobcat1516,2025-02-18
nono16olup,2025-02-18
Competitive-Year-764,2025-02-18
Mountain_Comedian_91,2025-02-18
Forsaken-Detail-8290,2025-02-18
vSticcs,2025-02-18
Double-Story-9351,2025-02-18
CawfeeAndTV,2025-02-18
crispycreasy,2025-02-18
Severe-Ad6345,2025-02-18
GetCoinWood,2025-02-18
Agitated_Ad1799,2025-02-18
waterwaterwaterrr,2025-02-18
Douggiefresh66,2025-02-18
Gudgud4683,2025-02-18
stiarwaltj,2025-02-18
Impressive-Rice7274,2025-02-18
Gggvvvvggtggg,2025-02-18
alessavala,2025-02-18
alexsofluffy_,2025-02-18
Capital_Plum4592,2025-02-18
riggedinmyfavor,2025-02-18
SquidoMode,2025-02-18
WestSplit7039,2025-02-18
kezzy24,2025-02-18
Legitimate-Potato18,2025-02-18
Hungry_Coffee_621,2025-02-18
Dreamyhaze3,2025-02-18
Jamby75,2025-02-18
DigbyChickenZone,2025-02-18
kickerman141,2025-02-18
Positive-Ad6167,2025-02-18
Ok-Society-9223,2025-02-19
4stocks,2025-02-19
Thick_Athlete_1935,2025-02-19
moosichulla,2025-02-19
Big-Director7443,2025-02-19
FairChampionship779,2025-02-19
BigCow548,2025-02-19
ProfessionalTurnip6,2025-02-19
Digitalgardens,2025-02-19
SeaGrowth4073,2025-02-19
shinyfizzysoda,2025-02-19
anthematcurfew,2025-02-19
Tazzyyman,2025-02-19
Admirable_Koala_4506,2025-02-19
daNachoCat,2025-02-19
Dull-Ad1153,2025-02-19
Playful-Inevitable54,2025-02-19
Gullible-Strategy509,2025-02-19
RemoteJobHiring,2025-02-19
PublicLongjumping461,2025-02-19
CreativeChemical5069,2025-02-19
kaylee-erin,2025-02-19
WoW-Gaymer,2025-02-19
EbotdZ,2025-02-19
Candid-Treat-6734,2025-02-19
xxcheekycherryxx,2025-02-19
wrkinggrl25,2025-02-19
t3mp0rarys3cr3tary,2025-02-19
Creative_Respect_89,2025-02-19
the_grother,2025-02-19
No-Tie-2768,2025-02-19
Chickenchickencat,2025-02-19
Acceptable_Reward811,2025-02-19
TemporarySprinkles39,2025-02-19
Jaiwilliamson,2025-02-19
HistoricalAnxiety185,2025-02-19
storied_age,2025-02-19
Fun_Contribution7528,2025-02-19
IEatCouch,2025-02-19
Golden_BreadBus,2025-02-19
Creepy_Maximum8941,2025-02-19
Complete-Echidna-476,2025-02-19
Background-Air2853,2025-02-19
Aarsh19,2025-02-19
kirikamei,2025-02-19
PepperAny8529,2025-02-19
icyspice1088,2025-02-19
Beneficial_Two_1694,2025-02-19
Standard-Park-4217,2025-02-19
Fluffy_Gold_7366,2025-02-19
Environmental_Bit4,2025-02-19
taynaha,2025-02-19
rowode7424,2025-02-19
saukga,2025-02-19
Expensive_Gazelle168,2025-02-19
Sicilian520,2025-02-19
shesfreespirited,2025-02-19
Efficient_Fish2436,2025-02-19
themadnader,2025-02-19
Sharp-Willingness953,2025-02-19
Front_Aardvark9440,2025-02-19
victoriasredditt,2025-02-19
_domenicohorsay,2025-02-19
bash_bro93,2025-02-19
ES6_2020,2025-02-19
Wachira2000,2025-02-19
Silver_Consequence82,2025-02-19
houseofL,2025-02-19
junitZ,2025-02-19
Early-Ship-5806,2025-02-19
Confused1509,2025-02-19
Strong_Wolverine8353,2025-02-19
Adventurous_Past6183,2025-02-19
Ok-System-8416,2025-02-19
beesdreamlife,2025-02-19
ScarletBrando,2025-02-19
gaurav581986,2025-02-19
Admirable-Mine3183,2025-02-19
Just-Profession-3370,2025-02-19
JetFalcon_,2025-02-19
Sufficient-Pool6431,2025-02-19
Educational_Guard169,2025-02-19
smarten_up_nas,2025-02-19
PrestigiousMikeee,2025-02-19
SoupWarrior12,2025-02-19
lumen_histoire,2025-02-19
Dense-Bus3676,2025-02-19
Specialist-Math-1869,2025-02-19
Former_Chart1237,2025-02-19
ares_go,2025-02-19
Respect_Warm,2025-02-19
erarta-ai,2025-02-19
ydoUreadUsername,2025-02-19
Asleep-Length8226,2025-02-19
Difficult_Road3132,2025-02-19
Wayner84,2025-02-19
munia13,2025-02-19
Infinite-Roll,2025-02-19
hiringagencys,2025-02-19
SolutionFlimsy1783,2025-02-19
Glittering_Serve6406,2025-02-19
spacemonkey1999,2025-02-19
TalentSync_agency,2025-02-19
Lord-Aizen-0750,2025-02-19
Loose-Tackle1339,2025-02-19
Complete-Dot-191,2025-02-19
Gako1929,2025-02-19
HRsalmakhairallah,2025-02-19
civil_war_historian,2025-02-19
Che_Sourcing,2025-02-19
MagicianOne2468,2025-02-19
SnooBeans7404,2025-02-19
PlatinumSukamon98,2025-02-19
Due_Visual2941,2025-02-19
AnybodyCommon3763,2025-02-19
Connect-Box-9348,2025-02-19
MoreCatch2562,2025-02-19
Apprehensive-Storm95,2025-02-19
avonsincedayvon,2025-02-19
StunninBunny,2025-02-19
neonsticker_,2025-02-19
Effective_Lie7627,2025-02-19
allmylovingxx,2025-02-19
icouldhavehaditall,2025-02-19
Various_Adeptness424,2025-02-19
Hefty_Storage_2094,2025-02-19
milicatsss,2025-02-19
One-Sympathy-4198,2025-02-19
Sea_Panda_7250,2025-02-19
No_Opportunity_5125,2025-02-19
PepperOk8305,2025-02-19
Substantial_Log_1157,2025-02-19
wafagan14,2025-02-19
BSMeta,2025-02-19
Little_Emotion581,2025-02-19
EnvironmentalLuck175,2025-02-19
SherlockTheHomie,2025-02-19
iloveyousnowmuch,2025-02-19
Responsible_Word6743,2025-02-19
Expensive_Post7035,2025-02-19
Perfect-Psychology74,2025-02-19
Sylhunt,2025-02-19
MuttTheDutchie,2025-02-19
Routine-Win-935,2025-02-19
Live-Performer-3943,2025-02-19
Remote_Pumpkin_4138,2025-02-19
Livid_Dig649,2025-02-19
booksrus17,2025-02-19
Efficient-Nothing320,2025-02-19
Embarrassed-Ad-1558,2025-02-19
lokozi,2025-02-19
N0bodyy,2025-02-19
Pelailija1,2025-02-19
davvidopp,2025-02-19
Longjumping_Fox_873,2025-02-19
filmfoto,2025-02-19
Rice_8,2025-02-19
emmakxoxo,2025-02-19
Direct_Pace1556,2025-02-19
Standard-Tension-164,2025-02-19
Eric_B_Rowland,2025-02-19
dadhatprincess,2025-02-19
Otherwise_Way9323,2025-02-19
lonestarbaddie,2025-02-19
Fabulous-Emu-777,2025-02-19
LesterRuckfort,2025-02-19
DepressedScoobyDoo3,2025-02-19
Spare-Bag1367,2025-02-19
RSKfirebird2000,2025-02-19
Radiant-Whereas5991,2025-02-19
monteleone58,2025-02-19
MeetShahTheMaN,2025-02-19
Delicious_Artist_280,2025-02-19
Hanyuuuxd,2025-02-19
Udxna_srimal,2025-02-19
bosgal90,2025-02-19
FluidCard3019,2025-02-19
Warm_Night5528,2025-02-19
Admirable_Yak_9934,2025-02-19
chrollo_s,2025-02-19
purrfectkitties,2025-02-19
Lazy-Examination-979,2025-02-19
lostingrayclouds,2025-02-19
craftyonem,2025-02-19
LastFarm3408,2025-02-19
Due_Tough_1093,2025-02-19
Educational_Map_6219,2025-02-19
Equivalent_Speed_567,2025-02-19
Comfortable-Alarm988,2025-02-19
doitscareddd,2025-02-19
CorgiReasonable6324,2025-02-19
Important-Demand932,2025-02-19
kettlewicks,2025-02-19
Previ0us0wner,2025-02-19
ajj070902,2025-02-19
Valentin-andres,2025-02-19
Ok_Reason9228,2025-02-19
kbucks61904,2025-02-19
littleperfectionism,2025-02-19
jonc2160,2025-02-19
razz375,2025-02-19
Dazzling-Bell-2586,2025-02-19
Crafty_Sorbet_3206,2025-02-19
foodgeek15,2025-02-19
ForAsk1,2025-02-19
Puzzleheaded_Ad9900,2025-02-19
Free-Peanut3031,2025-02-19
KeyHold147,2025-02-19
Afraid-Recording-811,2025-02-19
Western-Confidence95,2025-02-19
Numerous_Bank7037,2025-02-19
Substantial_War_630,2025-02-19
Icy_Mistake2996,2025-02-19
CautiousTip6804,2025-02-19
Still_Cobbler6890,2025-02-19
NoBoard2075,2025-02-19
ghost78918,2025-02-19
Apprehensive_Day_654,2025-02-19
Sweaty-Magician-3007,2025-02-19
Ch3shire_cat13,2025-02-19
Savings-Mud-4027,2025-02-19
Senior_Long_375,2025-02-19
Hajicardoso,2025-02-19
Similar-Raspberry916,2025-02-19
InterestingSalt3386,2025-02-19
Puzzleheaded_Hat5871,2025-02-19
Responsible-Set-1727,2025-02-19
Expert_Enthusiasm597,2025-02-19
Lottoking888,2025-02-19
lilhomie216,2025-02-19
BrightCommunication1,2025-02-19
ArtxBeauty,2025-02-19
coloredzebra,2025-02-19
Upstairs_Essay9234,2025-02-19
Direct-Ad1894,2025-02-19
centerwingpolitics,2025-02-19
Ecstatic_Athlete_646,2025-02-19
KindheartednessNo431,2025-02-19
zaftigketzeleh,2025-02-19
Jgamez12,2025-02-19
Tatertots52623,2025-02-19
KingOfRocky,2025-02-19
AppointmentUnhappy67,2025-02-19
Educational-Fun-9559,2025-02-19
Quiet-Package643,2025-02-19
vividdreams12,2025-02-19
yoshipowerup,2025-02-19
castiellangels,2025-02-19
BookkeeperOk9241,2025-02-19
Similar-Giraffe9116,2025-02-19
Nevada_Movious,2025-02-19
Proof_Historian5095,2025-02-19
downbytheriver27,2025-02-19
sodallycomics,2025-02-19
risaliz,2025-02-19
Mysterious_Boot5312,2025-02-19
Atreasking15,2025-02-19
Projection_Claire,2025-02-19
Subject-Calendar3246,2025-02-19
FloridaAV,2025-02-19
sloan2001_,2025-02-19
Accurate-Love9396,2025-02-19
Tasty_Barnacle7651,2025-02-19
coomingrn,2025-02-19
Pawslivesmatter,2025-02-19
sonosolar,2025-02-19
Beautiful_Reach4493,2025-02-19
Subierubiext,2025-02-19
VetTechG,2025-02-19
Inevitable-Builder57,2025-02-19
No_District4632,2025-02-19
fayafire,2025-02-19
Excellent-Ad9041,2025-02-19
MajesticFan4,2025-02-19
Reflxing,2025-02-19
yummypasta-sauce,2025-02-19
livinggrayarea,2025-02-19
Dependent-Age-7992,2025-02-20
Not-a-Tech-Person,2025-02-20
Jumo747,2025-02-20
Subject_Shoulder7649,2025-02-20
marcosrms,2025-02-20
CommercialClerk1776,2025-02-20
Embarrassed_Alps523,2025-02-20
lekamusik7,2025-02-20
ProfessionalFull6154,2025-02-20
Artistic-Ad6418,2025-02-20
Ill_Understanding765,2025-02-20
Empress-Yah7777,2025-02-20
QuinnDriggs,2025-02-20
Good-Necessary-5388,2025-02-20
Glittering-Kitten537,2025-02-20
Efficient_Run_342,2025-02-20
meemaoisbeebao,2025-02-20
Megan-aogl,2025-02-20
NumNumKitty,2025-02-20
Formal-Force-2902,2025-02-20
AntixOG,2025-02-20
bmthjayden,2025-02-20
Pristine_Pianist,2025-02-20
Traditional_Car_9896,2025-02-20
rockarolla78,2025-02-20
HourProfession3347,2025-02-20
Imaginary-Moose-2520,2025-02-20
lovely_orchid_,2025-02-20
RiyaNaveenya,2025-02-20
iwillharmyourfamily,2025-02-20
yellahsis,2025-02-20
Adventurous-Item-952,2025-02-20
lunchybocx00,2025-02-20
TedLasso32,2025-02-20
Keshafan369,2025-02-20
Soft-Ad1585,2025-02-20
OneThingIntoAnother,2025-02-20
Mauricio192,2025-02-20
LiftedinCali,2025-02-20
XscapeRealism,2025-02-20
master_progress7,2025-02-20
QueenAnniesLace,2025-02-20
PleasEnterAValidUser,2025-02-20
Unhappy-Leopard9164,2025-02-20
Sea_Chemical_5832,2025-02-20
Weekly-Night-7954,2025-02-20
Dependent_Art_6637,2025-02-20
Shot-Lemon7892,2025-02-20
Goodhotdogman,2025-02-20
purepopeist,2025-02-20
BruschettiFreddy,2025-02-20
Owl_DC,2025-02-20
birdyyy__,2025-02-20
No_Attempt_8099,2025-02-20
epointsite1,2025-02-20
Ambitious_Stock_4211,2025-02-20
Reskosack,2025-02-20
No_Comedian_9078,2025-02-20
Main_Ad345,2025-02-20
Beginning_Jeweler199,2025-02-20
Tameless_Bengal,2025-02-20
1stoobergoober,2025-02-20
Ok-Understanding8194,2025-02-20
OsrsJagex,2025-02-20
Swimming_Door6909,2025-02-20
ShierLattice694,2025-02-20
WestBig746,2025-02-20
0ber42,2025-02-20
Disastrous-Ad-1555,2025-02-20
TheBorkSamson,2025-02-20
Big-College-6624,2025-02-20
choco_pup,2025-02-20
Gloomy_Hyena6966,2025-02-20
No_Interview2632,2025-02-20
User8892992903002,2025-02-20
No_Significance6130,2025-02-20
Bubbly_Ad4738,2025-02-20
Any-Nose969,2025-02-20
Snkcrzy82,2025-02-20
Other-Paramedic-4540,2025-02-20
Dwaynethewok,2025-02-20
kaitmcnich,2025-02-20
Automatic_Word6044,2025-02-20
Naive-Machine-3195,2025-02-20
somazuki,2025-02-20
Unexpected-Jelly-956,2025-02-20
NoBoysenberry4827,2025-02-20
Strict-Culture-3741,2025-02-20
CuteSelectionnn,2025-02-20
Accomplished_Goose38,2025-02-20
illumin_adii,2025-02-20
LowSherbert1016,2025-02-20
IkramRaza,2025-02-20
Over_Resolution560,2025-02-20
MMRahman1313,2025-02-20
BodybuilderHairy1153,2025-02-20
DullSoil4753,2025-02-20
bubblewrappedpretzel,2025-02-20
Able_Jellyfish_600,2025-02-20
Maplesyrup2636,2025-02-20
Beneficial-Mirror884,2025-02-20
Foreigner_Zulmi,2025-02-20
pnwthings,2025-02-20
Mh1998_05_25,2025-02-20
luigimewtwo,2025-02-20
treeann-29,2025-02-20
NICK533A,2025-02-20
Mamak8-627,2025-02-20
Rare_Sweet_4757,2025-02-20
Hozierisking,2025-02-20
pokaplayato,2025-02-20
Fortress-Is-Burning,2025-02-20
Desperate-Finish-111,2025-02-20
ResortInevitable7627,2025-02-20
koketsha,2025-02-20
Ok_Palpitation1150,2025-02-20
scaredofcomputers,2025-02-20
MallGrabUrBalls,2025-02-20
picklewickle1234,2025-02-20
Starting_Over_Free,2025-02-20
Majestic_Search_7851,2025-02-20
Glum-Ad-8194,2025-02-20
Visible-Leading5596,2025-02-20
viviatpeace,2025-02-20
Nurkinz,2025-02-20
Wiesmeda,2025-02-20
Taberneth,2025-02-20
Both-Command1003,2025-02-20
Soft_Fee_3281,2025-02-20
Alternative-Cold8861,2025-02-20
Aromatic_Account_698,2025-02-20
OkOutlandishness4265,2025-02-20
fryguytime21,2025-02-20
camomillola,2025-02-20
axg_lbtn,2025-02-20
Ok_Actuary_5585,2025-02-20
Exciting-Room7180,2025-02-20
toiletboundhani00,2025-02-20
abirami_abi123,2025-02-20
WelcomingYourMind,2025-02-20
sir_cartier29,2025-02-20
jitterbugbetty,2025-02-20
lite_hause,2025-02-20
ripkoikio,2025-02-20
X_Te_C,2025-02-20
FriendlyConfusion262,2025-02-20
Matilda_Mother_67,2025-02-20
Ok_Temporary_6621,2025-02-20
aedhusx,2025-02-20
Transitive-Props,2025-02-20
Almaaimme,2025-02-20
Vigilantegrrrl,2025-02-20
Local-Knee3464,2025-02-20
Correct_Ganache3378,2025-02-20
Least-Buddy-8274,2025-02-20
Nehebka-Perez,2025-02-20
Hungrywendigo_,2025-02-20
Fuck_You_I_Win,2025-02-20
LostInEscape,2025-02-20
Objective-Dogs,2025-02-20
deiz98,2025-02-20
hiimpaul22,2025-02-20
CosmicCupcak3,2025-02-20
Good-Condition-8586,2025-02-20
danyb_6996,2025-02-20
Background_Tennis618,2025-02-20
0k_Interaction,2025-02-20
Maximum-Key-1521,2025-02-20
throw_away_9553,2025-02-20
Individual_Love_7432,2025-02-20
Any-Acanthisitta-776,2025-02-20
Longjumping_Fix_6619,2025-02-20
Mission_Buddy5981,2025-02-20
major_simba,2025-02-20
Tall-Astronomer-9964,2025-02-20
NoCheesecake2885,2025-02-20
hows_the_view,2025-02-20
Whytiskolaveri,2025-02-20
NewsOdd5877,2025-02-20
MCG_up,2025-02-20
Shah_here,2025-02-20
Grandezire_8055,2025-02-20
akvasova17,2025-02-20
JDHgtr,2025-02-20
DenseAstronomer3208,2025-02-20
Turbulent-Rate-8190,2025-02-20
ind-nyc36,2025-02-20
ParsnipSelect4003,2025-02-20
Heneedsumilk,2025-02-20
slide-0,2025-02-20
Zealousideal_Text179,2025-02-20
Key-Sheepherder5925,2025-02-20
Diligent-Pool3777,2025-02-20
_lume,2025-02-20
ConnectionFancy7695,2025-02-20
ItsHipNip,2025-02-20
Imaliteralgod,2025-02-20
SideScramble,2025-02-20
Technical_Mix_8767,2025-02-20
Substantial-Change24,2025-02-20
Confident_Manner_769,2025-02-20
marianditoo,2025-02-20
Soleeth,2025-02-20
wejustplayed,2025-02-20
Kori_Konoyuki,2025-02-20
DIYBEGINNERRR,2025-02-20
Front-Pin-7199,2025-02-20
austinbucco,2025-02-20
gurrenking,2025-02-20
ChillBruhILY,2025-02-20
FalseRide336,2025-02-20
rustlesprout,2025-02-20
Hot_Willingness_10,2025-02-20
lookhereneedhelp,2025-02-20
Sweet-Carry1747,2025-02-20
alixc1983,2025-02-20
Salem_Lizard,2025-02-20
Worth_Lifeguard_2423,2025-02-20
CyrilCommando,2025-02-20
sheeps_heart,2025-02-20
Embarrassed-Mix-5530,2025-02-20
EmphasisRepulsive753,2025-02-20
eechik,2025-02-20
HoodRatBenno,2025-02-20
ApartmentStunning484,2025-02-20
Fair_Memory5375,2025-02-20
imnotborn2beperfect,2025-02-20
SchoolMoist2427,2025-02-20
Jcnc32,2025-02-20
Grand-Consequence790,2025-02-20
Tiggybot,2025-02-20
Think-Might-3364,2025-02-20
ImperfictXennial,2025-02-20
barredrockgirl,2025-02-20
piketabak,2025-02-20
Cautious-Flatworm804,2025-02-20
Professional_Dot6971,2025-02-20
Additional_Stop_4666,2025-02-20
No_Egg3030,2025-02-20
casper-2210,2025-02-20
Emmaros333,2025-02-20
savage_613,2025-02-20
HunterEfficient2512,2025-02-20
J0urneyB4Destination,2025-02-20
B1naryL0g1c,2025-02-20
Double_Struggle_5484,2025-02-20
Return_of_Lemu,2025-02-20
LeeAdamasMoralCenter,2025-02-20
Jesus1sk1ng,2025-02-20
_heretovent,2025-02-20
Striking-Machine6323,2025-02-20
geemav,2025-02-21
VillageRare7391,2025-02-21
Acceptable_Move4333,2025-02-21
Tanyqo,2025-02-21
codysnider,2025-02-21
Mountain-War-7759,2025-02-21
LookUpbeat8507,2025-02-21
AsmoTewalker,2025-02-21
ProfessionalFig7018,2025-02-21
ShapeAccurate1682,2025-02-21
Bard_theDragonSlayer,2025-02-21
IvannaStrook1,2025-02-21
Dgnslyr,2025-02-21
DomiMamii,2025-02-21
tinyotterss,2025-02-21
Zestyclose-Respect45,2025-02-21
Megamindke,2025-02-21
CourageTasty428,2025-02-21
Prophecy_83,2025-02-21
Simple-Milk-4126,2025-02-21
backpack104,2025-02-21
Educational_Force666,2025-02-21
Roxybird,2025-02-21
Viper_Red,2025-02-21
lm602-,2025-02-21
Legitimate-Print-830,2025-02-21
deruc04,2025-02-21
unrvlbrainpower,2025-02-21
xlighthouse,2025-02-21
OptimisticOutlooks,2025-02-21
el_spider_,2025-02-21
MistakePerfect8963,2025-02-21
ZaraEmployee,2025-02-21
Lazy-Shock4846,2025-02-21
IntentionActive1683,2025-02-21
DoomedCleric,2025-02-21
throwaway534345435,2025-02-21
Beneficial_Cloud_601,2025-02-21
Reasonable-Cover8830,2025-02-21
Rude-Paper-8380,2025-02-21
quark_10_1,2025-02-21
Soft_Most_8467,2025-02-21
Aggressive_Pin_8740,2025-02-21
Odd-Peach4444,2025-02-21
uunknown_1,2025-02-21
Fit_Drummer_9792,2025-02-21
LostInTheSpheres,2025-02-21
KyleYamamoto,2025-02-21
Sorry_Equipment7357,2025-02-21
Effective_Truth3862,2025-02-21
Aloo_Baba,2025-02-21
Objective_Success235,2025-02-21
AdSpecial9633,2025-02-21
F109300,2025-02-21
Canadixnchik,2025-02-21
Leyatv,2025-02-21
alexanderpyu,2025-02-21
Icy_Half5941,2025-02-21
nimrods_son86,2025-02-21
Useful-Ad-3819,2025-02-21
Prior_Part550,2025-02-21
Charming-Ad-5777,2025-02-21
21CabbageOfficial,2025-02-21
TurquoiseDreamer1,2025-02-21
BusComprehensive1739,2025-02-21
Koskeshharumi,2025-02-21
Floweringszroad,2025-02-21
WorkSFWaltcooper,2025-02-21
shawnmasterr,2025-02-21
Affectionate-Bug-218,2025-02-21
dudestfup,2025-02-21
No-Original-674,2025-02-21
NoCommand2297,2025-02-21
EmotionalInsect8626,2025-02-21
One_Leave_8187,2025-02-21
Logical-Lifeguard-68,2025-02-21
SaltyFisherwoman1,2025-02-21
himachy,2025-02-21
SnooOwls6142,2025-02-21
Some_Ad_3947,2025-02-21
DesperateWeary,2025-02-21
East-Net-7678,2025-02-21
babyboo4393,2025-02-21
No-Hunter9001,2025-02-21
Adjade,2025-02-21
Top-Musician-4903,2025-02-21
InternalThat2599,2025-02-21
RegularBananaBot,2025-02-21
Individual-Gas5276,2025-02-21
Adventurous-Common62,2025-02-21
Agitated-Cut-1954,2025-02-21
Partyingmanbear,2025-02-21
Kazirak,2025-02-21
taramrd,2025-02-21
IrateLettuce667,2025-02-21
Otherwise-Carpet4444,2025-02-21
smarethebear,2025-02-21
darkscary_333,2025-02-21
raineasawa,2025-02-21
Terrible_Yak1256,2025-02-21
MaleficentLight46,2025-02-21
just-_bein_me91,2025-02-21
Earl_of_69,2025-02-21
DirectBackground432,2025-02-21
Holiday-Reception359,2025-02-21
commentsection23,2025-02-21
deine_lieblings,2025-02-21
Globs_of_Discharge,2025-02-21
Zealousideal_Debt382,2025-02-21
gemmadaniel,2025-02-21
Glass_Pick9343,2025-02-21
NaThanos__,2025-02-21
sevensky77,2025-02-21
Fewstoriesocto,2025-02-21
Key_Farmer_5090,2025-02-21
OptionFast3392,2025-02-21
Wide-Pension-5968,2025-02-21
TDSRage97,2025-02-21
Capital-Dragonfly258,2025-02-21
Evening_Strength2167,2025-02-21
Usual_Physics4651,2025-02-21
Relevant-Record-6683,2025-02-21
IamAriel30,2025-02-21
Medical_Entertainer6,2025-02-21
dontsaymyname_,2025-02-21
MudEnvironmental7100,2025-02-21
Cenki,2025-02-21
biglagoguy,2025-02-21
PomegranateIll9332,2025-02-21
ThrowawayAccountPoof,2025-02-21
Repulsive-Jicama-984,2025-02-21
Hot-Reflection-5584,2025-02-21
External_Aioli_6104,2025-02-21
foreignthrowaway-,2025-02-21
Summer-salt911,2025-02-21
sjwild95,2025-02-21
Substantial-Soil5789,2025-02-21
superstrawberryxxx,2025-02-21
autistichalsin,2025-02-21
d2k100,2025-02-21
SavingsHousing4973,2025-02-21
BestLingonberry6166,2025-02-21
softsandwich35,2025-02-21
Infinite-Sock-3380,2025-02-21
MaintenanceMan93,2025-02-21
Training_Tour_2010,2025-02-21
Glum-Health8598,2025-02-21
NattyLight_77,2025-02-21
Hopeful-2923,2025-02-21
LegalTangerine7215,2025-02-21
Elegant-Fee-1942,2025-02-21
Internal-Plastic-733,2025-02-21
Extreme-Hyena-2486,2025-02-21
bouquet_of_blood,2025-02-21
Local-Debate-5565,2025-02-21
RoxanneDaSooft,2025-02-21
acmarlin,2025-02-21
TheYoungWan,2025-02-21
Primary-Screen-352,2025-02-21
Job-Universe,2025-02-21
Context_Important,2025-02-21
Even-Cantaloupe8147,2025-02-21
yxxxiang,2025-02-21
Huge_Inspection_9123,2025-02-21
Replicant426,2025-02-21
HuckleberryAbject889,2025-02-21
theejessicarobin,2025-02-21
Djmii5tik4200,2025-02-21
grapefruitbreeze,2025-02-21
Itchy-Lion-7464,2025-02-21
person2019,2025-02-21
heartlumiere,2025-02-21
Grouchy-Rabbit4629,2025-02-21
amberino4,2025-02-21
Best_Chicken8269,2025-02-21
Suspicious-Flan2398,2025-02-21
sjfoy,2025-02-21
ChasmOfTorment,2025-02-21
mundieboy,2025-02-21
ChristheCourier12,2025-02-21
East_Bee_7003,2025-02-21
TiredAllTheTime43,2025-02-21
sickostrich244,2025-02-21
New-Can-117,2025-02-21
laaapis,2025-02-21
Fun-Presence-601,2025-02-21
Immediate-Ganache-96,2025-02-21
DisplayJazzlike1738,2025-02-21
actuallyasnail,2025-02-21
Ayleneee444,2025-02-21
Standard-Professor34,2025-02-21
veneraer,2025-02-21
AllUsernamesTaken09,2025-02-21
Special_Sentence5537,2025-02-21
Educational-Wing-278,2025-02-21
Sufficient-Team1249,2025-02-21
Late-Lifeguard2952,2025-02-21
bigbird4267,2025-02-21
Appropriate_Cook7696,2025-02-21
Dark_Metamorphosis,2025-02-21
Embarrassed-Fold2514,2025-02-21
la_marshall_95,2025-02-21
Academic_Abroad_854,2025-02-21
spirulinalvr,2025-02-21
Mr_IronMan_Sir,2025-02-21
garn1cus,2025-02-21
JellyfishOk2233,2025-02-21
Fantastic_Fig_1057,2025-02-21
clbbrewer,2025-02-21
Felyxorez,2025-02-21
stewie_griffin_hehe,2025-02-21
Creative_Insect8841,2025-02-21
Remarkable-Still8468,2025-02-21
Ok_Chef2322,2025-02-21
Select-Tank9693,2025-02-21
esk726,2025-02-21
BassGlobal6572,2025-02-21
SeesawMuted287,2025-02-21
taarroo,2025-02-21
whiteblackandrainbow,2025-02-21
Ok-League4123,2025-02-21
ThrowRA_Introspect,2025-02-21
ojosazulesdos,2025-02-21
Hij0j0,2025-02-21
hoarduck,2025-02-21
unintelligent_bison,2025-02-21
gohard4lifer,2025-02-21
Sw4ggalici0usTTV,2025-02-21
Hawk2990,2025-02-21
ladyoftheloch_,2025-02-21
jennoreo714,2025-02-21
Alekoo27,2025-02-21
DizzleDagger,2025-02-21
Klondzz,2025-02-21
grafarista,2025-02-21
VirvekRBX,2025-02-21
BellTaco23,2025-02-21
JuneGemini83,2025-02-21
Mangoduck1,2025-02-21
Extension-Ferret585,2025-02-21
OwnCarpet9763,2025-02-21
Head-Interaction-561,2025-02-21
sikimango,2025-02-21
Illustrious_Shop_341,2025-02-22
Ancient-Shoe854,2025-02-22
Metaljay97,2025-02-22
JaRoGonz,2025-02-22
m18anda,2025-02-22
pinkwaterlillies,2025-02-22
not_trevor,2025-02-22
Dragonknight-isgay,2025-02-22
TheOldManClub,2025-02-22
AutomaticHabit4144,2025-02-22
Successful_Boat8025,2025-02-22
RadishOver9030,2025-02-22
jsgarcia_,2025-02-22
FootballArtistic6860,2025-02-22
Throwaway10394939,2025-02-22
nouvelle_tete,2025-02-22
richnessoflife2319,2025-02-22
GnrlPrinciple,2025-02-22
SalFishersFav,2025-02-22
sunugal780,2025-02-22
Friendly-Cattle-7336,2025-02-22
PuddingCrazy707,2025-02-22
lifeofapassenger,2025-02-22
Evening-Principle139,2025-02-22
Ok_Bet_7016,2025-02-22
tygr8947,2025-02-22
No_Bake_8187,2025-02-22
blueren7,2025-02-22
Substantial-Aioli101,2025-02-22
sperry383,2025-02-22
Over_Choice_6096,2025-02-22
Calm_Meat_9485,2025-02-22
blvckhabits,2025-02-22
elane_lostangel,2025-02-22
HomosapienErectus,2025-02-22
ManyBookkeeper7982,2025-02-22
ParsleyWestern5385,2025-02-22
Superb_Natural_1211,2025-02-22
demjinridley,2025-02-22
K1tty_kyat,2025-02-22
Top_Ebb_4640,2025-02-22
Horror_Payment6360,2025-02-22
Material-Adagio-3407,2025-02-22
Wisdom5,2025-02-22
Psychological_Cat521,2025-02-22
wis91,2025-02-22
Witty_Weather3280,2025-02-22
TheUnfortunateAnon,2025-02-22
Careful_Coach_8957,2025-02-22
SockNo8917,2025-02-22
Far-Significance1255,2025-02-22
No-Good-3742,2025-02-22
darkxangel8314,2025-02-22
Sand-Seek,2025-02-22
Grand_Brain_487,2025-02-22
WonderfulHall6572,2025-02-22
californiagamer,2025-02-22
iluvpesoplumaa,2025-02-22
Naive_Extreme4632,2025-02-22
Parking_Particular74,2025-02-22
c4racal,2025-02-22
Ok_crazy_2001,2025-02-22
Smooth_Grab_554,2025-02-22
skaternewt,2025-02-22
BC_Arctic_Fox,2025-02-22
Wake_1988RN,2025-02-22
Vegetable_Service537,2025-02-22
Dizzy-Fee272,2025-02-22
Negative_Airport8897,2025-02-22
_MARA4_,2025-02-22
d1psh1t_mcgee,2025-02-22
CarTrue5776,2025-02-22
Brief_Special_3289,2025-02-22
Fit-Community5365,2025-02-22
cactus203,2025-02-22
Ok_Airline7121,2025-02-22
twohertbrain,2025-02-22
momtomalinois,2025-02-22
Overall_Vehicle_2491,2025-02-22
Nice_Type8423,2025-02-22
Chance_Cantaloupe_73,2025-02-22
Michael_Smith5402,2025-02-22
OP_is_respectable,2025-02-22
Fragrant_Luck7963,2025-02-22
Beautiful-Hamster800,2025-02-22
Berserker_boi,2025-02-22
pinedjagger666,2025-02-22
QuirkyBubble_0825,2025-02-22
No_Quarter_3442,2025-02-22
Dependent_Payment702,2025-02-22
ShwaMallah,2025-02-22
Soup-Mother5709,2025-02-22
mobinalavi,2025-02-22
Ill_Monitor1325,2025-02-22
Few_Pineapple_6504,2025-02-22
Alone_Guest_5686,2025-02-22
ben_the_blaster16,2025-02-22
hippie_k20,2025-02-22
slimthiccqueen,2025-02-22
Outside-Focus-4287,2025-02-22
Smart-Chance-5972,2025-02-22
Mean-Arm4215,2025-02-22
achy_breakie_heart,2025-02-22
No_Signature_3025,2025-02-22
Sad_Chicken3263,2025-02-22
anomnomnonymous_,2025-02-22
ThatWideLife,2025-02-22
Dangerous-Meal-4665,2025-02-22
reddit0_r,2025-02-22
JaKy07,2025-02-22
Stunning-Egg3945,2025-02-22
SadExchange5751,2025-02-22
Zealousideal_Self678,2025-02-22
tubatheist,2025-02-22
Far-Cartographer2577,2025-02-22
thespermwhowon34,2025-02-22
anvdusj,2025-02-22
Big-Possible6610,2025-02-22
Sokagonomato,2025-02-22
Sitkez,2025-02-22
ThatDragonNextDoor,2025-02-22
Antique-Ranger-8149,2025-02-22
PictureNo2046,2025-02-22
-Zireael__,2025-02-22
New_Bowler_9916,2025-02-22
b_-_b,2025-02-22
Hourglasspigeon1988,2025-02-22
SafeComfortable8321,2025-02-22
IT-AI-Lover-XRP,2025-02-22
PalpitationNo6096,2025-02-22
SupermarketGlad1719,2025-02-22
Freakyboi1,2025-02-22
No_Produce5155,2025-02-22
Chance-Elderberry-68,2025-02-22
DirectorDue9510,2025-02-22
Expensive_Swimmer801,2025-02-22
ItzJamTSAA,2025-02-22
Spiritual_Theme854,2025-02-22
silverblossom_,2025-02-22
Kreeeeed,2025-02-22
Low_Account2524,2025-02-22
National-Stick-4082,2025-02-22
caribbeanprincess888,2025-02-22
ayyybayyybayyy,2025-02-22
Tall_latte23,2025-02-22
Creative_Current9350,2025-02-22
Medium-Surround-6962,2025-02-22
cece_crane,2025-02-22
NeonFizzyXD13,2025-02-22
Multiverz_,2025-02-22
kooks_jb,2025-02-22
JadisticTheSadboi,2025-02-22
Economy_Elk_6203,2025-02-22
kittyydotcom,2025-02-22
Electronic_Dust6047,2025-02-22
Bottle_Capz,2025-02-22
GovernmentUpstairs36,2025-02-22
Known-Antelope6241,2025-02-22
Competitive_Yard1539,2025-02-22
Affectionate_Bird217,2025-02-22
General_Flounder_953,2025-02-22
LadyPunkie,2025-02-22
Conscious-Wallaby-62,2025-02-22
Jack_H123,2025-02-22
Opening_Chapter_1188,2025-02-22
Vivid-Building-697,2025-02-22
Competitive-Fun6338,2025-02-22
Crazy_Start3618,2025-02-22
deebo8281,2025-02-22
raymozley,2025-02-23
nbrhd13,2025-02-23
columb1na,2025-02-23
Available-Display794,2025-02-23
Emergency-Mirror2614,2025-02-23
Darkvader428,2025-02-23
Irose21,2025-02-23
Lopsided-Garden-8717,2025-02-23
CityTalker,2025-02-23
SettingZealousideal4,2025-02-23
blue___99,2025-02-23
Nearby-Sentence-2042,2025-02-23
Ok_Opposite_1018,2025-02-23
WavesOfBirds,2025-02-23
GearGroundbreaking54,2025-02-23
Away-Internal-5590,2025-02-23
Best-Math-2252,2025-02-23
BombasticBombay,2025-02-23
tripump,2025-02-23
Fluffy-Low-8641,2025-02-23
NegativeCommunity496,2025-02-23
No-Influence-1101,2025-02-23
FriendshipEast8953,2025-02-23
GLOVEEM,2025-02-23
StillSector4139,2025-02-23
Usual-Comb-5800,2025-02-23
Middle_Confidence_73,2025-02-23
LeadershipRare2280,2025-02-23
Aragami___,2025-02-23
One-Sherbert4670,2025-02-23
SafeRun7779,2025-02-23
Intrepid-Macaroon-36,2025-02-23
No-Counter-995,2025-02-23
PanWafJuga,2025-02-23
Objective-Option-193,2025-02-23
Mad3lines,2025-02-23
jcperezTech,2025-02-23
Over9000mgdL,2025-02-23
ginghambowsinmyhair,2025-02-23
Admirable_Signal1510,2025-02-23
jakefromthestate,2025-02-23
drcrippen,2025-02-23
angrybean29,2025-02-23
Loose_Tone_9529,2025-02-23
AdContent7632,2025-02-23
Content_Spirit_2782,2025-02-23
Outside_Wafer_3074,2025-02-23
Subject-Mushroom3599,2025-02-23
Successful-Aspect952,2025-02-23
Daqper,2025-02-23
Cultural-Skirt2948,2025-02-23
INDIEZNUTS,2025-02-23
lifeisabitch111086,2025-02-23
iMercyyy,2025-02-23
Alternative-Gene8304,2025-02-23
culturadealgibeira,2025-02-23
Historical-Breath837,2025-02-23
GroovyGuy1972,2025-02-23
branstonpickle98,2025-02-23
KoolaidKooler,2025-02-23
boobbay,2025-02-23
BaileyCarlinFanBoy69,2025-02-23
Adventurous_Focus314,2025-02-23
InformalBee5228,2025-02-23
Miha_Ogrinc_,2025-02-23
abdessamadbettal,2025-02-23
Wynnrose,2025-02-23
SpaceImpressive2515,2025-02-23
Strong_Lecture1439,2025-02-23
South_Phrase_9869,2025-02-23
FalkenJoshua,2025-02-23
General_Peak_9031,2025-02-23
fiddlyleaf,2025-02-23
Independent_Ap_3996,2025-02-23
thesleepingdog,2025-02-23
viktrcoim,2025-02-23
Flaky_Balance_5086,2025-02-23
Beautiful_Ice9111,2025-02-23
isabellaisl,2025-02-23
Ambitious-Cold5212,2025-02-23
shireens24,2025-02-23
Grapphie,2025-02-23
smoothest_jazz,2025-02-23
dudiez,2025-02-23
donn_12345678,2025-02-23
Massive-Area6140,2025-02-23
Pr17man,2025-02-23
OkResource3445,2025-02-23
Far_Coach7828,2025-02-23
tuvda,2025-02-23
Practical-Egg-702,2025-02-23
No-Routine1373,2025-02-23
Glass_half_full_2025,2025-02-23
user_anonymou,2025-02-23
Honest_Language4988,2025-02-23
elias_0716,2025-02-23
UVIndigo,2025-02-23
CareerSuccessTips,2025-02-23
pfs175,2025-02-23
Acceptable-Plant6258,2025-02-23
Outside-Wallaby-5766,2025-02-23
hotchikozz,2025-02-23
Hot_Consequence1792,2025-02-23
Slight-Interest-2570,2025-02-23
Zealousideal_Way_569,2025-02-23
jayqcal007,2025-02-23
MaleficentLook2896,2025-02-23
ems456789,2025-02-23
F3RRINO,2025-02-23
Chance_Honey_3993,2025-02-23
Brilliant_Access_918,2025-02-23
niteowlpetite,2025-02-23
NecessaryComplex6632,2025-02-23
sunflower2198,2025-02-23
Due_Response_7822,2025-02-23
ZAGBoi,2025-02-23
Grouchy_Necessary_80,2025-02-23
PassOk6553,2025-02-23
TangerineValuable515,2025-02-23
Trucearproductions,2025-02-23
giving_direction,2025-02-23
Lovely__M,2025-02-23
Conscious_Might9261,2025-02-23
Noor_Omar99,2025-02-23
No_Hearing2873,2025-02-23
Other-Occasion-9981,2025-02-23
corgi1211,2025-02-23
Strict-Ad6039,2025-02-23
th4t1g1rl,2025-02-23
whosmartin,2025-02-23
Traditional-Monk-901,2025-02-23
Used-Let-2446,2025-02-23
Girburrito,2025-02-23
truth_fullly,2025-02-23
anonuser-al,2025-02-23
Silver_Marsupial9626,2025-02-23
Aciduxx,2025-02-23
whatafrigginglegend,2025-02-23
iamanonami,2025-02-23
3ambubbletea,2025-02-23
Quirky-Attitude-2112,2025-02-23
kittenbouquet,2025-02-23
priyam3399,2025-02-23
SlammGrimm,2025-02-23
Dannnnnnnnnnniiiii,2025-02-23
BabyMuch3787,2025-02-23
PotentialTurbulent94,2025-02-24
medicalbillerguru,2025-02-24
Upbeat-Two8759,2025-02-24
Educational-Trash833,2025-02-24
Specialist_Pie_2252,2025-02-24
Head-Kick-3121,2025-02-24
Colejohnson88,2025-02-24
Yazh-u,2025-02-24
gansito9804,2025-02-24
Beyond_Aggravating,2025-02-24
Present-Situation981,2025-02-24
EVProLuxFlo,2025-02-24
Odd-Picture-2376,2025-02-24
domnick05,2025-02-24
i-need-a-user-name-,2025-02-24
masklk,2025-02-24
arrshsh,2025-02-24
sly_sky,2025-02-24
kac-chan,2025-02-24
Objective-Neck9803,2025-02-24
yomommaatp,2025-02-24
unfortunatleyitsme,2025-02-24
Intelligent_Young324,2025-02-24
Throwaway721593,2025-02-24
Miu_Cat,2025-02-24
Respectful-diddler,2025-02-24
GrapefruitSilver6258,2025-02-24
tortiesunite47,2025-02-24
TachanksDisciple,2025-02-24
No_Passion9339,2025-02-24
LlamaArmadillo,2025-02-24
PineTreePerson,2025-02-24
Fancy-Somewhere-3362,2025-02-24
Fabulous_Bluebird931,2025-02-24
Aggravating-Claim-30,2025-02-24
ThrewWay5342,2025-02-24
Hairy_Activity1966,2025-02-24
Efficient-Yam5767,2025-02-24
Soviet_Mistress,2025-02-24
Next_Replacement_982,2025-02-24
IndependentYou3369,2025-02-24
ella-wast,2025-02-24
FaithlessnessTrue354,2025-02-24
Beginning-Future7843,2025-02-24
netsuite_,2025-02-24
Rawd0ll-s,2025-02-24
Sure_Ad_9884,2025-02-24
Main_Possibility_676,2025-02-24
Unlucky_Lie_,2025-02-24
NoGoat8438,2025-02-24
Anxious-Friendship53,2025-02-24
Intelligent_Date7482,2025-02-24
sohotcelebs,2025-02-24
Accurate-Ad3939,2025-02-24
crimson_raider,2025-02-24
homemade__dynamite,2025-02-24
canoninkprinter,2025-02-24
Old_Leg_7970,2025-02-24
Brawlingpanda02,2025-02-24
Dellll1234,2025-02-24
Nanirith,2025-02-24
DefendedZoo9197_,2025-02-24
Thor013332,2025-02-24
samentha_gracilis,2025-02-24
illinoisbarexamtaker,2025-02-24
HazMattRage,2025-02-24
PublicUpper6135,2025-02-24
Altruistic_Sir5888,2025-02-24
Simple_Bath9306,2025-02-24
lovebus,2025-02-24
Nearby_Record_1733,2025-02-24
ThatCatholicTidda,2025-02-24
Any_Ad7701,2025-02-24
Black_Bat24,2025-02-24
sweet_adii,2025-02-24
not_sza,2025-02-24
OneAction8217,2025-02-24
Gianlucaaaaaaaa123,2025-02-24
Embarrassed-Fact-171,2025-02-24
jellyculture,2025-02-24
Long-Fennel7347,2025-02-24
IIIIIIIIIIIIV,2025-02-24
AdvancedAerie4111,2025-02-24
AssistanceOk5183,2025-02-24
44n1ck,2025-02-24
FlatConfusion8966,2025-02-24
ham12356,2025-02-24
Haunting-Set-2784,2025-02-24
Standard-Flow-8057,2025-02-24
NetPredela,2025-02-24
shooting-starfish,2025-02-24
MiddleFill1744,2025-02-24
ColdVermicelli9729,2025-02-24
sportshunter24,2025-02-24
MissMetagross,2025-02-24
Glittering_Half3272,2025-02-24
playblu,2025-02-24
itallmattered_,2025-02-24
sharpshot124,2025-02-24
Wise_Sun_5091,2025-02-24
nelliaca,2025-02-24
yourFatherLeftu,2025-02-24
Throwaway_recipe90,2025-02-24
No_Selection2429,2025-02-24
Dry_Lion5176,2025-02-24
Arimackin,2025-02-24
Ok-Crow-7118,2025-02-24
clump_of_cells_,2025-02-24
Ok-Establishment7986,2025-02-24
daddy-longlegz,2025-02-24
Niah1105,2025-02-24
Designer-Lunch-9995,2025-02-24
Neat-Ganache1026,2025-02-24
TrashApexer,2025-02-24
Dependent_Smell_2850,2025-02-24
Gwyndolin3,2025-02-24
JackieToTheMoon,2025-02-24
Hefty-Ad3241,2025-02-24
Negative_Data_9805,2025-02-24
PresenceLow5988,2025-02-24
Usual-Relationship-2,2025-02-24
AlexanderHawks,2025-02-24
Used_While_447,2025-02-24
DryConcentrate4042,2025-02-24
BassFar6665,2025-02-24
mimozaindy,2025-02-24
Scared_Crow_,2025-02-24
Skibidibidet69,2025-02-24
Few_Relationship_640,2025-02-24
InternalCoconut5161,2025-02-24
RaisedByBooksNTV,2025-02-24
Salt_Dimension_1928,2025-02-24
homewardboundkiwi,2025-02-24
artofdanny1,2025-02-24
Sweet_Philosopher_98,2025-02-24
Defiant-Property-592,2025-02-24
dylan95420,2025-02-24
Wise-Maintenance-512,2025-02-24
haroon199,2025-02-24
h0t-wife,2025-02-24
enidokla,2025-02-24
Individual_Low_5891,2025-02-24
DeitesTrismegistus,2025-02-24
Wild-Raccoon-7569,2025-02-24
nongo1fer,2025-02-24
Upstairs-Biscotti-34,2025-02-24
Altruistic-Army-3384,2025-02-24
Summernights8989,2025-02-24
AngerHours,2025-02-24
MirGHeaT,2025-02-24
BuffMan5,2025-02-24
Correctionalawarness,2025-02-24
thisishereviltwin,2025-02-24
FreshBagels97,2025-02-24
Puzzled-Change375,2025-02-24
DesperateEar8452,2025-02-24
alex76bass,2025-02-24
Late-Site-5209,2025-02-24
LegitimateDoctor6796,2025-02-24
Responsible-Second34,2025-02-24
Few-Airport-79,2025-02-24
Winter_Recover_8125,2025-02-24
forgivingwhoweare,2025-02-24
stars_ink,2025-02-24
Decent_Imagination88,2025-02-24
Square-Juggernaut698,2025-02-24
cannolichronicles_12,2025-02-24
VictoriaNotTheQueen,2025-02-24
plaxypuss,2025-02-24
ewankosayo_,2025-02-24
EquivalentWish5692,2025-02-24
Augustine1754,2025-02-24
Rude-Equivalent4758,2025-02-24
True_Combination_132,2025-02-24
LeftHandStir,2025-02-24
slateeer,2025-02-24
No-Score4625,2025-02-24
AlarmingCup9664,2025-02-24
Geminiofcincy,2025-02-24
goooosseeee,2025-02-24
iosdood,2025-02-24
Dean0mac29,2025-02-24
Little-Breakfast-480,2025-02-24
Striking_Pin_7737,2025-02-24
We1come2thesyst3m,2025-02-24
Basic_Economics_7963,2025-02-24
Lumpy_Line_5227,2025-02-24
debbyhooser,2025-02-24
Quirky_Tower805,2025-02-24
dreamwalker2020,2025-02-24
lemon_bat3968,2025-02-24
gayroma,2025-02-25
Bella_B20,2025-02-25
JanetHavrill9,2025-02-25
dragon-elbow-coal,2025-02-25
Miltenberger656,2025-02-25
CrabRangoon4110,2025-02-25
Distinct_Service_941,2025-02-25
ScarletRunner1995,2025-02-25
Kind_Knowledge4756,2025-02-25
icelandseascape,2025-02-25
anthonyl123,2025-02-25
ProperPrune9418,2025-02-25
Mindless_Spot_7537,2025-02-25
No_Current_8492,2025-02-25
Buckstove74,2025-02-25
Easy-Bar2676,2025-02-25
Beez_Knees13,2025-02-25
nichole847,2025-02-25
luckylilcat4161,2025-02-25
Queasy_Cow4087,2025-02-25
ShortWillingness6245,2025-02-25
Much-Bike9352,2025-02-25
comfycapy,2025-02-25
Dapper_Rutabaga-1115,2025-02-25
Artistic_Force_1338,2025-02-25
MclarenH_MP4-4,2025-02-25
killthestroke,2025-02-25
scdro,2025-02-25
joanklausll,2025-02-25
Ok_Story7479,2025-02-25
PrestigiousPart2186,2025-02-25
Signal-Ad3729,2025-02-25
spooktacularswag,2025-02-25
gardenhamburger,2025-02-25
EatezCa,2025-02-25
Guilty-Street-6849,2025-02-25
Thrillhouse1894,2025-02-25
Ambitious-Meringue37,2025-02-25
Defeatmisery,2025-02-25
Anxious_Butterfly471,2025-02-25
Acceptable-Bit-2456,2025-02-25
Past-Win-7278,2025-02-25
IR30Lover,2025-02-25
Exquisite-MAD,2025-02-25
SOVTHY,2025-02-25
Alternative-Nose8027,2025-02-25
Queasy_Butterfly_863,2025-02-25
Familiar-Low-6565,2025-02-25
Educational_Fold4238,2025-02-25
davidmarkjr97,2025-02-25
Nero_Angelo_1,2025-02-25
Empty_Win_8986,2025-02-25
throwaway19931251,2025-02-25
SuitOwn5579,2025-02-25
lost-key-,2025-02-25
tinkertockerjess,2025-02-25
Select-Ad6469,2025-02-25
Reasonable_Bar_1631,2025-02-25
Fantastic-Error-8226,2025-02-25
Kooky-Phone5259,2025-02-25
Soggy-Structure5722,2025-02-25
fluorescentflamingo,2025-02-25
milothemcdonaldscat,2025-02-25
wydrubz,2025-02-25
Typical-Hawk568,2025-02-25
Flickyflintz,2025-02-25
ComfyWizard,2025-02-25
Ok_Standard5250,2025-02-25
Formal-Sun-5973,2025-02-25
Ok-Method-984,2025-02-25
weedleking19,2025-02-25
random12345678990,2025-02-25
almpr1316,2025-02-25
Cjdj1985,2025-02-25
Living-Mess-1585,2025-02-25
AllOnYou1992,2025-02-25
traps79,2025-02-25
MRJR_,2025-02-25
Ok-Purple-7765,2025-02-25
Sweet_Revenue8641,2025-02-25
Emotional-Rough-7912,2025-02-25
aadhiksaiks,2025-02-25
No_Register837,2025-02-25
bedodu,2025-02-25
Better_Strategy_7857,2025-02-25
Key-Voice2298,2025-02-25
toma855,2025-02-25
Last-Lavishness-54,2025-02-25
Fast_Bullfrog6859,2025-02-25
Single_Island_2631,2025-02-25
Puzzleheaded_Cat7214,2025-02-25
Whole-Dig-1087,2025-02-25
Vventurous,2025-02-25
Art-tist,2025-02-25
Hot-Rip1751,2025-02-25
the_KakashiHatake,2025-02-25
Boring-Ambassador-96,2025-02-25
Woman_in_Bluee,2025-02-25
Overall-Expression36,2025-02-25
SoggyAsparagus4317,2025-02-25
Weird-Palpitation921,2025-02-25
bladedancer661,2025-02-25
Live-Course-9697,2025-02-25
Sebba06,2025-02-25
bbri1991,2025-02-25
FakeSlimShadyy,2025-02-25
justaguywadog,2025-02-25
Round_Resist9273,2025-02-25
Sad-Access-7794,2025-02-25
Fearless-Jelly-3446,2025-02-25
Texas_girl90,2025-02-25
Unhappy_Service640,2025-02-25
lablondeasuperman,2025-02-25
JustWebber16,2025-02-25
Ok-Customer-6097,2025-02-25
Wonderful_Minimum832,2025-02-25
grace7389,2025-02-25
MsLorenzi,2025-02-25
itseemyaccountee,2025-02-25
Dry_Intention_2432,2025-02-25
cocanuts69,2025-02-25
BadAffectionate1760,2025-02-25
PrudentSwordfish2763,2025-02-25
Lawlessflower,2025-02-25
ilove8-bit,2025-02-25
Ok-Broccoli-7672,2025-02-25
Commercial_Funny_73,2025-02-25
Ayyiii,2025-02-25
JobItars,2025-02-25
AbbreviationsBest442,2025-02-25
Eritt2772,2025-02-25
caaraaa,2025-02-25
hollybee18,2025-02-25
Dry_Reporter_45,2025-02-25
BodybuilderOld8520,2025-02-25
seasonofthefish,2025-02-25
Asazel000,2025-02-25
ChanceResponsible535,2025-02-25
Iguess9727,2025-02-25
Fancy-Break-623,2025-02-25
Repulsive_Region_631,2025-02-25
laticia473,2025-02-25
bruhmoment_2,2025-02-25
Original_Gene_8175,2025-02-25
SignificantCarpet925,2025-02-25
Type-so-so-Def,2025-02-25
AutumnAbyss3,2025-02-25
Loud-Lie2284,2025-02-25
wheniflexifeelbest,2025-02-25
EfficientBuy854,2025-02-25
prime_ninth,2025-02-25
PauseHot9049,2025-02-25
iimuffinsaur,2025-02-25
Either_Drama5940,2025-02-25
wraith_majestic,2025-02-25
Pristine_Fishing_407,2025-02-25
SectionTypical4245,2025-02-25
Putrid-Election-4756,2025-02-25
BoogStrong,2025-02-25
SuperCracker980,2025-02-25
ManagementBulky2631,2025-02-25
AdOne7971,2025-02-25
Revolutionary-Ad4114,2025-02-25
districtexpectation,2025-02-25
Young_S1mba,2025-02-25
ThrowRAmental2002,2025-02-25
Responsible-Storm843,2025-02-25
CountryInitial9315,2025-02-25
Fluid-Pipe-2831,2025-02-25
javiore2012,2025-02-25
Littlelittle_12,2025-02-25
Round_Swimmer_6755,2025-02-25
Different-Sort6230,2025-02-25
bees-knees-978,2025-02-25
United-Title-2363,2025-02-25
nikkzter,2025-02-25
piefacepro,2025-02-25
PierreDuegles,2025-02-25
lazylake123,2025-02-25
BandicootSouth8668,2025-02-25
David_Goggind,2025-02-25
theuncharacteristic1,2025-02-25
PleasantTop5098,2025-02-25
TooDomHigh,2025-02-25
GruenesFeld,2025-02-25
sharvaani92,2025-02-25
___SnowWhite,2025-02-25
Significant_Print769,2025-02-25
ThrowRA27262627,2025-02-25
Klutzy_Hand9505,2025-02-25
Tainpe,2025-02-25
Icy_Lettuce_2318,2025-02-25
GroundbreakingYak571,2025-02-25
throwRA_91737,2025-02-25
New_Amount_5591,2025-02-25
Spare_Fox_5651,2025-02-25
jaiawinter,2025-02-25
MccoyismystepDad,2025-02-25
Standard-Elephant365,2025-02-25
praytorr,2025-02-25
MightGuy8Gates,2025-02-25
duckiedahomie,2025-02-25
Infamous-Ant5213,2025-02-25
Acrobatic_Ice7709,2025-02-25
Long_Top2747,2025-02-25
skinnyfatbro1,2025-02-25
ZachMori7,2025-02-25
ash_ryo,2025-02-25
Milkyburger_coolman,2025-02-25
Poptropicanita,2025-02-25
Competitive-End275,2025-02-25
Cantaloupe-Purple,2025-02-25
BlasayDreamer,2025-02-25
Green-Wing9851,2025-02-25
chunkyhedgehoglover,2025-02-25
Eaten_By_Worms,2025-02-25
Lumpy_Education_3404,2025-02-25
Iwillfuaku,2025-02-25
VisualArrival6778,2025-02-25
donkeypunchhh,2025-02-25
Consistent-String393,2025-02-25
delxatty,2025-02-25
WittyCow9933,2025-02-25
Mysterious-Bed6837,2025-02-25
melaberne,2025-02-25
Technical-Fix6597,2025-02-25
Fresh-Hearing2313,2025-02-25
Busy_Self_8390,2025-02-25
AgOll,2025-02-25
Excellent-Payment186,2025-02-25
truetechnicolors,2025-02-25
Crafty-Property-3219,2025-02-25
sweetskully,2025-02-25
patatta1,2025-02-25
Thick-Adeptness-443,2025-02-25
AdDangerous2756,2025-02-25
gay-r-us,2025-02-25
TheComputerVigilante,2025-02-25
Aromatic_Abrocoma523,2025-02-25
Available_Exchange62,2025-02-25
C_C1400,2025-02-25
Present_Objective192,2025-02-25
Lywrith,2025-02-25
Crystalsuave,2025-02-25
Least_Hawk7557,2025-02-25
hudge_Jolden,2025-02-26
Devina-S,2025-02-26
Substantial_Rip_4574,2025-02-26
AppleUser13,2025-02-26
1Feli1,2025-02-26
Separate_Oil4585,2025-02-26
littlegreenshimoda,2025-02-26
Dizzy-Assumption8808,2025-02-26
Trick_Tangerine_834,2025-02-26
Own-Shopping8611,2025-02-26
Downtown_Hanny9709,2025-02-26
AnybodyDifficult1229,2025-02-26
SnooCupcakes4908,2025-02-26
DullNefariousness372,2025-02-26
ComprehensiveEye833,2025-02-26
liftedmk7,2025-02-26
penis4brain,2025-02-26
Distinct_Mix3933,2025-02-26
Individual828,2025-02-26
YankeeJeter,2025-02-26
Left-Recording3768,2025-02-26
F0ur20Memez,2025-02-26
Livid_Lavishness_180,2025-02-26
BLAZEMAN19,2025-02-26
Far_Purpose_2114,2025-02-26
FranToGoHome,2025-02-26
BeautifulPure898,2025-02-26
Chanandler_Bonggg,2025-02-26
ExplosiveDiaryOfJane,2025-02-26
Serious-String1578,2025-02-26
FrameJealous5615,2025-02-26
Non-Taken_Username2,2025-02-26
Ra44fu,2025-02-26
Flat_Employment_7050,2025-02-26
CapableSloth3,2025-02-26
Pretend-Road-3224,2025-02-26
Wh1teCheddarCheezit,2025-02-26
Accomplished_Ad_6359,2025-02-26
literatureandlatte,2025-02-26
OkMeasurement5409,2025-02-26
yvowiim_,2025-02-26
CleanAd9704,2025-02-26
Complete_Cup1533,2025-02-26
icantspeakspanish,2025-02-26
Myfakeaccount90,2025-02-26
Horror-Cicada6288,2025-02-26
Husky0501,2025-02-26
HomeHedgeFund,2025-02-26
artorias3000,2025-02-26
Bigslice1255,2025-02-26
jayarrrre,2025-02-26
CaptainFastPro,2025-02-26
Billia_bimmer,2025-02-26
Terrible_Start_9458,2025-02-26
sjazzsax,2025-02-26
Ambitious_Success_92,2025-02-26
ParticularFee3675,2025-02-26
Small_Code_7708,2025-02-26
JamesBondSr,2025-02-26
KaleidoscopeFine,2025-02-26
trickleSLAWTER,2025-02-26
Worldly-Sort1165,2025-02-26
granolasloot,2025-02-26
Prestigious-Pin5768,2025-02-26
Inside_Morning2884,2025-02-26
tpv113,2025-02-26
jon11-19,2025-02-26
Big_Razzmatazz2578,2025-02-26
__feyd,2025-02-26
beastiefever,2025-02-26
thekamlesh,2025-02-26
Key-Initiative-9164,2025-02-26
Alola_Fortnite,2025-02-26
PiccoloPopular,2025-02-26
Shai-Puraido,2025-02-26
Puzzleheaded-You7026,2025-02-26
ConfidenceCandid,2025-02-26
Affectionate-Cash753,2025-02-26
PinTraditional3974,2025-02-26
Ok_Brilliant_4137,2025-02-26
teenytinyziny,2025-02-26
Lazy_Hurry_7134,2025-02-26
Important_Aerie2559,2025-02-26
dawglover1011,2025-02-26
ketnipz001,2025-02-26
basicreadingbitch,2025-02-26
Background-Year8616,2025-02-26
Such_Appointment6149,2025-02-26
Top-Relationship-206,2025-02-26
cam74746,2025-02-26
SlyAugustine,2025-02-26
zapsterzsf,2025-02-26
mononoaware9597,2025-02-26
Impossible_Gain9957,2025-02-26
Professional_Try_870,2025-02-26
Aug_X_,2025-02-26
CanarySea810,2025-02-26
azanaslam,2025-02-26
MechMishra,2025-02-26
Et1995x,2025-02-26
Chance_Suggestion574,2025-02-26
DMVGirl757,2025-02-26
Traditional-Area-648,2025-02-26
Intention_Think,2025-02-26
br3ndl34,2025-02-26
weavers_403,2025-02-26
Maleficent_Opening72,2025-02-26
AlpsAggressive,2025-02-26
FinanceThink816,2025-02-26
_meetmshah,2025-02-26
AdHaunting2670,2025-02-26
6TenandTheApoc,2025-02-26
CH-ZAIN-512,2025-02-26
Ok_Forever1696,2025-02-26
lolacolashowgirl,2025-02-26
Smart-Asparagus-3010,2025-02-26
robertscollins,2025-02-26
travellingdm,2025-02-26
Standard_Farm_6702,2025-02-26
Ok-Moose-9207,2025-02-26
sovietskia,2025-02-26
skralps,2025-02-26
Original-Error-2389,2025-02-26
Longjumping_Floor760,2025-02-26
Conscious_Clerk_2064,2025-02-26
JustAPerson_6,2025-02-26
alliknowis0,2025-02-26
sandtreebox,2025-02-26
SeveralSeat2176,2025-02-26
Similar_Rooster_4518,2025-02-26
mad_max_mb,2025-02-26
o-vo,2025-02-26
readingJunimo,2025-02-26
Electronic-Hotel6368,2025-02-26
Even_Conference_1106,2025-02-26
Difficult-Radio-8483,2025-02-26
SardineTimeMachine,2025-02-26
MooseEast8624,2025-02-26
Scary_Willow66,2025-02-26
strawberrycakes69,2025-02-26
Outrageous_Jump1265,2025-02-26
CatrorCade,2025-02-26
GateFantastic5115,2025-02-26
snechsupport,2025-02-26
Ejazz9718,2025-02-26
sirron811,2025-02-26
prickity,2025-02-26
zucheenee,2025-02-26
masterofnewts,2025-02-26
anikaaahh,2025-02-26
Sweaty-Bar-8808,2025-02-26
Updownkys,2025-02-26
Complex_Run_6699,2025-02-26
RutabagaBoth7426,2025-02-26
PuzzledArtichoke6527,2025-02-26
Ok_Schedule_12345,2025-02-26
StrengthQuickIV,2025-02-26
Opening-Gap7198,2025-02-26
Grouchy_Weakness4586,2025-02-26
StaySafePovertyGhost,2025-02-26
PastaDreaming702,2025-02-26
Pope_of_Metal,2025-02-26
Funny_Treat_3452,2025-02-26
EstimateVirtual2682,2025-02-26
BaidenFallwind,2025-02-26
Significant_Cap2509,2025-02-26
yesyes1718,2025-02-26
theepi_pillodu,2025-02-26
Somedaydreamer22,2025-02-26
Artistic-Lock-2798,2025-02-26
ThrowRa-pandaaa,2025-02-26
Unique_Team2025,2025-02-26
pisspeet,2025-02-26
WorriedState5048,2025-02-26
AchtungWaschbar,2025-02-26
No-Swimming5564,2025-02-26
FiveCylinderSlap,2025-02-26
Legal_Creme7319,2025-02-26
Majestic-Phone8075,2025-02-26
mithrili,2025-02-26
TheBaa200,2025-02-26
freightlady,2025-02-26
clinilabs,2025-02-26
a3n123,2025-02-26
un_average,2025-02-26
platelabels,2025-02-26
lightsofalaska,2025-02-26
Ok-Berry3082,2025-02-26
Expensive_Mud_7537,2025-02-26
Unable-Cap2752,2025-02-26
MoneyButter,2025-02-26
Ok-Mud-8331,2025-02-26
Houmoupete,2025-02-26
SeebieDeebie,2025-02-26
Yeah_i_suppose,2025-02-26
PinkyPoo_720,2025-02-26
luthiel-the-elf,2025-02-26
ruggerbaby,2025-02-26
MDSHAHJALAL30,2025-02-26
Fluid-Degree-145,2025-02-26
Top-Establishment312,2025-02-26
sydafortis,2025-02-26
Little-Move689,2025-02-26
SSGMoore_Joe,2025-02-26
Penguin_Tamer20,2025-02-26
Relevant-Hope-167,2025-02-26
Key-Constant-47,2025-02-26
Gee_Wiz1225,2025-02-26
AliNotAllie,2025-02-26
Sierrawantstocolor,2025-02-26
EstablishmentLow656,2025-02-26
Opin_,2025-02-26
South-Buy-241,2025-02-26
Games_Are_Hard,2025-02-26
Boricua1288,2025-02-26
JOYFULPOISON,2025-02-26
GimmeCredit_Career,2025-02-26
Least-Law-1473,2025-02-26
statistics_squad,2025-02-26
Old-Communication-41,2025-02-26
Fine_Dog_6599,2025-02-26
sourcandybubblegum,2025-02-26
Faith_Dee23,2025-02-26
StudentFantastic2779,2025-02-26
xenakisface,2025-02-26
BirchGrowthPartners,2025-02-26
dilb123,2025-02-26
ExistingSelection151,2025-02-26
PenguinStar22,2025-02-26
bintbattuta93,2025-02-26
Michael97882,2025-02-26
Suprah_OG,2025-02-26
throwRA1233456677999,2025-02-26
Good_Let5948,2025-02-26
Pink_enthusiastt,2025-02-26
OkFun8827,2025-02-26
AlterEgo0o,2025-02-26
FriendliestNightmare,2025-02-26
lovemcnvb,2025-02-26
B-Amir,2025-02-26
Dense_Crab3953,2025-02-26
BigRez7,2025-02-26
Ahmed_H05,2025-02-26
Key_Sentence4417,2025-02-26
PackageOk8449,2025-02-26
sftolvtosj,2025-02-26
FlimsyRabbit4502,2025-02-26
Mystixsmile_,2025-02-26
JolitoElBambino,2025-02-26
pittoo1,2025-02-26
Dazzling-Prune-5443,2025-02-26
itsaddisonlmao,2025-02-26
Livid-Tax-419,2025-02-26
Pay_Pay1,2025-02-26
Fun-Programmer8432,2025-02-26
Top-Living3262,2025-02-26
geoj88,2025-02-26
OCaptain_Canada,2025-02-26
agentsmooch,2025-02-26
Assassinknife,2025-02-26
idektbhxx,2025-02-26
purna_sai,2025-02-26
doradire96,2025-02-26
Regular_Sun7547,2025-02-26
Background_Cap4326,2025-02-26
tiddertrahi,2025-02-26
Klutzy_Beyond_371,2025-02-26
Traditional-Mail-708,2025-02-27
Lopsided_Finger_8832,2025-02-27
pandilkobebenke,2025-02-27
Distinct-Pop2133,2025-02-27
AggravatingTour5720,2025-02-27
thelastjuicebox_,2025-02-27
klaupunkt,2025-02-27
Lucky-Honey-9922,2025-02-27
Oleksandr_G,2025-02-27
abxrnxrd11,2025-02-27
Free-Beginning-2454,2025-02-27
Mofo013102,2025-02-27
Endotendo,2025-02-27
reddit_87654321,2025-02-27
No_Computer_20,2025-02-27
nitisharav,2025-02-27
Gasai00,2025-02-27
Cautious-Proposal107,2025-02-27
Personal_Aside667,2025-02-27
Economy_Half_8803,2025-02-27
Noonie_Drowner,2025-02-27
10wiwi01,2025-02-27
PHANtom_5289,2025-02-27
prosperouscheat,2025-02-27
chubby-bunny5,2025-02-27
pizzagobbler,2025-02-27
Bibliogato,2025-02-27
East_Disaster_690,2025-02-27
platinumjellyfish,2025-02-27
Tomag720,2025-02-27
throwaway173738282,2025-02-27
DefyingtheOdds101,2025-02-27
larsblue,2025-02-27
bryauk,2025-02-27
Hur-Azad,2025-02-27
Small-Jellyfish-1776,2025-02-27
Jazzlike-Accident-10,2025-02-27
pimple-pop,2025-02-27
Interesting-Cow-6600,2025-02-27
LivinitupDSM,2025-02-27
kas1918,2025-02-27
Typical_Cup_8176,2025-02-27
Ambitious_Captain_72,2025-02-27
TossAway965e,2025-02-27
Neither_Chance9358,2025-02-27
sage_yesitmyname,2025-02-27
i7solar,2025-02-27
lilithbetch,2025-02-27
ShoulderOk7843,2025-02-27
Amy220391,2025-02-27
Beginning-Remove2708,2025-02-27
PackSure3590,2025-02-27
uttermanjack,2025-02-27
AmbitionOk3448,2025-02-27
FunnyCatFan,2025-02-27
Ok_One6016,2025-02-27
Heavy-Pudding2331,2025-02-27
Wes765,2025-02-27
No-Region-1306,2025-02-27
Distinct-Tank6497,2025-02-27
calista_08,2025-02-27
Old_Device2277,2025-02-27
CoraTurner411,2025-02-27
Ilyes2208,2025-02-27
SpiritualYak4436,2025-02-27
Mammoth_Ad5286,2025-02-27
Dangerous_Land_511,2025-02-27
Original_Gear_1655,2025-02-27
ConsciousOfSin,2025-02-27
Thprohanugong,2025-02-27
Eastern-Dog-1292,2025-02-27
Ok-Paramedic-2711,2025-02-27
Odd-Indication-2257,2025-02-27
Scared_Register1720,2025-02-27
twinskel3tons,2025-02-27
NHArts,2025-02-27
Saltandpepperhil,2025-02-27
Optimal_Shower_2026,2025-02-27
Iron-Dance,2025-02-27
Overthinkingzebra,2025-02-27
Rare_Platypus3909,2025-02-27
Much-Bat-4755,2025-02-27
StructureDry2946,2025-02-27
chicken_raver,2025-02-27
LeftBluejay3103,2025-02-27
KonmyC,2025-02-27
RobertEK,2025-02-27
bemy_requiem,2025-02-27
Last-Government-4589,2025-02-27
Murky-Concept-3334,2025-02-27
thisisKitkat,2025-02-27
Silent_Mousse8503,2025-02-27
octoviva,2025-02-27
Pleinairi,2025-02-27
_SnowWhite_1,2025-02-27
Clear_Papaya7319,2025-02-27
Extension_Cress_4961,2025-02-27
Jumpy_Term_1132,2025-02-27
reader20not,2025-02-27
ConfusedKattLady,2025-02-27
moonbeams69,2025-02-27
sHarpvincentvega,2025-02-27
BandagedTheDamage,2025-02-27
Life_Umpire4565,2025-02-27
Unlikely_Article_390,2025-02-27
Smooth-Resolution542,2025-02-27
Asleep-Egg9246,2025-02-27
sikakasi,2025-02-27
Active-Falcon7729,2025-02-27
Dire-Dog,2025-02-27
Tasty-Bee8769,2025-02-27
jac962,2025-02-27
honeymilk-island,2025-02-27
Commercial_Fruit_270,2025-02-27
adi_7777777,2025-02-27
CoolPineapple3231,2025-02-27
digitallyintelligent,2025-02-27
Dry_Physics1564,2025-02-27
Sharp_Arm_2669,2025-02-27
Same_Technician_8790,2025-02-27
United_Strategy1625,2025-02-27
tofusarkey,2025-02-27
Sickdick187,2025-02-27
Impossible-Bad-8782,2025-02-27
Exness_BK,2025-02-27
Striking_Dog_6536,2025-02-27
actualbobbyross,2025-02-27
biggish_papi34,2025-02-27
Clean_Win_8486,2025-02-27
p33n3rbroke6959,2025-02-27
Front-Tune-3820,2025-02-27
Neat_Bathroom139,2025-02-27
NormanQuacks345,2025-02-27
drew_pweiner,2025-02-27
Party-Area9885,2025-02-27
zachiscool7,2025-02-27
ilovecyberia,2025-02-27
JohnnyboiJuggernaut,2025-02-27
OnlyIndependence618,2025-02-27
Mountain_Garlic339,2025-02-27
mrolon28,2025-02-27
Western-Anxiety8901,2025-02-27
Perfect-Kangaroo-767,2025-02-27
SnooMemesjellies2808,2025-02-27
ankammusic,2025-02-27
ravenqueenswarlock,2025-02-27
tesperatedimes,2025-02-27
unknown696911,2025-02-27
Impressive-Till632,2025-02-27
FlakyPoet,2025-02-27
matt0034,2025-02-27
letschat66,2025-02-27
guest_696969,2025-02-27
Conscious-Echo4169,2025-02-27
vk-PrepSmart,2025-02-27
IcyShelter8074,2025-02-27
PlasticDowntown8619,2025-02-27
Andrew4568_,2025-02-27
denk_sir,2025-02-27
nocash667,2025-02-27
BrianGregoire_Era,2025-02-27
RipOk3748,2025-02-27
gittajawb,2025-02-27
Junior_Common_2734,2025-02-27
IllustriousPayment36,2025-02-27
SearchDarjeeling,2025-02-27
me_so_ugly,2025-02-27
blissfulattempt,2025-02-27
OldManJenkins107,2025-02-27
FirePrincess2019,2025-02-27
adam_daniel29,2025-02-27
Conscious-Ice-9616,2025-02-27
Imaginary_world841,2025-02-27
Psychological_Tone21,2025-02-27
june_july_aug,2025-02-27
AffectionateBoat382,2025-02-27
CommunityLeading9739,2025-02-27
Icy_Newspaper9928,2025-02-27
anonyseattle122,2025-02-27
stingrayfishpancake,2025-02-27
dredredee11,2025-02-27
Individual-Raise-944,2025-02-27
Acceptable-Alps-6609,2025-02-27
eimisideros,2025-02-27
Rough-Ad4269,2025-02-27
Odd-Concentrate-316,2025-02-27
n0penotyou,2025-02-27
Scompy,2025-02-27
Anten7296,2025-02-27
Mission-Language8789,2025-02-27
Romcom1398,2025-02-27
No_Magazine_1479,2025-02-27
FunWrap3943,2025-02-27
Dev_John,2025-02-27
RIKMAD37,2025-02-27
pinespplepizza,2025-02-27
itsalilsad,2025-02-27
Informal-Fudge-9016,2025-02-27
Happy-Wish-9698,2025-02-27
Fabulous_Time_8932,2025-02-27
Hudhuddz,2025-02-27
Rats_intheTrash,2025-02-27
v_e_n_k_iiii,2025-02-27
angry_old_dude,2025-02-27
TeN523,2025-02-27
Standard-Display-657,2025-02-27
Cyfoxe,2025-02-27
ashcurr,2025-02-27
DapperSide2686,2025-02-27
yallarenuts1,2025-02-27
stumpyjumpy44,2025-02-27
woodenwire1,2025-02-27
WashedUpChuck,2025-02-27
emorider42,2025-02-27
super___moon,2025-02-27
Pawsandprints43,2025-02-27
Lucky-Refrigerator-7,2025-02-27
Turbulent-Essay7191,2025-02-27
Mysterioape,2025-02-27
Jealous_Sky4220,2025-02-27
Kvitravn875,2025-02-27
Patient-Foot-7501,2025-02-27
Ky032416,2025-02-27
jarrid247,2025-02-27
aafb2021,2025-02-27
Independent-Math-914,2025-02-27
GradeSeperation209,2025-02-27
Moist_Cucumber2,2025-02-27
-_ShadowSJG-_,2025-02-27
Honest-Raccoon-5685,2025-02-27
AntiqueForever7248,2025-02-27
strawberrycapital_,2025-02-27
Juiceboxie0,2025-02-27
canonofdoom,2025-02-27
Istiqama777,2025-02-27
Apart-Zone-6374,2025-02-27
Dramatic_Addendum_79,2025-02-27
Remarkable_Cow2557,2025-02-27
gRin-_-,2025-02-27
No-Explanation6633,2025-02-27
Jakepaulerfan666,2025-02-27
Narrow-Fig3927,2025-02-27
Excellent-Doubt-2803,2025-02-27
SystemExcellent9857,2025-02-27
Familiar_Dirt2735,2025-02-27
Hot_Proposal9976,2025-02-27
ImpressiveRelative4,2025-02-27
Few-Impact6392,2025-02-27
GuruFA5,2025-02-27
aleksandrovsqvist,2025-02-27
GAMEON3347653453,2025-02-27
Mundane-Oil-5751,2025-02-27
Otherwise_Secret_192,2025-02-27
childrenoftheforrest,2025-02-28
SignificantCare2471,2025-02-28
Acrobatic-Airport-46,2025-02-28
generoo2256,2025-02-28
DT_SUDO,2025-02-28
Huddunkachug,2025-02-28
OhDonPiano21,2025-02-28
EveningLawfulness984,2025-02-28
nyancatz210,2025-02-28
Spacesharksimulator,2025-02-28
Obvious-Pudding9358,2025-02-28
Choice-Computer2481,2025-02-28
Alligator_alligater,2025-02-28
Ok-Faithlessness9271,2025-02-28
No-Radio-8507,2025-02-28
launchalibre,2025-02-28
Usual-Hold6263,2025-02-28
Downtown_Chance_7372,2025-02-28
cigarettedd,2025-02-28
Southern_Dark9705,2025-02-28
ChosenAsh304,2025-02-28
ScienceLife1,2025-02-28
kjhauburn,2025-02-28
Ulol323,2025-02-28
moodunstable,2025-02-28
iTilxon,2025-02-28
HL2022XLE,2025-02-28
Dry-Ganache-3267,2025-02-28
Left-Animal1559,2025-02-28
Short_Comparison_328,2025-02-28
xsxphx,2025-02-28
Outrageous-Crab-2895,2025-02-28
FinanceMental3544,2025-02-28
bigoleblankie,2025-02-28
No_Area_494,2025-02-28
ScarcityDifficult882,2025-02-28
Additional_Rice2601,2025-02-28
Affectionate-Bit2448,2025-02-28
thepoopyjuan,2025-02-28
Original-Extent-5218,2025-02-28
Sure-Standard1840,2025-02-28
I_found_the_cure,2025-02-28
Independent_Print_66,2025-02-28
AsleepEmploy2683,2025-02-28
AltruisticNote2543,2025-02-28
Safe-Front-5185,2025-02-28
Olimion,2025-02-28
ShopEquivalent9808,2025-02-28
ImprovementDapper887,2025-02-28
Low_Plate_9198,2025-02-28
Beneficial_Anybody31,2025-02-28
pinkandanxious,2025-02-28
Sudden-Marzipan-331,2025-02-28
Beginning-Factor-466,2025-02-28
ThatStorm9008,2025-02-28
BowlExpensive6956,2025-02-28
Annual_Raisin_2605,2025-02-28
Adiivena,2025-02-28
ApprehensivePlane755,2025-02-28
getawaycarl,2025-02-28
tempuser143269,2025-02-28
walterblacksi,2025-02-28
Crr_reebs,2025-02-28
Objective-Ruin-1791,2025-02-28
Intelligent-Duty5616,2025-02-28
Krati04,2025-02-28
ilovehotoldmen,2025-02-28
Few-Computer923,2025-02-28
Complex_Fudge_9036,2025-02-28
Shoddy-Ad3475,2025-02-28
BashBashH,2025-02-28
ReadMountain3558,2025-02-28
BigMamaLovesMe,2025-02-28
palmadasnelas,2025-02-28
irkedWoman,2025-02-28
Intelligent_Fact2928,2025-02-28
Hot_Candy2395,2025-02-28
Safe-Resolution1629,2025-02-28
No_Hetero,2025-02-28
East-Currency8330,2025-02-28
redrun245,2025-02-28
bezododo,2025-02-28
Optometrist_Prime,2025-02-28
Orange-Sandwich-4204,2025-02-28
Thin-Mousse-133,2025-02-28
darkmist101,2025-02-28
Due-Lavishness5132,2025-02-28
RoleLanky8376,2025-02-28
Aquamarinedove,2025-02-28
DistinguishedMix,2025-02-28
mcr00sterdota,2025-02-28
AlexandarDobrev06,2025-02-28
rocketz0up,2025-02-28
Healthy_Buy_7582,2025-02-28
ExtraDemand2342,2025-02-28
wanderlust_coder,2025-02-28
Good_Firefighter2494,2025-02-28
Substantial-Can2782,2025-02-28
MusingMoonlight,2025-02-28
Ashamed-Carob446,2025-02-28
Kris_1225_,2025-02-28
mrjowei,2025-02-28
Prettydiepie,2025-02-28
Particular_Desk_8380,2025-02-28
PhysicsValuable,2025-02-28
Aware_Feedback_4042,2025-02-28
KyroTheDude,2025-02-28
Dangerous-Branch-274,2025-02-28
white_python97,2025-02-28
zaiyangoku,2025-02-28
KristiSoko,2025-02-28
Street-Event-1540,2025-02-28
clone_me_,2025-02-28
Promoto5601,2025-02-28
Existing-Parsnip5244,2025-02-28
hajima_reddit,2025-02-28
New_Pat80,2025-02-28
alexturnersloverr,2025-02-28
Sad_man4ever,2025-02-28
David_fryier,2025-02-28
Bombaysky,2025-02-28
Careless-Ninja6710,2025-02-28
Numerous-Ad-1225,2025-02-28
lord_bosworth,2025-02-28
macwell111,2025-02-28
IISirRoxyII,2025-02-28
FlamingoExotic,2025-02-28
Active_Chemistry4348,2025-02-28
peopleandher,2025-02-28
demon_wolf191,2025-02-28
riggingofyourribs,2025-02-28
InsightAbe,2025-02-28
Repulsive_Dingo_6037,2025-02-28
Content_Power_6954,2025-02-28
Popular-Spinach-5805,2025-02-28
Specific-Shape-8450,2025-02-28
Hartley7,2025-02-28
sophia_cortezz,2025-02-28
National_Common_8253,2025-02-28
LethalButLegal,2025-02-28
lemmeEAT_yourASS,2025-02-28
Adorable-Fig9175,2025-02-28
Disastrous_Yak8752,2025-02-28
bananananana96,2025-02-28
sunnycrunchies,2025-02-28
Decent-Ruin3443,2025-02-28
HimsLabCreations,2025-02-28
davseb,2025-02-28
Throwawaymyass76,2025-02-28
Real_estate_hunter,2025-02-28
BlxckoutLIVE,2025-02-28
VAtammyc,2025-02-28
BigSearch4407,2025-02-28
Useful-Blueberry4511,2025-02-28
November-666,2025-02-28
Ok-Spinach-5942,2025-02-28
acornedbeefhash,2025-02-28
Main-Ad6150,2025-02-28
Rin_7K,2025-02-28
SpursUp9,2025-02-28
IolantheRose,2025-02-28
Former-Place5484,2025-02-28
Least_Equipment_3660,2025-02-28
Salmonberry_AK,2025-02-28
Different-Might6452,2025-02-28
Top-Mud1703,2025-02-28
Healthy-Ad-973,2025-02-28
Fireblazer02,2025-02-28
Old_Tangerine_683,2025-02-28
Appropriate-Hair-835,2025-02-28
Winter_Parsley8706,2025-02-28
Swimming-Tension7580,2025-02-28
labtech89,2025-02-28
Future-Grapefruit337,2025-02-28
Medium_Bus_5155,2025-02-28
reddy_2606,2025-02-28
Illustrious-Hour6915,2025-02-28
Terrigenous,2025-02-28
seagullbreadloaf,2025-02-28
Dense-Housing-5379,2025-02-28
TroubleNo7679,2025-02-28
National-Biscotti379,2025-02-28
Elijah_201,2025-02-28
hejhejhejj,2025-02-28
Interesting-Data2294,2025-02-28
alwaystakeabanana,2025-02-28
Minimum_Tomato4324,2025-02-28
The_Firmament,2025-02-28
Automatic_Art_7905,2025-02-28
EmilyJennifer1,2025-02-28
No-Parking1241,2025-02-28
NewButterscotch6622,2025-02-28
No-Breadfruit7293,2025-02-28
WorldOfAlshanArt,2025-02-28
Plane_Test_4888,2025-02-28
Armxni333,2025-02-28
Niddhhaayyy,2025-02-28
ohkdubs,2025-02-28
ktvgfx,2025-02-28
julianna884,2025-02-28
Ok_Dragonfruit5469,2025-02-28
Cautious-Speaker-796,2025-02-28
AnnualSkirt9921,2025-02-28
soysaucepackets,2025-02-28
Cruzyz,2025-02-28
OhIvan,2025-02-28
sopdux,2025-02-28
Visual_Pitch_372,2025-02-28
Radabard,2025-02-28
PizzaGod707,2025-02-28
lanieex3,2025-02-28
CillMinecraftandCube,2025-02-28
venrouge98,2025-02-28
GearVegetable1732,2025-02-28
RazzleDazzle409,2025-02-28
Particular_Hat_1756,2025-02-28
Sushienjoyer1488,2025-02-28
Inevitable-Change698,2025-02-28
Critical_Farmer_3636,2025-02-28
No-Description-5908,2025-02-28
Necessary-Pudding-16,2025-02-28
grapezg59,2025-03-01
SignificantHeight585,2025-03-01
Safe_Artichoke1113,2025-03-01
marh_mar,2025-03-01
Ok_Ad7790,2025-03-01
Ordinary_Milk_7007,2025-03-01
WeirdExperience7,2025-03-01
buickregalgs18,2025-03-01
Ok-Pressure3775,2025-03-01
SnooRecipes8204,2025-03-01
Jordiyn,2025-03-01
NurseDTCM,2025-03-01
UpstairsDear9357,2025-03-01
Questioningselfie,2025-03-01
Suspicious_Shoe7797,2025-03-01
UnitedKey3255,2025-03-01
doritolover4555,2025-03-01
STARDUSTBabes,2025-03-01
Aggravating-Box-7319,2025-03-01
EasyPerformer612,2025-03-01
cinnamorollthrowaway,2025-03-01
Super_Albatross_6283,2025-03-01
Healthy-Independent6,2025-03-01
narcanine,2025-03-01
notmyfuckingproblemh,2025-03-01
Which_Escape_2776,2025-03-01
Hot_Technology_3745,2025-03-01
33Clutch,2025-03-01
NonchalantCheetah,2025-03-01
supersonicx01,2025-03-01
wehavetogoback8,2025-03-01
EveningStructure7135,2025-03-01
Aggravating-Radio216,2025-03-01
Financial_Arm_7364,2025-03-01
TacoqueenREEE,2025-03-01
taopiocapearls,2025-03-01
Opposite-Spare8637,2025-03-01
FairyQueen007,2025-03-01
Hour-Author5235,2025-03-01
AnxiousPlum2019,2025-03-01
Extreme-Fun-8509,2025-03-01
Infinite_Cover6436,2025-03-01
TheFantasticMissFox,2025-03-01
PLACEMENTMUMBAI,2025-03-01
yung_jester,2025-03-01
Putrid_Money_9221,2025-03-01
Accomplished-Mud279,2025-03-01
Prize-Ear7118,2025-03-01
Stock-Shirt4264,2025-03-01
Henona,2025-03-01
Stock-Butterfly-5836,2025-03-01
Agreeable_Winter_131,2025-03-01
meowhao98,2025-03-01
HotChiTea,2025-03-01
LingonberryFar5596,2025-03-01
Complete-Success-372,2025-03-01
Jolly_Compote_118,2025-03-01
Fair-Morning-4182,2025-03-01
Hallyue,2025-03-01
zzykikay,2025-03-01
Wondering_Fairy,2025-03-01
jesse_victoria,2025-03-01
scaredycunt,2025-03-01
Admirable-Hat-5746,2025-03-01
Few_Function_930,2025-03-01
Educational_Toe_1927,2025-03-01
Reasonable-Emu-1839,2025-03-01
Individual-Answer102,2025-03-01
buoy776990,2025-03-01
Negative_Resist6605,2025-03-01
No-Original4673,2025-03-01
EbbTechnical1304,2025-03-01
PlentyThin4300,2025-03-01
SharePrestigious5139,2025-03-01
Ugabugager,2025-03-01
Stunning-Will-6703,2025-03-01
dustbawl,2025-03-01
Dry-Grapefruit-1677,2025-03-01
Hoovy_Bird8,2025-03-01
Positive_Yak_5553,2025-03-01
villematic_,2025-03-01
AgreeableAd305,2025-03-01
ApophisRises,2025-03-01
bjsilver83,2025-03-01
RecoveringRocketeer,2025-03-01
nam-joonie,2025-03-01
SeptimiusSeverus_,2025-03-01
CaptainBlitz,2025-03-01
amycr7,2025-03-01
lmendozaz9,2025-03-01
No_Violinist8510,2025-03-01
Helpful-Moment1694,2025-03-01
Organic_Account_1462,2025-03-01
HentaiUwu_6969,2025-03-01
Ok-Jaguar-2637,2025-03-01
Abd415,2025-03-01
criticalfishx,2025-03-01
Late_Negotiation_364,2025-03-01
CharacterBoth1271,2025-03-01
Prudent-Depth-2009,2025-03-01
Omaruto17,2025-03-01
Nikaelena,2025-03-01
Exotic-Rain1917,2025-03-01
superwholockland,2025-03-01
Left-Young5187,2025-03-01
ForsakenCorgi5573,2025-03-01
manischaotic,2025-03-01
berkun5,2025-03-01
randmguyonreddit,2025-03-01
Proper_Commercial_16,2025-03-01
Dinuu_,2025-03-01
CoupleNo9660,2025-03-01
Luligilt,2025-03-01
Alarmed_Bowl2736,2025-03-01
Background_Pie8790,2025-03-01
bubbledish7,2025-03-01
Existing-Page8116,2025-03-01
Reasonable-Effect632,2025-03-01
botunjett,2025-03-01
Content_Link_2084,2025-03-01
Same-Project-7731,2025-03-01
ConferenceMobile7453,2025-03-01
turtleoil707,2025-03-01
teethcollector1,2025-03-01
Top_Procedure_3322,2025-03-01
AnitaMoorKatz,2025-03-01
electro-shock-01,2025-03-01
smcc25,2025-03-01
-_-_-0,2025-03-01
Potential_Moment_829,2025-03-01
Mountain-Bandicoot61,2025-03-01
askingquestions815,2025-03-01
Possible_Muffin_1443,2025-03-01
Express-Internal-564,2025-03-01
Responsible_Gear8943,2025-03-02
ehell_,2025-03-02
Tinkerbelltoes12,2025-03-02
SeekingAlpha0625,2025-03-02
Complex_Year5879,2025-03-02
NeitherVariation7196,2025-03-02
Majestic-Text-6152,2025-03-02
9W_777_300,2025-03-02
Jehcyrus,2025-03-02
Sad-Thanks1726,2025-03-02
bromygod203,2025-03-02
NoCalligrapher7023,2025-03-02
Plenty_Tangerine79,2025-03-02
AntiqueSupermarket19,2025-03-02
FishingKey53,2025-03-02
Certain-Test-668,2025-03-02
lebronpr27,2025-03-02
pinkglitt3rz,2025-03-02
International_Peak15,2025-03-02
LingonberrySuch8557,2025-03-02
aseirx,2025-03-02
Necessary_Spare7876,2025-03-02
Big_sad_cook,2025-03-02
Panda11Mendhak,2025-03-02
Former-Dragonfruit91,2025-03-02
AdvancedInfluence867,2025-03-02
Fast_Recording9069,2025-03-02
Chef_Syndicate,2025-03-02
Western_Work_6937,2025-03-02
DipsyyDaisyyy,2025-03-02
hopeless-but-strong,2025-03-02
RoutineJuice7906,2025-03-02
WaterlooDlaw,2025-03-02
Shovon2021,2025-03-02
savemylife001,2025-03-02
Intelligent_Honey629,2025-03-02
NorthPractical5078,2025-03-02
Vegetable_Echo2676,2025-03-02
_Joberoo,2025-03-02
LONEWOLF_1209,2025-03-02
ThatDesigner_12,2025-03-02
ImadMustafa,2025-03-02
SherbetContent3168,2025-03-02
PerspectiveNovel5414,2025-03-02
Diligent-Duty1798,2025-03-02
OneLaw6647,2025-03-02
drugtlex,2025-03-02
jamesandlily_forever,2025-03-02
Iloveguitars123,2025-03-02
aiexxea,2025-03-02
PuzzleheadedCrew4541,2025-03-02
Ok-Breakfast-8194,2025-03-02
Snoo-94850,2025-03-02
Super_Dot_8436,2025-03-02
xcomegetsomex,2025-03-02
RubReasonable5827,2025-03-02
octopusgarden000,2025-03-02
Feeling_Job_7883,2025-03-02
SyrupBackground160,2025-03-02
Accomplished-Dish142,2025-03-02
Educational-Tank-531,2025-03-02
Cautious_Category140,2025-03-02
Long_Teaching1810,2025-03-02
Original-Crab-6209,2025-03-02
Dependent-Sort-5625,2025-03-02
ExchangeWorking4460,2025-03-02
tkDon,2025-03-02
alien_from_unami,2025-03-02
SnooDrawings7983,2025-03-02
jamjam71,2025-03-02
Money_Football_2559,2025-03-02
Bulky_Tale_9202,2025-03-02
No_Wear_5981,2025-03-02
1sach,2025-03-02
lil_fein16,2025-03-02
ctlvr_007,2025-03-02
tinawilliams2,2025-03-02
Both-Discount7051,2025-03-02
Honest-Cake69,2025-03-02
No_Athlete_3894,2025-03-02
TallBarracuda,2025-03-02
SuccessfulButton5856,2025-03-02
mooongrl,2025-03-02
murg91,2025-03-02
hurter11,2025-03-02
LogWild9072,2025-03-02
GroundbreakingOnion8,2025-03-02
Melonioe,2025-03-02
Alert-Lie4521,2025-03-02
Decent-Check-277,2025-03-02
seeker_helper1,2025-03-02
Cool-Ad-3878,2025-03-02
Fearless_Ad_7415,2025-03-02
travelfoodandlife,2025-03-02
MaterialGwirlpwrr,2025-03-02
Mymindisanenigma__,2025-03-02
the21stcenturtmystic,2025-03-02
ExaminationRoutine89,2025-03-02
Life-Lengthiness9494,2025-03-02
DoctorReferred,2025-03-02
Competitive-Jury5224,2025-03-02
Android21WithaGun,2025-03-02
deviouscommenter,2025-03-02
Xaroan,2025-03-02
Serious_Result55,2025-03-02
DhaMein,2025-03-02
Boiledshark,2025-03-02
Acceptable_Fix_731,2025-03-02
Own_Shopping1162,2025-03-02
Illustrious_Carrot43,2025-03-02
ryuga_420,2025-03-02
Physical-Ostrich-952,2025-03-02
Ubiquitous_Hilarity,2025-03-02
Witty-Jellyfish1367,2025-03-02
twiggy572,2025-03-02
Reasonable_Sky_2630,2025-03-02
i-hate-it-heree,2025-03-02
Express_Cod_1086,2025-03-02
Appropriate_Spend910,2025-03-02
potato_shell,2025-03-02
NutsInCider,2025-03-02
Top_Owl_5190,2025-03-02
venom4466,2025-03-02
Sufficient_Degree_41,2025-03-02
rkat81,2025-03-02
daniyal-khan2,2025-03-02
MarkOnKarma,2025-03-02
MHMabrito,2025-03-02
Southern_Attitude641,2025-03-02
idkwhyimherethoooo,2025-03-02
No_Aub_15,2025-03-02
jonthegoat69,2025-03-02
sooneome,2025-03-02
Low_Flamingo5424,2025-03-02
Numerous_Culture_232,2025-03-02
Kooky-Sale4127,2025-03-02
Even-Night-3826,2025-03-02
rawrgrrwk,2025-03-02
Mysterious-Cat101,2025-03-02
Syandene49,2025-03-02
Kooky_Title_9161,2025-03-02
Wise-Class-9195,2025-03-02
Gamerbroyt_,2025-03-02
karthakil,2025-03-02
Acceptable-Menu-7625,2025-03-02
Conscious-Pin-4381,2025-03-02
faithnfury,2025-03-02
OrganizationBusy3733,2025-03-02
Few-Initiative-7382,2025-03-02
Mysterious-Lie-2185,2025-03-02
Far_College_5738,2025-03-02
NoaArakawa,2025-03-02
sidney0107,2025-03-02
yelloh-berry,2025-03-02
Baal_Hashmal_Effect7,2025-03-02
happyjazzycook,2025-03-02
colorpulse6,2025-03-02
Easy_Potato_4404,2025-03-02
Rainbows-1999,2025-03-02
Thick-Comparison6327,2025-03-02
Belle_Poppet_o_O,2025-03-02
EqualInfluence4847,2025-03-02
WhaleDix,2025-03-02
Financial_Extent_923,2025-03-02
Strong_Breadfruit299,2025-03-02
Rodzlucas7,2025-03-02
OkMeasurement1421,2025-03-02
Striking_Natural_548,2025-03-02
Scary_Version7547,2025-03-02
Ok_Cover_3879,2025-03-02
thoughtwarrior,2025-03-02
leelookitty,2025-03-02
EagleVegetable7180,2025-03-02
Gogatye,2025-03-02
PeelinGrapes,2025-03-02
Pure_Replacement_736,2025-03-02
DramaticLife_,2025-03-02
kingAgee,2025-03-02
Icy-Structure7982,2025-03-02
ganbarubykurosawa,2025-03-02
No-Ad3911,2025-03-02
analog-suspect,2025-03-02
Outrageous_Carry_222,2025-03-02
Rootsyl,2025-03-02
Downtown-Vegetable25,2025-03-02
No_Cat6539,2025-03-02
swb95,2025-03-02
Witty-Fun-1185,2025-03-02
wisetex,2025-03-02
Immediate-Dentist642,2025-03-02
j----c,2025-03-02
chelsea583,2025-03-02
HazelRoseBlue,2025-03-03
Jciesla,2025-03-03
Via-mae,2025-03-03
Jeet_uni,2025-03-03
Cherrylime164,2025-03-03
Longjumping_Cat_1386,2025-03-03
Effective_Slide_7121,2025-03-03
alaa_idi_9491,2025-03-03
PotentiallyDone,2025-03-03
Electric_sheep1984_6,2025-03-03
zackeir,2025-03-03
qccoung,2025-03-03
LongPrimary1281,2025-03-03
Willing-Kangaroo-925,2025-03-03
vixodin_2,2025-03-03
No_Marsupial_8906,2025-03-03
RottenGage,2025-03-03
Fair_Echidna396,2025-03-03
Wonderful_Hamster933,2025-03-03
Don_Keedic6,2025-03-03
soft-life_blackgirl,2025-03-03
Enelli23,2025-03-03
princessbiccy,2025-03-03
rein_jun,2025-03-03
According-Habit4051,2025-03-03
12khz08034,2025-03-03
Interesting-Soup5920,2025-03-03
IllHeight2077,2025-03-03
Tqmbeamer,2025-03-03
DaisyLynn2,2025-03-03
WildMangoz,2025-03-03
No-Astronaut-3594,2025-03-03
Several-Swimmer-6959,2025-03-03
stacycmc,2025-03-03
saieesh10,2025-03-03
cxttagecake,2025-03-03
sir_capal0t,2025-03-03
No-Stay1605,2025-03-03
North-Title494,2025-03-03
Ok_Lychee_444,2025-03-03
Top-Trifle-744,2025-03-03
jemmah4,2025-03-03
WigwamScallywag,2025-03-03
Ken_kid_789,2025-03-03
soph2_7,2025-03-03
Puzzled-Roof-5332,2025-03-03
Icy-Finance4165,2025-03-03
Cute-Mobile-1869,2025-03-03
pettycapybara,2025-03-03
Large_Proposal5661,2025-03-03
Weary-Difficulty-631,2025-03-03
NoTeach7227,2025-03-03
DietEuphoric5899,2025-03-03
unimpressd9,2025-03-03
Drip8,2025-03-03
Emergency-Gap7653,2025-03-03
ApprehensivePiece349,2025-03-03
Visible_Marketing_41,2025-03-03
SureManIGuess,2025-03-03
pixelatedbrains,2025-03-03
Angel_baby777777,2025-03-03
_grounded_gamer,2025-03-03
Fun_Albatross_6966,2025-03-03
Ok_Usual9610,2025-03-03
Frequent-Anxiety-477,2025-03-03
Loyal_Butt_Toucher,2025-03-03
IdeaSprout22,2025-03-03
TheHumbleServnt,2025-03-03
undeads_soul13,2025-03-03
wolvermir,2025-03-03
blebinavent,2025-03-03
TechnicianAny3251,2025-03-03
Fun-Target2081,2025-03-03
Inevitable-Camel-633,2025-03-03
Simple_Inside_2602,2025-03-03
Unlikely_anti_hero,2025-03-03
Illustrious_Ninja164,2025-03-03
Special-Row-9158,2025-03-03
Classic_Profile_891,2025-03-03
mikeywaveoven,2025-03-03
Feeling-Emotion-213,2025-03-03
Cherryladyy01,2025-03-03
urdreamgurll,2025-03-03
enkikiwi,2025-03-03
SuspiciousAd6920,2025-03-03
MobileFinding924,2025-03-03
Difficult_Nectarine8,2025-03-03
ssong98,2025-03-03
OkContribution5230,2025-03-03
flexinpo,2025-03-03
OkCampaign6536,2025-03-03
Crystal_Soul1,2025-03-03
StrangePomegranate,2025-03-03
No-Spinach-3265,2025-03-03
ciaobellomioo,2025-03-03
MrWhiteflame,2025-03-03
Ok-Guarantee6427,2025-03-03
artitani_31,2025-03-03
InvestigatorJaded616,2025-03-03
WorthChart7028,2025-03-03
StatusKey8562,2025-03-03
Specialist_Heron_421,2025-03-03
WarriGodswill,2025-03-03
No_Fish8119,2025-03-03
No_Introduction3650,2025-03-03
Electronic-You340,2025-03-03
Proof-Vacation-437,2025-03-03
BENdz43,2025-03-03
Relevant-Joke-6330,2025-03-03
Original_Use8125,2025-03-03
Money-Scheme-811,2025-03-03
afreenishh,2025-03-03
tinkering_chef,2025-03-03
Sad_Character5875,2025-03-03
Same_Blackberry_1048,2025-03-03
Holiday-Trade9642,2025-03-03
Classic-Minute7292,2025-03-03
c_hainzsw,2025-03-03
patootie_cutie_,2025-03-03
al8k,2025-03-03
alex_vvard3n,2025-03-03
sad420throwaway666,2025-03-03
Deci3ve,2025-03-03
Davidlamin,2025-03-03
HakaishinRyui,2025-03-03
LivingSome2472,2025-03-03
MyNameIssPapa,2025-03-03
ProdChunkkz,2025-03-03
Silly-Box6593,2025-03-03
samanthavernn,2025-03-03
abdrsx,2025-03-03
Boring_Dish_7306,2025-03-03
Film_Fotographer,2025-03-03
PassageExotic6692,2025-03-03
orikoh,2025-03-03
Proud-Commission-494,2025-03-03
Ill-Cream-3016,2025-03-03
heywhowhenwhat,2025-03-03
coherentsoup,2025-03-03
Reasonable-Dog-5360,2025-03-03
National_Tip216,2025-03-03
Bigdstars187,2025-03-03
Gentrificity,2025-03-03
InevitableKitchen725,2025-03-03
Dippersnoot,2025-03-03
WitnessFit7893,2025-03-03
PsychologicalLake351,2025-03-03
Old_Virus1971,2025-03-03
cloverrrhq,2025-03-03
Gold_Grape_2830,2025-03-03
loathe_enjoyer,2025-03-03
Illustrious-Try-5398,2025-03-03
Advance-Bulky,2025-03-03
Caitables,2025-03-03
Mobile_Ad_217,2025-03-03
Sea_Seaworthiness_68,2025-03-03
Advanced_Pie_1328,2025-03-03
Waste-Specialist6340,2025-03-03
Humble_Bumblebee6216,2025-03-03
samcqn,2025-03-03
unholy_child_17,2025-03-03
Brohits,2025-03-03
DA-Alistair,2025-03-03
UpDaffodilYours,2025-03-03
No_Upstairs_1732,2025-03-03
Fellfinwe_,2025-03-03
Severe_Yam_9911,2025-03-03
BeardiusMaximus7,2025-03-03
Neat-Environment-730,2025-03-03
qwertyerty7,2025-03-03
cityslicker_,2025-03-03
Ari_Hudson96,2025-03-03
IBRAHIMIZIZ,2025-03-03
Peooplet,2025-03-03
AlarmingReason2392,2025-03-03
SirElemAy,2025-03-03
Agreeable-Chef9579,2025-03-03
Ok-Extreme2994,2025-03-03
apassingturtle,2025-03-03
chitoguerrero,2025-03-03
Substantial_Hat_3756,2025-03-03
Tedrag,2025-03-03
Favthequeen,2025-03-03
sumpyori,2025-03-03
Azaamat,2025-03-03
Monocle_Gentlesir,2025-03-03
Cacophony_sucks69,2025-03-03
Str0nglyW0rded,2025-03-03
Confident_Editor2335,2025-03-03
P0Ok13,2025-03-03
Xwiay,2025-03-03
lilaustio,2025-03-03
Live-Sale-3125,2025-03-03
Intelligent_Lemon_66,2025-03-03
sysadminsavage,2025-03-03
Obvious-Tea1417,2025-03-03
wallflowr94,2025-03-03
Front-Net6097,2025-03-03
Sea-Composer-6499,2025-03-03
KeyCommand7015,2025-03-03
Potential-Order123,2025-03-03
EfficientEntrance829,2025-03-03
ButteryBruh,2025-03-03
Previous-Sink-347,2025-03-03
Square-Priority-4246,2025-03-03
Secretotaku711,2025-03-03
venky23,2025-03-03
Illustrious-Win-5739,2025-03-03
dirty_chainrings,2025-03-03
Electronic-Most1348,2025-03-03
lovejack83,2025-03-03
LibrarianNo8704,2025-03-03
Mukundhan01010,2025-03-03
Countrylover72,2025-03-03
Successful_Golf6271,2025-03-03
Toxic-M0nK3,2025-03-03
Agitated-Principle37,2025-03-03
No_Ganache2414,2025-03-03
Tasty-Deer-5636,2025-03-03
Indecision0,2025-03-03
Mrahktheone,2025-03-03
jgomez1991,2025-03-03
HundredSeasons,2025-03-03
Theeventualmaybe,2025-03-03
trt09,2025-03-03
lil_skull268,2025-03-03
Humble-Team-4063,2025-03-03
endiigo4,2025-03-03
Necessary_Way9219,2025-03-03
mskm19,2025-03-03
tonsi-y7awel,2025-03-03
Imaginary-Pumpkin806,2025-03-03
TheWoundsOfTime,2025-03-03
BudgetEfficient6843,2025-03-03
StargateRunescape,2025-03-03
pamuk52,2025-03-03
spacemoses00,2025-03-03
nitin9elnino,2025-03-03
Polarity68,2025-03-03
Responsible-Coast164,2025-03-03
widowerorphan,2025-03-03
ShortSpinach5484,2025-03-03
PepeTacticool,2025-03-03
Careful_Froyo_6597,2025-03-03
Beautiful_Speed6990,2025-03-03
Amazing-Yam5565,2025-03-03
Existential_Crisis27,2025-03-03
gryffindork1014,2025-03-03
Pounse,2025-03-03
Several_Yam7146,2025-03-03
Pristine-Ball6899,2025-03-03
ReyofSunlight,2025-03-03
Upbeat_Attitude_2812,2025-03-03
Comfortable-Bug-5070,2025-03-03
Lumpy-Preference_,2025-03-03
Successful-Pace7334,2025-03-03
Wise-Amount3638,2025-03-03
dduancha,2025-03-03
BasedGodKebab,2025-03-03
IcyYogurtcloset4691,2025-03-03
throwaway_just_once,2025-03-03
Glittering-Nail748,2025-03-03
WindBackground309,2025-03-03
programmer_bro,2025-03-03
No-Square4923,2025-03-03
weebknight00,2025-03-03
Ill-Grand-6925,2025-03-03
Beneficial-Fudge-890,2025-03-03
Sohu07,2025-03-03
King_Divyansh,2025-03-03
Miserable_Hippo_4754,2025-03-03
Chiara699,2025-03-03
FlatwormDangerous426,2025-03-03
boobentley,2025-03-03
Gaffgaff123,2025-03-03
No-Conflict5729,2025-03-03
fuckoff29,2025-03-03
TheAgreeableWorker,2025-03-03
ConDog211,2025-03-03
Ambitious_Maximum810,2025-03-03
AntBrilliant7404,2025-03-03
Comprehensive-Cup688,2025-03-03
silvermoons13,2025-03-03
HzDre,2025-03-03
MammothPear9591,2025-03-03
jsayno,2025-03-03
Silly_Scientist_007,2025-03-03
_Lightning-McQueen_,2025-03-03
SpicyPenguin15,2025-03-03
Solar76_,2025-03-03
Charming_Hair9600,2025-03-03
d-burg-307,2025-03-03
Possible_Half7431,2025-03-03
social_thinker,2025-03-03
Sea_Opportunity3884,2025-03-03
valeriamolina_,2025-03-03
Educational_Office77,2025-03-03
Adorable-Opposite-75,2025-03-03
BigJim9000,2025-03-03
Ok-Dance-1051,2025-03-03
Arsenal103809,2025-03-03
Chris40004,2025-03-03
congresssucks,2025-03-03
TruckExotic4095,2025-03-03
Comprehensive_West_4,2025-03-03
No_Dingo4715,2025-03-03
Silent_Survey308,2025-03-03
Mutant0401,2025-03-03
Decent-Ambassador982,2025-03-03
Stunning_Guard_1739,2025-03-03
Fair_Road8843,2025-03-03
LaborersPOV,2025-03-03
Guilty_Log1573,2025-03-03
Tiny_Metal1866,2025-03-03
LSN990,2025-03-03
jamie_mapile,2025-03-03
remoteworkspain,2025-03-03
Unhappy_Egg_8275,2025-03-03
Quiet-Tears,2025-03-03
Physical-Alfalfa-506,2025-03-03
3pychmak,2025-03-03
determinedhottie,2025-03-03
Alicedoll02,2025-03-03
3n20character5,2025-03-03
DeadlyArtistry,2025-03-03
Lufias2801,2025-03-03
vedhead,2025-03-03
GhostWolf2048,2025-03-03
DesperateTip9649,2025-03-03
Pika577,2025-03-03
Melodic-Ganache-9079,2025-03-03
I_Am_Beyonce_Always2,2025-03-03
iheartunibrows,2025-03-03
maybackmuzic,2025-03-03
siisskkahh,2025-03-03
DetailWise2460,2025-03-03
Catcatcatcatcat101,2025-03-03
Extreme_Register9414,2025-03-03
persie_baby,2025-03-03
rmetcalf65,2025-03-03
ChiquitaMaria10,2025-03-03
Not-a-YTfan-anymore1,2025-03-03
mathewimprovedtt,2025-03-03
SpiciiYams,2025-03-03
Sufficient-System963,2025-03-03
SensitiveMath,2025-03-03
ADC_Klix,2025-03-03
NaiveInsurance5722,2025-03-03
Objective-Study-5226,2025-03-03
ChanceOverSkill,2025-03-03
Dialecticdoggy,2025-03-03
Kindly_Assumption385,2025-03-03
Queenbri273,2025-03-04
CreamFun1527,2025-03-04
UnfairPresentation32,2025-03-04
Hobbitsliketoparty,2025-03-04
CurrentComparison876,2025-03-04
coffee_tea_sympathy,2025-03-04
ToxicBabe69,2025-03-04
domo_jomo,2025-03-04
MjMotta,2025-03-04
FailedCSGrad,2025-03-04
Relative_Scene9724,2025-03-04
jankywo,2025-03-04
roflwaffle666,2025-03-04
Newmomma-ave,2025-03-04
Creepy-Kangaroo-3266,2025-03-04
kara_junction,2025-03-04
Apprehensive_Lime609,2025-03-04
buzzlightbears,2025-03-04
RelativeTypical8180,2025-03-04
Representative_Ad221,2025-03-04
jd152102,2025-03-04
hittheslopes,2025-03-04
Ok-Repair9262,2025-03-04
United-Smoke8631,2025-03-04
Southern-Software652,2025-03-04
AdIll1818,2025-03-04
strawberryish67,2025-03-04
Dapper_Silver_7511,2025-03-04
Ok-Independent2918,2025-03-04
_almodovar072591,2025-03-04
SapphireRu61267,2025-03-04
NotBatman56,2025-03-04
lp23456680376,2025-03-04
Dr_King_Gizzard,2025-03-04
Hot-Negotiation-8656,2025-03-04
f0ck-r3ddit,2025-03-04
Sad-Combination2975,2025-03-04
Successful-Diver-276,2025-03-04
coffee_now_plz_asap,2025-03-04
Disastrous_Pie9783,2025-03-04
MarinersSanguine,2025-03-04
Putrid_Translator247,2025-03-04
shmamugan,2025-03-04
ImpressiveSock9643,2025-03-04
Competitive-Sky8012,2025-03-04
ThrowRA88798,2025-03-04
Certain_Map_4658,2025-03-04
IllustriousBug7317,2025-03-04
MrTipK,2025-03-04
Commercial-Sale-2737,2025-03-04
Routine-Education572,2025-03-04
billyblankshere,2025-03-04
Icy_Swan_1029,2025-03-04
LostBoysOnce,2025-03-04
TNALTX,2025-03-04
jekkleart,2025-03-04
Old-Champion-3138,2025-03-04
Responsible_Music_81,2025-03-04
JacquiD2019,2025-03-04
AttentionMinute0,2025-03-04
Tasty-Willingness839,2025-03-04
No-Wrongdoer-4654,2025-03-04
BountyHunter1438,2025-03-04
TastyChemistry3019,2025-03-04
Melodic-Fall-5666,2025-03-04
Mackenzie9779,2025-03-04
Drums420,2025-03-04
BadDoodlerThe8756th,2025-03-04
CampInternational642,2025-03-04
mdxgaz,2025-03-04
2zxin_,2025-03-04
Adorable_Focus2020,2025-03-04
defKlass,2025-03-04
DryAssist2037,2025-03-04
jabberwockyy_,2025-03-04
Sensitive-Sky-8861,2025-03-04
kdestroyer1,2025-03-04
ZealousidealSet3134,2025-03-04
Important-Drawer-934,2025-03-04
Alarming-Young1026,2025-03-04
Mysterious-Ad8123,2025-03-04
EducationalAge5262,2025-03-04
mrsthrowawahy,2025-03-04
vicecarloans,2025-03-04
TheOutli3R,2025-03-04
Ok-Breakfast889,2025-03-04
BoriquaMan,2025-03-04
jonporkchop,2025-03-04
reveriesxx,2025-03-04
Standard-Educator643,2025-03-04
Professional-Tip3029,2025-03-04
Remarkable-War7864,2025-03-04
Gentix79,2025-03-04
CareerStrategistpz,2025-03-04
IngenuityOk6679,2025-03-04
frit0ess,2025-03-04
FabulousPride189,2025-03-04
HeWhoHoldsTheSword_,2025-03-04
One-Beach1583,2025-03-04
Aggravating-Force253,2025-03-04
Old_Fix_4505,2025-03-04
Responsible_Show862,2025-03-04
Upbeat_Ocelot_7920,2025-03-04
Secret_Primary7771,2025-03-04
BigDongSuk,2025-03-04
gottastaypositive101,2025-03-04
NEJSJSJSKSA,2025-03-04
whiskey20002,2025-03-04
loddy71,2025-03-04
Nightsanta45,2025-03-04
rague_frost,2025-03-04
Expensive_Swing5262,2025-03-04
Strawbbs_smoothie,2025-03-04
Ok-Potential-740,2025-03-04
chilli191,2025-03-04
vapor_slutt,2025-03-04
Technical_Steak9481,2025-03-04
Fantastic_Baker8430,2025-03-04
Swampgyrl,2025-03-04
phlopfrog,2025-03-04
Serious-Lime3079,2025-03-04
vlane4,2025-03-04
Mjsasmihttobas,2025-03-04
CalchasX,2025-03-04
kayleaeadh,2025-03-04
adagioforaliens,2025-03-04
canireallychange,2025-03-04
critical4mindz,2025-03-04
Responsible_Law_1797,2025-03-04
Annual-Scallion1,2025-03-04
AfraidChampionship88,2025-03-04
Key_Boysenberry_8660,2025-03-04
MightCharacter1918,2025-03-04
Perfect-ThrowawayAcc,2025-03-04
sextFucking57,2025-03-04
eddy_crab,2025-03-04
Honest_Basket_5949,2025-03-04
TheFrozenDojo,2025-03-04
Chromgrats,2025-03-04
Basic-Season1584,2025-03-04
Melodic_Ad6299,2025-03-04
SnooWoofers7510,2025-03-04
Sudden-Poem-1039,2025-03-04
Longjumping_Tie3017,2025-03-04
xfeetpicsx,2025-03-04
notnowkittenwhisk,2025-03-04
Simple-Jury5497,2025-03-04
ChampionshipFit4962,2025-03-04
DreamLoose3442,2025-03-04
Sad_Article_9552,2025-03-04
Fantastic-Tax-9632,2025-03-04
Bagheaven,2025-03-04
Refov,2025-03-04
Broken-Babe-2002,2025-03-04
losingitquickly21,2025-03-04
JessTheBorkNork,2025-03-04
Normal_Comfort_5847,2025-03-04
Worried-Mountain4495,2025-03-04
urinejael23,2025-03-04
No-Equipment5090,2025-03-04
Great01raj,2025-03-04
Infinite_Bicycle6898,2025-03-04
One-Jump-8278,2025-03-04
AccurateAd5618,2025-03-04
Choice-Pop-5958,2025-03-04
Delicious_Rice4661,2025-03-04
bluefloweravenue,2025-03-04
Capital_Seaweed,2025-03-04
TXBootsMexRoot,2025-03-04
eightkthuds,2025-03-04
Flopolopagus,2025-03-04
CartographerLow246,2025-03-04
EmbarrassedTreat98,2025-03-04
One-Good-4260,2025-03-04
Firm_Bluebird_322,2025-03-04
R3dsh0es,2025-03-04
No-Tonight1517,2025-03-04
Xaliante,2025-03-04
itsme33366,2025-03-04
FandomRandomQ,2025-03-04
Remarkable-Fox1877,2025-03-04
ReginaWho,2025-03-04
aceshades,2025-03-04
Reemaobaid_,2025-03-04
sonofwar1711,2025-03-04
Alarming_Disaster_29,2025-03-04
NotEmptyHeaded,2025-03-04
Ok_Dare_7447,2025-03-04
Flowhard,2025-03-04
beepbopbupbeep,2025-03-04
Aggressive-Desk1463,2025-03-04
Musicmonkey2025,2025-03-04
sweatie12,2025-03-04
singernomadic,2025-03-04
Rented_Wizard,2025-03-04
ammockjo,2025-03-04
XadiaStar,2025-03-04
ForwardAverage5573,2025-03-04
Hot-Hovercraft6667,2025-03-04
honeybuttertoastx,2025-03-04
Recent_Quiet_4318,2025-03-04
mafike1,2025-03-04
Your_faves_girl,2025-03-04
Dry-Butterscotch-630,2025-03-04
CollectionComplex861,2025-03-04
bro132,2025-03-04
TimePath8945,2025-03-04
Over-Dish6765,2025-03-04
azulveryblanco,2025-03-04
Double_Wing_1344,2025-03-04
lovvveeeeeeeeee,2025-03-04
LandscapeCareful3485,2025-03-04
Lonely-Piccolo-7586,2025-03-04
AlternativeLucky7438,2025-03-04
Pokemans_96,2025-03-04
CuteBreakfast3586,2025-03-04
Beneficial-Zombie551,2025-03-04
Important_Term7137,2025-03-04
Remarkable-Mud-2280,2025-03-04
dearly_lane,2025-03-04
Wqrped,2025-03-04
Mobile_Ad1891,2025-03-04
jamesster445,2025-03-04
Sufficient-Catch-157,2025-03-04
SafeNumerous,2025-03-04
Anonymous_Recruiter,2025-03-04
SnooGoats5767,2025-03-04
Biigdoog102603,2025-03-04
AccomplishedRide9442,2025-03-04
HistorianSorry2122,2025-03-04
Ok_Grapefruit547,2025-03-04
naughty_explorer1,2025-03-04
jaymistryreddit,2025-03-04
turdliving,2025-03-04
relojwave,2025-03-04
Top_Affect_1006,2025-03-04
MathematicianFirst64,2025-03-04
TipProfessional880,2025-03-04
astronova34,2025-03-04
ColdExtreme3459,2025-03-04
stlcardfan715,2025-03-04
bsestore,2025-03-04
Pristine-Profit6648,2025-03-04
MrThrowaway551,2025-03-04
sam-dog,2025-03-04
Emotional_Zombie5228,2025-03-04
Calm_Management4190,2025-03-04
lilLadynRed,2025-03-04
QuietOk1291,2025-03-04
AdPast663,2025-03-04
tealeyes778,2025-03-04
Big-Wolverine-6238,2025-03-04
Brit_SB,2025-03-04
Different_Garage5058,2025-03-04
LongTimeLurker818,2025-03-04
Fluffy-Smoke-2650,2025-03-04
DearParticular7031,2025-03-04
Top-Writing9905,2025-03-04
_Brynhildr_,2025-03-04
Unlucky-Laugh2690,2025-03-04
Weary_Instance_8341,2025-03-04
Lauren_tattoo,2025-03-04
nspw1,2025-03-04
Financial-Metal6454,2025-03-04
Excellent_Raisin9794,2025-03-04
DiscountClear5294,2025-03-04
ruby_1996,2025-03-04
ObviousEffect1681,2025-03-04
Emergency-Zebra9019,2025-03-04
LowInternet9877,2025-03-04
Apprehensive_Land283,2025-03-04
No-Helicopter-7833,2025-03-04
Unusual-Problem7063,2025-03-04
leapinglionz,2025-03-04
toocomplicatetheeasy,2025-03-04
Cooolguurl,2025-03-04
Ashamed_Singer2917,2025-03-04
SheetsResume,2025-03-04
makinishi_KINO,2025-03-04
mlepnotized,2025-03-04
Maximum_North6931,2025-03-04
a_bee85,2025-03-04
davidmorson2,2025-03-04
0MN1POT3NCE,2025-03-04
SunLess8626,2025-03-04
Adventurous-Fan-3529,2025-03-04
scoliosis_seagull99,2025-03-04
Main-Childhood-685,2025-03-04
ThoughtFew1339,2025-03-04
spanko-dz,2025-03-04
steve_the_barberian,2025-03-04
JohnWall101,2025-03-04
FalconAdvanced3187,2025-03-04
Hamiltonfan25,2025-03-04
Classic_Caramel_4258,2025-03-04
Automatic_Bluebird_3,2025-03-04
OnceAnAverageGeek,2025-03-04
OneOffice1935,2025-03-04
AgilePosition211,2025-03-04
Unable-File-2264,2025-03-04
Quiet-Curve1449,2025-03-04
tagster420,2025-03-04
Khymbisdak,2025-03-04
Special-Ratio-1207,2025-03-04
Simply_fanboy01,2025-03-04
og_dde,2025-03-04
kabonbonkabobon,2025-03-04
Fit_Lengthiness6686,2025-03-04
Emergency_Limit3557,2025-03-04
sufjanfan90,2025-03-04
Used_Eggplant9725,2025-03-04
Scoopydragon,2025-03-04
Ok_One_9144,2025-03-04
lynnconspicuous,2025-03-04
Historical-Kitchen76,2025-03-04
Low_Breakfast_2302,2025-03-04
Cheap-Boysenberry,2025-03-04
danirose77,2025-03-04
Professional_Bag3713,2025-03-04
Sufficient-Rush7030,2025-03-05
Junior_Shape_8430,2025-03-05
GreatInformation2933,2025-03-05
honeyyoumistauburn,2025-03-05
Shoddy_Sky9012,2025-03-05
Sea-South-4209,2025-03-05
beccab1062,2025-03-05
Bubbly_Warthog_680,2025-03-05
Jealous_Peach_6921,2025-03-05
Business_Rip9941,2025-03-05
Onelove641,2025-03-05
Sudden-Emphasis6759,2025-03-05
Hot-Debt-2188,2025-03-05
madeininternet666,2025-03-05
Various-Egg-8477,2025-03-05
SaltTop5683,2025-03-05
Slow_Combination7229,2025-03-05
nocap_tiger,2025-03-05
Charming_Honeydew_84,2025-03-05
Real-Drawer7710,2025-03-05
zqxiv,2025-03-05
kissmyblackasssss,2025-03-05
MChrispy,2025-03-05
Fine-Helicopter2589,2025-03-05
ChocolatePuzzled1533,2025-03-05
Acceptable_Yam_5231,2025-03-05
notthatguy844,2025-03-05
jackcopen,2025-03-05
xoxomarxoxo,2025-03-05
Professional-Oven227,2025-03-05
HippoSufficient8608,2025-03-05
Intelligent_Object55,2025-03-05
girlmamaest2019,2025-03-05
VehicleOk5045,2025-03-05
Yeahy_,2025-03-05
Sydney_R_2005,2025-03-05
ArthurIVX,2025-03-05
Own_Conclusion_3180,2025-03-05
InterestingForm9276,2025-03-05
bongoperator69,2025-03-05
RedFoxx999,2025-03-05
mimikth,2025-03-05
Metallicussy,2025-03-05
Beelzebubbz,2025-03-05
saucetubh,2025-03-05
Internal-Cookie-3918,2025-03-05
Hi-its-just-meee1,2025-03-05
No-Mechanic-2748,2025-03-05
msbaeseungwan0727,2025-03-05
xsektor,2025-03-05
Rude-Vehicle8914,2025-03-05
Parth_131221,2025-03-05
monipai18,2025-03-05
anxietyisntsobad,2025-03-05
Intelligent-Baker743,2025-03-05
MONSTER_MAHAM0,2025-03-05
Fudgemonkey125,2025-03-05
Important-Tap-5902,2025-03-05
Odd_Assumption_5553,2025-03-05
BiteComfortable1554,2025-03-05
Popular_Patient7502,2025-03-05
Ok-Quarter-2386,2025-03-05
Impossible-Ticket662,2025-03-05
Aamirlhr,2025-03-05
Remote_Policy5854,2025-03-05
Popular_Horror_2054,2025-03-05
Ok_Childhood_7567,2025-03-05
Substantial_Offer153,2025-03-05
yokeemo,2025-03-05
FeatureSad8801,2025-03-05
44loko,2025-03-05
villainoust,2025-03-05
SilentRecruiter,2025-03-05
mistergryaznib,2025-03-05
JPRmdbk,2025-03-05
JD3420,2025-03-05
Unable_Bat_5057,2025-03-05
trujeezy4O2,2025-03-05
Past_Boysenberry_664,2025-03-05
Otherwise-Reply5227,2025-03-05
Antique-Contest3324,2025-03-05
mvsr990,2025-03-05
AssociationKlutzy182,2025-03-05
Dry_Guide_909,2025-03-05
Aimshows,2025-03-05
IllustriousFoot2343,2025-03-05
Ornery_Departure_272,2025-03-05
Strict_Collection_59,2025-03-05
ConsistentGanache549,2025-03-05
coolguywannabe13,2025-03-05
No-Potential-7769,2025-03-05
Aggravating_Edge8838,2025-03-05
LomaStorm,2025-03-05
talixxo,2025-03-05
Tetlow_,2025-03-05
mojojojo00712,2025-03-05
Successful_Common730,2025-03-05
No_West4067,2025-03-05
PureEthan_,2025-03-05
Beneficial-Shelter-9,2025-03-05
Longjumping_Friend17,2025-03-05
Rolot_Tiam,2025-03-05
Most_Audience_8105,2025-03-05
Dismal-Childhood6184,2025-03-05
Murky_Comfort709,2025-03-05
jbigos01,2025-03-05
PlanktonDramatic4421,2025-03-05
Starhazenstuff,2025-03-05
TherealOG03,2025-03-05
Fuck_cindrella,2025-03-05
Odd-Enthusiasm6244,2025-03-05
CLUTCH_SID,2025-03-05
Soon_flower,2025-03-05
Emp6422,2025-03-05
Elvenstien,2025-03-05
Mysterious-Policy193,2025-03-05
formysaiquestions,2025-03-05
Mundane_List_2492,2025-03-05
Mr_robot_2001,2025-03-05
TrickyInjury2,2025-03-05
Gl00ser23,2025-03-05
STaRBulgaria,2025-03-05
No-Lingonberry9130,2025-03-05
Jaib06,2025-03-05
BoobsSuckerAssFucker,2025-03-05
Potential_Lie2302,2025-03-05
commonerkev,2025-03-05
Hello-Zuko_Here,2025-03-05
Southern-Leg-6402,2025-03-05
Busy-Neighborhood-67,2025-03-05
angel1na44,2025-03-05
Joepe1256,2025-03-05
cesreal_,2025-03-05
GlitteringSky9754,2025-03-05
Jaded_Battle_9444,2025-03-05
Objective-Fox7193,2025-03-05
Significant_Toe1323,2025-03-05
Working_Sentence1610,2025-03-05
DifficultPath7964,2025-03-05
mcxgd4,2025-03-05
SherryThompson43,2025-03-05
BrainFrezze04,2025-03-05
Acceptable_Rip7006,2025-03-05
TieBeginning1771,2025-03-05
smokeeeee,2025-03-05
tugb0ats,2025-03-05
Fun-Dig7951,2025-03-05
Obvious-Stock4874,2025-03-05
shetookmetojared,2025-03-05
SerenitySeeker0202,2025-03-05
Melo_Magical_Girl,2025-03-05
No-Rhubarb7530,2025-03-05
No_Battle_4128,2025-03-05
Alcelarua,2025-03-05
kotikrishna2585,2025-03-05
meow_meow1609,2025-03-05
Accurate_Let5479,2025-03-05
Big_Neat_3711,2025-03-05
cantITright,2025-03-05
Sea-Law6752,2025-03-05
Western_Ad2275,2025-03-05
cnj131313,2025-03-05
ThinTechnology5880,2025-03-05
jordanbelfort34,2025-03-05
WorldlyMarket7070,2025-03-05
No-Procedure-8669,2025-03-05
Creepy_General_6726,2025-03-05
blargg2000,2025-03-05
Plenty_Silver_384,2025-03-05
Dizzy-Force-6729,2025-03-05
Humble-Nobody-0,2025-03-05
Seemlystoner,2025-03-05
austkaine,2025-03-05
ferysin234,2025-03-05
Top_Needleworker_822,2025-03-05
loconachosupreme,2025-03-05
Clear-Application905,2025-03-05
Spray_Soft,2025-03-05
livingdeadteen,2025-03-05
Loreleirose2,2025-03-05
nimpreessed,2025-03-05
throwawayyyyy2738,2025-03-05
Successful-Extent260,2025-03-05
Nerd3212,2025-03-05
Victory-laps,2025-03-05
WubWub_Wizard,2025-03-05
Dismal-Block-6023,2025-03-05
Candid-Two8606,2025-03-05
69DigBick420,2025-03-05
Serious-Sand-8355,2025-03-05
mottenmund,2025-03-05
Mxzebraxdude,2025-03-05
Complete-Bicycle3956,2025-03-05
InterestingEgg9424,2025-03-05
Frosty-Welder8465,2025-03-05
thenamzmonty,2025-03-05
Original_Cricket_223,2025-03-05
Overall-Sun-7372,2025-03-05
Adorable-Brick118,2025-03-05
wsanders94,2025-03-05
craftheal,2025-03-05
rosevanille,2025-03-05
war_prayer,2025-03-05
ReplacementFlashy622,2025-03-05
Alive_Government_374,2025-03-05
Local_Alternative964,2025-03-05
EndyRu,2025-03-05
Cherrryboberrry3421,2025-03-05
ta37493162947251,2025-03-05
Familiar_Effect9136,2025-03-05
AsleepSeries2349,2025-03-05
colchesterkid,2025-03-05
BuyTimely7091,2025-03-05
ilovebeansoo,2025-03-05
ZanDraR,2025-03-05
EnvironmentFar6501,2025-03-05
UnlimitedRed,2025-03-05
Lonely-Ship-5540,2025-03-05
Persona3israd,2025-03-05
Unfair-Razzmatazz-36,2025-03-05
PikachuThug,2025-03-05
cammyquartz,2025-03-05
WillingBoard6654,2025-03-05
Western_Carpenter986,2025-03-05
Dramatic-Rich-4014,2025-03-05
bearcatsfan32,2025-03-05
Ellodon9400,2025-03-05
Diligent-Raisin-568,2025-03-05
akky_93,2025-03-05
Any_Cranberry_4599,2025-03-05
Nicole_M13,2025-03-05
1morning1coffee,2025-03-05
Comfortable-Word7737,2025-03-05
moximari,2025-03-05
chiefbeef0318,2025-03-05
supermoked,2025-03-05
HumanVoltage,2025-03-05
Popular-Report9147,2025-03-05
bigpunkeethead13,2025-03-05
VividPeanut990,2025-03-05
GobySlick,2025-03-05
jeshotr,2025-03-05
MrSpud314,2025-03-05
RhubarbSelect745,2025-03-05
Rude_Independence730,2025-03-05
Skeletor2858,2025-03-05
travqtt,2025-03-05
Anxious_Sharkies,2025-03-05
sleepynurs,2025-03-05
Ok-Entrepreneur8754,2025-03-05
funmighthold,2025-03-05
Select-Equipment8001,2025-03-05
Wanluhkygai,2025-03-05
Ok-Lychee-7279,2025-03-05
Curiouswriter1324,2025-03-05
rickydovakin,2025-03-05
Civil-Summer8139,2025-03-05
Wonderful-Shake8363,2025-03-05
Zestyclose_Ride_4201,2025-03-05
Fabled09,2025-03-06
Logical-Weekend-8073,2025-03-06
pretty_pimpin,2025-03-06
InternetUser-007,2025-03-06
Realistic-Campaign85,2025-03-06
Kirtii_,2025-03-06
elatedearthling,2025-03-06
Efficient_Force_8110,2025-03-06
Odd_Complaint4907,2025-03-06
Silly_End_182,2025-03-06
OSL98,2025-03-06
TenetThread,2025-03-06
Majestic_Baker_5571,2025-03-06
5hampoo,2025-03-06
beaconAndeggs434,2025-03-06
greenspacegalaxy,2025-03-06
Yohelppppp,2025-03-06
Northeast18,2025-03-06
No-Fox-2591,2025-03-06
VictorKhan1230,2025-03-06
Common-Pitch5136,2025-03-06
Gullible-Attitude-96,2025-03-06
Salty-Ad1015,2025-03-06
nahebdudbwnlaondbd,2025-03-06
Round_Accident_2082,2025-03-06
Moonshyne_1017,2025-03-06
texasspecial1992,2025-03-06
Adelinemars,2025-03-06
Aggressive-Motor-821,2025-03-06
Acrobatic-Job5647,2025-03-06
RoverTiger,2025-03-06
ano-ny-mouse-qwerty,2025-03-06
Emergency-Leek-1121,2025-03-06
Ham_of_the_king,2025-03-06
frnend1,2025-03-06
Mariposa322,2025-03-06
Throwmeaway_8097,2025-03-06
Otherwise_Rich_5899,2025-03-06
lalachella,2025-03-06
I_ceyU,2025-03-06
Thorns,2025-03-06
Silly_Ramen,2025-03-06
butterednoodle16,2025-03-06
JournalistOk7755,2025-03-06
DjSynthzilla,2025-03-06
Personal_Watch_8906,2025-03-06
Comfortable-Salty,2025-03-06
Individual-Stop305,2025-03-06
couture2004,2025-03-06
surfingonmars,2025-03-06
OrdinaryDoctor,2025-03-06
shaq_nr,2025-03-06
undercovr321,2025-03-06
throwawayyy77789,2025-03-06
Sea-Trick-6003,2025-03-06
Hour_Rhubarb_3979,2025-03-06
judykingkong,2025-03-06
Slow_Course2802,2025-03-06
Confident_Impress261,2025-03-06
nonamenancyfuckoff,2025-03-06
usualsuspect23,2025-03-06
mustachedmarauder,2025-03-06
Additional_Pipe_8898,2025-03-06
Allgasnomids,2025-03-06
Goovyy,2025-03-06
ExperienceCreative10,2025-03-06
Intrepid_Industry283,2025-03-06
Glum-Assumption8,2025-03-06
Lynnielovesluka,2025-03-06
bettyburritos,2025-03-06
chemicallocha05,2025-03-06
Awake_The_Sheep,2025-03-06
Impressive-Cry-6230,2025-03-06
aprilemery59,2025-03-06
RX-178-mark-ll,2025-03-06
S4VI0RR,2025-03-06
3003x,2025-03-06
IntrepidKnowledge728,2025-03-06
OldAnteater5026,2025-03-06
HealthyLiberal72,2025-03-06
Goodcake102,2025-03-06
palakpaneer70,2025-03-06
hedjjd2000,2025-03-06
WashEmergency3828,2025-03-06
Actual-Hat4123,2025-03-06
wildpumpkin13,2025-03-06
Enough_Ice_3228,2025-03-06
Aggravating-Field204,2025-03-06
Difficult_Ad_3127,2025-03-06
OddOwl4028,2025-03-06
sunbearqt,2025-03-06
ImpressiveCampaign39,2025-03-06
lukedelray,2025-03-06
Mysterious_Affect563,2025-03-06
Obvious-Dare-3735,2025-03-06
Subiebewbies,2025-03-06
foreignbycarti,2025-03-06
lonelywitMJ13,2025-03-06
snap_vladchkx,2025-03-06
Akiru_Fan1986,2025-03-06
YouMelodic7664,2025-03-06
1sassykatt,2025-03-06
Ask_bout_PaterNoster,2025-03-06
Few-Office6782,2025-03-06
JoblessNClueless,2025-03-06
Efficient-Name-8958,2025-03-06
Deidredd,2025-03-06
Electrical-Spend716,2025-03-06
mmmoneypls,2025-03-06
Cap_Tsubasa2025,2025-03-06
DullMaintenance9812,2025-03-06
throwa_w_a_yAcC,2025-03-06
Designer-Two4059,2025-03-06
ajithnairj,2025-03-06
Winter_Penalty_5105,2025-03-06
WriterSalty470,2025-03-06
Witty_Gate1192,2025-03-06
Straight-Addendum-97,2025-03-06
lokkker96,2025-03-06
Sunshine61313,2025-03-06
27butterflyhardtrack,2025-03-06
CapitalHumor4814,2025-03-06
Ric119,2025-03-06
Vast-Bell-9447,2025-03-06
Halflightendlight,2025-03-06
Airbusa3,2025-03-06
WassmaWaffle,2025-03-06
sigheu,2025-03-06
PEPPERONI_TITTIES,2025-03-06
karrotdunncold,2025-03-06
heffy228,2025-03-06
Numerous_Ebb_2820,2025-03-06
HappyInvestor01,2025-03-06
No_Combination565,2025-03-06
nayneks,2025-03-06
Winter-Lab2803,2025-03-06
www_m,2025-03-06
RockerRebecca24,2025-03-06
hammam362,2025-03-06
Worried-Wrangler4555,2025-03-06
griffmcdonald,2025-03-06
PrestigiousCheek4477,2025-03-06
Bubbly-Lead-3691,2025-03-06
Sudden-Ad-7098,2025-03-06
alicat0818,2025-03-06
dkassirer,2025-03-06
MarsJupiter13,2025-03-06
Own_Flan7305,2025-03-06
kozica123,2025-03-06
Reasonable-Pair-2560,2025-03-06
Relevant-Slip1156,2025-03-06
sroa90,2025-03-06
PositiveTradition730,2025-03-06
Nostyke,2025-03-06
Minute-Ad3455,2025-03-06
PookyBearAuntie,2025-03-06
Amysgig100,2025-03-06
Interesting-Trick672,2025-03-06
suplex_surya,2025-03-06
pastelpie101,2025-03-06
WhiteHoneypot,2025-03-06
Be-ur-best-self,2025-03-06
Weary_Arrival_9667,2025-03-06
Responsible_Buy3847,2025-03-06
Nintendo_Pro_03,2025-03-06
Some_Cellist3056,2025-03-06
AntarcticConvoy,2025-03-06
jksaa,2025-03-06
Thin_Gas_9005,2025-03-06
Radiant-Link-5502,2025-03-06
jarofmar,2025-03-06
AlinardoX,2025-03-06
SuspiciousBee7495,2025-03-06
catjesty,2025-03-06
realme32,2025-03-06
styx-reddits,2025-03-06
Educational-Show-435,2025-03-06
SmallMacaron1224,2025-03-06
Osnoozu,2025-03-06
Novel_Instruction838,2025-03-06
Weird-Watch-7291,2025-03-06
charming_quarks,2025-03-06
Wonderful-Link-3937,2025-03-06
MentalNewspaper2091,2025-03-06
Subject-Revolution-3,2025-03-06
Light-2900,2025-03-06
Pure_Introduction55,2025-03-06
AdeptAvocado2321,2025-03-06
Acrobatic_Catch9745,2025-03-06
Imaginary_Emotion876,2025-03-06
Such-Cabinet-6831,2025-03-06
Aggressive-Ad-7578,2025-03-06
Thin-Ad1985,2025-03-06
No_Campaign_534,2025-03-06
Mammoth-Bat-8678,2025-03-06
Dry_Kaleidoscope_165,2025-03-06
Immediate-Ad-828,2025-03-06
ReplacementDull67,2025-03-06
Mysterious_Bread_170,2025-03-06
Visible_Serve9410,2025-03-06
Creepy_Priority_9040,2025-03-06
gaelthegal,2025-03-06
Commercial_Tune6333,2025-03-06
Defiant_Lie_659,2025-03-06
sausagerollsister,2025-03-06
YamFar9669,2025-03-06
dunne15,2025-03-06
CS_Throwaway2000,2025-03-06
Financial-Novel7287,2025-03-06
ProfessionalError963,2025-03-06
hoodbabyyoda,2025-03-06
FheraistinvclesabRpk,2025-03-06
Forsaken-Lab5631,2025-03-06
GrantedJet298,2025-03-06
Slow-Software6583,2025-03-06
chtshop,2025-03-06
OkIncome2856,2025-03-06
BodieDuncan,2025-03-06
GenZPerspective,2025-03-06
Hokoku4,2025-03-06
Ok-Contact-1408,2025-03-06
Dazzling_Ad5409,2025-03-06
Interstate82,2025-03-06
Sea_Accountant5162,2025-03-06
Safe_Balance_5401,2025-03-06
cyclops7723,2025-03-06
Sorry-Rain-1311,2025-03-06
Sad_Conference8973,2025-03-06
Amazing_Paramedic169,2025-03-06
Happy_Student9999,2025-03-06
Lottie-98,2025-03-06
Hit-by-a-pitch,2025-03-06
Employmi_video_jobs,2025-03-06
Odd_Pea_9913,2025-03-06
Scandinavianbeibe,2025-03-06
Tricky-Lavishness-83,2025-03-06
Ok_Revolution5279,2025-03-06
thisthrowawayfor2day,2025-03-06
Upper-Damage-9086,2025-03-06
Specialist_Ad6226,2025-03-06
stardustandpixels,2025-03-06
Mediocre-Path-9212,2025-03-06
Fantastic-Problem562,2025-03-06
Alert-Storage-2735,2025-03-06
eternalthrowaway7,2025-03-07
MiddleAd9157,2025-03-07
Mediocre_Fact_4195,2025-03-07
CustomerNaive3098,2025-03-07
CartographerOld7710,2025-03-07
Electrical-Pair-2849,2025-03-07
proomoo,2025-03-07
mmcgrat6,2025-03-07
Late-Property-7702,2025-03-07
Zzz_sleepy6,2025-03-07
g0dtier,2025-03-07
somedumbretard666,2025-03-07
RedditSucksMyBallls,2025-03-07
MacaroonOwn8413,2025-03-07
Aswizzle77,2025-03-07
RelativeStill5332,2025-03-07
Unemployed_PM_Assist,2025-03-07
eldrinor,2025-03-07
apid91,2025-03-07
CatchTheCold,2025-03-07
BornAssistance3735,2025-03-07
ButteredToast41,2025-03-07
OverWeightDod0,2025-03-07
Adventurous_Pick_509,2025-03-07
Greedy_Commission_34,2025-03-07
Resident-Curve6631,2025-03-07
Deep_Hyena_5763,2025-03-07
Energy1029,2025-03-07
Fun-Following7404,2025-03-07
throwRA_1997_,2025-03-07
Larlab6116,2025-03-07
balanced_goblin,2025-03-07
FAANGHunter,2025-03-07
happysoul131313,2025-03-07
Yabijongjongjong,2025-03-07
DollahBills420,2025-03-07
LongjumpingCost7679,2025-03-07
Apprehensive-Try9996,2025-03-07
Difficult-Bicycle600,2025-03-07
CuriouzGeorgina,2025-03-07
Educational-Box-1444,2025-03-07
throwawaydog6,2025-03-07
PomegranateBubbly923,2025-03-07
Unlucky-Spend-2599,2025-03-07
One-Climate-4060,2025-03-07
According_Stress3563,2025-03-07
FullChimpTTV,2025-03-07
a7058,2025-03-07
Graffolando,2025-03-07
Parisloves_,2025-03-07
DracoSilverpath,2025-03-07
memememe1,2025-03-07
Yester47,2025-03-07
Proper_Interview_939,2025-03-07
Fast_Funny7860,2025-03-07
Conscious_Star8151,2025-03-07
Melodic_Foot_8869,2025-03-07
fatcatjesse,2025-03-07
Frequent_Top_5205,2025-03-07
Quirky-Fudge8896,2025-03-07
Terrible-Pride2307,2025-03-07
Motor-Society-4478,2025-03-07
vintagesoul23,2025-03-07
deanmhm,2025-03-07
Odd_River_3579,2025-03-07
Traditional_Belt5599,2025-03-07
NikitaY_Indie,2025-03-07
Busy-Historian-1886,2025-03-07
humanitiesgradthrow,2025-03-07
Amethyst7257,2025-03-07
Joey2705,2025-03-07
True_Subject6925,2025-03-07
Dear_Estate_425,2025-03-07
teddy0224n,2025-03-07
Affectionate-Fix2554,2025-03-07
BatPotential6501,2025-03-07
rawr_xD_lawl,2025-03-07
Vivid-Coconut9269,2025-03-07
AstronautClassic3551,2025-03-07
TheMachiavellic,2025-03-07
ElderberryContent994,2025-03-07
No-Dot4351,2025-03-07
Interesting_Ad9372,2025-03-07
Last-Big-9518,2025-03-07
mhalloped,2025-03-07
Agile_Association_47,2025-03-07
OwnPhilosophy6341,2025-03-07
akgcp123,2025-03-07
StaffAfter4226,2025-03-07
Icy_Outcome_1996,2025-03-07
Acceptable_Leek_9629,2025-03-07
Lwu8488,2025-03-07
Toasty-Memes18943,2025-03-07
Awkward-Background79,2025-03-07
Which_Honey9409,2025-03-07
For_biD,2025-03-07
porksoda11,2025-03-07
Fine-Act3846,2025-03-07
Scared_Blackberry413,2025-03-07
blkDsufficient649,2025-03-07
Sufficient-Volume83,2025-03-07
QuitJolly,2025-03-07
carter8222,2025-03-07
Old-Computer-6713,2025-03-07
Responsible-Tea-1630,2025-03-07
Aggravating_Cry_3010,2025-03-07
Tuckherinthetussy,2025-03-07
QueasyNobody3590,2025-03-07
Mr_Shadow_Pant,2025-03-07
cloudyskies0,2025-03-07
Forsaken-Put-752,2025-03-07
Only_Rhubarb4025,2025-03-07
Ok_Salt1459,2025-03-07
Different_Grocery346,2025-03-07
Salt_Figure_2206,2025-03-07
Throwaway_Cream6629,2025-03-07
AllieCat5,2025-03-07
jesskeeding,2025-03-07
ThriftyHuman,2025-03-07
Mental-Jelly-4869,2025-03-07
NotAGeeNus,2025-03-07
WorldMessed,2025-03-07
Expensive-Peak3945,2025-03-07
Oh-Honey17,2025-03-07
CapnsRedditAccout,2025-03-07
Throwaway6531310,2025-03-07
Yanii3,2025-03-07
harrypotterfan1228,2025-03-07
lukaeber,2025-03-07
Wildsherperd,2025-03-07
GlowGuruTX,2025-03-07
MoMoMMH,2025-03-07
Significant_Bar_8617,2025-03-07
Safe_Method3666,2025-03-07
Academic-Sir459,2025-03-07
strwbryspice,2025-03-07
Adventurous-Turn3054,2025-03-07
LEMONSDAD,2025-03-07
Least_Elk6857,2025-03-07
biswajeet5,2025-03-07
JaqClimpsy82,2025-03-07
magoo_happy1970,2025-03-07
Complete-Shopping-50,2025-03-07
UpstairsAd8789,2025-03-07
Automatic-Policy-860,2025-03-07
Key_Birthday5853,2025-03-07
Lon3_Star_556,2025-03-07
pompeinickels,2025-03-07
Ok_Diet2360,2025-03-07
ComplexString_,2025-03-07
Important_Witness835,2025-03-07
Jalen-_-6,2025-03-07
TheCouchPatrol09,2025-03-07
EnvironmentalPower46,2025-03-07
Puzzleheaded_Bug182,2025-03-07
Honest_Arachnid_7999,2025-03-07
zizigda,2025-03-07
software-surgeon,2025-03-07
negi2001,2025-03-07
adaequalis,2025-03-07
Brilliant_Award456,2025-03-07
Sensitive-Seesaw2914,2025-03-07
KipBoutaDip,2025-03-07
TheUglyWritingPotato,2025-03-07
Chemical-Wish7196,2025-03-07
RelativekAK,2025-03-07
soliloquii,2025-03-07
ShiftKlutzy3174,2025-03-07
Spirited-Feed-9927,2025-03-07
Beautyizdead,2025-03-07
need_for_speed666,2025-03-07
ririri1005,2025-03-07
Ok_Public_7198,2025-03-07
lafayettejohnson,2025-03-07
tortillasfordays,2025-03-07
Far-Ad-9931,2025-03-07
FawazTU,2025-03-07
spongebobsanalbeads,2025-03-07
sowingszn,2025-03-07
mysweetheart329,2025-03-07
nhlsht,2025-03-07
accidentwitch,2025-03-07
SprinklesFrosty5871,2025-03-07
no-puedo-encontrar,2025-03-07
-_Aesthetic_-,2025-03-07
Sea_Hair_4828,2025-03-07
MyExistentialCrisisx,2025-03-07
Successful_Bee_5296,2025-03-07
thecrunchypepperoni,2025-03-07
Technology-Aromatic,2025-03-07
Sandeep_Rep,2025-03-07
Lost_Virus_4650,2025-03-07
Wide_Ad_7883,2025-03-07
Scared-Economist-333,2025-03-07
vgunji,2025-03-07
Zealousideal-Team940,2025-03-07
yigan999,2025-03-07
Frosty_Yak_5817,2025-03-07
ShotSpecialist6169,2025-03-07
SleepImpressive6606,2025-03-07
snow6969696969,2025-03-07
Upstairs-Ad-4003,2025-03-07
Personal-Ice1818,2025-03-07
SmieyGuy,2025-03-07
an_orange_cat_,2025-03-07
Goofygooberz,2025-03-07
eulersidentityy,2025-03-07
Top_Efficiency7946,2025-03-07
CR8Y_ol_Maurice,2025-03-07
VampiraSpumante,2025-03-07
Mitster777,2025-03-07
Inevitable-Bat-2039,2025-03-08
Appropriate_Play_576,2025-03-08
IsaccDM,2025-03-08
RocksAreOneNow,2025-03-08
Ok_Intention_132,2025-03-08
AdministrativeLow478,2025-03-08
Head-Fisherman-9824,2025-03-08
Ok_Opening_1336,2025-03-08
theuntold22,2025-03-08
PsychologicalWay6451,2025-03-08
Kibasume,2025-03-08
Additional-Wind8186,2025-03-08
Ok-Intention8862,2025-03-08
foryourhealthdangus,2025-03-08
plants4567,2025-03-08
slobrien,2025-03-08
Future_Resort5797,2025-03-08
Curious-Middle8429,2025-03-08
AUserNameOr2,2025-03-08
Molten-Strike,2025-03-08
fearlesswolf00,2025-03-08
JonCandyspiritanimal,2025-03-08
ThePermafrost,2025-03-08
junegemini88,2025-03-08
Mysterious-Living-88,2025-03-08
Rodilloblanco,2025-03-08
outofjail142,2025-03-08
JagerPlague,2025-03-08
Skycap__,2025-03-08
Jealous-Manner2127,2025-03-08
lifeistemproray,2025-03-08
Zealousideal_Bag_534,2025-03-08
Ok-Substance-9748,2025-03-08
christy0201,2025-03-08
MelodicMaintenance80,2025-03-08
natprsn37,2025-03-08
reasonable_vegetale,2025-03-08
TheMysticMinds,2025-03-08
Throwaway020769,2025-03-08
RxR_1824,2025-03-08
NerdyConfusedWolf,2025-03-08
Downtown-Tale-4486,2025-03-08
jg___23,2025-03-08
GrayisThinking,2025-03-08
Neotod1,2025-03-08
No-Reputation35,2025-03-08
vingthefist,2025-03-08
naranciaswaifu,2025-03-08
tink5283,2025-03-08
NepaliSolti,2025-03-08
robo_striker,2025-03-08
NweakO1324,2025-03-08
Few_Plan_8166,2025-03-08
Mobile-Brilliant-870,2025-03-08
Tangent-22,2025-03-08
Glad_Return546,2025-03-08
priyankdev15,2025-03-08
SoupEaterrr,2025-03-08
Relentless_Genzy,2025-03-08
Silent_Ad_4961,2025-03-08
Own_Village_4504,2025-03-08
dopeIH,2025-03-08
FIREFreedomfuture,2025-03-08
Glass_Sherbert3678,2025-03-08
anawkwardsomeone,2025-03-08
TESDragonAge,2025-03-08
Quiet_Breakfast_8339,2025-03-08
YARRLandPirate,2025-03-08
SaggyNut69,2025-03-08
ProfessorContent6127,2025-03-08
DarkThen611,2025-03-08
Early_Yesterday443,2025-03-08
getmetheanyjob,2025-03-08
Extension-Class-9087,2025-03-08
quo_Vadis_NFT,2025-03-08
Anonimo1864,2025-03-08
NoPsychology3756,2025-03-08
Unable-Choice3380,2025-03-08
hustlingindividual,2025-03-08
Frequent_Ad486,2025-03-08
Palm_Beach240,2025-03-08
mjjmm24,2025-03-08
Arexios007,2025-03-08
Competitive_Creme520,2025-03-08
Primary_Clerk_3911,2025-03-08
Altruistic-Drama447,2025-03-08
Nathalee-23,2025-03-08
Odd-Vegetable-4574,2025-03-08
PsychologicalBat9817,2025-03-08
Empty_Box_3566,2025-03-08
NinjaBlueEyes,2025-03-08
etherealsmear,2025-03-08
MrMattKirby,2025-03-08
sad_song7181,2025-03-08
Mission_Election2216,2025-03-08
National-Link9348,2025-03-08
kyaraconsulting,2025-03-08
suspicious_Smilee,2025-03-08
Various-Feature-4563,2025-03-08
Chunkie_Wunkie_Pooh,2025-03-08
P_Pumkin,2025-03-08
Opening-Wash-1581,2025-03-08
Womploss,2025-03-08
Glittering_Newt_3159,2025-03-08
endme52,2025-03-08
Creative_Ad9641,2025-03-08
Any-Engineer-6621,2025-03-08
tebodacious,2025-03-08
Minimum-Rip5766,2025-03-08
DeliciousElephant992,2025-03-08
burner-4001,2025-03-08
Warbly-Luxe,2025-03-08
YesterdayFirm2971,2025-03-08
7473357e,2025-03-08
DCKNOX12,2025-03-08
lovers_delight,2025-03-08
adnanmansur25,2025-03-08
SeaSide8979,2025-03-08
naissaa_,2025-03-08
j0seph4300,2025-03-08
NPC7979,2025-03-08
NaturalArtichoke7406,2025-03-08
Future-Ad9401,2025-03-08
Key_Construction_902,2025-03-08
Outrageous-Guide3568,2025-03-08
Maleficent_Sand4276,2025-03-08
Delnilas,2025-03-08
Hopeful-Purple-1423,2025-03-08
Disastrous-Pride2091,2025-03-08
ConfidentOne3131,2025-03-08
iffffffy,2025-03-08
Significant_Room_590,2025-03-08
PangolinKooky9867,2025-03-08
Send_help2,2025-03-08
FunGarage8474,2025-03-08
Most_Book1515,2025-03-08
No-Requirement7754,2025-03-08
FerretGeneral3405,2025-03-08
ThatGuyCGC25,2025-03-08
Choice-Positive-7845,2025-03-08
a_xp_,2025-03-08
Sensitive_Waltz_7199,2025-03-08
Proudtobenna130,2025-03-08
sakisakasaya,2025-03-08
cosmeticpentagon,2025-03-08
stryke352,2025-03-08
Eternallord66,2025-03-08
HeftyDistribution675,2025-03-08
senorpepino,2025-03-08
Personal_Leave1758,2025-03-08
Playful-Oil2185,2025-03-08
cutekat12092,2025-03-08
Opening_Watercress56,2025-03-08
purelyinvesting,2025-03-08
Mission-Bicycle-2263,2025-03-08
Changa_,2025-03-08
PeytonIsChill,2025-03-08
Significant-Love4382,2025-03-08
Sufficient-Camera335,2025-03-08
Little-Yard-2606,2025-03-08
Away_Particular9975,2025-03-08
Extreme_Fill_6058,2025-03-08
PhilosopherWise6563,2025-03-08
DmitryTF,2025-03-09
Super-Row-9271,2025-03-09
Equivalent_Ad_4729,2025-03-09
Easy-Perspective-903,2025-03-09
iron_panties,2025-03-09
Gold-Back-4073,2025-03-09
leatherjaket24,2025-03-09
FunnyBike8024,2025-03-09
Ok-Seaweed9954,2025-03-09
Unable_Carpenter8694,2025-03-09
SquirrelVegetable710,2025-03-09
Glittering-Hat-1014,2025-03-09
masonlep0,2025-03-09
q50_ant,2025-03-09
commoncrisis,2025-03-09
Call_Me_Pigpen,2025-03-09
Whole-Philosopher183,2025-03-09
blankusername121,2025-03-09
BandicootExpensive42,2025-03-09
AceTheBadBoy,2025-03-09
Redundant_crocodile7,2025-03-09
throwaway___12____,2025-03-09
lifexd,2025-03-09
EducationalOven5792,2025-03-09
MeuDeus,2025-03-09
simplisticlivin,2025-03-09
soccerdude1122fut,2025-03-09
GoddessDes47,2025-03-09
_prakzy,2025-03-09
Murky-Basis-7608,2025-03-09
sleepacold,2025-03-09
No_Translator3043,2025-03-09
Gunslingette,2025-03-09
notagooseontheloose,2025-03-09
Impressive_Sink8482,2025-03-09
letothegodemperor,2025-03-09
Plastic_Cry_352,2025-03-09
career--coach,2025-03-09
Double-Somewhere-480,2025-03-09
implicitconvo,2025-03-09
DetailFocused,2025-03-09
Nathaniel56_,2025-03-09
Ok-Quiet930,2025-03-09
Hell_to_the_Ya,2025-03-09
Own_Exercise8993,2025-03-09
Few-Fennel-4680,2025-03-09
Minute_Addition3272,2025-03-09
Realistic-Yellow-328,2025-03-09
Interesting-Cheese8,2025-03-09
Justsomemammoth,2025-03-09
MysticKnight2110,2025-03-09
SleepyHollow_80,2025-03-09
Old_Introduction1537,2025-03-09
SmallCranberry252,2025-03-09
Most_Local_1908,2025-03-09
Head_Oven_1657,2025-03-09
Cookies-n-Cream-,2025-03-09
ConnectionOk289,2025-03-09
Mr_Isolation,2025-03-09
BumChikChik,2025-03-09
Virtual_Tax_2606,2025-03-09
Sylviaxciarre,2025-03-09
094950,2025-03-09
rislos,2025-03-09
Character_Canary5782,2025-03-09
PaymentInternal9196,2025-03-09
Ecstatic_Motor362,2025-03-09
Stone_1020,2025-03-09
Reijima,2025-03-09
HistoricalIncome7954,2025-03-09
Senior_Ad_1328,2025-03-09
Extra-Field-4080,2025-03-09
UpsetAd18,2025-03-09
SofiaKoumi1969,2025-03-09
Terms_of_service00,2025-03-09
WidePerspective5673,2025-03-09
Justanotheruser1992,2025-03-09
Unlucky_Definition46,2025-03-09
Clean_Jury_7659,2025-03-09
go4bestDeals,2025-03-09
somethingveryrandom8,2025-03-09
Tasty_Programmer234,2025-03-09
Working-Treat8781,2025-03-09
Downtown-Volume-7202,2025-03-09
FernandoTK99,2025-03-09
havenyoo,2025-03-09
SetBusy3209,2025-03-09
Crazy_Philosophy_531,2025-03-09
Pale-Amoeba-6231,2025-03-09
Disastrous-Way-4677,2025-03-09
McHenry0721,2025-03-09
RoyalCall6245,2025-03-09
LabFirst7853,2025-03-09
Sufficient-Tea-1025,2025-03-09
Practical_Bet4106,2025-03-09
Jacw_41,2025-03-09
Cbus77,2025-03-09
Ok-Tomato6145,2025-03-09
garlicprincess_,2025-03-09
BuildingWooden8877,2025-03-09
joermcee,2025-03-09
Relevant_Routine_361,2025-03-09
Own-Imagination6470,2025-03-09
Playful-Reading6837,2025-03-09
MushedroomHill,2025-03-09
Pristine-Rutabaga313,2025-03-09
AutomaticActuator709,2025-03-09
amberygreen,2025-03-09
Puzzleheaded_Lie_221,2025-03-09
surakuba,2025-03-09
LordScottimus,2025-03-09
Buzz13094,2025-03-09
coke-nail-queen,2025-03-09
TheSTEMProdigy,2025-03-09
Salt-Strength8309,2025-03-09
Icy-Literature1515,2025-03-09
Muted_String5399,2025-03-09
Blacklung1234,2025-03-09
Dyingelectron,2025-03-09
DealNo7306,2025-03-09
Beneficial_Spinach34,2025-03-09
failoeffect,2025-03-09
FreshBusiness5051,2025-03-09
Kneeling_Angel,2025-03-09
Accomplished-Bat5600,2025-03-09
Hot-Indication7572,2025-03-09
Altruistic-Ad-6833,2025-03-09
sourmelk,2025-03-09
Quiet-Cod3237,2025-03-09
Johnnyboy1029,2025-03-09
faithytt,2025-03-09
Difficult-Pomelo-582,2025-03-09
Dull-Sell-6888,2025-03-09
mik123mik1,2025-03-09
tuxedo_penguins123,2025-03-09
CommercialNormal7617,2025-03-09
Randomguy9375,2025-03-09
Canada_21,2025-03-09
nwhill3,2025-03-09
Ecstatic-Garage9575,2025-03-09
SmallBoyBigDream,2025-03-09
aaahhidek,2025-03-09
memoriesandrecords,2025-03-09
Timely-Yogurt1447,2025-03-09
Ok-Space-7215,2025-03-09
secretmagpie,2025-03-09
Bright_Engineer_1028,2025-03-09
Randomredditname19,2025-03-09
JustinRChild,2025-03-09
Top-Mud-5423,2025-03-09
EmrysBun,2025-03-09
Human_Log5711,2025-03-09
Economy_Primary1774,2025-03-09
naaziaf723,2025-03-09
CharacterAdagio1818,2025-03-09
Fun_Sorbet_9277,2025-03-09
Fluid_Supermarket149,2025-03-09
Perfect-Pie-6021,2025-03-09
Jayman2260000,2025-03-09
WreckedElf,2025-03-09
AndersFuzio,2025-03-09
Pretty-Deer7071,2025-03-09
Consistent_Boss2601,2025-03-09
Venkat_Narayanan_18,2025-03-09
AioliLonely3145,2025-03-09
MissFemFatal,2025-03-10
Popular-Brick-1223,2025-03-10
Mental_Project_6255,2025-03-10
TapStraight2163,2025-03-10
Sebasnu18,2025-03-10
Soft-Big-6781,2025-03-10
Due_Depth_445,2025-03-10
NoHedgehog5563,2025-03-10
PrathamSinghRathore,2025-03-10
elle_c12,2025-03-10
Slow-Imagination1424,2025-03-10
CollegeDowntown3189,2025-03-10
emilyalice3,2025-03-10
SwimmingDestiny,2025-03-10
Duly_shaped,2025-03-10
garfield_320,2025-03-10
Zapean,2025-03-10
anon22334,2025-03-10
chromedbooked1,2025-03-10
maydev9,2025-03-10
i_dontknowreally24,2025-03-10
Agile-Scallion-7474,2025-03-10
AragornHeirOfIsildur,2025-03-10
HelpmeResume21,2025-03-10
Wienerdogluver443,2025-03-10
WalrusWarlord_,2025-03-10
lambruscogirl,2025-03-10
Important-Chard-2688,2025-03-10
roselyj,2025-03-10
ferretsRus8,2025-03-10
North_Prompt9704,2025-03-10
o0CyRaX0o,2025-03-10
UnderstandingMoney65,2025-03-10
swampsmouth,2025-03-10
Dry-Top-996,2025-03-10
phoenixonthecliff,2025-03-10
zaynst,2025-03-10
dendaera,2025-03-10
Bulky_Acadia_6734,2025-03-10
fullmetalcastiel,2025-03-10
Soggy-Character319,2025-03-10
SnooWords2058,2025-03-10
NathenWei335,2025-03-10
OwlUsual5483,2025-03-10
army_wool,2025-03-10
Wonderful-Point-6359,2025-03-10
skate227,2025-03-10
Admirable_Noise3095,2025-03-10
mynameISPONYO,2025-03-10
pylangzu,2025-03-10
OmariBangs,2025-03-10
Acrobatic-Health2681,2025-03-10
clinical_chemistry,2025-03-10
Powerful-Cat20,2025-03-10
CyberKitsune_,2025-03-10
Xayton,2025-03-10
Distinct-Nature4233,2025-03-10
IvTheFourth4,2025-03-10
Namez_Jack,2025-03-10
bra1n_rot,2025-03-10
The_Kat_aclysm1,2025-03-10
TastyCourage4151,2025-03-10
Saquib32,2025-03-10
Th1dood,2025-03-10
azawi256,2025-03-10
iamVenon,2025-03-10
Technical-Solid-6196,2025-03-10
Random8765434567,2025-03-10
Amazing_Lab_6066,2025-03-10
archvns,2025-03-10
Time-Grade-1421,2025-03-10
Working-Produce2936,2025-03-10
Upstairs_Mixture5506,2025-03-10
callmesudo,2025-03-10
poison4s,2025-03-10
Appwarrior,2025-03-10
Beneficial_Breath_50,2025-03-10
toshredsyousay82,2025-03-10
Scarlet_gospel29,2025-03-10
Dapper_Shoe4489,2025-03-10
Glittering_Tart4838,2025-03-10
Puzzleheaded1122,2025-03-10
randomdotm,2025-03-10
Low-Championship-633,2025-03-10
djherroprease,2025-03-10
Odd-Razzmatazz6247,2025-03-10
shrilboss,2025-03-10
lostXmoon,2025-03-10
Emotional_Growth9034,2025-03-10
PlatinumAero,2025-03-10
Luis_anderson,2025-03-10
Interesting_Mall4323,2025-03-10
Hot_Resolution9793,2025-03-10
GotchYaBitchhhh,2025-03-10
Michaelk2001,2025-03-10
NovelDay1518,2025-03-10
IndependentKiwi9133,2025-03-10
Reyzouz,2025-03-10
butterflykel,2025-03-10
Dry-Detective6411,2025-03-10
notreallymything0o0,2025-03-10
Pretend-Ad-6453,2025-03-10
ThatOneDegenerate69,2025-03-10
ConstantPibilTaco,2025-03-10
CommKey,2025-03-10
E30boii,2025-03-10
Aggravating-Dance654,2025-03-10
misspontiacinaz,2025-03-10
Commercial_Drink6564,2025-03-10
thowawaywookie,2025-03-10
Sea-Study1453,2025-03-10
cachocarnepi,2025-03-10
East-Location-2824,2025-03-10
Organic_Primary_4521,2025-03-10
ahmadfadool127,2025-03-10
Ancient-Drop4170,2025-03-10
Suicidal_Uterus,2025-03-10
Cultural-Tell777,2025-03-10
PayEmbarrassed1107,2025-03-10
Worth_Fault_6048,2025-03-10
PushOld6080,2025-03-10
Antelope293,2025-03-10
kol11s,2025-03-10
Special_Aspect_2302,2025-03-10
the-real-wilrus,2025-03-10
Calm_Firefighter2020,2025-03-10
LonesomeFantasy,2025-03-10
Spocks-Wife-7,2025-03-10
One-Education-2918,2025-03-10
riskyprofessional,2025-03-10
Stock_Manager3738,2025-03-10
FruitLoop_Dingus25,2025-03-10
Leiwyr,2025-03-10
Moosiebwerry,2025-03-10
found_role,2025-03-10
Aggravating-Kiwi5859,2025-03-10
jamiegc37,2025-03-10
mothramaxx,2025-03-10
GypsumHedgeWitch,2025-03-10
Main_Face5390,2025-03-10
Mawuparis,2025-03-10
HistoricalSell1524,2025-03-10
Plenty-Breadfruit488,2025-03-10
manishyv,2025-03-10
Fraenyk,2025-03-10
Available-Age3264,2025-03-10
Fresh-Passage-618,2025-03-10
Euphoric_Pear_9960,2025-03-10
Brilliant_Quote_3313,2025-03-10
heyfun3,2025-03-10
Slow_Efficiency_8427,2025-03-10
Gopichand_me,2025-03-10
deckm31,2025-03-10
Doomtm2,2025-03-10
Honest-Resort1126,2025-03-10
Solid_Rain_2434,2025-03-10
PublicAdhesiveness70,2025-03-10
MojoSoooDope,2025-03-10
LabPowerful5738,2025-03-10
br0ken_b0ttles,2025-03-10
stillthatwitch,2025-03-10
Zip-it999,2025-03-10
BoysenberryFlat8041,2025-03-10
Question_time13,2025-03-10
2005maze,2025-03-10
Accomplished_Ad_655,2025-03-10
IllMathematician4546,2025-03-10
Southern-Fig6239,2025-03-10
Flashy_Succotash3227,2025-03-10
Fixy9552,2025-03-10
One_Passage7036,2025-03-10
mavericksfan2011,2025-03-10
Extension-Bid-1821,2025-03-10
colleenj15,2025-03-10
Open-Cucumber3428,2025-03-10
Logical-Bad-9927,2025-03-10
leanFunction,2025-03-10
One_Space_8452,2025-03-10
Obvious_Seat4987,2025-03-10
GeofferysBaby,2025-03-10
Rylovix,2025-03-10
DogeInvestor01,2025-03-10
Abx61,2025-03-10
Dependent_Emotion570,2025-03-10
Comfortable-Tank-692,2025-03-10
throwaway07924,2025-03-10
TameTheAuroch,2025-03-10
Fit-Intern8412,2025-03-10
Cactus_Fr,2025-03-10
sarcasmistoofun,2025-03-10
Intelligent_Time633,2025-03-10
Eagles56,2025-03-10
Sharingan122,2025-03-10
Round_Championship46,2025-03-10
XxVerifiedloserxX,2025-03-10
nameisthenamegame,2025-03-10
CodeNameRando,2025-03-10
ModeMysterious1519,2025-03-10
MacaronAny6205,2025-03-10
ChampionshipCute6440,2025-03-10
Empty-Ad-7,2025-03-10
bae467e457,2025-03-10
ih8hornypeople,2025-03-10
MurdochVenture,2025-03-10
3bkrino-,2025-03-10
FalconStill3462,2025-03-10
oreoloverr97,2025-03-10
Friendly_You_429,2025-03-10
BikeBright5304,2025-03-10
SubstantialFile6502,2025-03-10
Cold-Fondant-6484,2025-03-10
CuriouslyCollecting,2025-03-10
NoCoast6811,2025-03-10
Top-Shoe8195,2025-03-10
peanutbuttercookiezz,2025-03-10
Inevitable_Lion_7692,2025-03-10
harwno,2025-03-10
Southern-Amoeba7238,2025-03-10
Particular-Ask-1295,2025-03-10
angryfrogrebirth,2025-03-10
Least_Rise_3452,2025-03-10
Otherwise-Count-398,2025-03-10
guyfierifan4ever,2025-03-10
Otherwise-Phrase-917,2025-03-10
Bitter-Answer565,2025-03-10
A_random_TX,2025-03-11
Tommy_3568,2025-03-11
Appropriate_Lie_6147,2025-03-11
WeeklyInflation7824,2025-03-11
ExpensiveCap630,2025-03-11
Impossible-Peak4528,2025-03-11
Poojanairpsn,2025-03-11
Actual-Influence2485,2025-03-11
BubbyBoo01,2025-03-11
vhstherapy,2025-03-11
cutupcredditcard,2025-03-11
Zealousideal-Ad-8542,2025-03-11
Alternative_Log_172,2025-03-11
ResidentalGh0st,2025-03-11
RigthFootedKing,2025-03-11
Fvkbitchesgetmoneyyy,2025-03-11
Good_Vibes_Only_Fr,2025-03-11
Toasty_Oak76,2025-03-11
allthingsn3rd,2025-03-11
chris_dk2001,2025-03-11
Interesting-Bell-625,2025-03-11
No-Ganache-1086,2025-03-11
PlasticFlight1276,2025-03-11
Ok_Swordfish6920,2025-03-11
whiskerbites01,2025-03-11
Fickle-Inflation-621,2025-03-11
Traditional-Log4465,2025-03-11
One_Individual4761,2025-03-11
bozing122521,2025-03-11
Amazing_Meringue_534,2025-03-11
Historical_Rip_5232,2025-03-11
Affectionate-Hat6752,2025-03-11
Ok-Purple2439,2025-03-11
SunflowerDreams18,2025-03-11
LumpyProcedure9640,2025-03-11
newuser_ak,2025-03-11
mightypiers,2025-03-11
luckydiver17,2025-03-11
T1mbuktuSch0lar,2025-03-11
l3mon_snapple,2025-03-11
Own-Case-6684,2025-03-11
Warm_Ad_3801,2025-03-11
Significant-Crazy117,2025-03-11
Due_Salamander_172,2025-03-11
Bubbly_Art_4403,2025-03-11
DisneyImagineers,2025-03-11
Specialist-Radio105,2025-03-11
Even-Bonus2669,2025-03-11
LoveableLefty96,2025-03-11
ClimateGrouchy4765,2025-03-11
shecklen66,2025-03-11
Financial-Heron-5529,2025-03-11
flightingback,2025-03-11
HelpfulGuitar8562,2025-03-11
SchemeOk892,2025-03-11
DrewLimbaugh,2025-03-11
Nice-Highlight7974,2025-03-11
BizznectApp,2025-03-11
raisetheavanc,2025-03-11
Successful_Web_6866,2025-03-11
Empty-Meal-7219,2025-03-11
abyss_dread,2025-03-11
the_random_guy___,2025-03-11
Gloomy-Print9533,2025-03-11
Digging-Mail1307,2025-03-11
RelativeCloud8074,2025-03-11
NeuronNomad,2025-03-11
shakagnar,2025-03-11
my_secret_opinions,2025-03-11
v1nyl_scr4tch,2025-03-11
Kind-Boysenberry9415,2025-03-11
Relevant-Specific-91,2025-03-11
herzyyyy,2025-03-11
Willing-Emphasis6709,2025-03-11
Bandofmemes,2025-03-11
_joyfull,2025-03-11
Present-Party4402,2025-03-11
LordesTruth,2025-03-11
CriticalDay9541,2025-03-11
Fancy-Camel9432,2025-03-11
Sorry_Caterpillar654,2025-03-11
Salty-Industry5572,2025-03-11
ooof_baby,2025-03-11
ArtichokeHaunting249,2025-03-11
Uhgley,2025-03-11
MaximumPrudent5990,2025-03-11
EightLines_03,2025-03-11
FeistySafe5620,2025-03-11
unknowntheguy,2025-03-11
naturalist9811,2025-03-11
Xaydres,2025-03-11
No_Pilot_9318,2025-03-11
Late-Resolution6616,2025-03-11
thedarkwolf4,2025-03-11
Mekamaruu,2025-03-11
BreakEmotion,2025-03-11
Super-Guide-3726,2025-03-11
Blaugr_Ana,2025-03-11
Alone-Bumblebee-1222,2025-03-11
Irinadaddy,2025-03-11
embee-57,2025-03-11
No-Travel-6472,2025-03-11
Bensand11,2025-03-11
haasenjoyer,2025-03-11
Thegermandetective35,2025-03-11
Twigstea,2025-03-11
Zestyclose-Team5738,2025-03-11
arcanestre,2025-03-11
heyfirst,2025-03-11
Fluffy-Income4082,2025-03-11
officialcuppat,2025-03-11
Willing_Ad_2529,2025-03-11
Playful_Loquat_4700,2025-03-11
greenandbluedots,2025-03-11
PersonalValue273,2025-03-11
nojarai,2025-03-11
Icy-Giraffe-1374,2025-03-11
PsychologicalPeak566,2025-03-11
Final_Woodpecker_398,2025-03-11
Artistic-Cellist6660,2025-03-11
IHateRedditrs,2025-03-11
mremane,2025-03-11
mumu034,2025-03-11
strawbeary17,2025-03-11
Big-bang03,2025-03-11
Street_Dimension_915,2025-03-11
ApprehensiveBat5106,2025-03-11
Emilyr14,2025-03-11
Fluffy_Process_707,2025-03-11
SeekingAnswers50,2025-03-11
slagggger,2025-03-11
UnholyZealot,2025-03-11
tractorscum,2025-03-11
Ananlari,2025-03-11
Short-Factor7715,2025-03-11
ImmediateTonight3077,2025-03-11
dizzydwarf1110,2025-03-11
Suspicious_Shame8468,2025-03-11
Daxter369024,2025-03-11
RedditPoster05,2025-03-11
idkwbu1,2025-03-11
UpsetOne7287,2025-03-11
BatSea4799,2025-03-11
CandyZebra,2025-03-11
Caroline_Baskin,2025-03-11
Fit_Act_1997,2025-03-11
Mindless_Gate_6942,2025-03-11
Skincaret1,2025-03-11
Basic_emmaa,2025-03-11
Ambitious_Traffic476,2025-03-11
Lesbiangoddesss,2025-03-11
Worried_Nebula_21,2025-03-11
maximus8898,2025-03-11
Roman94_,2025-03-11
SnooOnions8634,2025-03-11
IllustriousTaro7376,2025-03-11
FearlessTune4951,2025-03-11
Puzzleheaded_Hold991,2025-03-11
Evening_Noise8798,2025-03-11
Single-Park1956,2025-03-11
conservationalist,2025-03-11
Dark_Midnight9341,2025-03-11
Revolutionary_Rest_3,2025-03-11
mihoooo,2025-03-11
Remarkable_Cheetah24,2025-03-11
shyanonymous503,2025-03-11
Far-Imagination-7759,2025-03-11
Mykidlovessalamander,2025-03-11
Sensitive_Refuse8630,2025-03-11
macxcheeze,2025-03-11
Educational_Main2700,2025-03-11
FoundRole,2025-03-11
ennebean,2025-03-11
spicysarahchas,2025-03-11
JardaVW,2025-03-11
AuthenticCity,2025-03-11
_blue_sunsh1ne_,2025-03-11
eat_sleep_engineer,2025-03-11
Middle_Ad3000,2025-03-11
Fabulous_Wonder_1763,2025-03-11
Mindless_Boat9143,2025-03-11
Lianistin,2025-03-11
Emergency_Wear_4371,2025-03-11
Icy-Record7645,2025-03-11
Big_Confusion_5141,2025-03-11
LongIndustry1124,2025-03-11
Not_quite_dj,2025-03-11
theblartknight,2025-03-11
Disoriented_barnacle,2025-03-11
TheSacredSkull,2025-03-11
junhuiis,2025-03-11
Neat_Start_3209,2025-03-11
Zestyclose_Couple306,2025-03-11
cuddzplease,2025-03-11
ConclusionBoring2992,2025-03-11
dgibs842,2025-03-11
kayawithkopi31c,2025-03-11
Limp_Career6521,2025-03-11
Fantastic_Gas_9205,2025-03-11
llamapenguin28,2025-03-11
Zealousideal_Soup192,2025-03-11
Imaginary-Custard133,2025-03-11
foolius-,2025-03-11
VisualMeringue4061,2025-03-11
Ollie_EU,2025-03-11
cheflan,2025-03-11
Excess_of_disdain,2025-03-11
unwindinghelix101,2025-03-11
Wise-Breadfruit2543,2025-03-11
No_Willingness8678,2025-03-11
False-Pineapple-1401,2025-03-11
Impressive_Dot_904,2025-03-11
DoctorRizz69,2025-03-11
Master_Bed_8896,2025-03-11
ArmadilloStatus8171,2025-03-11
Carguyphlmia,2025-03-11
AncientGoose403,2025-03-11
kaishwhuspdbs,2025-03-11
fakeaccount572,2025-03-11
Puzzled_Ad_6465,2025-03-11
No-Turn6397,2025-03-11
CetraSoul,2025-03-11
Regretlimes,2025-03-11
orphanelf,2025-03-12
GeneralPaper960,2025-03-12
Zestyclose-Gap2968,2025-03-12
No_Candidate709,2025-03-12
MixMough,2025-03-12
imconfusedevenmore,2025-03-12
06madisonduo09,2025-03-12
Good-Bison008,2025-03-12
Sea-Constant4519,2025-03-12
Decent_Television500,2025-03-12
Lillian_Dove45,2025-03-12
Affectionate-Goal931,2025-03-12
homosexualloser,2025-03-12
Puzzleheaded_Sky9238,2025-03-12
Loreternity,2025-03-12
trykolangbestko,2025-03-12
Fit_Breakfast_1198,2025-03-12
lotuslibra7,2025-03-12
EnthusiasmJealous128,2025-03-12
BadPanda27,2025-03-12
meowmeowmeowmeeeeow,2025-03-12
bchaindev,2025-03-12
laurenalivia,2025-03-12
PuzzleheadedRest4615,2025-03-12
KhelarsRevenge,2025-03-12
EnvironmentalAd806,2025-03-12
ztgarfield97,2025-03-12
BeautifulBoard7789,2025-03-12
Beardfire,2025-03-12
stonetear2017,2025-03-12
Flowers3333,2025-03-12
inactiveflowerpot,2025-03-12
Jessicash,2025-03-12
L-Industrie,2025-03-12
GoldenTortoiseshell,2025-03-12
ThrowRA_5433,2025-03-12
yayeet_230987,2025-03-12
Refuse-Early,2025-03-12
explor1812,2025-03-12
Positive_Tank_1099,2025-03-12
liammccormack66,2025-03-12
EraseMeMain,2025-03-12
Final_End_1275,2025-03-12
BoxAccomplished3168,2025-03-12
Ok_Secret1117,2025-03-12
JMc_1991,2025-03-12
Humble_Task_1950,2025-03-12
NorthCoast255,2025-03-12
ObjectiveTeary,2025-03-12
MightySyndrome97,2025-03-12
themoviehero,2025-03-12
Unusual_Foot5099,2025-03-12
Abhishek_8310,2025-03-12
WolverineOk7783,2025-03-12
Problem123321,2025-03-12
Someone7900_,2025-03-12
coralliee,2025-03-12
Apart_Perspective749,2025-03-12
whyudodisfam,2025-03-12
BackgroundWeekend969,2025-03-12
shamelesssun,2025-03-12
haksil,2025-03-12
Lumpy_Elk9260,2025-03-12
SignificanceOk6528,2025-03-12
El-LOCO-que-paga,2025-03-12
Zealousideal_File535,2025-03-12
dowhattheywont,2025-03-12
Hot-Advisor6958,2025-03-12
KawaiiGeorgiaPeach,2025-03-12
hutallybronest,2025-03-12
Pitiful-Positive4445,2025-03-12
Perfect_Dingo_8299,2025-03-12
Plus-Perception-4565,2025-03-12
Impossible-Peace6033,2025-03-12
bedtime_______,2025-03-12
Remote-Fall872,2025-03-12
lokimischief875,2025-03-12
Onwardsan,2025-03-12
OkLocksmith1578,2025-03-12
Plastic_Historian492,2025-03-12
Separate-Mark8432,2025-03-12
PhysicalParsley8532,2025-03-12
Simple_Salad_2763,2025-03-12
shesthats,2025-03-12
Yilmazz08,2025-03-12
Candid_Welder_8480,2025-03-12
Here_2_discuss,2025-03-12
non-existing-,2025-03-12
ProserpinaFC,2025-03-12
LoveFast5801,2025-03-12
BipolarKanyeFan,2025-03-12
No-Strawberry1058,2025-03-12
Odd_Asparagus_2011,2025-03-12
Ok-Organization421,2025-03-12
thicthighslover,2025-03-12
ItsGenoxider,2025-03-12
kromestatus,2025-03-12
Ok_Law2154,2025-03-12
Nothing_But_Ambition,2025-03-12
Kithhhhhhhhhhh,2025-03-12
Content_Country_5132,2025-03-12
RandomGirl1397,2025-03-12
Alarmed_Economics_70,2025-03-12
waitingOnMyletter,2025-03-12
Shurikekat,2025-03-12
Low_Yam_1212,2025-03-12
Top_Knight1,2025-03-12
Sea-Resolution385,2025-03-12
willialwayswonder,2025-03-12
Hot-Side1528,2025-03-12
Timely_Split_8229,2025-03-12
Jeki4anes,2025-03-12
skibididupapa,2025-03-12
wishes_smoochies0,2025-03-12
gotou-douji,2025-03-12
RootCanalPt,2025-03-12
SnooDoughnuts4217,2025-03-12
Obviously-Squirrel,2025-03-12
Effective_Habit2211,2025-03-12
JohnFkinStamos,2025-03-12
Independent-Oil-1269,2025-03-12
CptSmarty,2025-03-12
kprice20,2025-03-12
Vegetable-Idea7374,2025-03-12
theirego,2025-03-12
GPSJane,2025-03-12
methemem,2025-03-12
Any_Needleworker1628,2025-03-12
Electrical-Truck-912,2025-03-12
Additional-Store-419,2025-03-12
overqualified_idle,2025-03-12
Arowx,2025-03-12
xnarzoki,2025-03-12
Gloomy-Tear3149,2025-03-12
MADMAN_ON,2025-03-12
Guard-Upset,2025-03-12
Guru-Me-Not,2025-03-12
Odd_Journalist_2506,2025-03-12
mvmoraes,2025-03-12
Zealousideal-Title-4,2025-03-12
doritodustinmynose,2025-03-12
WhichFish888,2025-03-12
Own_Lengthiness8804,2025-03-12
f0xys0ck,2025-03-12
kill3mAll25,2025-03-12
PressureLegitimate29,2025-03-12
Glum-Phase9867,2025-03-12
sagexbrisby,2025-03-12
Visible_Avocado2132,2025-03-12
PartyElegant2130,2025-03-12
AccurateAd4787,2025-03-12
lostinspace694208,2025-03-12
Jumpy-Savings-5595,2025-03-12
Progressivecat,2025-03-12
anima____mundi,2025-03-12
Free_Rhubarb5694,2025-03-12
Consistent_Key9655,2025-03-12
Prior_Fortune_462,2025-03-12
sssunflowered,2025-03-12
Wonderful_Matter_633,2025-03-12
Jlo2467335,2025-03-12
Timely_Hedgehog9073,2025-03-12
ItS_SkEM,2025-03-12
PrideAndRumination,2025-03-12
ActuatorSea8134,2025-03-12
Content_Mission_250,2025-03-12
Comfortable-Image850,2025-03-12
moosejuice9,2025-03-12
InioAsanos_Son,2025-03-12
mostgeniusest,2025-03-12
No_Appointment_866,2025-03-12
Your-lil-devil,2025-03-12
tarrifpaid,2025-03-12
ConstantOk7451,2025-03-12
sofakng,2025-03-12
headassincorporated,2025-03-12
HampdenBunny,2025-03-12
WeAudiHere,2025-03-12
Technical-Piglet-843,2025-03-12
Dazzling-Mention-312,2025-03-12
nonsmokeyy,2025-03-12
universityofga,2025-03-12
Jesus_peed_n_my_butt,2025-03-12
WorkingOnThatPJ,2025-03-12
bignotch,2025-03-12
ranszerei,2025-03-12
Pleasant_Decision510,2025-03-12
life_is_fun_e,2025-03-12
VegetableSeries3574,2025-03-12
Both-Whole3136,2025-03-12
ilusmi,2025-03-12
Ok_Share2676,2025-03-12
Next-Truck6856,2025-03-12
CommercialShow5843,2025-03-12
ElectricalFun5170,2025-03-12
YamComplete3915,2025-03-12
rat_outta_hell,2025-03-12
No_Childhood3856,2025-03-12
Jxball33,2025-03-12
TechnologyUsed5015,2025-03-12
DiscussionCalm2606,2025-03-12
Objective_Heat_568,2025-03-12
eatingfoodwithme,2025-03-12
Reasonable_Spend_696,2025-03-12
gen-z-2002,2025-03-12
kaislyia,2025-03-12
SpartanCaptain6,2025-03-12
claireivm,2025-03-12
myasummers,2025-03-12
wiZardn0tdAnk,2025-03-12
CollinsEbuka12,2025-03-12
bellakiddob,2025-03-12
plantlover6258,2025-03-12
InternationalYam3130,2025-03-12
seitan-llama,2025-03-12
rustysoupspoon,2025-03-12
TomesLandingMarina,2025-03-12
Odd-Frosting5564,2025-03-12
Grouchy-Sherbet9544,2025-03-12
Far-Barber-1447,2025-03-12
problemautomaticatic,2025-03-12
ShinjisRobotMom,2025-03-12
Square-Marketing-539,2025-03-12
Rough-Finding-1267,2025-03-12
Personal_Set30,2025-03-12
Bruh_Master69,2025-03-12
Ok-Lunch6358,2025-03-12
Crabby677,2025-03-12
Awkward-Meeting3741,2025-03-12
idiomstranslation,2025-03-12
Amazing-Teacher-2139,2025-03-12
gorillagongo,2025-03-12
Trillbeauty231,2025-03-12
GiacomoGames,2025-03-12
Unknownerdude,2025-03-12
divyamagra,2025-03-12
HardWorkerBee,2025-03-12
Many_Topic_5092,2025-03-12
fairnotgood,2025-03-12
Longjumping-Sun-9213,2025-03-12
lunafox999,2025-03-12
Particular-Kiwi5292,2025-03-12
aasaaa11177,2025-03-12
Expert_Marsupial_235,2025-03-12
goregrindguy,2025-03-12
Sadistic_amnesia,2025-03-12
dreamintheforest1,2025-03-12
econicfrog,2025-03-12
DepresssedBluesFan,2025-03-12
Disastrous_Data_9544,2025-03-12
movielover97,2025-03-12
Ok_Stranger_9925,2025-03-12
Malibu77,2025-03-12
butsallycantwait,2025-03-12
dazedwombat,2025-03-12
Alpha8790,2025-03-12
TumbleweedPlus579,2025-03-12
kippller,2025-03-12
_efffy,2025-03-12
JediNikina,2025-03-12
DorethaPolite,2025-03-12
falconbudding,2025-03-12
_Manboy,2025-03-12
stelli666,2025-03-12
Eduarda_Braga444,2025-03-12
music4life6661,2025-03-12
cam-chi,2025-03-12
JakobKardeGaming,2025-03-12
Successful-Moon369,2025-03-12
Objective_Maize4031,2025-03-12
ImaginationDue2191,2025-03-12
HikeSkiHiphop,2025-03-12
DiscountOnly9015,2025-03-12
Weary_Promise2402,2025-03-12
n_morcatti,2025-03-12
ex-adventurer,2025-03-12
Maureen-Biology,2025-03-12
DFM10MIL,2025-03-12
myglasshalfempty,2025-03-13
Expensive-Many-586,2025-03-13
Leifenyat,2025-03-13
Reasonable_Poem5491,2025-03-13
Dapper_Key_5129,2025-03-13
RepublicNorth5033,2025-03-13
MarkDavid20,2025-03-13
Remote_Leopard_4008,2025-03-13
Throwaway00743627,2025-03-13
No-Swing9582,2025-03-13
shnanogans,2025-03-13
Brilliant-Victory505,2025-03-13
Parking_Truck1403,2025-03-13
Redpanda66w,2025-03-13
Successful-Block-454,2025-03-13
soykosi,2025-03-13
Vast-Entrepreneur702,2025-03-13
Indoorsunflowers,2025-03-13
Existing_Rub_6358,2025-03-13
Mean-Specific9766,2025-03-13
Desperate_Truth7190,2025-03-13
concerned_gravy,2025-03-13
Late-Heron1805,2025-03-13
ohokaymybad,2025-03-13
HIbdMA,2025-03-13
Public_Cash_2112,2025-03-13
Automatic_Lynx_2122,2025-03-13
Real_Purchase8052,2025-03-13
Smart_Lawfulness6451,2025-03-13
Left_Shoulder_6865,2025-03-13
Wide_Yoghurt_8312,2025-03-13
unifiedtendies,2025-03-13
Complete-Face9480,2025-03-13
Timely-Foundation162,2025-03-13
N07W4N73D,2025-03-13
TrifOnReddit,2025-03-13
Extreme-Basil9079,2025-03-13
ThrowMEAwaypuh-lease,2025-03-13
toughluck2424,2025-03-13
bemi713,2025-03-13
refunned,2025-03-13
velvet_rebel21,2025-03-13
KindSpray33,2025-03-13
beachybrunette,2025-03-13
Country-gal-08,2025-03-13
anewgaywriter,2025-03-13
BliZZard122112,2025-03-13
Acceptable_Emu8515,2025-03-13
A_British_Villain,2025-03-13
Garo98,2025-03-13
meLone13,2025-03-13
No_Effort_5518,2025-03-13
girlshateme123,2025-03-13
WeekOk9680,2025-03-13
Amazing-Substance859,2025-03-13
NothingGood02,2025-03-13
EnvironmentalTime944,2025-03-13
External_Variety5460,2025-03-13
Key_Construction2036,2025-03-13
Mooncakewizard101,2025-03-13
spike-in-my-heart,2025-03-13
Striking_Remote_1379,2025-03-13
Marsupialenthusiast,2025-03-13
stuntmanicyhot,2025-03-13
PlasticCommissioner,2025-03-13
veryveryfarthrow,2025-03-13
urmyjhope,2025-03-13
Fluid_Seaweed3360,2025-03-13
BulletProofMick,2025-03-13
Mundane_Yesterday_17,2025-03-13
panicattackdog,2025-03-13
BodybuilderIcy9186,2025-03-13
bootsandcoding1986,2025-03-13
VastOutside6197,2025-03-13
FaithlessnessFit4301,2025-03-13
Zestyclose-Essay-891,2025-03-13
PeachKetchup,2025-03-13
Venkirox,2025-03-13
rootsinthemountains,2025-03-13
Jealous-Rough-4018,2025-03-13
Lost-Huckleberry8498,2025-03-13
Remarkable-Type-7364,2025-03-13
One_Eggplant_1397,2025-03-13
MydropAI,2025-03-13
EmmaVly,2025-03-13
TheAlienGamer007,2025-03-13
orion97th,2025-03-13
Alternative_Ad_5633,2025-03-13
Agreeable_World_6442,2025-03-13
kiswyn,2025-03-13
Moist-Definition7891,2025-03-13
Ftse100pr,2025-03-13
UnderstandingFun3379,2025-03-13
FawnFrost,2025-03-13
Same_Psychology2479,2025-03-13
Kitchen-Coconut-4187,2025-03-13
Lost-Salamander1,2025-03-13
Fearless-Variety5532,2025-03-13
Loud_Head_8472,2025-03-13
ddrdusk,2025-03-13
bobafudd,2025-03-13
Global__Amphibian,2025-03-13
Neals0922,2025-03-13
xivi0n,2025-03-13
DiligentlySpent,2025-03-13
Odd_Narwhal_2403,2025-03-13
PurpleHeart9293,2025-03-13
Strict-Ebb-8959,2025-03-13
Imaginary_Mine_6221,2025-03-13
Immobilecarrot5,2025-03-13
lift_laugh_food,2025-03-13
ross_moss,2025-03-13
Time-Golf-1556,2025-03-13
average-data-enjoyer,2025-03-13
BackLivid,2025-03-13
WrongCustomer2002,2025-03-13
balletgirl2020,2025-03-13
cpalm440,2025-03-13
According_Fudge2966,2025-03-13
Prestigious_Iron_270,2025-03-13
hamiltonchristie26,2025-03-13
Mei_Flower1996,2025-03-13
Throwaway--2255,2025-03-13
subbysnacks,2025-03-13
Nikkky7,2025-03-13
JenniferPage,2025-03-13
Specialist_Beyond960,2025-03-13
Longjumping-Scale-92,2025-03-13
Prestigious-Wash4040,2025-03-13
No_Consideration2350,2025-03-13
Collegedropout1904,2025-03-13
Radiskull97,2025-03-13
TR403,2025-03-13
arceus1927,2025-03-13
Round-Mobile9922,2025-03-13
-Cranktankerous-,2025-03-13
Strange_Occasion9722,2025-03-13
Infinite_Selection18,2025-03-13
CoastDeep8868,2025-03-13
pinkfries2,2025-03-13
popstopandroll,2025-03-13
No-Crew-9943,2025-03-13
NeighborhoodLower466,2025-03-13
MyNameAlex99,2025-03-13
nocturnflate,2025-03-13
Vexag0n,2025-03-13
Jellyyyfishsea,2025-03-13
Consistent-Shock-170,2025-03-13
cheesesleaze,2025-03-13
Melodic-World9339,2025-03-13
CandyFlipTherapist,2025-03-13
Apprehensive_King_21,2025-03-13
Chuptp,2025-03-13
Potential-Wear-7778,2025-03-13
summerdream85,2025-03-13
SufficientFront7718,2025-03-13
planner44,2025-03-13
Unhappy_Set8846,2025-03-13
Thatonedude25,2025-03-13
Ivaan2312,2025-03-13
DarkIcy9261,2025-03-13
Easy-Persimmon-5246,2025-03-13
New-Albatross1377,2025-03-13
sootsparkle,2025-03-13
Inevitable_Matter219,2025-03-13
dumpingdates,2025-03-13
Alive_Lab9771,2025-03-13
djhazmatt503,2025-03-13
BarbequeBroski,2025-03-13
Wicked_Weaboo,2025-03-13
RelationshipSea6563,2025-03-13
zambiers,2025-03-13
ConstructiveLongbow,2025-03-13
Rich-Ad5092,2025-03-13
Purple-Dimension1563,2025-03-13
Affectionate_Art3835,2025-03-13
happysunflowerday,2025-03-13
theunusualorthodude,2025-03-13
waiyulion,2025-03-13
KaleidoscopeJust4675,2025-03-13
SoupFoLife,2025-03-13
Subject-Poet1040,2025-03-13
sour-but-sweet,2025-03-13
Any_Relative_4749,2025-03-13
UltraJoyless,2025-03-13
DifficultyCheap,2025-03-13
Beneficial_Run_5838,2025-03-13
igimsomeone,2025-03-13
Ok_Awareness7348,2025-03-13
Distinct_Peach_8401,2025-03-13
Anon_4_a_reason,2025-03-13
Wobbly-Worm987,2025-03-13
SadMall,2025-03-13
Sky_banks,2025-03-13
Loud-Rule-5373,2025-03-13
Due_Cheesecake_719,2025-03-13
paindeja,2025-03-13
Toxiic_Cxrnage,2025-03-13
obring,2025-03-13
CampaignDue5251,2025-03-13
operarose,2025-03-13
mquinx,2025-03-13
GlitteringNight3,2025-03-13
Seamo_Bojamo,2025-03-13
Weak_Lobster_6399,2025-03-13
Natural-Detective450,2025-03-13
Sea-Connection9232,2025-03-13
Alive_Bug_723,2025-03-13
QuartzPO,2025-03-13
QuietEmergency3506,2025-03-13
Aromatic-Party3475,2025-03-13
ProtectionSpare7232,2025-03-13
munirah2000,2025-03-13
imperfecta_ah,2025-03-13
Educational-Tea-463,2025-03-13
Spare_Cat233,2025-03-13
xhellodarlingx,2025-03-13
Sol0019,2025-03-13
GMD007,2025-03-13
Better-Green890,2025-03-13
Simple-y-me,2025-03-13
Tabasco-Fiasco,2025-03-13
Icy_Throwaway27,2025-03-13
FelineHerdsCats,2025-03-13
chrisabulium,2025-03-13
The_Decipher13,2025-03-13
Past-Section-1115,2025-03-13
Ok_Agency8445,2025-03-13
yours_trulyana,2025-03-13
Putrid-Resolution502,2025-03-13
Educational-Shop-852,2025-03-13
Negative_Traffic1626,2025-03-13
henriqueco_,2025-03-13
thehottubtech,2025-03-14
TrainingAd9612,2025-03-14
Whole_Reality9896,2025-03-14
Individual-Ride-4474,2025-03-14
Bass__To__Trout,2025-03-14
Jumpy-Pen-6048,2025-03-14
92pidgeonsinadress,2025-03-14
NattythePirate,2025-03-14
Illustrious_Ask_4154,2025-03-14
Any-Connection4342,2025-03-14
Girafinha123,2025-03-14
Shot-Ad-8388,2025-03-14
HorseTearz,2025-03-14
jsscasIcanh,2025-03-14
lqivie,2025-03-14
Apprehensive_Pay614,2025-03-14
Embarrassed-Duty2813,2025-03-14
MotherJournalist1487,2025-03-14
BlackYellowSnake,2025-03-14
BroadBox7177,2025-03-14
suggabunny,2025-03-14
Low-Club188,2025-03-14
professerwtf,2025-03-14
Macssuckass,2025-03-14
EkneeMeanie,2025-03-14
Efendi__,2025-03-14
RequirementGloomy231,2025-03-14
Ok-Experience-1630,2025-03-14
Big_Cash1457,2025-03-14
compile_and_Conquer_,2025-03-14
dev_from_strawhat,2025-03-14
Confident-Fish2805,2025-03-14
melon_melodie,2025-03-14
Intelligent_Pen8359,2025-03-14
huzzah116,2025-03-14
maggiethenolia,2025-03-14
whiskey8992,2025-03-14
Intelligent-File2028,2025-03-14
Hopeless_wanderer23,2025-03-14
throwquietempl,2025-03-14
Technical_Working729,2025-03-14
WannabeAuthor125,2025-03-14
Educational-Fox4554,2025-03-14
balakrishna1113,2025-03-14
amethyslilac,2025-03-14
Simple-Aspect-649,2025-03-14
Technical-Vehicle542,2025-03-14
Awkward-Laugh-3858,2025-03-14
Pretty-Engine552,2025-03-14
artsystoof,2025-03-14
No-Specialist2799,2025-03-14
Sweaty-Wave6063,2025-03-14
azzy1404,2025-03-14
No-Living3713,2025-03-14
Armored_Soul,2025-03-14
NathanherringASU,2025-03-14
neverknow-007,2025-03-14
Thin_Adhesiveness479,2025-03-14
Mammoth-Site5667,2025-03-14
Realistic_Good9329,2025-03-14
Superb_Course5173,2025-03-14
Legitimate_Goat_3854,2025-03-14
bumbelbee_21,2025-03-14
No_Stay9119,2025-03-14
Limp-Lingonberry-528,2025-03-14
New_Salamander5045,2025-03-14
starmassive,2025-03-14
Elmi8899,2025-03-14
wanderingsoul8478,2025-03-14
Disastrous_Reach_397,2025-03-14
Simo-433,2025-03-14
Expert-Barnacle-1588,2025-03-14
Visionarymillionaire,2025-03-14
Electronic_Nerve_732,2025-03-14
Ill-Elevator8840,2025-03-14
Excellent_Nose_5246,2025-03-14
La_dreams94,2025-03-14
Tall-Cauliflower2948,2025-03-14
millsnell_2,2025-03-14
dee_writess,2025-03-14
Sadcw,2025-03-14
onenametwonames,2025-03-14
Wild_Degree_8885,2025-03-14
Ok_Increase8742,2025-03-14
RadiantAlchemist,2025-03-14
Current_Meaning_7478,2025-03-14
bonervibe,2025-03-14
TheLazyLobOn,2025-03-14
RanSwonson,2025-03-14
These_Permission8488,2025-03-14
Level_Writer_9716,2025-03-14
Financial-Alps-4974,2025-03-14
Illustrious_Tea153,2025-03-14
InternetPretend4003,2025-03-14
Vegetable_Bell8380,2025-03-14
Worldly_Street_3675,2025-03-14
Curls_queen,2025-03-14
weeping_mira,2025-03-14
SnowNormal,2025-03-14
Adept_Data_6153,2025-03-14
BlueTransponster,2025-03-14
Puzzleheaded_Army392,2025-03-14
takenpandora_,2025-03-14
Cook99991,2025-03-14
LongIslandGuy727,2025-03-14
anpa7992,2025-03-14
ApprehensivePage3269,2025-03-14
PupperNymeria,2025-03-14
Southern-Top8234,2025-03-14
anon_806,2025-03-14
Fast_Inspector_8368,2025-03-14
DevilRudeBoy,2025-03-14
Speedwolf89,2025-03-14
Remarkable-Smile1142,2025-03-14
Icy_Independence8781,2025-03-14
dougheff28,2025-03-14
Glum_Slice_3913,2025-03-14
Gullible_Part_7768,2025-03-14
Economy-Plankton-007,2025-03-14
blindandmutecelery,2025-03-14
BuyDisastrous4121,2025-03-14
Motor_Anteater_8865,2025-03-14
illustrioos,2025-03-14
krushitha06,2025-03-14
guysellinglegos,2025-03-14
SnooShortcuts3581,2025-03-14
BigTreyRacks,2025-03-14
Ok_Discussion_6099,2025-03-14
Unfair_Problem_1384,2025-03-14
Ok-Direction1215,2025-03-14
RepulsiveShower4532,2025-03-14
sendnoods12345,2025-03-14
paopaohtx,2025-03-14
Sad_Dragonfruit_756,2025-03-14
_d_ealer,2025-03-14
akkosetto1,2025-03-14
Shhimer,2025-03-14
Regular_Marsupial571,2025-03-14
Remarkable-Bear655,2025-03-14
Foolsspring,2025-03-14
xm0rethanaliv,2025-03-14
hiremehelper,2025-03-14
Puzzled_Ad7812,2025-03-14
dicerollingprogram,2025-03-14
Sad_Butterscotch7063,2025-03-14
Megalodon_sharks,2025-03-14
alynmiranda,2025-03-14
faceofaneagle,2025-03-14
Stoopidwoopid,2025-03-14
12-wats,2025-03-14
Survey-Organic,2025-03-14
interviuu,2025-03-14
Obamas_Musty_Feet,2025-03-14
moofmiser,2025-03-14
Fit_Discussion_9088,2025-03-14
Medics10,2025-03-14
sugabeetus,2025-03-14
DevilDogLover,2025-03-14
queen_stringbean,2025-03-14
Lunakawaiikai,2025-03-14
Training_Situation93,2025-03-14
Excellent-Leading-17,2025-03-14
ProfessionalFlow6663,2025-03-14
FancyEnvironment2071,2025-03-14
lostsoul_upsc,2025-03-14
CoatiSnout,2025-03-14
Odd_Sandwich150,2025-03-14
Worried_Radish_1187,2025-03-14
unknown-_-87,2025-03-14
AcanthisittaDry357,2025-03-14
Forsaken-Bug-8395,2025-03-14
GloomyAssumption4242,2025-03-14
NTPCon,2025-03-14
ComfortablePlay3103,2025-03-14
Long-Hunter5825,2025-03-14
Aromatic-Hippo9624,2025-03-14
dax812,2025-03-14
Pandread,2025-03-14
Patient-Stomach2984,2025-03-14
EaseLeft6266,2025-03-14
mind_tree,2025-03-14
Mountain-Rate-9663,2025-03-14
niminoid,2025-03-14
RagingPain,2025-03-14
Longjumping_File7647,2025-03-14
SystemEfficient1077,2025-03-14
Low-Equivalent-3503,2025-03-14
contribution22065,2025-03-14
lovelyphishy50217,2025-03-14
chractormaxmargodale,2025-03-14
tech_doctor25,2025-03-14
SeaworthinessFew9971,2025-03-14
SnooPeripherals1420,2025-03-14
nish_8826,2025-03-14
New-Construction8289,2025-03-14
Classic-Session-3490,2025-03-14
Crazy_Individual_814,2025-03-14
Old_Dust9310,2025-03-14
SligoIV,2025-03-14
Mountain_Fisherman94,2025-03-14
ResponsibleDiver8497,2025-03-14
Cuzate,2025-03-14
Current_Tadpole5665,2025-03-14
IndividualEven1114,2025-03-14
pumpkinwater69,2025-03-14
CoastalFlipper,2025-03-14
distalented,2025-03-14
nicolas1324563,2025-03-14
Sybertron,2025-03-14
Iceman55679,2025-03-14
killakueen,2025-03-14
Bstein2602,2025-03-14
Zhobin2000,2025-03-14
CEO_LARRY,2025-03-14
sadlamb1001,2025-03-14
Foreign-Visual-5439,2025-03-14
Upper_Glass8652,2025-03-14
HardWorker6677,2025-03-14
No-Wrongdoer-436,2025-03-14
Altruistic-North6686,2025-03-14
YesterdayNeither3541,2025-03-14
FeetBehindHead69,2025-03-14
RevolutionaryFix4451,2025-03-14
Hot-Ad-7278,2025-03-14
blackhelio,2025-03-14
No_Concentrate3867,2025-03-14
Lanky-Hovercraft-774,2025-03-14
Intelligent_News4433,2025-03-14
Best_Membership_3809,2025-03-14
Practical-Study-8545,2025-03-14
Laroxide,2025-03-14
tobalthedoubtful,2025-03-14
Eastern-You5507,2025-03-14
RemarkableJob1428,2025-03-14
Emotional_Nature_898,2025-03-14
Grouchy_Ad4521,2025-03-14
Wooden-Location-8227,2025-03-14
phantomloe,2025-03-14
Western_Let_3680,2025-03-15
One-Squirrel2888,2025-03-15
RemarkableCarob2682,2025-03-15
Few_Awareness753,2025-03-15
Pharaohz__,2025-03-15
BIG420TOKER,2025-03-15
yuki10291900,2025-03-15
kerryblue1111,2025-03-15
Tanveerb_17,2025-03-15
labomboclatt,2025-03-15
HoldAdministrative85,2025-03-15
Sealord1101,2025-03-15
lwt963,2025-03-15
AumShinrikyoDawg,2025-03-15
ThrowRAWildJ,2025-03-15
Subject-Air272,2025-03-15
bdanksy,2025-03-15
TsoiViktor,2025-03-15
iamthesquidinator,2025-03-15
nm811,2025-03-15
sagenter,2025-03-15
Omalicha_oma,2025-03-15
EstateScared8135,2025-03-15
sinkholesiren,2025-03-15
DesperateChicken1342,2025-03-15
This_Pumpkin_8958,2025-03-15
InitiativeRough9935,2025-03-15
sidh2429,2025-03-15
TaserFaaaaace,2025-03-15
bbyangelss,2025-03-15
IllustriousSignal853,2025-03-15
lexierynn,2025-03-15
Worth-Panic7338,2025-03-15
parkerbuhler1010,2025-03-15
steeviebigwood,2025-03-15
GrabWeak2692,2025-03-15
Toriku_,2025-03-15
username_cant_find,2025-03-15
ReporterPrior4930,2025-03-15
Didun1,2025-03-15
its_kWAssANH_mate,2025-03-15
RisingxRenegade,2025-03-15
LimpAd2020,2025-03-15
Haunting931,2025-03-15
Klutzy-Musician7527,2025-03-15
Ok_Pen4842,2025-03-15
Ok_Albatross_9032,2025-03-15
Lefty_Gamer,2025-03-15
paper-t1ger,2025-03-15
skivviespeach,2025-03-15
Porter1822,2025-03-15
Fit_Consequence_4815,2025-03-15
Optimal_Ad_9427,2025-03-15
Nitesh-Sky-8559,2025-03-15
Bighomies,2025-03-15
Over-Investigator21,2025-03-15
Successful-Tea4521,2025-03-15
babyyoda2768,2025-03-15
TheVictorGonzalezz,2025-03-15
Equity76,2025-03-15
BeeDismal1968,2025-03-15
MinuteRelease3967,2025-03-15
Active-Commission-78,2025-03-15
Ok_Window1496,2025-03-15
Various_Caramel_5773,2025-03-15
bhaiheavyhai,2025-03-15
Dazzling_Front663,2025-03-15
Arkosal,2025-03-15
Practical_Aerie601,2025-03-15
Proper-Character6979,2025-03-15
Anonym0us_amongus,2025-03-15
BarberCritical1672,2025-03-15
Confident-Judge-7065,2025-03-15
techcapitales,2025-03-15
2xxChromosome,2025-03-15
RearEngineer,2025-03-15
GPT69S,2025-03-15
MileiMePioloABeluche,2025-03-15
ValuableForever672,2025-03-15
Alex__Editzzz,2025-03-15
Single_Insect_9716,2025-03-15
ImpressiveDust1907,2025-03-15
satyamevajayate8,2025-03-15
RemarkableIncrease75,2025-03-15
givemeadayortwo,2025-03-15
Guilty-Lettuce9315,2025-03-15
mcan865,2025-03-15
Matt_The_Programmerx,2025-03-15
WildCanary999,2025-03-15
ignorantgal5,2025-03-15
Silly-Shop-6282,2025-03-15
Pls_gimmemoney,2025-03-15
daniel-coffee-lover,2025-03-15
According-Sale404,2025-03-15
TRCownage,2025-03-15
Wendyswork,2025-03-15
One-Spell5119,2025-03-15
Proof_Relationship38,2025-03-15
One_House2953,2025-03-15
YourNameHere7777,2025-03-15
Appropriate_Cry_885,2025-03-15
New_Pomelo6652,2025-03-15
DoctorEducational362,2025-03-15
Confident_Act_135,2025-03-15
welpustwoaswersurvey,2025-03-15
himanshu_shekrr,2025-03-15
immortalgod6,2025-03-15
Acrobatic_Taro5750,2025-03-15
whitecheeder,2025-03-15
12lamy2,2025-03-15
Deep-Seat-3704,2025-03-15
Tough-Watercress-238,2025-03-15
SpareOdd9623,2025-03-15
Internal-Extension18,2025-03-15
rianasworld,2025-03-15
True_Piano_9805,2025-03-15
defnot_hedonismbot,2025-03-15
-DreamLight-,2025-03-15
Square-Pen638,2025-03-15
hereforallthis,2025-03-15
ShadyFox2003,2025-03-15
doubtersdisease,2025-03-15
FiremanL9,2025-03-15
New_Day_8950,2025-03-15
Slim-Halpert,2025-03-15
Irfannvs,2025-03-15
Ok_Honeydew9563,2025-03-15
EchoSeveral6393,2025-03-15
Candid-Ad2271,2025-03-15
Celessia121,2025-03-15
throwaway_4today2021,2025-03-15
OstrichObserver,2025-03-15
EvilSilentBob,2025-03-15
sickaffair,2025-03-15
Designer_Detail9875,2025-03-15
lowkeybaddiee,2025-03-15
SecondOk9167,2025-03-15
Squatez,2025-03-15
Distinct-Prune-849,2025-03-15
Conscious-Deer-7339,2025-03-15
Cool_Aardvark_8964,2025-03-15
MeanReputation5238,2025-03-15
ricardo45237,2025-03-15
Calm_Penalty_6517,2025-03-15
inyour_123,2025-03-15
CucumberOtherwise959,2025-03-15
Klutzy-Part-5813,2025-03-15
Silly_Confidence_315,2025-03-15
Throw_away_8494,2025-03-15
Regular_Feed_1187,2025-03-15
Such_Entrepreneur567,2025-03-15
crunchysoups,2025-03-15
georgiaermm,2025-03-15
Aware-Novel-3984,2025-03-15
Feisty-Return-2280,2025-03-15
WeekLate7551,2025-03-15
_mommatwendyyyyy,2025-03-15
WatercressIcy4491,2025-03-15
New-Trash-7685,2025-03-15
Silentced,2025-03-15
FindingOk1657,2025-03-15
Broke_Seller,2025-03-15
Responsible-Bird-323,2025-03-15
pazthawe,2025-03-15
whoisdmev,2025-03-15
Sunny1-5,2025-03-15
Puzzled-Lie3906,2025-03-15
funkydunkin,2025-03-15
Treetronkk,2025-03-15
banned_boyz,2025-03-15
violetcuteweather420,2025-03-15
Dismal-Crow-6638,2025-03-15
GoochGoblinn,2025-03-15
violagirl14,2025-03-15
mgale764,2025-03-16
New-Avalanche,2025-03-16
Fun-Butterscotch8605,2025-03-16
No-Place5865,2025-03-16
Past-Midnight1018,2025-03-16
jzjhill,2025-03-16
rue2mars,2025-03-16
Aggravating_Ad6948,2025-03-16
fjskfis,2025-03-16
Swimming-Owl3260,2025-03-16
Much_Duck6862,2025-03-16
Pretty-Peasant89,2025-03-16
shalm12,2025-03-16
Unlucky_Bug_3426,2025-03-16
HollowXSpirit,2025-03-16
Unique-Bit-2209,2025-03-16
StockWoodpecker4564,2025-03-16
Trick-Department-977,2025-03-16
Background_Scene4540,2025-03-16
Glum-Alarm-1996,2025-03-16
Civil-Cabinet7180,2025-03-16
Cultural_Bill_9900,2025-03-16
Karmadoesitright,2025-03-16
ZertleTurtle,2025-03-16
friedchickensflying,2025-03-16
2021brokenever,2025-03-16
GoatEatsSalt,2025-03-16
Careful-Trouble5320,2025-03-16
BeneficialCitron1597,2025-03-16
Muted-Scene-5871,2025-03-16
ItsColdWhenItRains,2025-03-16
Critical_Squash8444,2025-03-16
Silly-Specialist6042,2025-03-16
No_Number_1991,2025-03-16
GymTech_Thrillseeker,2025-03-16
Soviet_Garfield,2025-03-16
Known-Importance-545,2025-03-16
Tasty-Association758,2025-03-16
More-Promise6004,2025-03-16
ash_theperson,2025-03-16
q_1101010,2025-03-16
Local_Union_4413,2025-03-16
Commercial_War7872,2025-03-16
Character_Dot_7126,2025-03-16
KidneyOil,2025-03-16
howoldamitoday,2025-03-16
Extension_Time931,2025-03-16
dxariannj,2025-03-16
Lovelinux515,2025-03-16
shzop,2025-03-16
Exact-Kale-5714,2025-03-16
Leading_Wallaby4695,2025-03-16
Sentraa-1,2025-03-16
This-Jacket6636,2025-03-16
Maleficent-Profit630,2025-03-16
Worried-Menu-9991,2025-03-16
SuddenGap6278,2025-03-16
KleistermeisteRr,2025-03-16
Michele_Tangelo,2025-03-16
Impossibly_Great,2025-03-16
MuchDirector1384,2025-03-16
Nice-Permit-4486,2025-03-16
fraudgamer,2025-03-16
ConstantWhereas9736,2025-03-16
TroublingEggi,2025-03-16
AvailableTree7346,2025-03-16
sandychans,2025-03-16
Dependent-Disaster62,2025-03-16
Logical-Employment23,2025-03-16
iwannabe_gifted,2025-03-16
LawOfMentalism,2025-03-16
BattingBison,2025-03-16
Ok_Design_705,2025-03-16
littlebeanio,2025-03-16
Icy_Historian_1430,2025-03-16
icantgetgood,2025-03-16
UnafraidScandi,2025-03-16
Salt_Locksmith4953,2025-03-16
Plus-Economist-1429,2025-03-16
knowledgehub-xyz,2025-03-16
GetAllJob,2025-03-16
No-Hurry2777,2025-03-16
Inevitable_Pass_1227,2025-03-16
Intelligent_Exam4941,2025-03-16
Public_Lawfulness835,2025-03-16
pinkwave3,2025-03-16
ManyAir8925,2025-03-16
Ambitious_Spot_4859,2025-03-16
CelebrationClean4317,2025-03-16
MyHeadIsFullOfFuck,2025-03-16
AwareRefrigerator257,2025-03-16
Ancient_Command644,2025-03-16
ConfusionUsual2488,2025-03-16
zbrnwsk_nsf,2025-03-16
keen_observer34130,2025-03-16
Brown_Butter_4586,2025-03-16
battosaimanslayer,2025-03-16
Candid_Reality_1342,2025-03-16
WhiteMonsterLover,2025-03-16
Kingmarvelfan,2025-03-16
Adventurous_Pen_9946,2025-03-16
Alternative-Shine920,2025-03-16
boyd4715,2025-03-16
digitalmarket081,2025-03-16
LooseEvening998,2025-03-16
Fluid_Outside8205,2025-03-16
Wauwaiiiiiii,2025-03-16
InternationalSale879,2025-03-16
lingse1ena,2025-03-16
BruslinAbishek,2025-03-16
ComfortableChannel13,2025-03-16
bulb_light_black,2025-03-16
Future-Medspa-Owner,2025-03-16
EPIC_GAME_0,2025-03-16
ProfessionalIll8237,2025-03-16
Emotional_Base8244,2025-03-16
Alternative_Set_6896,2025-03-16
Brilliant-Youth6043,2025-03-16
Primary_Flatworm_580,2025-03-16
Hilljennifere,2025-03-16
CommunicationMain741,2025-03-16
Negative-Boot6396,2025-03-16
Ok-Relationship-1863,2025-03-16
Even-Log4213,2025-03-16
Radiant_Suspect_5213,2025-03-16
Class-Man,2025-03-16
Emergency_Plenty_127,2025-03-16
caraw_,2025-03-16
Admirable_Eagle_5060,2025-03-16
AdRelative6370,2025-03-16
DifferentSnow2979,2025-03-16
Adventurous-View4831,2025-03-16
Sea-Distribution-509,2025-03-16
TomatoOk8179,2025-03-16
countryshopper,2025-03-16
Heavy-Sun-8332,2025-03-16
KookyInvestigator519,2025-03-16
Old-Business-9760,2025-03-16
santasofa,2025-03-16
Technical_Morning967,2025-03-16
decorawerewolf,2025-03-16
Existing_Switch_4995,2025-03-16
Master-Debate9464,2025-03-16
rIAnKLiawAYERiU,2025-03-16
ElevateXP,2025-03-16
benjohnston93,2025-03-16
OtherwiseAd1185,2025-03-16
forest9191,2025-03-16
Argothea,2025-03-16
HallFantasticG,2025-03-16
fyrecracker,2025-03-16
RiseWest8283,2025-03-16
NatalieJess07,2025-03-16
Prestigious_Bar2300,2025-03-16
Just_Vegetable422,2025-03-16
Available_Ring6115,2025-03-16
agirlnextdoor-,2025-03-16
SamiToCheBalaei,2025-03-16
PeacefulGuy663,2025-03-16
DazzlingAnimator6519,2025-03-16
Evening_Return5921,2025-03-16
Cool_Science3928,2025-03-16
Drommerii,2025-03-16
Gh0stintheblunt,2025-03-16
ssBrother,2025-03-17
hagen768,2025-03-17
Shasmile,2025-03-17
awayyy6371,2025-03-17
saam55,2025-03-17
DebtCompetitive5507,2025-03-17
notsobadgaldesiqueer,2025-03-17
GooniesClub,2025-03-17
RegiReiMu,2025-03-17
B_o_x_u,2025-03-17
hope_19_0,2025-03-17
OzcarOzzy,2025-03-17
Kitchen_House_8874,2025-03-17
Themermaid81,2025-03-17
brxce01,2025-03-17
Tdni19,2025-03-17
CimplyRavishing,2025-03-17
Forsaken-Tap-6131,2025-03-17
Icy-Pollution4513,2025-03-17
girlwholocks,2025-03-17
Filzstift1,2025-03-17
Organic-Thanks-2145,2025-03-17
Rangoon-queen,2025-03-17
AnyChemistry5856,2025-03-17
Mediocre-Scholar2264,2025-03-17
Lynnexi,2025-03-17
Prize-Television-691,2025-03-17
poopcornified,2025-03-17
Lost-Fly-2155,2025-03-17
Myss25,2025-03-17
Worth-Ad2878,2025-03-17
pandababy28,2025-03-17
TopWestern8381,2025-03-17
Plastic_Ad4464,2025-03-17
Baguetele,2025-03-17
Big_Signal_3563,2025-03-17
Party-Soil-2915,2025-03-17
Embarrassed-Flan2650,2025-03-17
Agent637483,2025-03-17
spacebud19,2025-03-17
DrHattan,2025-03-17
CandleWax_76,2025-03-17
No-Worldliness-4740,2025-03-17
chandu26,2025-03-17
Electrical_Rope4870,2025-03-17
yatesholland,2025-03-17
fret-less,2025-03-17
Rx_Kid,2025-03-17
Single_Chocolate_871,2025-03-17
Zibbidiboo,2025-03-17
abirdsface,2025-03-17
Kukurekapoo,2025-03-17
PIXELL-X,2025-03-17
BlackRoseRosie,2025-03-17
fc900r_brown,2025-03-17
Apprehensive-Week395,2025-03-17
iwaizumii,2025-03-17
he4amoch,2025-03-17
Dependent_Lime_9350,2025-03-17
Ok_Ideal9442,2025-03-17
FunnyPreference8831,2025-03-17
redguard128,2025-03-17
kaiju08007,2025-03-17
Head-Accountant4062,2025-03-17
LynxParty6680,2025-03-17
cburling,2025-03-17
Wise_Slice6513,2025-03-17
depressedrose123,2025-03-17
TheChungeler,2025-03-17
knayam,2025-03-17
EnvisionLBV,2025-03-17
izmenimdg,2025-03-17
Dare-28,2025-03-17
Dazzling_Natural9874,2025-03-17
Positive-Row-9628,2025-03-17
caricaturique,2025-03-17
TheOnlyNora,2025-03-17
Glass_Poet3855,2025-03-17
FindingOutrageous722,2025-03-17
SmartPEG,2025-03-17
An-Imaginarium,2025-03-17
TripleOGShadow,2025-03-17
viatrophy997,2025-03-17
Past-Examination4855,2025-03-17
Krampus1124,2025-03-17
Lekitek,2025-03-17
boringday098,2025-03-17
CartographerTall4567,2025-03-17
Simplegamer3720,2025-03-17
Fkimg1,2025-03-17
danblogger7,2025-03-17
shebitelikedimitresc,2025-03-17
Dependent_Comfort756,2025-03-17
FearlessLecture6429,2025-03-17
Opening-Quality8501,2025-03-17
Dr_acko,2025-03-17
Fit-Concert263,2025-03-17
Ok-Scientist-8916,2025-03-17
Hisham_999,2025-03-17
yuvi2024,2025-03-17
vectormath4567,2025-03-17
Internal-Turn-6151,2025-03-17
fisalo,2025-03-17
DavesNotHere81,2025-03-17
ThanksSpiritual3435,2025-03-17
Electronic_Tank_7630,2025-03-17
Aliciasadoick,2025-03-17
Livid-Amphibian7508,2025-03-17
Whole-Vacation2864,2025-03-17
yukaidong,2025-03-17
Commercial-Donut2069,2025-03-17
MHC_Class_II,2025-03-17
ChildhoodSame5686,2025-03-17
ParsleySageRosemary0,2025-03-17
Total_Narwhal3030,2025-03-17
HiCam16,2025-03-17
NaughtyLaw,2025-03-17
Optimal-Builder9448,2025-03-17
erossonu,2025-03-17
halfeatenchickenwing,2025-03-17
Unlikely-Bluejay540,2025-03-17
Striking_Level2947,2025-03-17
Ndoch,2025-03-17
throwawayfluffins,2025-03-17
RrentTreznor,2025-03-17
Powerful_Rhubarb_405,2025-03-17
DataMiner333,2025-03-17
tehkobalt,2025-03-17
blue1ismycity,2025-03-17
Proper-Locksmith8697,2025-03-17
DusterLove,2025-03-17
Remarkable-Copy-388,2025-03-17
SadCrew5317,2025-03-17
cinnamonnbunz,2025-03-17
East_Transition9564,2025-03-17
Character_Big_7955,2025-03-17
Psychological_Duck_,2025-03-17
TxOkLaVaCaTxMo,2025-03-17
Pri2018,2025-03-17
Exotic_Researcher279,2025-03-17
Iamgoddess13,2025-03-17
East-Context9644,2025-03-17
AshIsStillTrash,2025-03-17
PositiveEditor640,2025-03-17
Vegetable_Bed12,2025-03-17
AbbreviationsWeak707,2025-03-17
Bulky-Exam-2771,2025-03-17
project_vayne,2025-03-17
Lock-and-load,2025-03-17
SmegmaAndCrackerz,2025-03-17
RavagedTwink,2025-03-17
Internshipsoffer,2025-03-17
honey-greek-yogurt,2025-03-17
EndNo2821,2025-03-17
curiousrabbid,2025-03-17
Most-Vermicelli4225,2025-03-17
downeastah207,2025-03-17
SpringForeward,2025-03-17
redditorjim2,2025-03-17
Iheartironman7,2025-03-17
Known_Age1971,2025-03-17
janus_labs,2025-03-17
FelixDeCat1969,2025-03-17
Chase_is_here,2025-03-17
Superb-Cheetah-2812,2025-03-17
pato_morris,2025-03-17
unknown333artist,2025-03-17
yesrodmon,2025-03-17
Fun-This,2025-03-17
Inside-Cover5660,2025-03-17
farmergirl60,2025-03-17
BabyYodaStuntDouble,2025-03-17
anxiousextra,2025-03-17
crazysteve18,2025-03-17
sheetsAndSniggles,2025-03-17
meet1809,2025-03-17
mrnalgitas,2025-03-17
Adventurous_Front506,2025-03-17
Particular_Hat_382,2025-03-17
Longjumping_Bat1311,2025-03-17
cheeseburgermachine,2025-03-17
PrimateOfGod,2025-03-17
StillPurpleDog,2025-03-17
Ok-Stand-3173,2025-03-17
Unlucky-Cucumber1922,2025-03-17
raging_initiate1of3,2025-03-17
throwaway578985,2025-03-17
skippM3,2025-03-17
An0nym0uslyFaithe,2025-03-17
DifferentOrder5349,2025-03-17
Potential_Subject112,2025-03-17
Far_Championship798,2025-03-17
ReadyRadio5913,2025-03-17
DigElectrical1663,2025-03-17
Plane_District1059,2025-03-17
Hungry_Run_482,2025-03-17
M477M4NN,2025-03-17
RichBaby23,2025-03-17
ThrowRagirlasking,2025-03-17
GetHustling,2025-03-17
bopboopbip,2025-03-17
Forward-Impress9573,2025-03-17
2_Revolvers_1_Ocelot,2025-03-17
siamezc,2025-03-17
NaomiA_,2025-03-17
petresslover,2025-03-17
witcher_gvf,2025-03-17
No-Voice7607,2025-03-17
tesseracts,2025-03-17
keyboard_squire,2025-03-17
Empty-Crab7230,2025-03-17
Quiet-Astronaut-1745,2025-03-17
dodo_004,2025-03-17
dev-guy-100,2025-03-17
LimeRepulsive7043,2025-03-17
meowmeowgoyangi,2025-03-17
EnigmaticK5,2025-03-17
Desperate-Age8589,2025-03-17
Available_Ad7801,2025-03-17
Acrobatic-Baby2668,2025-03-17
DiscombobulatedCat82,2025-03-17
Sunshae_,2025-03-17
National_Cattle_6952,2025-03-17
EyeMiserable7717,2025-03-17
MindblowingPetals,2025-03-17
splurgemcgee,2025-03-17
RoundRest4289,2025-03-17
trainedwreck20,2025-03-17
Cute_Tumbleweed3752,2025-03-17
Plenty-Treacle-2685,2025-03-17
Turbulent_Bug2942,2025-03-17
Airina-yokai,2025-03-17
sca727,2025-03-17
Beneficial_Minute421,2025-03-17
Independent-Yam6430,2025-03-17
LightningBro95,2025-03-17
Special_Weather_3329,2025-03-17
Quack_Dealer94,2025-03-17
unfiltereddz,2025-03-17
Top-Till2283,2025-03-17
HelpLiving4695,2025-03-17
Good_Human1996,2025-03-17
BowlerPossible400,2025-03-17
nath_rv,2025-03-17
Leading_Scarcity_815,2025-03-17
webbed_feets,2025-03-17
miseryknight,2025-03-17
joceleanc,2025-03-17
LikeATamagotchi,2025-03-17
TopNotchGear,2025-03-17
Temporary_One20,2025-03-17
Gold-Instance4783,2025-03-18
johnjoez,2025-03-18
YungSwayOoK,2025-03-18
Striking-Paper3017,2025-03-18
helicopterrz0,2025-03-18
CTRL-F18,2025-03-18
PuzzleheadedWeird402,2025-03-18
Old-Calligrapher8497,2025-03-18
Voidspear,2025-03-18
Several-Shine7834,2025-03-18
FearfulSlug,2025-03-18
YFYeFeng,2025-03-18
loverDaajee,2025-03-18
PsychologicalWish929,2025-03-18
FewAd2106,2025-03-18
pjdio99,2025-03-18
NoUse1986,2025-03-18
Reasonable_Fly_9687,2025-03-18
KatKosplays,2025-03-18
Bulky_Masterpiece_20,2025-03-18
Automatic_Finding145,2025-03-18
madamebutterfligh,2025-03-18
MelonBluez_26,2025-03-18
Over-Dig3199,2025-03-18
closetmonsterxx,2025-03-18
alemaz,2025-03-18
AniRedd,2025-03-18
Equivalent_Study5679,2025-03-18
Slugclub50,2025-03-18
ririyunari,2025-03-18
SuddenInteraction269,2025-03-18
KBukauskas,2025-03-18
Dmr514,2025-03-18
kittykatluva,2025-03-18
According-Farmer-268,2025-03-18
PapaServo,2025-03-18
SM0201,2025-03-18
Wen2Go,2025-03-18
tgihenry,2025-03-18
Yourgirlmandyborbon,2025-03-18
Resident_Manager_682,2025-03-18
kenchu666,2025-03-18
Prudent_Fee_1852,2025-03-18
SaaSFounder01,2025-03-18
Excellent_Plum_1024,2025-03-18
Prestigious-Nail9375,2025-03-18
Cute-Traffic9679,2025-03-18
jtxcode,2025-03-18
Nervous_Lead_725,2025-03-18
DoggieonYT,2025-03-18
Defiant_War8030,2025-03-18
Nefetiri,2025-03-18
insightbuddy,2025-03-18
drk-wrld,2025-03-18
Excellent_Status330,2025-03-18
Miserable-Board-2448,2025-03-18
nvntexe,2025-03-18
Easy_Feedback550,2025-03-18
itsthewolfe,2025-03-18
DoritosUnderPressure,2025-03-18
copeninja_69,2025-03-18
catmeowmreow,2025-03-18
ExplanationOk6930,2025-03-18
Ok_Ask9404,2025-03-18
lunarvenusian13,2025-03-18
s-s-w-,2025-03-18
Foreign-Kick-3313,2025-03-18
Tinfox815,2025-03-18
While_Error_404_,2025-03-18
Advanced-Nebula-5438,2025-03-18
Odd-Experience2795,2025-03-18
Separate_Wall8315,2025-03-18
itsnotme1997,2025-03-18
GoNYR1,2025-03-18
HighlightOwn9705,2025-03-18
Funmilolar,2025-03-18
Unusual_Funny9010,2025-03-18
whitemustangs,2025-03-18
No_Big5843,2025-03-18
Double_Extension_392,2025-03-18
Fit-Economist392,2025-03-18
Sea_Two8482,2025-03-18
HumanShaggyDog,2025-03-18
Legendary2910,2025-03-18
AmbitiousFox4602,2025-03-18
kimchimonsters,2025-03-18
SetBusy9012,2025-03-18
alamusica,2025-03-18
Any_One_9667,2025-03-18
MoonlitDystopia,2025-03-18
ChildTickler69,2025-03-18
HeydaRla87,2025-03-18
Effective_Hamster241,2025-03-18
Fit_Independence5498,2025-03-18
Carmichael_98,2025-03-18
SnooCookies2396,2025-03-18
AnyWait6443,2025-03-18
No-Opportunity-508,2025-03-18
Affectionate_Comb319,2025-03-18
Beneficial_Extent282,2025-03-18
brunomarkes23,2025-03-18
No-Librarian3627,2025-03-18
Litfeel,2025-03-18
Yash12patre,2025-03-18
Resident_Diamond_614,2025-03-18
Logical_Fig_3852,2025-03-18
RutabagaOdd,2025-03-18
Holiday_Employ8226,2025-03-18
funnyguy135,2025-03-18
Dgrodow,2025-03-18
Anarcho-anxiety,2025-03-18
Adventurous-Pack-670,2025-03-18
BuyCandid4515,2025-03-18
KarlKlngOfDucks,2025-03-18
Hairy_Studio_4644,2025-03-18
Healthy_Shake_3519,2025-03-18
Louis_mv,2025-03-18
Pure_Professional883,2025-03-18
Relative-Clue3577,2025-03-18
edavid1001,2025-03-18
Fluid_Ad_2278,2025-03-18
Fuzzy_Watercress_382,2025-03-18
lkg123456,2025-03-18
AdRepulsive8766,2025-03-18
Ill-Peace-6271,2025-03-18
Choice_Garlic5367,2025-03-18
Potential-Car-9109,2025-03-18
Creatusss,2025-03-18
Queasy-End9029,2025-03-18
No_Adagio_4550,2025-03-18
Frequent_Horse_403,2025-03-18
Setthegodofchaos,2025-03-18
FearlessReputation20,2025-03-18
Reasonable_Sea4795,2025-03-18
OneCheekyOtter,2025-03-18
What-If-Bax,2025-03-18
lily-jn,2025-03-18
walkemdownandkissem,2025-03-18
MaintenanceOk5306,2025-03-18
Big_Juice_9111,2025-03-18
imjkperson11,2025-03-18
MM-O-O-NN,2025-03-18
GeneralTsao_Turkey,2025-03-18
armine0990,2025-03-18
PlasticWorth2398,2025-03-18
lost_in_thoughts__,2025-03-18
Ravi_104,2025-03-18
GreenEggsNSam23,2025-03-18
TrappedandCold,2025-03-18
IronPlateWarrior,2025-03-18
MrSketchy23,2025-03-18
creamyfresas,2025-03-18
Ok_Passenger3775,2025-03-18
jeffers0n_steelflex,2025-03-18
InternStatus447,2025-03-18
AuWolf19,2025-03-18
dfish2121,2025-03-18
renniehaylock,2025-03-18
Boredouttamymynd,2025-03-18
datfknandy,2025-03-18
FatBoiShawn,2025-03-18
Most_Vegetable9455,2025-03-18
Character-Many-5562,2025-03-18
United_Role,2025-03-18
Virtual_Interview984,2025-03-18
TalentWise23,2025-03-18
No-Poet7854,2025-03-18
LegalGround8394,2025-03-18
Minimum-Drop9717,2025-03-18
Unlucky_Eye_7689,2025-03-18
B-radfromMalibootay,2025-03-18
LittleCod7013,2025-03-18
No-Strawberry9680,2025-03-18
lily-is-silly,2025-03-18
mdivan,2025-03-18
s2gphan,2025-03-18
wessamarie,2025-03-18
museandcreator,2025-03-18
chenzy12,2025-03-18
brierfyeee,2025-03-18
calflores15,2025-03-18
Ambitious-Memory8367,2025-03-18
Difficult-Abies-1557,2025-03-18
OnlyAssistant7094,2025-03-18
Dangerous-Help8641,2025-03-18
RevolutionEntire1330,2025-03-18
Electronic-Gap-2935,2025-03-18
KenB1ock43,2025-03-18
jk_teimuge,2025-03-18
R3mbolt,2025-03-18
JerryJefferson67,2025-03-18
IcarusKen,2025-03-18
ElectricZombee,2025-03-18
Frequent-Fix5798,2025-03-18
Historical_Date_3923,2025-03-18
ThrowRa45573,2025-03-18
Chef_Stephen,2025-03-18
afantazy2,2025-03-18
olaviola,2025-03-18
Dan_Dan0333,2025-03-18
Ambitious_Price_3240,2025-03-18
sunilgr01,2025-03-18
Capital-Reading-7253,2025-03-18
kb95,2025-03-18
Wistent,2025-03-18
LongjumpingWasabi916,2025-03-18
TransmigrationOfPKD,2025-03-18
methylpox,2025-03-18
Ok-Bag-4289,2025-03-18
warrior4202,2025-03-18
BC789yuo,2025-03-18
The1Ylrebmik,2025-03-18
Wavynica86,2025-03-18
Octsober,2025-03-18
Sea_Actuary_5694,2025-03-18
BulkyActuator5701,2025-03-18
papayuuh,2025-03-18
CochiseNde,2025-03-18
PlantainFinancial524,2025-03-18
yagiuna,2025-03-18
Both_Two_2277,2025-03-18
picklewiki,2025-03-18
KindlyMetal8022,2025-03-18
TheVelvetyPermission,2025-03-18
Choice_Blackberry287,2025-03-18
Bigdipperexpress,2025-03-18
Fun_Marzipan9959,2025-03-18
Bitopifurniture,2025-03-18
Pale_Manager_2456,2025-03-18
iamanemptytrashbin,2025-03-18
Spiritual-Dupree93,2025-03-18
hybridorgoin,2025-03-18
apoykin,2025-03-18
SnooOwls9498,2025-03-18
bucketassrabbit,2025-03-18
ChargeDazzling7624,2025-03-18
Ancient-Risk-5088,2025-03-18
Putrid-Cut-1490,2025-03-18
EmbarrassedBranch933,2025-03-18
SpinachCat7,2025-03-18
MechoBlondie,2025-03-19
stickyfinga95,2025-03-19
DatabaseStrict7583,2025-03-19
Resident_Ad_5383,2025-03-19
EmergencyPrompt1111,2025-03-19
Userrabbit02,2025-03-19
liveandlove6,2025-03-19
RomanceStacks,2025-03-19
honeysamour,2025-03-19
AcrobaticLow1645,2025-03-19
Sea-Suggestion1236,2025-03-19
HuddledFun,2025-03-19
angielcc,2025-03-19
Artistic_West_9804,2025-03-19
Beneficial-Wonder919,2025-03-19
friday126,2025-03-19
boomboomcoconut,2025-03-19
GroundbreakingPear12,2025-03-19
YT_Milo_Sidequests,2025-03-19
kohlscustoms,2025-03-19
Forsaken-Quality8385,2025-03-19
Background_Demand273,2025-03-19
electricalco,2025-03-19
goodwillmarinelli,2025-03-19
Abject-Zucchini3058,2025-03-19
Odd_Entry_2180,2025-03-19
FutureReference2588,2025-03-19
sub-to-thiny,2025-03-19
Complex_Ganache_8119,2025-03-19
bytefaber,2025-03-19
Ok-Thanks-2401,2025-03-19
thecrazyguy23,2025-03-19
Ok-Letter-7658,2025-03-19
Diligent_Pilot_7711,2025-03-19
umair901,2025-03-19
EggsShooter,2025-03-19
InquisitiveOne786,2025-03-19
maplesyrupy45,2025-03-19
Lorriesss,2025-03-19
TableSalty8242,2025-03-19
Admirable_Work105,2025-03-19
sadelii,2025-03-19
Skyrim_modsontiktok,2025-03-19
Artistic_Support4743,2025-03-19
Auelogic,2025-03-19
A_Tall4Person,2025-03-19
LostAd9434,2025-03-19
sec_c_square,2025-03-19
Unlucky-Cap-291,2025-03-19
Qawfz,2025-03-19
LarkStar1957,2025-03-19
Express_Order9270,2025-03-19
Severe_Wrangler1996,2025-03-19
Soft_septic,2025-03-19
Morn1ng_Star,2025-03-19
devausbobe,2025-03-19
Inside-Assistance879,2025-03-19
nasty_mommy23,2025-03-19
Britney2062,2025-03-19
Designer-Client9363,2025-03-19
Mysterious-Page4595,2025-03-19
Personal_Support1673,2025-03-19
Fun-Craft-321,2025-03-19
Pastaokay,2025-03-19
sk_hari,2025-03-19
UDSHDW,2025-03-19
ozgecokyasar,2025-03-19
johanjj_2006,2025-03-19
fan1983,2025-03-19
Realistic-Camera-645,2025-03-19
QuietAgreeable8376,2025-03-19
Guy-brush,2025-03-19
vine282,2025-03-19
Sudden-Dragonfruit27,2025-03-19
starrystrawberry03,2025-03-19
CaptRefftover,2025-03-19
BigIntroduction2010,2025-03-19
ForceSpirited6594,2025-03-19
maybetsuki,2025-03-19
hanni1968,2025-03-19
Busy_Bid_3925,2025-03-19
CaramelChemical694,2025-03-19
do-boydropemoff,2025-03-19
SnooPeppers6284,2025-03-19
Smooth_Alarm9166,2025-03-19
CheckDiligent2082,2025-03-19
Active_Vanilla1093,2025-03-19
Ok-Lavishness-8711,2025-03-19
Creative-Compote9784,2025-03-19
downeyboii,2025-03-19
kreenis,2025-03-19
Upbeat-Photograph875,2025-03-19
No-Session4458,2025-03-19
susankeith756,2025-03-19
Repulsive_Let9312,2025-03-19
throwaway_4_5_6,2025-03-19
OfficiallyRelevant,2025-03-19
HighlightDependent65,2025-03-19
Diana1145,2025-03-19
Virtual-Dot-750,2025-03-19
Routine_Sun_7471,2025-03-19
Excellent-Clothes291,2025-03-19
IntelligentToe8925,2025-03-19
Key_Tip_4595,2025-03-19
TumbleweedOk3763,2025-03-19
paradoxunlimited2022,2025-03-19
jay90019,2025-03-19
Ok-Poem9255,2025-03-19
notabot489,2025-03-19
Both_Newt_8330,2025-03-19
North-Length3154,2025-03-19
Imaginary-Truck-2371,2025-03-19
Bttldecisive,2025-03-19
ITRedWing0823,2025-03-19
WutsTheDill,2025-03-19
NAC_Fight_Club,2025-03-19
ImpossibleQuote3261,2025-03-19
ridesforfun,2025-03-19
XoziVV,2025-03-19
kiught,2025-03-19
Healthy-View-9969,2025-03-19
Regina_PhalengeFr,2025-03-19
Opening_Turnip1785,2025-03-19
Automatic-Solid-3415,2025-03-19
Sufficient-Citron974,2025-03-19
gandfatli5,2025-03-19
Square-Virus-7591,2025-03-19
camster1030,2025-03-19
ColorblockWitch,2025-03-19
iLoveMilfs4Life,2025-03-19
r0uxed,2025-03-19
Ok_Cloud_2394,2025-03-19
PonderingAnonymous,2025-03-19
Designer-Mirror-8823,2025-03-19
Critical_Durian_3768,2025-03-19
doughgirl19,2025-03-19
kidologyaba,2025-03-19
Rude-Instruction-168,2025-03-19
wolfbeaumont,2025-03-19
drive_crazy10,2025-03-19
Delicious-Title-9042,2025-03-19
RedHeadHyena,2025-03-19
SociallyDyslexic,2025-03-19
_Roxxs_,2025-03-19
Optimal-Tradition-98,2025-03-19
Sharp-Goat8636,2025-03-19
Scary_Squirrel6143,2025-03-19
Thin_View7026,2025-03-19
Maleficent_Rub_6760,2025-03-19
DieCastCar_7,2025-03-19
skykissesthesea,2025-03-19
orryxreddit,2025-03-19
Warm_Pick1549,2025-03-19
Aggravating-Salt849,2025-03-19
deliveryisallwrong,2025-03-19
Same_Imagination9119,2025-03-19
just-happened21,2025-03-19
zadams,2025-03-19
Historical-Pause-401,2025-03-19
bruhwakeup,2025-03-19
elitekenobi,2025-03-19
PrudentAnt3500,2025-03-19
cole-moroh,2025-03-19
Kalarull,2025-03-19
AdministrativeTop724,2025-03-19
Empty-Meringue5693,2025-03-19
Pristine_Feeling_211,2025-03-19
ChiliWil1,2025-03-19
Faith-has-vanished,2025-03-19
Ill_Influence_6469,2025-03-19
Better_Kick9625,2025-03-19
emprop47,2025-03-19
Tony_Tone45,2025-03-19
Appropriate_Cut9003,2025-03-19
Progress-Existing,2025-03-19
yourriot,2025-03-19
Useful_Paramedic6618,2025-03-19
JAMcE21,2025-03-19
GuardianOfExile,2025-03-19
Swimming-Contract-58,2025-03-19
JohnnyLong22,2025-03-19
Anxious_Slug333,2025-03-19
alex_mercenary,2025-03-19
Global_Lion1029,2025-03-19
willetron,2025-03-19
Prize-Admirable,2025-03-19
Ordinary-Candidate53,2025-03-19
Calm_Cupcake_3424,2025-03-19
Western-Leather-9270,2025-03-19
kcckfcjjvfee,2025-03-19
Ishua747,2025-03-19
Zestyclose-Formal403,2025-03-19
burnybuns,2025-03-19
bewbytunes,2025-03-19
Healthy-Phone-9487,2025-03-19
anonymous-workk,2025-03-19
Evening_Phrase949,2025-03-19
Responsible_Trust529,2025-03-19
e-snupi,2025-03-19
DingusCoconut349,2025-03-19
JulesLynn800,2025-03-19
One-Nectarine2320,2025-03-19
Fancy-Fisherman6161,2025-03-19
BlackberryLeft3826,2025-03-19
blabbety_bla,2025-03-19
xantafanta,2025-03-19
Separate-Ad-5707,2025-03-19
Primary-Guidance1039,2025-03-19
ariifawn,2025-03-19
MrAmbitious772,2025-03-19
No-Engine8822,2025-03-19
dawgdaddy1,2025-03-19
Ok-Caterpillar3919,2025-03-19
mrfalconeee,2025-03-19
MR1048309299,2025-03-19
Pineapple0428,2025-03-19
SeDe13,2025-03-19
Snoo22254,2025-03-19
Sorryval12,2025-03-19
Capital_Chance254,2025-03-19
MonitorDear2960,2025-03-19
Specific_Reason_2072,2025-03-19
Aggravating-Bit-3668,2025-03-19
DragonfruitBusy9603,2025-03-19
ObjectiveTea,2025-03-19
Cheap_Bluejay5414,2025-03-19
Infinite-Pie-236,2025-03-19
Delicious_Worth45,2025-03-19
Substantial-Ball-794,2025-03-19
Mental_Aioli_2502,2025-03-19
shortstackedpancake,2025-03-19
GoddeHades,2025-03-19
Aromatic-Atomic170,2025-03-19
TryProfessional2430,2025-03-19
WinterRemote9122,2025-03-19
Broad-Metamorph3818,2025-03-19
UnlikelyEmergency154,2025-03-19
PsychologyFalse9528,2025-03-19
paperdoll89,2025-03-19
Traditional_Bug_5690,2025-03-19
NewDifference3927,2025-03-20
psychomantis92,2025-03-20
Powerful-Compote-782,2025-03-20
TheFan-2020,2025-03-20
TheGhostVanisher,2025-03-20
Lazy-Baby4247,2025-03-20
Highlight-Wonderful,2025-03-20
andrayXmcclenton,2025-03-20
Ok_Arrival_9157,2025-03-20
that1kidovrthere,2025-03-20
ratshtcrazy,2025-03-20
Ulrik-Acheron-Freya,2025-03-20
Aware_Buy3944,2025-03-20
boodyclap,2025-03-20
npipi,2025-03-20
Nervous_Flight_1434,2025-03-20
Usual-Armadillo-3682,2025-03-20
Antique-Economist371,2025-03-20
mpds_2201,2025-03-20
Living-Bag-4754,2025-03-20
Isaaaaausername,2025-03-20
binkybinkzz,2025-03-20
Nice_Ad_1163,2025-03-20
fic_nallis,2025-03-20
xSevusxBean4y,2025-03-20
lauralaurajp,2025-03-20
Cedar175,2025-03-20
Dear-Ad-4246,2025-03-20
CozyAndToasty,2025-03-20
Wifey_179,2025-03-20
icecold2nite,2025-03-20
ocalaxev,2025-03-20
Fiatofini,2025-03-20
Old_Society_4215,2025-03-20
Background_Task6967,2025-03-20
Just_A_CuriousGirl,2025-03-20
auslinero,2025-03-20
quietlesbian,2025-03-20
CrocFrosty2910,2025-03-20
No_Flan_4487,2025-03-20
Beercheeseme,2025-03-20
CentipedeZ,2025-03-20
Kind-Influence7222,2025-03-20
PurpleBrief697,2025-03-20
No_Attention7433,2025-03-20
PrettySolution3877,2025-03-20
BigLexx318,2025-03-20
Kierarktina-1234,2025-03-20
user1226789,2025-03-20
New_Kid99,2025-03-20
Miserable-Travel7943,2025-03-20
Icy_Chemistry_1818,2025-03-20
Sorry_Number_2046,2025-03-20
qmbritain,2025-03-20
-i-mean-i-guess-,2025-03-20
AdAppropriate4924,2025-03-20
Tino-theWeekender,2025-03-20
Latter-Loss-8472,2025-03-20
Weak_Air8519,2025-03-20
Cheap_Instance4098,2025-03-20
dangerousdope,2025-03-20
Lifecoach_411,2025-03-20
Nitro5Rigger,2025-03-20
Advanced_Ad_1469,2025-03-20
Anxious-Ear-7794,2025-03-20
Intelligent_Fruit819,2025-03-20
jumpingsquirrels,2025-03-20
Unusual-Singer391,2025-03-20
MajesticalBatsy,2025-03-20
rehnuma_reads,2025-03-20
Crazy_Negotiation_24,2025-03-20
iamnotokij,2025-03-20
Anxious-Fix984,2025-03-20
Own_Fan_9033,2025-03-20
rkkuloba,2025-03-20
bobby_the_buizel,2025-03-20
Typical-Theme2433,2025-03-20
Capital-Ship-2876,2025-03-20
Sea-Mammoth2657,2025-03-20
Luizess,2025-03-20
Fun_Towel_7058,2025-03-20
AlternativeMove7806,2025-03-20
HishamBhai,2025-03-20
GreenSquirrel-7,2025-03-20
Brilliant_Birthday69,2025-03-20
MiddleBedroom4001,2025-03-20
Ok_Assignment6664,2025-03-20
Lower-Candy6711,2025-03-20
chelseat14,2025-03-20
Feisty_Film_617,2025-03-20
Minimum_Minimum4577,2025-03-20
Worth_Government9386,2025-03-20
orangecatslol,2025-03-20
NoArtichoke368,2025-03-20
Additional_Solid_737,2025-03-20
oylesinefilm,2025-03-20
Academic-Plastic4296,2025-03-20
Independent_Tap_8659,2025-03-20
ManOfCulture-7,2025-03-20
Ill-Listen3434,2025-03-20
Smart_Screen_5044,2025-03-20
Regular-Quality3143,2025-03-20
storm_in_heels09,2025-03-20
BanjoandTuna,2025-03-20
Proper_Joke3321,2025-03-20
AcanthocephalaKind22,2025-03-20
aubs1507,2025-03-20
sugawowsers,2025-03-20
leahlikesweed,2025-03-20
StrongCrazy4099,2025-03-20
No_Guide_8695,2025-03-20
The_Journalist1918,2025-03-20
Kk987bloodborne,2025-03-20
candycaneleen,2025-03-20
pumk1n9,2025-03-20
Designer-Title-8005,2025-03-20
No_Message_6157,2025-03-20
phoebebridgersfan26,2025-03-20
GooselyGooses,2025-03-20
SellPopular6982,2025-03-20
Odd_Yogurt_6963,2025-03-20
Jaded_Associate8995,2025-03-20
West_Park_6262,2025-03-20
cartoonybear,2025-03-20
DowntownCompetition,2025-03-20
AmatuerArtists,2025-03-20
Cold-Match-6285,2025-03-20
Prize_Box6296,2025-03-20
Outside-Sentence589,2025-03-20
kelunansayu,2025-03-20
flaw600,2025-03-20
Investigator516,2025-03-20
Bubbles3654,2025-03-20
Fresh-Reindeer9003,2025-03-20
Sufficient_Pea5943,2025-03-20
Nervous_Hands,2025-03-20
randomuser17975,2025-03-20
Waste_Dependent5570,2025-03-20
datshinycharizard123,2025-03-20
Ok_Tangerine_7129,2025-03-20
Serious_Landscape_48,2025-03-20
Illustrious_Tiger367,2025-03-20
ColbyEl,2025-03-20
designer_kaur,2025-03-20
AWeb3Dad,2025-03-20
AbiesJunior7240,2025-03-20
V0lkhari,2025-03-20
sam_thegod,2025-03-20
rapid_octo,2025-03-20
Intelligent_Flan_967,2025-03-20
paldan123,2025-03-20
FriendsThruEternity,2025-03-20
Vananh2K,2025-03-20
FionaFireBurst,2025-03-20
StockExplanation,2025-03-20
CrititicalAardvark,2025-03-20
eggoispreggo111222,2025-03-20
link11373,2025-03-20
Dependent-Stable-236,2025-03-20
throwawayyyyyy59246,2025-03-20
1988e72uh,2025-03-20
Resident-Push4029,2025-03-20
Pale-Kitchen752,2025-03-20
tlinde20,2025-03-20
Cold-Handle-827,2025-03-20
veiledpostman,2025-03-20
No_Possibility_6227,2025-03-20
made_of_matter,2025-03-20
hashtag_quag,2025-03-20
Adorable_Froyo8637,2025-03-20
VeterinarianGood9655,2025-03-20
Ecstatic-Purpose-981,2025-03-20
Kindly_Traffic_6176,2025-03-20
LawyerSuspicious6640,2025-03-20
melonlordgirl,2025-03-20
Powerful-Ebb9409,2025-03-20
Business-Crab-3305,2025-03-20
Karlos010,2025-03-20
SuspiciousAd2966,2025-03-20
Vegetable-Monk-1060,2025-03-20
Almac1439,2025-03-20
Ok-Tear-1195,2025-03-20
lastczarnian,2025-03-20
Spiritual_Motor_1976,2025-03-20
ComplexVictory428,2025-03-20
Nilaaa7,2025-03-20
AbbreviationsDear910,2025-03-20
PorcelinaMagpie,2025-03-20
Mysterious-Trade1362,2025-03-20
ForsakenCranberry264,2025-03-20
Jelly_Duck_222,2025-03-20
Perfect-Honey6217,2025-03-20
Ok_Fact6761,2025-03-20
Shanon-Beck,2025-03-20
Other-Path6284,2025-03-20
Individual_Basis_638,2025-03-20
Machetemops,2025-03-20
Vallejo_94,2025-03-20
ma5keh,2025-03-20
RC1492Z,2025-03-20
Ok-Emu-737,2025-03-20
AtwiBenjmin,2025-03-20
AudreyHorney69,2025-03-20
KsushkaNSU,2025-03-20
sugafish,2025-03-20
sdkreddit98,2025-03-20
NoStructure331,2025-03-20
CiscoPac,2025-03-20
planetplutoo,2025-03-20
browncoat47,2025-03-20
golly18,2025-03-20
ReputationAmazing707,2025-03-20
pstlvs,2025-03-20
Calm_Bar_1237,2025-03-20
funkychickadee,2025-03-20
________Justin,2025-03-20
dialbox,2025-03-20
depressedbananaslug,2025-03-20
lmao-notfunny,2025-03-20
One_Bar_3242,2025-03-20
Ordinary-Number-8723,2025-03-20
bbenndd,2025-03-20
autisticghost,2025-03-20
Hour-Inevitable-544,2025-03-20
glasstube-snowman6,2025-03-20
ProductDrivenGrowth,2025-03-20
NoEntrepreneur3900,2025-03-20
waterissmart,2025-03-20
Bolg-is-Glob,2025-03-20
kanicreamcroquette,2025-03-20
FomerWeightPusher,2025-03-20
Dry_Loan5414,2025-03-20
Francuza9,2025-03-20
CombinationScared113,2025-03-20
Historical-Drink4425,2025-03-20
CloudTechnoSolution,2025-03-20
DirtEnvironmental690,2025-03-20
PaintingEmpty8342,2025-03-20
IceAvailable1537,2025-03-20
ThoughtBrilliant1829,2025-03-20
Classic_Bad_4106,2025-03-20
apple-reunion,2025-03-20
Falcoace,2025-03-21
big_mike_3883,2025-03-21
Betwnthedahliaandme,2025-03-21
lunatika44,2025-03-21
No-Protection-3119,2025-03-21
Ill_Transition_3428,2025-03-21
Retteyu,2025-03-21
ManagementOk931,2025-03-21
shelly887,2025-03-21
ShotSugar3308,2025-03-21
Used-History4299,2025-03-21
dime_cuando,2025-03-21
geekdadchris,2025-03-21
QuestProgress,2025-03-21
Various_Practice_780,2025-03-21
_nameless_kid_,2025-03-21
Academic_Rain5304,2025-03-21
JesusPleaseSendTacos,2025-03-21
asuriui,2025-03-21
Frequent_Art6666,2025-03-21
Holiday_Care_593,2025-03-21
Chance_Lemon_972,2025-03-21
Ok_Research_9080,2025-03-21
FeedbackOk5928,2025-03-21
Tiny-Growth-7462,2025-03-21
geriatric_spartanII,2025-03-21
DoubleHamOmlette_69,2025-03-21
Debt_Ancient,2025-03-21
New_Board_2273,2025-03-21
Additional_Screen806,2025-03-21
textile_do,2025-03-21
patheticloserswag3,2025-03-21
nicp26,2025-03-21
Artistic-Cabinet-415,2025-03-21
GlassMagnets,2025-03-21
FrozenPhoenix71,2025-03-21
lucifer66686,2025-03-21
Jade_Jones,2025-03-21
delightfulwonder,2025-03-21
Exact-Score-4181,2025-03-21
Ill-War-9910,2025-03-21
ughemma,2025-03-21
Maleficent_Mirror_95,2025-03-21
sameerkhas3344,2025-03-21
Neither_Drama_3522,2025-03-21
AcanthaceaeNo516,2025-03-21
ceejaybeets,2025-03-21
Sure-Concentrate243,2025-03-21
Huge_Duck_5645,2025-03-21
Pranav_Chindage,2025-03-21
reeses_boi,2025-03-21
Real-Dream969,2025-03-21
Substantial-Ad8061,2025-03-21
Full-Bother-2705,2025-03-21
Euphoric-Top-2666,2025-03-21
gaylemateo03,2025-03-21
mystkl40,2025-03-21
rozygh,2025-03-21
ContestSmooth612,2025-03-21
akiread,2025-03-21
LowWolverine61,2025-03-21
michaelforrest,2025-03-21
paddyton,2025-03-21
Big-Key1718,2025-03-21
Mindless-Sea-2687,2025-03-21
Alert_Suspect347,2025-03-21
Technical-Key5412,2025-03-21
stringcheese1127,2025-03-21
Worried_Swan_9149,2025-03-21
SenseLoud4335,2025-03-21
Plastic-Dog-2452,2025-03-21
Ok-Flow-8211,2025-03-21
illMindOfReality,2025-03-21
Long-Culture-4532,2025-03-21
Weekly-Dig-9516,2025-03-21
Sea-Emphasis-936,2025-03-21
De_ron20,2025-03-21
ImPrincessofmycastle,2025-03-21
SharkySharknader,2025-03-21
mhpprivate,2025-03-21
asianlesbean,2025-03-21
Emotional_Shift5835,2025-03-21
No_Effective9137,2025-03-21
New_Mirror_8184,2025-03-21
Used_Professor713,2025-03-21
Illustrious_Wing6774,2025-03-21
Nanofyourbuzinezz,2025-03-21
WayOtherwise4746,2025-03-21
Open_Rent3965,2025-03-21
organizm5,2025-03-21
Impossible_Cup_8469,2025-03-21
bobbyhillspur5e,2025-03-21
badwithfreetime,2025-03-21
Quirky-Syllabub-5799,2025-03-21
Level_Lobster8581,2025-03-21
ReferenceOtherwise37,2025-03-21
RunaTan,2025-03-21
fuqboi17,2025-03-21
_Usernametaken_0,2025-03-21
Flimsy_Performer3224,2025-03-21
raejduk,2025-03-21
CarpenterParty341,2025-03-21
IGotRockz,2025-03-21
seekingadvice2727,2025-03-21
Remarkable-Buy5749,2025-03-21
AllThingsChristyn,2025-03-21
PsychologicalHelp988,2025-03-21
cursedblackthorn,2025-03-21
vinillakillaOg,2025-03-21
Unhappy-Bet-5357,2025-03-21
Mysterious_Tap_5455,2025-03-21
Jawsumness,2025-03-21
Jeremyzema,2025-03-21
L9an,2025-03-21
Oksihina_,2025-03-21
NormalLife6067,2025-03-21
Equivalent-Ad-5425,2025-03-21
Intelligent-Bad6844,2025-03-21
After_Necessary7241,2025-03-21
Wooden_Breakfast6017,2025-03-21
SeaBuffalo4784,2025-03-21
Holiday_Estate5679,2025-03-21
Optimal_Chard5456,2025-03-21
AnyCaregiver9434,2025-03-21
no-one-1mportant,2025-03-21
ineedalondonboy,2025-03-21
ProfessionalSock7519,2025-03-21
WorldlinessWrong7812,2025-03-21
b_fab,2025-03-21
CommonEmu5091,2025-03-21
Onendone2u,2025-03-21
immacrepe,2025-03-21
Jolly-Syllabub-4105,2025-03-21
ManUnderTheStairs,2025-03-21
Ok_Willingness5766,2025-03-21
Traditional_Report_4,2025-03-21
Serious-Collar9111,2025-03-21
ChrisTheMan72,2025-03-21
Pristine-Candy-4470,2025-03-21
Hot-Highlight-9297,2025-03-21
Alternative-Sky-5500,2025-03-21
Mayfly_R,2025-03-21
kt__brown,2025-03-21
lolitsivan,2025-03-21
Deletethissoon12345,2025-03-21
NoMixture5591,2025-03-21
ActuatorAgreeable121,2025-03-21
Odd_Astronomer_6959,2025-03-21
sr_uhhh,2025-03-21
detroitguy057,2025-03-21
AverageHungry6981,2025-03-21
Mundane_Leo,2025-03-21
Wisco1856,2025-03-21
Throwinawaydisacc,2025-03-21
Caramel_Babe90,2025-03-21
Pristine_Ad_5799,2025-03-21
Power-Peanut,2025-03-21
hakimoamigo,2025-03-21
baker_emm,2025-03-21
Necessary-Ocelot-160,2025-03-21
Creative-Big-8537,2025-03-21
Different_Tree219,2025-03-21
EveningUnit,2025-03-21
next_pppplease,2025-03-21
StumblinThroughLife,2025-03-21
ugoogli,2025-03-21
CATB3ANS,2025-03-21
Past_Direction_7173,2025-03-21
SnooMarzipans9881,2025-03-21
Both-Variation7427,2025-03-21
RaiseIcy7332,2025-03-21
xmilanomacaroons,2025-03-21
rogue1351,2025-03-21
kimveg060,2025-03-21
P1xiezee,2025-03-21
ShaminderDulai,2025-03-21
R0s3Eclips3,2025-03-21
Original-Rest-982,2025-03-21
keep_ur_temper,2025-03-21
galaxysworld,2025-03-21
Ornery_Constant8523,2025-03-21
roseinmybud,2025-03-21
Andurilmage,2025-03-21
FamiliarIllustrator2,2025-03-21
pumpingblac,2025-03-21
Famous-Local5781,2025-03-21
anxiousnessgalore,2025-03-21
HL_2,2025-03-21
Which_Environment385,2025-03-21
Ok-Finish9164,2025-03-21
sanns94,2025-03-21
PusheenLora,2025-03-21
_TheRook_ifun,2025-03-21
Spiritual_Idea_748,2025-03-21
lElfal,2025-03-21
Green_Fall_4122,2025-03-21
phillingfury,2025-03-21
GuardTrick,2025-03-21
CompliantCreatives,2025-03-21
Ok-Rock2000,2025-03-21
S9018245,2025-03-21
Alovon11,2025-03-21
apophyllight,2025-03-21
Last_Cheek6388,2025-03-21
CameraNo92,2025-03-21
Holly94_GS,2025-03-21
Dreymx,2025-03-21
Financial_Middle_955,2025-03-21
SeaReputation3171,2025-03-21
lifewonderliving,2025-03-21
Wonderful_Code_824,2025-03-21
Loose_Ad3270,2025-03-21
Particular-Design879,2025-03-21
InstructionCute5304,2025-03-21
soggyypancake,2025-03-21
Designer_Junket_9347,2025-03-21
FairCoffee7940,2025-03-21
Im_gr8_02,2025-03-22
CubLoaf574,2025-03-22
inbtwnbars,2025-03-22
Far_Persimmon8314,2025-03-22
Safe-Contract7318,2025-03-22
TransportationOk1099,2025-03-22
DisposableAdventurer,2025-03-22
nsfwsideacc101,2025-03-22
East-Disaster-9199,2025-03-22
dummypotato139,2025-03-22
Impression_Relative,2025-03-22
htfwp,2025-03-22
Agitated_Talk_6665,2025-03-22
StephenNedumpally_,2025-03-22
cvmlordz,2025-03-22
FreeSpend1424,2025-03-22
Lazy_King_69,2025-03-22
vanillalube,2025-03-22
FewBathroom3171,2025-03-22
vivi_roblox,2025-03-22
Due_Bee_2727,2025-03-22
sladewilson001,2025-03-22
Sensitive-Fold1989,2025-03-22
The_KJV_Corner,2025-03-22
Intrepid_Highway3423,2025-03-22
Taurus-Goddess,2025-03-22
Abnormal_Autophobia,2025-03-22
God_of_Rust,2025-03-22
Capital_Original_776,2025-03-22
Ill_Independent4330,2025-03-22
Honest_Plant8090,2025-03-22
MajorPootie,2025-03-22
ogreninja33,2025-03-22
desi289,2025-03-22
madeloo000,2025-03-22
yuwuandmi,2025-03-22
lovenlush,2025-03-22
Creepy-Swing52,2025-03-22
theyluvemin,2025-03-22
PsychologicalPen6771,2025-03-22
Dazzling-Hand-5575,2025-03-22
atomknocksyoudown,2025-03-22
allisonshargreeve,2025-03-22
revolvingconnection,2025-03-22
emer1tuss,2025-03-22
True-Organization831,2025-03-22
inabinalilo,2025-03-22
ohfrogit,2025-03-22
No_Increase_8891,2025-03-22
tatxxjul,2025-03-22
Embarrassed-Hotel-84,2025-03-22
Plastic-World7599,2025-03-22
Only-Ad6450,2025-03-22
Time_Scholar6338,2025-03-22
Thick-Inflation1257,2025-03-22
baddestinfluence,2025-03-22
Storm-Ra,2025-03-22
LongjumpingReveal125,2025-03-22
jp-cooper1697,2025-03-22
Rude-Classroom4354,2025-03-22
Fantastic_Ear_6503,2025-03-22
Miserable_Air_5272,2025-03-22
thislife84,2025-03-22
Careful-Register7350,2025-03-22
ThrowAwayHelp826901,2025-03-22
sweet-mrs,2025-03-22
InternalEqual511,2025-03-22
Immediate_Board_2987,2025-03-22
iftiin22,2025-03-22
Unique_Basis_3058,2025-03-22
Electrical_Text9412,2025-03-22
str8wilin,2025-03-22
ZeroDisruption,2025-03-22
Warm-Fox6760,2025-03-22
acd2002,2025-03-22
Abject-Hamster-4427,2025-03-22
2Ksucks69,2025-03-22
WaveFragrant2662,2025-03-22
GGzFyre,2025-03-22
Current-Fudge1373,2025-03-22
FutzBigBoy,2025-03-22
Secret-Cup7967,2025-03-22
matkar910,2025-03-22
Affectionate_Most791,2025-03-22
Ecstatic-Ad_9038,2025-03-22
Burritobobb,2025-03-22
uncle_fartknocker,2025-03-22
boredguy74,2025-03-22
MatterUnique3759,2025-03-22
blackpepperdestroyer,2025-03-22
Direct_Item_1301,2025-03-22
draxisbroke,2025-03-22
DallasBartoon,2025-03-22
Competitive-Pie-9436,2025-03-22
Cool_Ad287,2025-03-22
Certain-Bluebird2316,2025-03-22
rvj_,2025-03-22
GarageFederal,2025-03-22
Free-Vegetable6824,2025-03-22
jazmineja,2025-03-22
beneficalpurple38,2025-03-22
Accurate-Access-6545,2025-03-22
FitStructure1898,2025-03-22
TheBigDickGirlfriend,2025-03-22
Besamemucho63,2025-03-22
No-Birthday4273,2025-03-22
NumberOpening3025,2025-03-22
BigBossRS,2025-03-22
Warm_Glove74,2025-03-22
Dear_Idea6147,2025-03-22
StoneyLaw830,2025-03-22
Kiwianimeclan,2025-03-22
Material-Barracuda72,2025-03-22
CodAlternative3437,2025-03-22
Ancient_Ad6858,2025-03-22
not_worth_commenting,2025-03-22
jtap-,2025-03-22
yeongy3,2025-03-22
Pickphlow,2025-03-22
FoundationHealthy590,2025-03-22
Wide_Discussion_447,2025-03-22
thisissomebullsh1t,2025-03-22
Icy-Stage4583,2025-03-22
peculiarpussy,2025-03-22
SignificanceOdd1002,2025-03-22
Mountain_Ad_3612,2025-03-22
Wild_Win_1965,2025-03-22
ZenParadox-1,2025-03-22
LingonberryDirect814,2025-03-22
FlimsyAd4496,2025-03-22
totallynotalexis666,2025-03-22
ElTrev93,2025-03-22
Glittering-Bobcat780,2025-03-22
sophieh10,2025-03-22
ColdDeliMeat24,2025-03-22
ExtensionNeck4405,2025-03-22
Fondant-Best,2025-03-22
psypher_17,2025-03-22
deadshot9615,2025-03-22
Lazy-Grab-679,2025-03-22
TheCoonHasArisen,2025-03-22
lookingaroundforname,2025-03-22
Tall_Ant9568,2025-03-22
kmizzle13,2025-03-22
Moist-Whereas-3752,2025-03-22
Cozy_Bunny_8462,2025-03-22
East_Following5088,2025-03-22
sotareh,2025-03-22
ceramicsgoblin,2025-03-22
Sato_809,2025-03-22
Over_Profession_1665,2025-03-22
aline_do_santos,2025-03-22
ComprehensivePie7641,2025-03-22
Scary_Commercial_688,2025-03-22
original-green-ninja,2025-03-22
LongjumpingPin9352,2025-03-22
Socialworker1994,2025-03-22
Proof-Reveal-2980,2025-03-22
Sundae01609,2025-03-22
No_Foundation7308,2025-03-22
Interesting_Entry271,2025-03-22
No-Psychology1934,2025-03-22
Responsible-Will5046,2025-03-22
SeveralGrapefruit189,2025-03-22
Independent-Gur-3110,2025-03-22
Girlypop_xxx,2025-03-22
shihab-ali,2025-03-23
poppettsnoppett,2025-03-23
Leading_Shape7133,2025-03-23
Difficult-Idea605,2025-03-23
Imaginary-Cable,2025-03-23
LeftyClabis,2025-03-23
AJ2020Red,2025-03-23
rnllv,2025-03-23
Unconcerned_Dweller,2025-03-23
Top-Fox8010,2025-03-23
chaptermoney,2025-03-23
TheQuietPerson_,2025-03-23
margarita900,2025-03-23
Frequent-Trifle530,2025-03-23
immanuelcaspian,2025-03-23
himbye,2025-03-23
Majestic_Refuse_,2025-03-23
FlumpyF0z,2025-03-23
vgetty1121,2025-03-23
Disastrous-Leave9597,2025-03-23
Substantial-Boat-438,2025-03-23
Sqiibbles,2025-03-23
Salt-Midnight503,2025-03-23
crunkfila007,2025-03-23
Waltzmen,2025-03-23
AgnosticDeist0229,2025-03-23
Specific_Field_7578,2025-03-23
oshieteyo,2025-03-23
ThanatosTariq,2025-03-23
Normal_Sweet8190,2025-03-23
cab084,2025-03-23
orangeokayor,2025-03-23
Bubba_3287,2025-03-23
falleneumpire,2025-03-23
ices77,2025-03-23
BirthdayBoy_StabMan,2025-03-23
Whatisyoursignal,2025-03-23
EndDull6238,2025-03-23
hyacinth17,2025-03-23
Some_Train_2976,2025-03-23
CarrotOk5749,2025-03-23
aaron_swartz10,2025-03-23
Bigg_Boy05,2025-03-23
asiya_mizuki,2025-03-23
ExtensionDecision603,2025-03-23
PaniPuriPanda9,2025-03-23
dearvenus3,2025-03-23
Scatterbrain372,2025-03-23
TypicalPirate9509,2025-03-23
Daymare1991,2025-03-23
Ok-Dot914,2025-03-23
Obvious_Second_5685,2025-03-23
Training-Weekend-822,2025-03-23
Kami7754,2025-03-23
Electronic-Hold1382,2025-03-23
pietooreo,2025-03-23
Ashamed_Advantage_48,2025-03-23
Spidercraft-Z,2025-03-23
147samantha,2025-03-23
Mental_Iam,2025-03-23
Public-Ice-7829,2025-03-23
Mr_Funny_Shoes,2025-03-23
CampaignBig7851,2025-03-23
0403DifferenceV,2025-03-23
MyAn0nym0usAcc0unt,2025-03-23
felecie_millers,2025-03-23
CraftyMine4149,2025-03-23
BloodMossHunter,2025-03-23
ElsiMickey,2025-03-23
Chemical_Courage712,2025-03-23
NoPerspective4764,2025-03-23
Syntheseyez,2025-03-23
anon_respons,2025-03-23
Unhappy-Car-7775,2025-03-23
Broad_Tackle_3126,2025-03-23
Embarrassed_Riser,2025-03-23
wierdooooooooo,2025-03-23
Pristine-Ability2007,2025-03-23
xnearsightedcomrade-,2025-03-23
Klutzy_Salamander853,2025-03-23
Interesting-Brief635,2025-03-23
Miserable_Growth_979,2025-03-23
Known-Zombie-695,2025-03-23
jobnirvana,2025-03-23
Odd_Introduction2070,2025-03-23
eggtasticsandwich36,2025-03-23
Ill-Rock8736,2025-03-23
Future_Incident3039,2025-03-23
Wide_Buy8078,2025-03-23
Mr__Perfectionist,2025-03-23
Due-Initiative-8723,2025-03-23
turtle_hiker,2025-03-23
Ok-Statistician-2143,2025-03-23
Jakal__,2025-03-23
okhelloyeet,2025-03-23
achearoxpetery,2025-03-23
Dangerous-Drummer-27,2025-03-23
Samttk255,2025-03-23
Automatic_Captain761,2025-03-23
Professional_Rub_200,2025-03-23
cardinalwren,2025-03-23
Angel_donald,2025-03-23
Clean_Stage_9713,2025-03-23
Dangerous-Fox-5425,2025-03-23
Training_Classroom80,2025-03-23
Total-Ad-4461,2025-03-23
Serious-Summer9378,2025-03-23
brookie_deh_demon,2025-03-23
foresthag285,2025-03-23
Parking_Blueberry276,2025-03-23
slyboots00,2025-03-23
Slight_Traffic_9878,2025-03-23
stella_lebedev,2025-03-23
NewEnglandSynthOrch,2025-03-23
vikingstour,2025-03-23
burningfree13,2025-03-23
Witty-Equipment9042,2025-03-23
CockroachPopular531,2025-03-23
smickeri,2025-03-23
pho333nix,2025-03-23
mooniepieesxv,2025-03-23
boss_tanaka,2025-03-23
Early_Bid15,2025-03-23
vzn-sales,2025-03-23
kjmproducer,2025-03-23
half_way_by_accident,2025-03-23
Familiar_Low3502,2025-03-23
Infinite_Gas_3195,2025-03-23
Little_Drawer4434,2025-03-23
Independent_Fall_826,2025-03-23
Motherselz,2025-03-23
Ok_Variation396,2025-03-23
vmp005,2025-03-23
dogofarrows,2025-03-23
LeoRodeo,2025-03-23
redditjoe20,2025-03-23
Far-Assist-8110,2025-03-23
Researchingonreddit4,2025-03-23
Artistic-Cucumber938,2025-03-23
QueenOfTheTermites,2025-03-23
TheSultaiPirate,2025-03-23
Party-Ice-4364,2025-03-23
illuminatti01,2025-03-23
Noureldin_OG,2025-03-23
Only-Information8420,2025-03-23
alyssaloveheart,2025-03-23
TurbulentYam2136,2025-03-23
09subla,2025-03-23
Gabrielpichy,2025-03-23
Evening-Spread7461,2025-03-23
Z3r0AllStar,2025-03-23
Admirable_Dot9381,2025-03-23
NYCTank,2025-03-23
droset12,2025-03-23
Confident_Rock_3887,2025-03-23
presidentialcam,2025-03-23
Florida_Teaching,2025-03-23
IcyChampion9750,2025-03-23
MintyMintertins,2025-03-24
anonymous8122,2025-03-24
fillif3,2025-03-24
antlove4everandever,2025-03-24
HippoSimple3456,2025-03-24
sportza9,2025-03-24
NoCondition7556,2025-03-24
Accomplished_Luck_42,2025-03-24
Born_Background3845,2025-03-24
Alarming-Abroad9332,2025-03-24
Former_Walk_6419,2025-03-24
Kumatas,2025-03-24
robotguy09,2025-03-24
Melodic-Durian-3425,2025-03-24
valenmemesyhistorias,2025-03-24
ReasonableSkirt5340,2025-03-24
trexng,2025-03-24
jayfaculty,2025-03-24
Valuable_Oven8181,2025-03-24
unverified_unknown_,2025-03-24
Beige_malibu_66,2025-03-24
dc5brando,2025-03-24
terpico,2025-03-24
No-Poet-4716,2025-03-24
TheCritManc,2025-03-24
Trocky_Ramsay,2025-03-24
Jqf27,2025-03-24
Any-Variation-7104,2025-03-24
Square_Buffalo_3216,2025-03-24
coffee_addict_xx,2025-03-24
lucifer__666__,2025-03-24
Express_Locksmith379,2025-03-24
yogurt_feind,2025-03-24
SavingsClassic4352,2025-03-24
Comfortable-Roll9470,2025-03-24
Loose-Review-Abs-XD,2025-03-24
Brave_Evening_3180,2025-03-24
Mycoleslaw8,2025-03-24
DeceptiveFacade83,2025-03-24
Few-Neighborhood723,2025-03-24
Artistic-Price9419,2025-03-24
Worth_Equipment_5784,2025-03-24
Next-Drink,2025-03-24
FuzzyEar1812,2025-03-24
thematth,2025-03-24
ResumeGenie247,2025-03-24
Negative-Pressure-16,2025-03-24
xJUN3x,2025-03-24
Tomcat2045,2025-03-24
Parking-Fish1882,2025-03-24
Shadowstrike106,2025-03-24
GriefStrickenSon33,2025-03-24
BlazingPandaBear,2025-03-24
samueltheweb,2025-03-24
No_Coyote_3583,2025-03-24
GladSituation1424,2025-03-24
Gloomy-Holiday8618,2025-03-24
Relative-Mall974,2025-03-24
illshinelikediamonds,2025-03-24
No-Site-6325,2025-03-24
Lonely_Major_9305,2025-03-24
RainbowNugget24,2025-03-24
Zealous03,2025-03-24
Wise_Astronomer_7542,2025-03-24
Moist_Wolverine7960,2025-03-24
Every_Orange8045,2025-03-24
DamnIneedMoney,2025-03-24
Ok_Sort_5756,2025-03-24
General-Muscle-887,2025-03-24
PeIemeni,2025-03-24
Acrobatic-Tie9345,2025-03-24
thechosen32,2025-03-24
aquariusmatcha,2025-03-24
moonchill9,2025-03-24
Upstairs_Tailor_2972,2025-03-24
kylie_stars,2025-03-24
stolensr20,2025-03-24
Galaxy-Surfing,2025-03-24
theworldtravellerfag,2025-03-24
Funny-Gift9584,2025-03-24
Child_OfThe_MostHigh,2025-03-24
dropthepencil,2025-03-24
Sea_Boysenberry7323,2025-03-24
betsywendtwhere,2025-03-24
Pretty_Ad_3327,2025-03-24
Happy-Initiative-290,2025-03-24
wildinthe70z,2025-03-24
CartographerWeird881,2025-03-24
AnneV_,2025-03-24
Ok_Day_2003,2025-03-24
whitehoneytree,2025-03-24
crunchypebbles29,2025-03-24
chaosmarching,2025-03-24
No-Plant-9180,2025-03-24
North_Signature4751,2025-03-24
NilNairb,2025-03-24
Head-Requirement-610,2025-03-24
MethodWrong7827,2025-03-24
Acceptable-Sock-3155,2025-03-24
ammohitchaprana,2025-03-24
youredumbaflol,2025-03-24
Friendly_Hour3624,2025-03-24
BozoBubble,2025-03-24
AlchemicMouse,2025-03-24
Positive-Anxiety-228,2025-03-24
queenbeansprout,2025-03-24
Eric8643,2025-03-24
icedmilkteaboba,2025-03-24
CerealPageTurner,2025-03-24
youramazonbasket,2025-03-24
RetroMillennial57,2025-03-24
GiraffePowerful,2025-03-24
queef_baker123,2025-03-24
ZealousidealStuff975,2025-03-24
lotteryticketwon,2025-03-24
END146,2025-03-24
Wooden_Fruit_5598,2025-03-24
eee459,2025-03-24
Legendary_cat_meow,2025-03-24
SentenceSweaty8575,2025-03-24
Youtopia69,2025-03-24
ayeayeyoo,2025-03-24
ssn-zz,2025-03-24
3alabali,2025-03-24
Dull-Pin-2610,2025-03-24
JediGooof,2025-03-24
castimpala67,2025-03-24
chumbawumbaonabitch,2025-03-24
Timely_Bowler5600,2025-03-24
Past-Prior8047,2025-03-24
Arias-P,2025-03-24
Indexsniper,2025-03-24
Otherwise_Camera_743,2025-03-24
Gimini_Tina,2025-03-24
Eastern-Plum-8466,2025-03-24
roxxy915,2025-03-24
tillydeeee,2025-03-24
Appropriate-Funny293,2025-03-24
Greedy_Personality93,2025-03-24
Disastrous-Speech-24,2025-03-24
carebearbears,2025-03-24
youareawesome7,2025-03-24
Fun_Effective_836,2025-03-24
Ok-Cover-4137,2025-03-24
Smokeyy00,2025-03-24
VeterinarianOk1562,2025-03-24
Holiday_Piccolo886,2025-03-24
Tenchi2020,2025-03-24
SquareInitial5053,2025-03-24
Quiet-Blue,2025-03-24
No_Project_9807,2025-03-24
Rammosaurus,2025-03-24
NONtoxic9,2025-03-24
Own_Chemistry5270,2025-03-24
eb8fbd51116cd06ff406,2025-03-24
zahratalfarooq,2025-03-24
Lju1345,2025-03-24
drac92,2025-03-24
graciouscane,2025-03-24
Spiness,2025-03-24
Mediocre_Stick_9943,2025-03-24
Practicallyperfect7,2025-03-24
Ghost3Boi,2025-03-24
prospectinfinance,2025-03-24
Playful-Substance-35,2025-03-24
Sirjones55,2025-03-24
No-Objective-8247,2025-03-24
LoveMissaKitty,2025-03-24
TiktokJokes,2025-03-24
voice-ink-2001,2025-03-24
Different-Device9974,2025-03-24
Syracuse333,2025-03-24
IndependentBake9572,2025-03-24
SirOpening2170,2025-03-24
all_aglow,2025-03-24
Mr-Xcentric,2025-03-24
Flimsy_Wasabi9502,2025-03-24
Xqan1,2025-03-24
WitnessOwn3543,2025-03-24
AdventurousAsk669,2025-03-24
Classic_Intern9216,2025-03-24
TelevisionAncient296,2025-03-24
Spare-Foundation9804,2025-03-24
SpicyClubSawce,2025-03-24
MyLifeIsABoondoggle,2025-03-24
Happy-Comfort-6371,2025-03-24
maxxy-yy11,2025-03-24
Apprehensive_Gur2977,2025-03-24
HopeVarious7440,2025-03-24
Relative_Mix_9482,2025-03-24
ExplanationUsual8596,2025-03-24
coyacoyag,2025-03-24
Dubbiely,2025-03-24
detectivebreezy96,2025-03-24
BennyWennyHill,2025-03-24
onlyprojectt,2025-03-24
windybeam,2025-03-24
Nervous_Review_1913,2025-03-25
Superstorefann,2025-03-25
Front-Train-SI,2025-03-25
Capable-Dimension210,2025-03-25
SpecificExcellent407,2025-03-25
NoTransition2922,2025-03-25
ADirtyCasual,2025-03-25
WE_ARE_V3N0M,2025-03-25
lesllle,2025-03-25
retro_lady,2025-03-25
Rare_Basis_9380,2025-03-25
Strict-Mail-7412,2025-03-25
DonUT700,2025-03-25
Big-Information492,2025-03-25
Byt3Walk3r,2025-03-25
krysterra,2025-03-25
kingtucker69,2025-03-25
Traditional-Toe1605,2025-03-25
160102,2025-03-25
heyitssammy106,2025-03-25
lilferret99,2025-03-25
guru_10,2025-03-25
Illustrious-Owl8412,2025-03-25
J0kePeralta,2025-03-25
Serious_Case_3277,2025-03-25
Dukeof3gg,2025-03-25
Parking-Category-966,2025-03-25
Craftsman-Bigic,2025-03-25
Responsible_Mail_649,2025-03-25
moisthamter,2025-03-25
Fast-Carpenter-6433,2025-03-25
Hopeful-Layer-4037,2025-03-25
Eastern-Ad4699,2025-03-25
u6crash,2025-03-25
StardustAngels,2025-03-25
Hairy-Abrocoma-3657,2025-03-25
Bertie-McBert,2025-03-25
Low_Calligrapher_785,2025-03-25
simplebey,2025-03-25
tristam370,2025-03-25
Electrical_Skin6099,2025-03-25
jkle1234,2025-03-25
ramit95,2025-03-25
Unfair_Zebra_3708,2025-03-25
imnotahelicopter,2025-03-25
rafa-Panda,2025-03-25
Western-Bit-620,2025-03-25
zedneph,2025-03-25
Boredperson60,2025-03-25
DeathByVinyl23,2025-03-25
ActualAd3694,2025-03-25
ilurvetacobell,2025-03-25
Ill_Connection564,2025-03-25
zachdit,2025-03-25
Creepy-House4399,2025-03-25
Ornery_Currency_6740,2025-03-25
Strong_Culture_7750,2025-03-25
itznatzio,2025-03-25
DeyD_69,2025-03-25
vegita002,2025-03-25
flyinggoates,2025-03-25
SeaworthinessFar3510,2025-03-25
UnknownFutureLife,2025-03-25
National_Entry_1582,2025-03-25
IamBatman91939,2025-03-25
Jazzlike_Warning_606,2025-03-25
_banana_brain,2025-03-25
LeengTunnn,2025-03-25
murdab07,2025-03-25
Unfair_Western_3668,2025-03-25
Fun-Variety-1433,2025-03-25
not_so_bright1,2025-03-25
AggressiveConcert808,2025-03-25
Pie_Dealer_co,2025-03-25
carlisle0930,2025-03-25
musicmadness22,2025-03-25
beetrootsabound,2025-03-25
Ornery_Smile_2079,2025-03-25
ThrowAwayAdvisor2025,2025-03-25
jma_042405,2025-03-25
GuruWami,2025-03-25
Former-Painter-9536,2025-03-25
SageSLR,2025-03-25
thewildwestoracle,2025-03-25
Dull_Chair_5963,2025-03-25
Salt_Invite2338,2025-03-25
seeking4inspiration,2025-03-25
THICKJUICYTRUMPSTEAK,2025-03-25
Rare-Teaching5707,2025-03-25
rationalluchadore,2025-03-25
mrtelephoneman-2282,2025-03-25
phyrah89,2025-03-25
Safe_Acanthaceae5004,2025-03-25
Immediate_Sky1802,2025-03-25
couentine,2025-03-25
pins-chick,2025-03-25
ThePsychicGamer1,2025-03-25
Dismal-Prior-6699,2025-03-25
Peekabrrrrrr34,2025-03-25
Organic_Mission1509,2025-03-25
Recent_Airport6438,2025-03-25
CasinoCoast,2025-03-25
keejones585,2025-03-25
Decent_Version1244,2025-03-25
flygirlie22,2025-03-25
Temporary-Oven-8831,2025-03-25
commitwit,2025-03-25
WonderfulRabbit7920,2025-03-25
Serious_Scheme_3584,2025-03-25
NoMongoose5325,2025-03-25
Sad_Strength_588,2025-03-25
Badi254,2025-03-25
luckyironlung,2025-03-25
Western-Factor-591,2025-03-25
snow_bake,2025-03-25
FeeAffectionate1716,2025-03-25
DiligentGrapefruit61,2025-03-25
bamboojork,2025-03-25
SquakingKnee,2025-03-25
hiddenblitz,2025-03-25
Sad_Internal1832,2025-03-25
WizardFromTheEast,2025-03-25
Anonymouse163874,2025-03-25
FewTerm6222,2025-03-25
throwawayyahnaa,2025-03-25
hugz-today,2025-03-25
CreditOk5063,2025-03-25
JB1990,2025-03-25
moonlxght190,2025-03-25
Significant-Rent5905,2025-03-25
WorriedSecond2711,2025-03-25
kaahehfiakemf,2025-03-25
_literalbliss,2025-03-25
xxxLAVANDER,2025-03-25
Massive-Key-6599,2025-03-25
Ambitious_End186,2025-03-25
FarSet5441,2025-03-25
Where_ismysupersuit,2025-03-25
myJinnys,2025-03-25
Westport8787,2025-03-25
Aggravating-Dress829,2025-03-25
Mundane_Tea_6087,2025-03-25
maxthechonk,2025-03-25
HairyChestTheThird,2025-03-25
laylamajnoon,2025-03-25
Warm-Ad2086,2025-03-25
Forward-Swing,2025-03-25
Alpineak,2025-03-25
Comfortable-Road5791,2025-03-25
Perfect_Ad_,2025-03-25
Living-the-dream-AZ,2025-03-25
True-Magazine-5720,2025-03-25
cloudygrande,2025-03-25
csilentn1918,2025-03-25
Silent-Smell4123,2025-03-25
NegotiationThen7381,2025-03-25
BigBootyBlackWoman,2025-03-25
BruhToTheMaX69420,2025-03-25
HalfBoyHalfGhost,2025-03-25
Hardysk8r,2025-03-25
Agitated_Bunch6119,2025-03-25
Shot-Character-1755,2025-03-25
water-boi-walkin,2025-03-25
Edwonh,2025-03-25
formallyhuman,2025-03-25
Perfect_Software6446,2025-03-25
shhlogan,2025-03-25
mekekmekek,2025-03-25
Miserable_Plastic_73,2025-03-25
vinaykanth_4,2025-03-25
DDADrogba11,2025-03-25
Chemical_Back_289,2025-03-25
rontonsoup__,2025-03-25
Missgirl_20,2025-03-25
powdertojinx,2025-03-25
bobaluvrrr,2025-03-25
roycocup,2025-03-25
BrolexBezelman,2025-03-25
overandoutnerd,2025-03-25
Dougzillahhh,2025-03-25
WoberryAI,2025-03-25
NoTemperature5788,2025-03-25
mruffing485,2025-03-25
radicalsapphic,2025-03-25
AlltheFerns,2025-03-25
Neat_Contract_7541,2025-03-25
DEEE0H,2025-03-25
Clown2021,2025-03-25
luhluh8,2025-03-25
alexgreaterthan,2025-03-25
Speeder55557,2025-03-25
Aggravating-Cod4680,2025-03-25
Royal0raspberry0,2025-03-25
Responsible-Noise287,2025-03-25
onlyimportantshit,2025-03-25
Ok_Floor8349,2025-03-25
learner_learner,2025-03-25
KnottyColibri,2025-03-25
No_Report8743,2025-03-25
Independent-Big6680,2025-03-25
Strange_Band_1962,2025-03-25
ghosh_debom,2025-03-25
Able-Impress-5598,2025-03-25
EnvironmentalList789,2025-03-25
Specialist-Sand-8900,2025-03-25
Artistic-Kick607,2025-03-25
Character-Culture778,2025-03-25
bagdude25,2025-03-25
Longjumping_Bowl_403,2025-03-25
Fantastic_Variety409,2025-03-25
FIREisthegoalforsam,2025-03-25
Other-Locksmith-6413,2025-03-25
cocoa_mello,2025-03-25
geass984,2025-03-25
Aromatic-Syllabub902,2025-03-25
AnarchyForTheWin,2025-03-25
CultureSafe227,2025-03-25
Honest_Ring3056,2025-03-25
NoseRepresentative,2025-03-25
kenmakoko,2025-03-25
TRUROZZAY,2025-03-25
Ok_Pay1768,2025-03-25
Vick_blvck,2025-03-25
kater543,2025-03-25
Specialist-Dress3513,2025-03-25
Burgerbar,2025-03-25
Empty_Hair_9854,2025-03-25
215samir,2025-03-25
PurpleBlurpple,2025-03-25
Creepingcam1070,2025-03-25
Low-Imagination8124,2025-03-25
Curious_Mention2273,2025-03-25
Serious_Hornet8953,2025-03-25
Ancient-One-3574,2025-03-25
No_Wealth_4665,2025-03-25
dha_130703,2025-03-25
Large-Fall-8156,2025-03-25
Helpful-Weather-6773,2025-03-25
Ill-Alternative-6755,2025-03-25
Any-Competition8494,2025-03-25
Scary-Reference5010,2025-03-25
baconator30001,2025-03-25
Available_Talk_2896,2025-03-25
Gallzy25,2025-03-25
overjobhunting,2025-03-25
ExtensionSeries5280,2025-03-25
mtnmnstr,2025-03-25
chimichangu,2025-03-25
AwareWriterTrick158,2025-03-25
Ill-Rock-9706,2025-03-25
BBA_0197,2025-03-26
throwraRonda,2025-03-26
Emergency_Lab_6527,2025-03-26
Novemberr_raine,2025-03-26
adsg88,2025-03-26
Exact-Worker7500,2025-03-26
Hunter_Fraley,2025-03-26
Heckler_Six,2025-03-26
SuspiciousHawk007,2025-03-26
meap19,2025-03-26
Tiny_Raspberry_6244,2025-03-26
Aggravating_Talk9097,2025-03-26
yuka_fries,2025-03-26
Applyish,2025-03-26
traumstduu,2025-03-26
under_a_rock24,2025-03-26
TraditionalBonus5706,2025-03-26
Quirky_Peak3298,2025-03-26
dirtmcturd,2025-03-26
lagrangians,2025-03-26
Latter_Librarian_905,2025-03-26
Practical_Eye6151,2025-03-26
anna1kravcenko1509,2025-03-26
jalbo13,2025-03-26
Worldly-Cheesecake95,2025-03-26
LegPsychological9667,2025-03-26
informationSeeker26,2025-03-26
t5_bluBLrv,2025-03-26
Agitated-Evening3011,2025-03-26
No_Let2762,2025-03-26
Lopsided-Effort5110,2025-03-26
Unable_Analysis6964,2025-03-26
The_Midnight_Maniac,2025-03-26
rishrahm,2025-03-26
McGonigle2016,2025-03-26
AdAlarming4217,2025-03-26
Some_Bake3481,2025-03-26
Substantial-Hunt-582,2025-03-26
andyyyyyyyy530,2025-03-26
Detective-Limp,2025-03-26
HelloHiHey01,2025-03-26
Final_Patient347,2025-03-26
External-Dish9821,2025-03-26
CitronOk5015,2025-03-26
alistens05,2025-03-26
Mradulicious,2025-03-26
KeithTheKillerOfHope,2025-03-26
NecessaryRice1265,2025-03-26
Soft-Masterpiece-444,2025-03-26
Conscious_Half9244,2025-03-26
BowlerIll5081,2025-03-26
Helpful_Way9198,2025-03-26
Thefunnyfriend_04,2025-03-26
Ok_Exit4758,2025-03-26
Exciting_Razzmatazz3,2025-03-26
Typical-Reading2195,2025-03-26
Grand_Evidence_1736,2025-03-26
Ok_Conversation4825,2025-03-26
Ecstatic-Media7280,2025-03-26
frogBurger4u,2025-03-26
SnooMacarons8600,2025-03-26
monikaa_gupta,2025-03-26
CareeCraftersHub,2025-03-26
URLASTHOPE,2025-03-26
theexit_hound787,2025-03-26
BothEntertainment566,2025-03-26
Funny-Scene5094,2025-03-26
Odd_Ranger_1349,2025-03-26
moveant,2025-03-26
Plastic_Respect_4029,2025-03-26
External_Read_7609,2025-03-26
Thecatwithherpes,2025-03-26
Flashy-Nose-9990,2025-03-26
Background-Advice831,2025-03-26
GrandPackage1254,2025-03-26
Key_Growth_3827,2025-03-26
PristineTart6742,2025-03-26
LittleMaho,2025-03-26
gokuripeach,2025-03-26
YogurtRadiant1120,2025-03-26
geopow222,2025-03-26
WeAreAllStarsHere,2025-03-26
Strong-Ant-4938,2025-03-26
Ill-Ill-Il,2025-03-26
ghosthackedhuman,2025-03-26
Peasitivity,2025-03-26
Conscious-Bath3189,2025-03-26
Independent-Office80,2025-03-26
TherealMicahlive,2025-03-26
LazySchool,2025-03-26
444_kuuuu,2025-03-26
Competitive_Walk5529,2025-03-26
Helpful_Common8423,2025-03-26
Upper-Potato5394,2025-03-26
Radiant_wallaby_985,2025-03-26
mom1329,2025-03-26
Iopiid,2025-03-26
Zealousideal_Clue284,2025-03-26
Puzzleheaded_Tap_109,2025-03-26
govabee,2025-03-26
Distinct_Complex324,2025-03-26
Ok-Club-9333,2025-03-26
Rich-Bad4847,2025-03-26
davvidopp1,2025-03-26
PomegranateNo6321,2025-03-26
Aggressive-Cow5399,2025-03-26
davidsa691,2025-03-26
wandering-doggo,2025-03-26
Key-Bid4053,2025-03-26
Accomplished_Ebb862,2025-03-26
Fair-Willow389,2025-03-26
Top_Mechanic_2273,2025-03-26
gavin_mercer15,2025-03-26
mynameisinfact,2025-03-26
Free_Kale6639,2025-03-26
TradeFun3376,2025-03-26
Neoteric_mind,2025-03-26
AdSevere2507,2025-03-26
No-Effective-8252,2025-03-26
MAGIC_CONCH1,2025-03-26
StrikingRough3690,2025-03-26
Healthy_Stuff3933,2025-03-26
MiniMarketer,2025-03-26
waytoogay247,2025-03-26
AdeptnessPlus2215,2025-03-26
digitlsix,2025-03-26
VideoProof69,2025-03-26
Dry_Pay_7030,2025-03-26
MyPuppyCroissant,2025-03-26
Infinite_Priority_46,2025-03-26
Prabu-Silitwangi,2025-03-26
GG_Sryf_2000,2025-03-26
SoupPristine6194,2025-03-26
Mindless-Street-761,2025-03-26
Front-Edge-Developer,2025-03-26
constellation-star,2025-03-26
AdorableMagazine9821,2025-03-26
Used-Explanation-314,2025-03-26
Silent-Compote-7613,2025-03-26
Glemeth,2025-03-26
ThrowRa_popchilli,2025-03-26
BraveAd4222,2025-03-26
Myostent38,2025-03-26
Dry-Alternative-7329,2025-03-26
Actuallyyellow,2025-03-26
CipotePanson,2025-03-26
Comfortable-Sleep395,2025-03-26
KayJeyD,2025-03-26
IllustratorGreen8957,2025-03-26
Dakmorey608,2025-03-26
PublicAthlete3458,2025-03-26
Late-Author-4395,2025-03-26
EquivalentAnt1882,2025-03-26
OpportunityBrave6178,2025-03-26
throwaway18275927485,2025-03-26
Christofu1826,2025-03-26
SweetenedMelon,2025-03-26
Practical_Line_4771,2025-03-26
Ancient_Pineapple902,2025-03-26
Kolas_Playze,2025-03-26
Lola-the-showgirl,2025-03-26
Idkhelpplease_,2025-03-26
bosma-Tonight6000,2025-03-26
angelerisartist,2025-03-26
Healthy_Confusion484,2025-03-26
ThumpingVTwin88,2025-03-26
HeavenHire,2025-03-26
kenn3456,2025-03-26
InternationalSun2787,2025-03-26
hidingcritter,2025-03-26
Lost-Food-6642,2025-03-26
Accomplished_War7359,2025-03-26
NoPeace3923,2025-03-26
nagy_doroti44,2025-03-26
throwaway72519748,2025-03-26
Kobthegoat,2025-03-26
Critical-Addition256,2025-03-26
so_heaux,2025-03-26
Unable-Activity4965,2025-03-26
Informal-Concept3935,2025-03-26
BagBalmer14,2025-03-26
CheetahCharming5222,2025-03-26
Museummmmnerd,2025-03-26
CavedMountainPerson,2025-03-26
Burial_Ground,2025-03-26
deancousin,2025-03-26
nagem12,2025-03-26
jRa2528,2025-03-26
HyperPigeonz,2025-03-26
Abattoir87,2025-03-26
Interesting-Walk2143,2025-03-26
Ok_Gazelle_3921,2025-03-26
iza23141,2025-03-26
RedMeka7,2025-03-26
ParkTotal1111,2025-03-26
flowerpanda98,2025-03-26
AnoQueen,2025-03-26
stilldontnomynamee,2025-03-26
Brief-Profession3388,2025-03-26
greatervoyage,2025-03-26
LJski,2025-03-26
DisastrousDinosaur18,2025-03-26
StrikingAwareness303,2025-03-26
xander_8799,2025-03-26
ShapShap_SkorroSkorr,2025-03-26
DumbUniStudent,2025-03-26
ThyzRobot2000,2025-03-26
Simple-Lobster44,2025-03-26
throwitaway0601,2025-03-26
diol18,2025-03-26
shittyartist-,2025-03-26
JaxStax12,2025-03-26
ukbeasts,2025-03-26
Real_Reflection9696,2025-03-26
Verios4,2025-03-26
BooB3ar6114,2025-03-26
shar94,2025-03-26
LegitimateTown646,2025-03-26
LandOfGrace2023,2025-03-26
WrongImage1853,2025-03-26
Infamous_Potato3198,2025-03-26
letterl2,2025-03-26
Kindly_Specialist_91,2025-03-26
Ordinary-Carob-9564,2025-03-27
ViolinistFit7850,2025-03-27
Opening-Difficulty17,2025-03-27
Slow-Fruit9176,2025-03-27
TwighlightGolf,2025-03-27
Wealthnsb,2025-03-27
beautybythecam,2025-03-27
Heavy_Wrench992,2025-03-27
ArmAlternative6748,2025-03-27
Agile-General268,2025-03-27
ThatIsNotAnAsian,2025-03-27
MAXIMUS-D-AURELIUS,2025-03-27
Illustrious_Road7203,2025-03-27
Key-Ingenuity-9735,2025-03-27
IAdoreyouu79,2025-03-27
Weak_Tap_5401,2025-03-27
WO_Jefe_in_SE_DC,2025-03-27
No-Confusion7257,2025-03-27
workingmusician123,2025-03-27
femme_______________,2025-03-27
Sure-Ad4483,2025-03-27
Maleficent-Fox6626,2025-03-27
cgifoxy,2025-03-27
Product_guy24,2025-03-27
Awkward-Ad5960,2025-03-27
Moon_Mama0-0,2025-03-27
Visual_Welder_9514,2025-03-27
Anonymoususerpr,2025-03-27
Lontanoooo,2025-03-27
Samjm876,2025-03-27
wrightobari,2025-03-27
AfterBee3707,2025-03-27
Crazy-Ball-5961,2025-03-27
sparearhyme,2025-03-27
TheKulsumPIE,2025-03-27
Suspicious-Invite224,2025-03-27
EndUsed5466,2025-03-27
Dropdeaadd,2025-03-27
kjwhimsical-91,2025-03-27
wthevenisthatthing,2025-03-27
ded_insidd,2025-03-27
ljgnj03,2025-03-27
Infinitepies,2025-03-27
Wonderful_Desk_3582,2025-03-27
bbystace,2025-03-27
Burner_McBurnstein,2025-03-27
AlpacauLunch,2025-03-27
Big_Canary_2382,2025-03-27
Heisenberg1209,2025-03-27
Icy_Comparison8691,2025-03-27
deadlysxns,2025-03-27
Wrong-Cat4524,2025-03-27
Wide-Novel-1078,2025-03-27
The_HIRD,2025-03-27
Alarmed-Score-8059,2025-03-27
Salty-Cash-6561,2025-03-27
13necessities1st1s-u,2025-03-27
Future_Golf_7154,2025-03-27
Excellent-Review5453,2025-03-27
Double_Search4194,2025-03-27
shalaylaypumpano2000,2025-03-27
CakeIndependent9212,2025-03-27
vengeance__69,2025-03-27
Rickygoldx,2025-03-27
veteranbot,2025-03-27
Single_Surround_5812,2025-03-27
sinigangflavor20,2025-03-27
Historical-Cake-443,2025-03-27
Prudent-Walk7922,2025-03-27
Best_Swan_5301,2025-03-27
aussieredditboy,2025-03-27
Front-Tree5863,2025-03-27
No-Map-1364,2025-03-27
WillowFox92,2025-03-27
towtrucklol,2025-03-27
SarkariNetwork,2025-03-27
Extreme_Bridge_6018,2025-03-27
Calm-Interview5968,2025-03-27
Jumpy_Commission_489,2025-03-27
Educational_Oil_1066,2025-03-27
Disastrous-Fail-6245,2025-03-27
EveningVisual4634,2025-03-27
ActualBawbag,2025-03-27
AdSad4972,2025-03-27
AbbreviationsBig1212,2025-03-27
Ok_Substantial_1714,2025-03-27
VeganCanary,2025-03-27
Advanced_Draft76,2025-03-27
eniyaa555,2025-03-27
WordWizardry1,2025-03-27
sonoEDO02,2025-03-27
Advanced_Chest1512,2025-03-27
Natural_Battle_7045,2025-03-27
UniversityAny9820,2025-03-27
Magic_Cowboy,2025-03-27
milaademjay,2025-03-27
Hopeful-Ice636,2025-03-27
Independent-Camp2328,2025-03-27
Aqua_and_Garnet,2025-03-27
scarletwitchmoon,2025-03-27
BuildingBetterBack,2025-03-27
CommonAioli9913,2025-03-27
dj_djinny,2025-03-27
Legal_Entry_2869,2025-03-27
Geeky_Pa1,2025-03-27
AndrewDitchisapedo,2025-03-27
Daniel-Wang-RFID,2025-03-27
Important_Ideal9185,2025-03-27
allanson16,2025-03-27
Relative_Meat_8816,2025-03-27
pushk_a,2025-03-27
Still-Look5454,2025-03-27
Morpheushasrisen404,2025-03-27
Wormcastle,2025-03-27
TalentForge360,2025-03-27
mylapore_mambattiyan,2025-03-27
Commercial_Register5,2025-03-27
KrabbyJPatty,2025-03-27
Sea_Comfortable_5499,2025-03-27
Designer_Vex,2025-03-27
PatternParticular735,2025-03-27
blue0013,2025-03-27
East-Growth-7268,2025-03-27
___isterrifying,2025-03-27
-LaPelle-,2025-03-27
Key_Kaleidoscope50,2025-03-27
navillera_idle,2025-03-27
Jazzlike_Lavishness4,2025-03-27
rabbitgotdagun,2025-03-27
Former_Alternative29,2025-03-27
Ok_Purpose_9287,2025-03-27
VividDonut9848,2025-03-27
Ok_Objective3900,2025-03-27
Frogfora_night,2025-03-27
thrwaway_2025,2025-03-27
Conrrad586,2025-03-27
baroquesun,2025-03-27
throwaway178382948,2025-03-27
paranoidman_20,2025-03-27
anxioushottie5,2025-03-27
VLD320,2025-03-27
WrenchxII,2025-03-27
joeyminichiello5,2025-03-27
Majestic-Storm-9404,2025-03-27
Funny_Opposite4792,2025-03-27
Snoo_34614,2025-03-27
Shot-Ad-6908,2025-03-27
No_Masterpiece_3953,2025-03-27
manzanagata,2025-03-27
Sea_Addition_899,2025-03-27
Future-Notice-4489,2025-03-27
Human_Razzmatazz1588,2025-03-27
Opposite_Escape5735,2025-03-27
Random_octo_,2025-03-27
SandwichDependent199,2025-03-27
Mountain-Patient8691,2025-03-27
charles7tang,2025-03-27
BrilliantSearch8981,2025-03-27
HyenaZena,2025-03-27
ThrowAway629473,2025-03-27
psychochihuahualover,2025-03-27
Tree_killer_76,2025-03-27
Voidedge04,2025-03-27
Logical_Profile9,2025-03-27
Hairy_Baseball726,2025-03-27
thehuskyenthusiast,2025-03-27
Expensive_Drive2198,2025-03-27
BedroomBackground989,2025-03-27
Sufficient_Scene7173,2025-03-27
sam_asyouknow,2025-03-27
Quirky-Philosophy-94,2025-03-27
Effective_Welcome_64,2025-03-27
Constant_Pea_2149,2025-03-27
StartledSquirtle,2025-03-27
Candid_Choice_8281,2025-03-27
Usual_Ship_5405,2025-03-27
sugarjesus882,2025-03-27
Monaconumerique,2025-03-27
lexisthebestest7,2025-03-27
Some_Inflation2930,2025-03-27
Evening-Firefighter6,2025-03-27
LiveLaughSlay-,2025-03-27
KeyInformation51,2025-03-27
_discosonic_,2025-03-27
GuiltyAd362,2025-03-27
Pitiful_Hedgehog7626,2025-03-27
One-LabTab,2025-03-27
Inspiremz,2025-03-27
coffeexandxangst,2025-03-27
Trucker225,2025-03-27
Shot_Career_6627,2025-03-27
_KillingEve_,2025-03-27
Sad_Magician667,2025-03-27
Denace_,2025-03-27
DragonfruitMoney596,2025-03-27
Mind_Trauma,2025-03-27
throaway91228,2025-03-27
rayofsunshinee14,2025-03-27
Prestigious_Photo_44,2025-03-27
Wonderful-Traffic804,2025-03-27
FastPeak,2025-03-27
Far-Category-9186,2025-03-27
NaiveAd1415,2025-03-27
chxrio,2025-03-27
SignificantDoctor172,2025-03-27
I_EAT_DRYER_SHEETS,2025-03-27
Green-Zebra599,2025-03-27
Spiritual-Bear-1618,2025-03-28
Advanced_Worry1455,2025-03-28
real_professional601,2025-03-28
Hairy_Chocolate_8713,2025-03-28
jakobdele,2025-03-28
Complex-Job-1497,2025-03-28
SnooGiraffes805,2025-03-28
Mundane-Alfalfa-8979,2025-03-28
AncientKey2546,2025-03-28
Fragrant-Grass3998,2025-03-28
ruffalo66,2025-03-28
Dull_Court_3376,2025-03-28
Affectionate_Hunt_80,2025-03-28
fawndotcom,2025-03-28
justalunarphase,2025-03-28
Mindless_Source5037,2025-03-28
BrownCow_20,2025-03-28
QueenbyHearts,2025-03-28
Background_News3201,2025-03-28
Fart_lngredients,2025-03-28
fudgerpudger412,2025-03-28
AlternativeRecord323,2025-03-28
LettuceMain3197,2025-03-28
MediocreReditor,2025-03-28
DistributionTop6837,2025-03-28
BlueHairAnger,2025-03-28
RestBorn484,2025-03-28
caffeine_dependent_H,2025-03-28
maybeask,2025-03-28
strawberriesjpg,2025-03-28
Less_Caterpillar986,2025-03-28
NextHireAI,2025-03-28
Busy-Guarantee6540,2025-03-28
PhilosophyWrong7610,2025-03-28
Tempfun2315,2025-03-28
MSS_K,2025-03-28
FortuneGloomy1322,2025-03-28
RemingtonGs,2025-03-28
neet_patel2211,2025-03-28
Icy_Print_9865,2025-03-28
cerezza__,2025-03-28
Possible_Poetry8444,2025-03-28
One-Row-8252,2025-03-28
Electrical_Toe4623,2025-03-28
Intelligent_Bus_9536,2025-03-28
Joedatoe,2025-03-28
Subject-Television19,2025-03-28
QWHO62,2025-03-28
This_Pie_7001,2025-03-28
Few-Desk7578,2025-03-28
RealisticMap1053,2025-03-28
pastingie,2025-03-28
Fun-Replacement1840,2025-03-28
ntruciv,2025-03-28
GauravInnova,2025-03-28
ewletsnottalkaboutit,2025-03-28
Critical-List-4899,2025-03-28
g43nwukkk,2025-03-28
rajan_cooldude69,2025-03-28
Alone-Effective8811,2025-03-28
Ill_Milk5500,2025-03-28
AutomaticShowcase,2025-03-28
batt_ery4cid,2025-03-28
Working-Emergency490,2025-03-28
Upper-Reserve-2128,2025-03-28
shyam_kumar6,2025-03-28
tunedup5,2025-03-28
Ready-Valuable8936,2025-03-28
swasti_dp,2025-03-28
joanann,2025-03-28
8__Gr13f3r__8,2025-03-28
dai_adi,2025-03-28
OgbeniOlumide,2025-03-28
IdaStock,2025-03-28
rushell070,2025-03-28
Alternative_Cry_557,2025-03-28
Important_Regular341,2025-03-28
New-Tough-1130,2025-03-28
Basic_Obligation1344,2025-03-28
Over-Science1047,2025-03-28
Impossible_Prize8542,2025-03-28
stem-xpert,2025-03-28
Icy-Associate6052,2025-03-28
Automatic-Tale5444,2025-03-28
Jaded-Garbage7403,2025-03-28
nieuver,2025-03-28
ProfessionalAny2828,2025-03-28
Motor-Comment-6557,2025-03-28
757Lemon,2025-03-28
Spike_Tape,2025-03-28
Guretto,2025-03-28
According_Reason_843,2025-03-28
Kitchen_Ad7001,2025-03-28
Far-Public9650,2025-03-28
DaWookie12,2025-03-28
rileybens,2025-03-28
Iowadream74,2025-03-28
Time_Strawberry4090,2025-03-28
Lazy_Day_2093,2025-03-28
karenswift98,2025-03-28
Cute-Song-8444,2025-03-28
Ok-Access-3286,2025-03-28
starlightdreams6,2025-03-28
kirishima_2007,2025-03-28
Pookmeister100,2025-03-28
hamilcopter,2025-03-28
One-Professional6528,2025-03-28
Sea-Tennis1242,2025-03-28
rainey629,2025-03-28
Charlie31245,2025-03-28
EarlySea7213,2025-03-28
Zealousideal_Dot431,2025-03-28
MembershipUpbeat9027,2025-03-28
pinkflamingoturds,2025-03-28
sparkly_cookie,2025-03-28
warmbloodedbabe,2025-03-28
dinkydee515,2025-03-28
IllWelder6189,2025-03-28
Leading-Scientist380,2025-03-28
Bright_Persimmon4222,2025-03-28
Addictwitha,2025-03-28
RandomHero505,2025-03-28
KookyTart2163,2025-03-28
pochacco2121,2025-03-28
Banana-Accomplished,2025-03-28
IHateDoingUsernames,2025-03-28
FurryTrailBlazer,2025-03-28
CryptographerLow8444,2025-03-28
saltysourandfast,2025-03-28
Think_Active_9zero,2025-03-28
Lucmaestro33,2025-03-28
Equal_Anywhere_3978,2025-03-28
_hereforthestories_,2025-03-28
Phish_nChips,2025-03-28
Middle_Ad_8125,2025-03-28
humandudemanboy,2025-03-28
IrishClaire99,2025-03-28
botboy03,2025-03-28
SpiritedCantaloupe52,2025-03-28
General-Muscle-5049,2025-03-28
Equivalent-Carry-332,2025-03-28
CastellonElectric,2025-03-28
IQatosh,2025-03-28
alyssaaarenee,2025-03-28
DannyDimes6977,2025-03-28
VirtualTea19,2025-03-28
QueasyBee8221,2025-03-28
new_to_thiscom,2025-03-28
H3eartstop,2025-03-28
IndependentSelf5862,2025-03-28
Wrong-Chemist631,2025-03-28
BappoAsh,2025-03-28
Affectionate-Fun5099,2025-03-28
Ill-Classic-9927,2025-03-28
hairy_dookie,2025-03-28
favfriendlyblkhottie,2025-03-28
Ancione,2025-03-28
HeavyMetalFL,2025-03-28
Donniedarko7774,2025-03-28
Then-Tap-2970,2025-03-28
anonymous_0618615740,2025-03-28
_fuaaaaad_,2025-03-28
Grace_Monroe,2025-03-28
The_Alphamailman9,2025-03-28
EggieHomie,2025-03-28
Rude_Book,2025-03-28
Noobs_Man3,2025-03-28
Wild-Evidence-4915,2025-03-28
Automatic-Reason-254,2025-03-28
No_Hope1154,2025-03-28
Embarrassed_Trade108,2025-03-28
Impossible_Debt_4795,2025-03-28
Competitive_Tap_8454,2025-03-28
yuknow3099,2025-03-28
allonsy_alyson94,2025-03-28
Deep-Watercress3432,2025-03-28
empressface,2025-03-28
Routine-Salad-4051,2025-03-28
jaxbeth,2025-03-28
Opening-Expert-1838,2025-03-28
Yungbull501,2025-03-28
phishgirl69,2025-03-28
Remarkable-Life1109,2025-03-28
MaleficentCourage204,2025-03-28
frankie0822,2025-03-28
DoubleIdea47,2025-03-28
smoke_of_bone,2025-03-28
GoldNo5001,2025-03-28
TimeEssay,2025-03-28
Possible-Ad6501,2025-03-28
idadunnit,2025-03-28
planet_robot,2025-03-28
ClassroomSelect2231,2025-03-28
Ok_Juice_8246,2025-03-28
laxtravel83,2025-03-28
EducationalAspect503,2025-03-28
krv5025,2025-03-28
francakes9,2025-03-28
Main_Bus_2655,2025-03-28
Bingo_0501,2025-03-28
Ok_Lobster_6316,2025-03-28
Meg-a-cabra,2025-03-28
Demon1919N,2025-03-28
Funny_Rule2482,2025-03-28
Cambridge8204,2025-03-28
Mundane_Adagio658,2025-03-28
e30sheib,2025-03-28
Cold-Profession-2684,2025-03-28
Bubbly-Scientist8395,2025-03-28
Puzzled-Influence-78,2025-03-28
carteder97,2025-03-28
Alarming-Race4076,2025-03-28
Ok_Supermarket_5913,2025-03-28
Naive_Possession8733,2025-03-28
Best_Poet9873,2025-03-28
NecessaryCharacter62,2025-03-28
livinlikelarry568,2025-03-28
JonahBGood,2025-03-28
thedinkdonker,2025-03-29
mindfulwanderer_,2025-03-29
Fun_Incident_8599,2025-03-29
Heybabe_1807,2025-03-29
Interesting_Level_71,2025-03-29
angsiyete,2025-03-29
DC2x20,2025-03-29
Mariah_Page,2025-03-29
NewAd4662,2025-03-29
VampAl99,2025-03-29
Illustrious-Heat3431,2025-03-29
Disastrous_Meal5027,2025-03-29
Ilovecoloring122,2025-03-29
___ihavequestions___,2025-03-29
OvenAccomplished1505,2025-03-29
IsiahtheEnt,2025-03-29
Mfphonch,2025-03-29
EpicDuy,2025-03-29
joshmo144,2025-03-29
Excellent-Victory623,2025-03-29
Imaginary-Living-813,2025-03-29
Ambitious-Command957,2025-03-29
Difficult_Hair2491,2025-03-29
Serious_Leather_621,2025-03-29
a-starry-evening,2025-03-29
WTAF__Trump,2025-03-29
AffectionateBet8037,2025-03-29
Opening-Window596,2025-03-29
AggressiveGas2067,2025-03-29
OkFaithlessness2104,2025-03-29
Turbulent-Durian-383,2025-03-29
Willywomp2_0,2025-03-29
GrandMoffTarkin1,2025-03-29
BackcountryBabe,2025-03-29
sourhead93,2025-03-29
in3zv,2025-03-29
oldcumsock_,2025-03-29
PureAd4260,2025-03-29
Boring_Ad6529,2025-03-29
zoidberg707,2025-03-29
LexisMonte,2025-03-29
brocollistares101,2025-03-29
TuneSome6016,2025-03-29
Outside_Ad_2147,2025-03-29
okayyessica,2025-03-29
Tricky-Muffin7102,2025-03-29
ezemmaez,2025-03-29
Odd-Tangerine-669,2025-03-29
bmoney_bryson,2025-03-29
Dismal-Region-3737,2025-03-29
bearsee-beardo,2025-03-29
veyane,2025-03-29
New_Improvement806,2025-03-29
getrectson,2025-03-29
T-Riptrivia,2025-03-29
IHatePrepaids,2025-03-29
Historical_Berry9552,2025-03-29
selfy121,2025-03-29
finding_me404,2025-03-29
Designer-Salt,2025-03-29
toodoodidoo,2025-03-29
Kindly_Edge_1632,2025-03-29
Mission-Background34,2025-03-29
AdeptnessQuick7695,2025-03-29
Watsonyourmind96,2025-03-29
Significant_Monk_613,2025-03-29
No-Nectarine-8136,2025-03-29
Codexlalit,2025-03-29
HenryMarsWrites,2025-03-29
ChipMajestic7756,2025-03-29
LarryBetraitor,2025-03-29
Specialist_Yam_6704,2025-03-29
HistorianOne7032,2025-03-29
ESALove2024,2025-03-29
Gullible_Pie3088,2025-03-29
Awkward-Ring-6826,2025-03-29
A1ec_michael,2025-03-29
Beautiful_Primary_61,2025-03-29
oddygrey44359,2025-03-29
North-Host7899,2025-03-29
RillbelookinGOOOd,2025-03-29
crasher_queen,2025-03-29
acmgr,2025-03-29
Dismal_Lie370,2025-03-29
bl0ndedradio,2025-03-29
Disastrous_Average91,2025-03-29
Nmcdonald88,2025-03-29
Ok_Passage7713,2025-03-29
Natural_Switch269,2025-03-29
Ambitious_Cellist_19,2025-03-29
darwin98,2025-03-29
ratmonkey35,2025-03-29
SlothCloth28,2025-03-29
PerformerHealthy5725,2025-03-29
IndependentRip5743,2025-03-29
femmefatale333,2025-03-29
Melodic_Chain606,2025-03-29
Equivalent-Dark1696,2025-03-29
PrincipleConscious51,2025-03-29
New-Opportunity-4233,2025-03-29
cowintherode,2025-03-29
LeVide31,2025-03-29
ace11d7,2025-03-29
Limp-Kaleidoscope341,2025-03-29
Independent_Kick2200,2025-03-29
Big_Captain_5104,2025-03-29
sexgodofwheat,2025-03-29
BearInteresting48,2025-03-29
Secret-Day7177,2025-03-29
EmbassyyyTV,2025-03-29
Yugoslavia-reddit,2025-03-29
Rockteh,2025-03-29
37capybaras,2025-03-29
Redhead3658,2025-03-29
barbiedanger,2025-03-29
Sir_Quackky,2025-03-29
Content-Use-8997,2025-03-29
gizmoglitch,2025-03-29
ZeroNowhere1990,2025-03-29
fireallyhavenoideau,2025-03-29
me0wkat,2025-03-29
Weekly_Cold1,2025-03-29
Downwith_theThicness,2025-03-29
embarrsed_throwaway,2025-03-29
ELWolverine,2025-03-29
Hales-44,2025-03-29
SolventAssetsGone,2025-03-29
InternationalBack109,2025-03-29
Imaginary-Usual8206,2025-03-29
Master-Lawfulness741,2025-03-29
shaneb10101,2025-03-29
esporx,2025-03-29
PressFfive,2025-03-29
Complex_Willow_3452,2025-03-29
to2complicated,2025-03-29
UnderdoGamer,2025-03-29
glossymahogirl,2025-03-29
Slight_One_4030,2025-03-29
Any_Cockroach_3036,2025-03-29
strawberrys-cherries,2025-03-29
MarketingProud4581,2025-03-29
shibens,2025-03-29
Swee_noc,2025-03-29
e-murphy,2025-03-29
Wisdom-007,2025-03-29
Opposite_Abalone6864,2025-03-29
PerfectAerie5979,2025-03-30
old_motters,2025-03-30
Electrical_Ballet_38,2025-03-30
Salt_Mango5505,2025-03-30
thatonenonbinary,2025-03-30
g0ldensurfer,2025-03-30
Common_Brush9984,2025-03-30
boonFriendship,2025-03-30
Big-Flan8680,2025-03-30
Ok-Bug-8333,2025-03-30
CamsHI_CAPAcstms,2025-03-30
BakerStreet8601,2025-03-30
maybejustonethistime,2025-03-30
happybiscotti7834,2025-03-30
Fun_Age7699,2025-03-30
Ok-Hospital1153,2025-03-30
Defiant_Importance32,2025-03-30
Exotic_Barracuda_189,2025-03-30
MessyGuy09,2025-03-30
tacticalelina,2025-03-30
productive_monkey,2025-03-30
NGFBKLION,2025-03-30
bisketvisket,2025-03-30
GotHiringFrozen,2025-03-30
Jennyinator,2025-03-30
Minimum_Catch6022,2025-03-30
HuckleberryFit4559,2025-03-30
Any-Sherbert2307,2025-03-30
Previous-Ice8758,2025-03-30
Hopeful-Peach8513,2025-03-30
currybruises,2025-03-30
Think_Piglet_5517,2025-03-30
AceOfDeath27,2025-03-30
Present-Bus-9856,2025-03-30
QuailTotal6181,2025-03-30
Accomplished-Ad7446,2025-03-30
Infinite_Monitor_847,2025-03-30
crunchwrapsirpreme,2025-03-30
Lightlicker3000,2025-03-30
angle9687,2025-03-30
la9411,2025-03-30
SilentZ01,2025-03-30
MaxEmail,2025-03-30
RaidenShogun,2025-03-30
Prestigious_Sun6112,2025-03-30
AlternativeNo5988,2025-03-30
Glum_Builder_1732,2025-03-30
MichaelNewpages,2025-03-30
inkberk,2025-03-30
Vivid-Mechanic2761,2025-03-30
KingsleyKingsman,2025-03-30
Firm-Order3986,2025-03-30
Taxevasionwho,2025-03-30
DigResponsible4113,2025-03-30
Puzzled_Cat_184,2025-03-30
cutepetz,2025-03-30
thisistheweigh87,2025-03-30
MathematicianOdd5966,2025-03-30
marcusesses,2025-03-30
Illustrious-Tip782,2025-03-30
Anxious-Grapefruit68,2025-03-30
TheShanGun,2025-03-30
The_Basmati,2025-03-30
Abhi_10467,2025-03-30
ConstantineOnar,2025-03-30
hnnssyxx,2025-03-30
Neat_Golf5031,2025-03-30
huemanbeens,2025-03-30
UnableConversation28,2025-03-30
science55centre,2025-03-30
amresh-hire4event,2025-03-30
ether6000,2025-03-30
StringyGuitarGuy,2025-03-30
AgePractical6298,2025-03-30
letsbefriendly9,2025-03-30
Dull-Blackberry2099,2025-03-30
Ill-University6961,2025-03-30
nonofurbusiness69,2025-03-30
Empty_Moment6841,2025-03-30
Weird-Temporary2823,2025-03-30
OddFaithlessness4588,2025-03-30
Puzzleheaded_Tip4738,2025-03-30
Weary-Dingo-721,2025-03-30
mimimimimichan,2025-03-30
workplace_bonebuds,2025-03-30
Sea-Draft5925,2025-03-30
Nearby-Jeweler6293,2025-03-30
irenejabson,2025-03-30
cbij,2025-03-30
OkLet6026,2025-03-30
Classic-Sherbet-375,2025-03-30
Molecula_One,2025-03-30
Elchupapi11,2025-03-30
Necessary_Issue7327,2025-03-30
TheOG_DeadShoT,2025-03-30
tanmay004,2025-03-30
RdtRanger6969,2025-03-30
No_Swimmer2286,2025-03-30
Sleepymack,2025-03-30
risque-and-radiant,2025-03-30
extremequagsire,2025-03-30
cmejobs,2025-03-30
DallasMavericks2010,2025-03-30
Pale_Lingonberry9691,2025-03-30
Legitimate_Source491,2025-03-30
Practixa,2025-03-30
JazzyRougarou42,2025-03-30
Odd_Temporary6654,2025-03-30
tochangetheprophecy,2025-03-30
Natural-Neck-1056,2025-03-30
TemporaryEvening8040,2025-03-30
Hedgestreettrading,2025-03-30
AcceptableOnion814,2025-03-30
SerioXChannel,2025-03-30
Visual_Zombie_9997,2025-03-30
Feeling-Term,2025-03-30
Unique_Fox_7572,2025-03-30
TurnipFit9614,2025-03-30
fidgetymoth,2025-03-30
SinicalSound,2025-03-30
HealthyBreakfastt,2025-03-30
Ace_Tuition_Homework,2025-03-30
scifimybeloved,2025-03-30
James4Knight,2025-03-30
Available-Leopard450,2025-03-30
dr-jeanman-69,2025-03-30
Hinata316,2025-03-30
Crazydaisy05,2025-03-30
Alternative_Sink6461,2025-03-30
DiegoGalaviz,2025-03-30
Weird-Ad-668,2025-03-30
Funny-Plane6877,2025-03-30
Sorejo,2025-03-30
FigSorry6237,2025-03-30
Yappergirl69,2025-03-30
Mean_Painter1815,2025-03-30
Zeth223Glbt,2025-03-30
Equivalent-Size4245,2025-03-30
Adept-Driver-1848,2025-03-30
swav_y_y,2025-03-31
barenaked_nudity,2025-03-31
Katsuragi22,2025-03-31
Puzzled-Second-3838,2025-03-31
0yeFlaco,2025-03-31
Otherwise-Cup7687,2025-03-31
Inner-Atmosphere-317,2025-03-31
BossAmazing5222,2025-03-31
amyjgomez,2025-03-31
goodgoodgood1234,2025-03-31
ro1yaru,2025-03-31
reddituser0297,2025-03-31
Imaginary-Map7969,2025-03-31
srrafting23,2025-03-31
snowi4prez,2025-03-31
Ill_Dependent8073,2025-03-31
xoVinny-,2025-03-31
Entire-Degree-3387,2025-03-31
w3ird_dog,2025-03-31
Clean-Ad6687,2025-03-31
Better_Fox3975,2025-03-31
bbgoat12,2025-03-31
Fun_Reveal_6647,2025-03-31
Kutsumann,2025-03-31
Smootheyes67,2025-03-31
StylishJolt,2025-03-31
Equal-Arm9640,2025-03-31
NoPerformance6401,2025-03-31
Potential_Hearing824,2025-03-31
No-Animator-1077,2025-03-31
Cell_Emergency,2025-03-31
Wendigo565,2025-03-31
Adkeda,2025-03-31
grufromdespicableme1,2025-03-31
Professional-Bear174,2025-03-31
Objective-Pay1276,2025-03-31
Last-Significance583,2025-03-31
Getreckless,2025-03-31
d00ku-dd-nthing-wrng,2025-03-31
Different_Local_3354,2025-03-31
Exact_Character_1998,2025-03-31
shatteredPhoenix_934,2025-03-31
Scary_Eye6754,2025-03-31
TelevisionMinimum620,2025-03-31
Gold_Scheme6418,2025-03-31
Maximum-Reindeer-659,2025-03-31
VIVEK1109,2025-03-31
NotTheFirstRenegade,2025-03-31
roadbait,2025-03-31
charlotsa,2025-03-31
Mobile_Interview_529,2025-03-31
2manyphases,2025-03-31
pankajpali,2025-03-31
stingraycarol,2025-03-31
lolasnightmare,2025-03-31
plastic_soap,2025-03-31
annie_wang,2025-03-31
User294629482,2025-03-31
Otherwise_Event_8634,2025-03-31
Many-Surround8391,2025-03-31
lallysfet,2025-03-31
Famous_Sample_2473,2025-03-31
Medium_Ad_5662,2025-03-31
Ukelikely_Not,2025-03-31
Asleep_Weight_5346,2025-03-31
Feeling_Leg_331,2025-03-31
Spiritual-Series-159,2025-03-31
Mbellh,2025-03-31
InvestigatorMany287,2025-03-31
Albatrossaroundmynek,2025-03-31
EyeFine1190,2025-03-31
Ok-Parfait-4107,2025-03-31
Mediocre-Golf9580,2025-03-31
CSMaybe123,2025-03-31
Nym_0s,2025-03-31
Background-Bug-6984,2025-03-31
Prior_Use_7553,2025-03-31
WeBoNew,2025-03-31
Ok-Champion-6441,2025-03-31
AdEven5168,2025-03-31
Neat_Dinner_2803,2025-03-31
see11aan,2025-03-31
chippa93,2025-03-31
Dry-Class8050,2025-03-31
IndependentReality88,2025-03-31
BlackJkok,2025-03-31
ryanfromenerview_io,2025-03-31
Delicious-Cry7879,2025-03-31
Big-Advisor858,2025-03-31
Normal_Rain5461,2025-03-31
CommonSideEffects_,2025-03-31
Then_Average6201,2025-03-31
zaddabad4331,2025-03-31
davincyyyyyyyyy,2025-03-31
criminalalmond,2025-03-31
methany819,2025-03-31
excogitatorisz,2025-03-31
AlarmRevolutionary77,2025-03-31
nycjobfairs,2025-03-31
MrGTheMusical,2025-03-31
Delicious-Spinach843,2025-03-31
Angelayyue,2025-03-31
Call-Me-Jane,2025-03-31
Ok_Perspective375,2025-03-31
OutsideOk5402,2025-03-31
GluetapeMyBiscuit,2025-03-31
Mercury_Green_5,2025-03-31
Expert_Season8148,2025-03-31
Anonymous_68537,2025-03-31
JacketsHolder,2025-03-31
zabuza45,2025-03-31
Successful-Syrup6823,2025-03-31
Electrical-Oil9889,2025-03-31
Independent_Law_1572,2025-03-31
Positive_Ask6248,2025-03-31
ahan2000,2025-03-31
ashleyylaurenn,2025-03-31
FreedomJusticePlz,2025-03-31
Ok_Demand_7338,2025-03-31
GrowthInternal5891,2025-03-31
_Username_goes_heree,2025-03-31
Lazy_Nimbus,2025-03-31
stanley_john,2025-03-31
humblebrag222,2025-03-31
Internal-Policy-6810,2025-03-31
avathbhotslay,2025-03-31
Beautiful_Stable_123,2025-03-31
QueasyTalk5529,2025-03-31
transdermalcelebrity,2025-03-31
Antidotebeatz,2025-03-31
NineDayOldDiarrhea,2025-03-31
plantlvr69,2025-03-31
petrified_oranges,2025-03-31
Fiddler_ike,2025-03-31
wurmhole1999,2025-03-31
blakewoodreadit,2025-03-31
KyDiveChick,2025-03-31
eldelar,2025-03-31
seven0burner,2025-03-31
aqrns,2025-03-31
Independent-Shame444,2025-03-31
IAmKrowdaddy,2025-03-31
Sad_Fisherman321,2025-03-31
midwestx96,2025-03-31
spaghettirhymes,2025-03-31
Odd_Cricket_8322,2025-03-31
Newnewhuman,2025-03-31
ResponsibleSpare8105,2025-03-31
randomusername019266,2025-03-31
thtsyunvrkno,2025-03-31
FLgoods,2025-03-31
iamjames,2025-03-31
Ok-Outcome8934,2025-03-31
FishSuspicious5777,2025-03-31
Potatoguard,2025-03-31
Dear-Grapefruit-4802,2025-03-31
ChainLoud227,2025-03-31
Silent_Speaking_Man,2025-03-31
Divinedragn4,2025-03-31
MediocreNatural5194,2025-03-31
Most_Slip7610,2025-03-31
No_Corner8541,2025-03-31
Less_Remote871,2025-03-31
Hot_Oven6178,2025-03-31
StrategyInformal118,2025-03-31
BetterMe_Ken,2025-03-31
Cynidaria,2025-03-31
5BetRipster,2025-03-31
shahchachacha,2025-03-31
Illustratingtheworld,2025-03-31
codna,2025-03-31
ic3peakfan007,2025-03-31
maestro_lesbiano,2025-03-31
EvidenceFar,2025-03-31
VisitSad7742,2025-03-31
AnonymousMonk99,2025-03-31
Green-Psychology2073,2025-03-31
hugs_forhumanity,2025-03-31
Spare-Boysenberry-77,2025-03-31
overisan,2025-03-31
Low-Librarian-2733,2025-03-31
AngelSecretsAgency,2025-03-31
Seriousbuddy0000,2025-03-31
oattmealll,2025-03-31
NoAnywhere1373,2025-03-31
tokman2,2025-03-31
Pisces_man_,2025-03-31
Mysterious_Ice2037,2025-03-31
Flimsy-Basil6881,2025-03-31
ExistingSpecialbby,2025-03-31
ABEEM12,2025-03-31
zundish,2025-03-31
LilMrsW,2025-03-31
Independent_Let5079,2025-03-31
Tasty_Kangaroo_5583,2025-03-31
NaturesPurplePresent,2025-03-31
Swagg_Surf,2025-03-31
Sandwichh0e,2025-03-31
TemporaryWilling,2025-03-31
kumquat-enthusiast,2025-03-31
bmwmpowerment,2025-03-31
FigExternal6925,2025-03-31
Vagine_Rider,2025-03-31
niteshd10,2025-03-31
Silver-Face7326,2025-03-31
dreww84,2025-03-31
xbalanqe,2025-03-31
Clear-Top-9029,2025-03-31
Successful_Gur_1211,2025-03-31
ArtKreekW,2025-03-31
ArcticSpirit99,2025-03-31
SubstantialWafer9079,2025-03-31
Ok-Movie-2308,2025-03-31
No_Performance1525,2025-03-31
More-Dragonfly-3165,2025-03-31
Long-Experience216,2025-03-31
book-britt,2025-03-31
PrimeXV_67,2025-03-31
SearchEmotional3075,2025-03-31
No_Degree_4632,2025-03-31
drifterlately,2025-03-31
DetectiveVirtual2292,2025-03-31
Late_Weather_6333,2025-03-31
la_isquisita,2025-03-31
Becauseshrek,2025-03-31
Forward_Moose_4513,2025-03-31
TheNinjaParrot,2025-03-31
PaperFamiliar8962,2025-03-31
beegtuna,2025-03-31
These-Conclusion-839,2025-03-31
LittleCeasarsFan,2025-03-31
feudal_madampi,2025-03-31
divamb,2025-03-31
Right-Guarantee-54,2025-03-31
ForeignPlanet98,2025-03-31
CreativeBrain5,2025-03-31
Ornery-Creme-2442,2025-03-31
ThatNummySoSneaky,2025-03-31
vIDavidIv,2025-03-31
gracelyy,2025-04-01
LowAd2452,2025-04-01
blah2k03,2025-04-01
jmdglss,2025-04-01
AlistairAllblood,2025-04-01
No_Expression_3401,2025-04-01
Training-Sector8543,2025-04-01
Worldly-Cranberry696,2025-04-01
Glittering_Treat5546,2025-04-01
De_Ep07,2025-04-01
CallMeMedic88,2025-04-01
Worth_Feedback,2025-04-01
Rough-Leg-4148,2025-04-01
assblaster6862,2025-04-01
SmanginScarantino69,2025-04-01
ElectricalMedium1114,2025-04-01
CivilCat7612,2025-04-01
17kng,2025-04-01
Fluid-Animator-5532,2025-04-01
Hot_Lead_7335,2025-04-01
Low-Percentage8309,2025-04-01
LordNoct13,2025-04-01
Effective-Berry94,2025-04-01
FeeWeird5627,2025-04-01
Medium-Dragonfly1,2025-04-01
Resident_Bike_1573,2025-04-01
foofguy,2025-04-01
Extreme_Opposite3375,2025-04-01
Mindless_Touch_822,2025-04-01
Former_Compote_3689,2025-04-01
InterestingPie7000,2025-04-01
superpt17,2025-04-01
PythonsByX,2025-04-01
fpe-1_0,2025-04-01
megaalodon,2025-04-01
FlamboyantFlamingo98,2025-04-01
ironicwolfteeshirt,2025-04-01
Girsenger,2025-04-01
w_lovealways,2025-04-01
Antique_Owl5280,2025-04-01
Ok_Research1025,2025-04-01
records1971,2025-04-01
SnooHesitations9505,2025-04-01
Ok-Line-9617,2025-04-01
Past-Cheesecake8833,2025-04-01
m_0_ss7,2025-04-01
SWIMMELL11,2025-04-01
marsiplay,2025-04-01
Slut4SciFi,2025-04-01
Own_Hawk_214,2025-04-01
Odd-Willingness-6549,2025-04-01
Xandy_Core,2025-04-01
Competitive-Golf-864,2025-04-01
AlternativeOne29,2025-04-01
Mazanec930,2025-04-01
PrestigiousPanda69,2025-04-01
Emergency-Farmer-796,2025-04-01
futureBillionaire5,2025-04-01
Prestigious-Pear-871,2025-04-01
Affectionate_Pea1301,2025-04-01
Former-Mine-856,2025-04-01
idiot_if_u_read_this,2025-04-01
Ok-Pollution1666,2025-04-01
salami-beatle,2025-04-01
Few-Neat-4553,2025-04-01
JL9285,2025-04-01
Recent_Ad1018,2025-04-01
Successful-Corner666,2025-04-01
Fickle-Emu662,2025-04-01
AngryPoli,2025-04-01
Formal-Arm-7561,2025-04-01
Separate_Mushroom_45,2025-04-01
Zealousideal_Cut4646,2025-04-01
jamanuh1776,2025-04-01
InternationalAir4807,2025-04-01
HealthAmazing8345,2025-04-01
Echoes_In_Pixels,2025-04-01
studyandrobots,2025-04-01
EmotionalSea4889,2025-04-01
Rich-Zebra-8261,2025-04-01
BaldMan134,2025-04-01
JollyWishbone9686,2025-04-01
whopooponthefloor,2025-04-01
mamalauren00,2025-04-01
Danjabo,2025-04-01
No-Cheek-4219,2025-04-01
United-Possession628,2025-04-01
Altruistic_Nerve8562,2025-04-01
mwerte,2025-04-01
Excellent-Main-644,2025-04-01
mrsmanifest,2025-04-01
Status-Bet-1784,2025-04-01
Ackermanlove,2025-04-01
ValmarProcessing,2025-04-01
Lopsided_Car4500,2025-04-01
BedPsychological6028,2025-04-01
MoreTowerPower,2025-04-01
IVFEmbryo,2025-04-01
Substantial_Smile267,2025-04-01
Traditional_Cod_7968,2025-04-01
MartyYitbos4,2025-04-01
First_Turn_Failure,2025-04-01
ComfortableObvious,2025-04-01
Delicate_Elephant,2025-04-01
EmploymentFormer1282,2025-04-01
SnoopyDonut00,2025-04-01
College-5447,2025-04-01
Ok-Jellyfish-576,2025-04-01
IKnowWhatWeAre,2025-04-01
No_Spring6367,2025-04-01
Murky_Intention9276,2025-04-01
Crafty-Seat127,2025-04-01
dailydiges,2025-04-01
No_Memory_9076,2025-04-01
Secret-Trouble-1439,2025-04-01
Chipsandsalza,2025-04-01
No-Hovercraft8434,2025-04-01
Excellent-Regular495,2025-04-01
RedHotSpitta,2025-04-01
throwaway5848272,2025-04-01
Mike_treib,2025-04-01
ARoutineMalaise,2025-04-01
Elite1082,2025-04-01
PinkPuma0415,2025-04-01
meepmeepbinch,2025-04-01
mortaldictataa,2025-04-01
Wild_Interest3720,2025-04-01
KITTIMINN,2025-04-01
KDsburner_account,2025-04-01
m00nH0wler_,2025-04-01
TheUncreativeCreator,2025-04-01
Personal_Pain,2025-04-01
1hunnit_tae,2025-04-01
Soup_stew_supremacy,2025-04-01
bobawaifu,2025-04-01
MouseManManny,2025-04-01
Background-Wing9280,2025-04-01
Glittering-Jelly1021,2025-04-01
MxxPowers,2025-04-01
Actual-Capital-991,2025-04-01
GotGirls,2025-04-01
ilostmyairpod7235,2025-04-01
Disastrous_Zebra_94,2025-04-01
Functioning-Loser69,2025-04-01
sparklingmint101,2025-04-01
shrawa121,2025-04-01
niya_619,2025-04-01
AutomaticAttitude648,2025-04-01
Born_Commercial4531,2025-04-01
quorncrispynugget,2025-04-01
GarlicSufficient9969,2025-04-01
j_paiger,2025-04-01
East-Perception7860,2025-04-01
Just_Break_260,2025-04-01
Mobile-Shine-1111,2025-04-01
CleanJob5153,2025-04-01
lordsquirly,2025-04-01
ThingPuzzleheaded472,2025-04-01
Unable_Book6866,2025-04-01
zillaattacks,2025-04-01
f1memes4life,2025-04-01
TouchWild1115,2025-04-01
Realistic-Piece-254,2025-04-01
Secret-Beat-4552,2025-04-01
Street-General-6404,2025-04-01
RallyXMonster,2025-04-01
DJ_Elleon_KaeH,2025-04-01
Bake_Original,2025-04-01
StartingFive75,2025-04-01
erinnod,2025-04-01
nyanfaerie,2025-04-01
NO_PLESE,2025-04-01
Interesting-Week9377,2025-04-01
Alaena_ash,2025-04-01
InternationalLake735,2025-04-01
bobobear27,2025-04-01
Alert_Lime_5049,2025-04-01
pjrdolanz,2025-04-01
throwaway00006766766,2025-04-01
BeauregardSlimcock,2025-04-01
Nedissis,2025-04-01
Intelligent_Music697,2025-04-01
ElectricalEmploy1627,2025-04-01
Embarrassed-Pin-3125,2025-04-01
bumbruised,2025-04-01
hewhodiedhascomeback,2025-04-01
Tricky-Display-7356,2025-04-01
ACS988,2025-04-01
Old_Conversation3051,2025-04-01
Green-Line-1138,2025-04-01
Any-Celebration-9762,2025-04-01
ChrisColon86,2025-04-01
devilisaczar,2025-04-01
Vegetable_Bee_9763,2025-04-01
Most-Series-702,2025-04-01
Significant-Yam2489,2025-04-01
EarlyFormal8630,2025-04-01
Several_Vegetable415,2025-04-01
havahahahbz,2025-04-01
Ok_Perspective1878,2025-04-01
Bumpy_Gopher,2025-04-01
PlotTwistPrincess23,2025-04-01
shinyro,2025-04-01
GingerWithIssues,2025-04-01
Temporary-Mind5456,2025-04-01
Bubbly_Staff_9584,2025-04-01
Gunmoku,2025-04-01
Southern_Dog_5006,2025-04-01
Ravensrock2382,2025-04-01
Weary-Tomatillo9738,2025-04-01
Godzilla1781,2025-04-01
RacingPride,2025-04-01
Beneficial_Rough9957,2025-04-01
herpaclitus,2025-04-01
Hefty_Natural8407,2025-04-01
OrdinaryAd8714,2025-04-01
materpotato69,2025-04-01
haiaaa-----,2025-04-01
Ok_Salamander3793,2025-04-01
Wise-Intention-5550,2025-04-01
Vaelaedra69,2025-04-01
neknurdwizard,2025-04-01
watermelonsugar888,2025-04-01
Beneficial_Bake7833,2025-04-01
Karamissu,2025-04-01
SalaryFickle1698,2025-04-01
Commercial_Abroad702,2025-04-01
Key-Membership-6522,2025-04-01
XhakaNkufane,2025-04-01
No-Marionberry-3532,2025-04-01
Only-Caramel1914,2025-04-01
SettingForeign4368,2025-04-01
Easy-Needleworker673,2025-04-01
Professional-Call910,2025-04-01
ryancoolman76,2025-04-01
AftermarketGuy,2025-04-01
Kindly_Fan_9155,2025-04-01
ConsequenceLanky6580,2025-04-02
Turtle0550,2025-04-02
Diracondaa,2025-04-02
chawi_stud,2025-04-02
Better_Plenty_5409,2025-04-02
i-have-3-cats-,2025-04-02
Ok-Conversation-7263,2025-04-02
Ok-Tooth-5795,2025-04-02
Elias691,2025-04-02
Silly_Variation4371,2025-04-02
LetOrganic6796,2025-04-02
throwadyieieb,2025-04-02
Smcb152,2025-04-02
whazziz,2025-04-02
rmm_0304,2025-04-02
notsosweetiepie,2025-04-02
0verthew0rld,2025-04-02
Upper_Piccolo1243,2025-04-02
SilentStrength9531,2025-04-02
rcket12,2025-04-02
couldbemagixxx,2025-04-02
Kindtotheworld,2025-04-02
JinPaChi17,2025-04-02
MotherBeelzebub,2025-04-02
ComputerPersonal4550,2025-04-02
Mysterious_Bed_2541,2025-04-02
Eat_more_raw_chicken,2025-04-02
Distinct-Pop-9879,2025-04-02
Medical-Maize8404,2025-04-02
ToniYoung1313,2025-04-02
SpecialistCress1203,2025-04-02
JobHuntJourney,2025-04-02
Tight_Poetry_9486,2025-04-02
Broken-Ashura,2025-04-02
Top-Clue2000,2025-04-02
Big_View_2382,2025-04-02
No_Intention_2000,2025-04-02
starblaster97,2025-04-02
tonysmbf,2025-04-02
Key-Pie3575,2025-04-02
Trees_galore20,2025-04-02
Scary-Tear-7399,2025-04-02
Wide_Entertainer_625,2025-04-02
Hendrix_Plormbly,2025-04-02
Mazszie,2025-04-02
AwardSilly500,2025-04-02
Mali-ali,2025-04-02
Additional-Bear-3950,2025-04-02
melonzzy,2025-04-02
darksozz,2025-04-02
According-Tell-7698,2025-04-02
kauuuuu123,2025-04-02
letsgobch,2025-04-02
Trippykidd235,2025-04-02
ms_yen,2025-04-02
Ok_Programmer_1085,2025-04-02
fink_plyod,2025-04-02
Radiant_War696,2025-04-02
OutrageousCommand584,2025-04-02
loteleilurke,2025-04-02
Southern_Line5876,2025-04-02
Longjumping_Cow9357,2025-04-02
Typical_Log2105,2025-04-02
Ellaelsa-annah,2025-04-02
Outrageous_Salary252,2025-04-02
alertedbug818,2025-04-02
Mean_Ad3782,2025-04-02
Born_Analysis4757,2025-04-02
FenrIIrz,2025-04-02
AffectionateStar5802,2025-04-02
Howwilltheyknowgg,2025-04-02
thisisrajat,2025-04-02
-FireBee,2025-04-02
Crafty-Stable-9183,2025-04-02
move2usajobs-com,2025-04-02
Spare_Proof_9271,2025-04-02
ThatFloor2594,2025-04-02
darellpalm,2025-04-02
Klutzy-Chicken-9585,2025-04-02
Shwe-Phyo_1411,2025-04-02
HeyItsWilliam_,2025-04-02
Rainwaters1212,2025-04-02
Ok_Cartoonist8111,2025-04-02
Spare_Line_4619,2025-04-02
Excellent_Error_4755,2025-04-02
Objective_Guest_5220,2025-04-02
leanman82,2025-04-02
Next_Examination3015,2025-04-02
Tezca-tlipoca,2025-04-02
Eliashuer,2025-04-02
Mysterious-Sale-2223,2025-04-02
xqoe,2025-04-02
StealthSaver,2025-04-02
No_Goose_7613,2025-04-02
Zealousideal_Edge584,2025-04-02
ImpossibleTheories,2025-04-02
nobody-nose-me,2025-04-02
devilsczar,2025-04-02
Adoptmeplayer555,2025-04-02
No-Pace-5398,2025-04-02
Financial_Poet3,2025-04-02
Tiny-Machine-9918,2025-04-02
Gold-Wolverine1023,2025-04-02
InternationalRow6779,2025-04-02
Sea_Republic_856,2025-04-02
Hypermeat1,2025-04-02
EconomicsGuilty,2025-04-02
Commercial_Moose_,2025-04-02
Daffodil12345,2025-04-02
Patient-Occasion-534,2025-04-02
shewhoreads17,2025-04-02
Live_Raspberry_1994,2025-04-02
Natural_001,2025-04-02
ericf505,2025-04-02
sarl__cagan,2025-04-02
xXxNerezzaxXx,2025-04-02
Diligent_Half5805,2025-04-02
bluefalcon26,2025-04-02
_fuxociety,2025-04-02
Wooden-Ordinary-4520,2025-04-02
IronicEnigmatism,2025-04-02
SpongeBobSpacPants,2025-04-02
lacard,2025-04-02
Ok_Feedback3742,2025-04-02
analubrds,2025-04-02
marsaaturnjupiter_x,2025-04-02
Zoogyfloogy,2025-04-02
CaptainBlue212,2025-04-02
HeavyMenthol,2025-04-02
EarlyCherry1656,2025-04-02
RandomRayyan,2025-04-02
takinganswers,2025-04-02
beehive3123,2025-04-02
Ice_man00,2025-04-02
Mediocre-Grand-47,2025-04-02
Dizzy_Permission_588,2025-04-02
Dashbry,2025-04-02
SomeBodybuilder9635,2025-04-02
DebbieM82,2025-04-02
ShakeHonest2870,2025-04-02
KamisamaKiss_,2025-04-02
Discocolada,2025-04-02
PlanetSeaShells,2025-04-02
The0ldRegime,2025-04-02
DifferentAd7643,2025-04-02
Weekly_Party_6778,2025-04-02
Tasty-Shallot-6758,2025-04-02
WeekendThief,2025-04-02
wise_guy-,2025-04-02
stephcribz,2025-04-02
Lottie-d3,2025-04-02
Background_Double_74,2025-04-02
Pristine_Teaching167,2025-04-02
Appropriate-Diet-194,2025-04-02
Smart_Anteater2807,2025-04-02
Most-aqua2,2025-04-02
Flimsy-Test-2996,2025-04-02
Better_Violinist2133,2025-04-02
Winston3rd,2025-04-02
Iamsuccessful123,2025-04-02
briej44,2025-04-02
Resident-Somewhere98,2025-04-02
Imaginary_Garage_936,2025-04-02
weraculera,2025-04-02
kierkieri,2025-04-02
Most_Boysenberry_304,2025-04-02
Miserable-Okra6649,2025-04-02
Few_Refrigerator_557,2025-04-02
East-Principle4528,2025-04-02
EducationalShift3328,2025-04-02
Single-Secret2103,2025-04-02
Next-Yam4057,2025-04-02
UghKakis,2025-04-02
amglh44,2025-04-02
OkChallenge4163,2025-04-02
The-Girl-Next_Door,2025-04-02
Regular_Drive5558,2025-04-02
Dapper_Owl_9428,2025-04-02
Augi_s35,2025-04-02
entwiningvines,2025-04-02
joejarred,2025-04-02
Ok_Blueberry_6223,2025-04-02
Infinite_Thanks_8156,2025-04-02
teebone_walker,2025-04-02
Zealousideal-Ring261,2025-04-02
SatisfactionAware994,2025-04-02
sleepynoodle123,2025-04-02
astronaut_63,2025-04-02
Spunchbawp,2025-04-02
FLIB0y,2025-04-02
Effective-Square-784,2025-04-02
brave-baba2189,2025-04-02
melanieeeann,2025-04-02
Melodic-Order-5430,2025-04-02
Ok-Savings967,2025-04-02
Godspe3d09,2025-04-02
Legitimate_Low_6815,2025-04-02
kleidgjonajCBT,2025-04-02
Altruistic_Purple271,2025-04-02
foxxyboi21,2025-04-02
brosophila,2025-04-02
baddayleague,2025-04-02
Alternative_Mess_920,2025-04-02
Limp-Highlight-808,2025-04-02
Various-Avocado-289,2025-04-02
GreatPerformer7005,2025-04-02
Cold-Cheesecake-3397,2025-04-02
Musicmakercomposer,2025-04-02
SpecialistWerewolf96,2025-04-02
Awkward_Tiger_9504,2025-04-02
dbec1,2025-04-02
Winter_Ad_2524,2025-04-02
themostdup,2025-04-02
SteakOk5938,2025-04-02
Potential_Wave3082,2025-04-02
CicadaLonely6320,2025-04-02
Next-Swimming5556,2025-04-02
AccomplishedBite7415,2025-04-03
thatartistperson27,2025-04-03
ManyIcy5855,2025-04-03
ACNH-princess,2025-04-03
Aivary,2025-04-03
AdTimely5774,2025-04-03
Nervous-Narwhal-1175,2025-04-03
MadiJo_MUA,2025-04-03
WulfHunter12,2025-04-03
Single-Ad5929,2025-04-03
Appropriate-Step5713,2025-04-03
justpeeeeachy,2025-04-03
AntiqueComfortable46,2025-04-03
First-Chard3459,2025-04-03
SharpMess2,2025-04-03
Serious-Dragonfly232,2025-04-03
Dangerous-Vehicle-28,2025-04-03
Prestigious-Good-777,2025-04-03
cowgirldreams,2025-04-03
Old-Rock2007,2025-04-03
LaundryListings,2025-04-03
Mundane-Twist7388,2025-04-03
DSasha07,2025-04-03
confused_seashell,2025-04-03
Informal_Act_5567,2025-04-03
WanderingWizard24,2025-04-03
erinlaninfa,2025-04-03
No-Statistician7828,2025-04-03
Good-Band939,2025-04-03
Personal_Emphasis307,2025-04-03
Minute_Impression124,2025-04-03
Illustrious_Elk_1339,2025-04-03
Worried_Bet_2617,2025-04-03
MikeDoria,2025-04-03
enginneringman,2025-04-03
Independent-Top3982,2025-04-03
Odd_Tadpole9466,2025-04-03
No-Anybody9430,2025-04-03
sharkzyeah,2025-04-03
Dependent-Disaster14,2025-04-03
lator1506,2025-04-03
poseidonyash,2025-04-03
BlossomHarvest,2025-04-03
KoniginXX,2025-04-03
patientpartner09,2025-04-03
Head_Option_4227,2025-04-03
Creative_Actuary8588,2025-04-03
Minute-Designer3933,2025-04-03
GirlyGirl999a,2025-04-03
Wooden_Association28,2025-04-03
marynlby,2025-04-03
throwaway14263738,2025-04-03
Sam23maRia,2025-04-03
Ok-Satisfaction6045,2025-04-03
StrawberryBig8844,2025-04-03
Comfortable_Boot9829,2025-04-03
Local-Extreme4692,2025-04-03
Cheesy_Wotsit,2025-04-03
LittleBitPK,2025-04-03
Akiii786,2025-04-03
Spare_Homework_6604,2025-04-03
TheReckoning2,2025-04-03
INFJVann,2025-04-03
Sea-Tea-1261,2025-04-03
haxpojke,2025-04-03
SatisfactionStill893,2025-04-03
Common_Reputation289,2025-04-03
Training-Stable-6265,2025-04-03
Affectionate-Bus4202,2025-04-03
Koray2099,2025-04-03
empressReyna08,2025-04-03
DoubleLiterature7255,2025-04-03
Ill-Raspberry-6204,2025-04-03
bootymccutie,2025-04-03
Dope_and_Diamond,2025-04-03
QualityEast1179,2025-04-03
Arshdxb,2025-04-03
Admirable-Card-2965,2025-04-03
Hefty_Engineering_27,2025-04-03
ScaleLongjumping28,2025-04-03
clam-down-24,2025-04-03
Klutzy_Attention5170,2025-04-03
lotus_dragon,2025-04-03
kosplayer000,2025-04-03
BarberPrevious970,2025-04-03
International-Baby12,2025-04-03
Illustrious_Beat_603,2025-04-03
coachkip,2025-04-03
Felicia_3344,2025-04-03
Amex_Group_Us,2025-04-03
Siona_10,2025-04-03
Modesty_1515,2025-04-03
Sweaty_Strawberry_73,2025-04-03
Ionic3127,2025-04-03
Itzconcreteroses,2025-04-03
DraftInitial729,2025-04-03
Various-Gene-2966,2025-04-03
Sea-Rough-5874,2025-04-03
savethebeesknees28,2025-04-03
Immediate-Peanut-346,2025-04-03
Conscious-Error-6704,2025-04-03
New-Celebration-4021,2025-04-03
No-Pollution-8102,2025-04-03
OkDepth9285,2025-04-03
Bernalio,2025-04-03
Business-Branch-429,2025-04-03
HistorianLonely7043,2025-04-03
Naah_mendes69,2025-04-03
babyotterlovesgaga,2025-04-03
bhomozigpu,2025-04-03
Hairy_Welcome3692,2025-04-03
Fghhhjjkkk,2025-04-03
kippaklappa,2025-04-03
Personal_List_3092,2025-04-03
lovey_hope,2025-04-03
MaleficentGuest704,2025-04-03
Crafty-Appearance-91,2025-04-03
Realistic-Section600,2025-04-03
KakotraderCMT,2025-04-03
Successor010,2025-04-03
Street_Air_8161,2025-04-03
Particular_Mess_88,2025-04-03
emmaandbloo,2025-04-03
Scary-Tangerine7212,2025-04-03
One_Reindeer552,2025-04-03
Aromatic_Bed4713,2025-04-03
chronocrossxp,2025-04-03
New_Dig39,2025-04-03
Green-Marsupial8043,2025-04-03
Annual_Emu_6273,2025-04-03
AppleSlow4488,2025-04-03
PrinceCharming1980,2025-04-03
Suitable_Material_99,2025-04-03
Revolutionary_Ad8719,2025-04-03
pureloveass0197,2025-04-03
RevealOutside1424,2025-04-03
moana_26,2025-04-03
No-Resolve7315,2025-04-03
MadamePhantom,2025-04-03
Awkward_Specific4847,2025-04-03
er_himanshumehta,2025-04-03
trulygreggory,2025-04-03
Worried_Goose_1195,2025-04-03
Anyabug,2025-04-03
BeGOTemSON,2025-04-03
Wrong-Intention7725,2025-04-03
DorkKarp,2025-04-03
Hopeful-Positive2867,2025-04-03
krispyyyykremeeee,2025-04-03
Curious_Highway4404,2025-04-03
Persimmon50,2025-04-03
GarlicNan07,2025-04-03
AmbitiousRegret6670,2025-04-03
Tiny-Net-2576,2025-04-03
Jonas198627,2025-04-03
Lozranda,2025-04-03
unleashthetea,2025-04-03
Radiant_Trashh,2025-04-03
Revolutionary-Bee68,2025-04-03
gawduck,2025-04-03
Late_Bottle6533,2025-04-03
tdoyoyo,2025-04-03
lila_snowflake,2025-04-03
SnooAdvice5464,2025-04-03
jmar91,2025-04-03
toprolltunafish,2025-04-03
SebastianZelaya,2025-04-03
ghostghoulkas,2025-04-03
ScreenTime0xo,2025-04-03
AdAcceptable1538,2025-04-03
Stephwho468,2025-04-03
SimpleInstance3401,2025-04-03
owllover1758,2025-04-03
Cold_Meringue_5273,2025-04-03
maryhoppins19,2025-04-03
IamMushin,2025-04-03
LoserLafy,2025-04-03
imuseles,2025-04-03
pun_chali,2025-04-03
Racheopedia,2025-04-03
Spiritual-Guard-4333,2025-04-03
Lvl1Elysian,2025-04-03
Initial-Pudding7892,2025-04-03
Much_Bluejay_828,2025-04-03
Pbodey,2025-04-03
Salty_Salmon24,2025-04-03
stuntedraccoon,2025-04-03
Ok_Look2296,2025-04-03
Tommydeangelo1226,2025-04-03
Main-Hunt377,2025-04-03
y00sh420,2025-04-03
realmasster,2025-04-03
Ok-Cellist-1890,2025-04-03
end1ezs,2025-04-03
CharacterKey5393,2025-04-03
Grand-Pension4494,2025-04-03
Flat-Definition-6196,2025-04-03
Only-Freedom4939,2025-04-03
sad-andhorny,2025-04-03
gadboys,2025-04-03
OnTheBeach06,2025-04-03
The-breton,2025-04-03
DaSnookGuy23,2025-04-03
leftistgamer420,2025-04-03
Game-Show-Buzzer,2025-04-03
Admirable_Aide_7031,2025-04-03
No-Air4350,2025-04-03
BobcatProfessional76,2025-04-03
Magic_fredy6475,2025-04-03
Expensive-Hair-5254,2025-04-03
Least-Relief318,2025-04-03
ko-love,2025-04-03
AvocadoRude4369,2025-04-03
herbloodyvalentine,2025-04-03
gcsofficials-Cut2483,2025-04-03
No-Spinach-3225,2025-04-03
Mindless_Traffic6865,2025-04-03
No_Historian_8416,2025-04-03
Square_Fee_2453,2025-04-03
Yawgmoth_Was_Right,2025-04-03
DoNotTalkToM3,2025-04-03
me0w8774,2025-04-03
Designer-clean-,2025-04-03
InfamousLaw5588,2025-04-03
caid3n_c0r3,2025-04-03
Benson_xo,2025-04-03
Objective-Resident-7,2025-04-03
Initial_Yard_4135,2025-04-03
Old_Shine_5092,2025-04-03
Available-Snow-3022,2025-04-03
KiingBooo,2025-04-03
Best-Introduction-55,2025-04-03
modsocmedia,2025-04-03
Scary-Swing2852,2025-04-03
Apart-Strain8043,2025-04-03
StickAffectionate354,2025-04-04
Contagious510,2025-04-04
Outrageous_Week7693,2025-04-04
Professional-Eye-450,2025-04-04
DNA-OBLIVION,2025-04-04
Frequent-Let6336,2025-04-04
Striking_Fox6766,2025-04-04
civilianweapon,2025-04-04
PhoebeBuffayPheebs,2025-04-04
Throwaway21252022,2025-04-04
Hotpjamas,2025-04-04
durrdurrrrrrrrrrrrrr,2025-04-04
Shot-Main-7696,2025-04-04
HotThroatAction,2025-04-04
DrMantisToboggan45,2025-04-04
sniperscales,2025-04-04
Salt-Bench-6095,2025-04-04
Average2FORTGuy,2025-04-04
amber_bambie,2025-04-04
EnvironmentalCat6260,2025-04-04
ExpensiveStation5898,2025-04-04
Next_Engineer_8230,2025-04-04
sthej,2025-04-04
This-Mongoose-3527,2025-04-04
heatherheyhey,2025-04-04
The_Quality_Fuzz,2025-04-04
Fickle_Butterfly5710,2025-04-04
Anonymousie2269,2025-04-04
EssentialIntestine,2025-04-04
wblbasketball2004,2025-04-04
Due_Invite_8541,2025-04-04
AbjectWorld9010,2025-04-04
CanadianNorth003,2025-04-04
moneybond,2025-04-04
Professional_Data503,2025-04-04
Real_Ad1528,2025-04-04
Acrobatic-Abalone675,2025-04-04
Adorable_Ad5529,2025-04-04
CaterpillarFinal3294,2025-04-04
These-Magician9815,2025-04-04
Dependent_Catch_833,2025-04-04
Cold_Use_9082,2025-04-04
RegularAfternoon6338,2025-04-04
Mindless-Rich7467,2025-04-04
No_Control_8132,2025-04-04
International-Past31,2025-04-04
Sea_Pause_3280,2025-04-04
Gankimus_Maximum,2025-04-04
friendlyskies25,2025-04-04
Square_Wish_4412,2025-04-04
Whole_Guarantee7529,2025-04-04
Shoddy_Dragonfruit38,2025-04-04
Prawn_Mocktail,2025-04-04
Famous-Estimate2390,2025-04-04
EpikRaf,2025-04-04
Beginning-Quote-8834,2025-04-04
_-DECADES-_,2025-04-04
BubbaChoTep,2025-04-04
Nervous-Solution2571,2025-04-04
0kata2,2025-04-04
Nice-Speed-8660,2025-04-04
tripandtr,2025-04-04
darkhorse_7824,2025-04-04
Vegetable-Heart-5029,2025-04-04
Independent-Tie-3147,2025-04-04
Repulsive_Cap_9375,2025-04-04
LoveSpreads77,2025-04-04
Glaxai,2025-04-04
smashingsweatpants,2025-04-04
herefortheknowledge4,2025-04-04
Own_Prior_7293,2025-04-04
SawYouNakedTwice,2025-04-04
bellas_thot_patrol,2025-04-04
Worth-Rip9558,2025-04-04
DepressedDaisy_1,2025-04-04
sammy413,2025-04-04
__deleted_user_,2025-04-04
GarrettM2558,2025-04-04
Evening-General-3899,2025-04-04
Negative-Berry-50,2025-04-04
Timely-Ad-8427,2025-04-04
Adamspurs16,2025-04-04
Fk_ur_Lifted_Truck,2025-04-04
the300bros,2025-04-04
grizzgoat08,2025-04-04
Physical-Bend3749,2025-04-04
Stunning_Bowler6175,2025-04-04
suchdogetothemoon,2025-04-04
asapgigi,2025-04-04
ToughFinger5751,2025-04-04
sekritkoad,2025-04-04
Jump_arboretum,2025-04-04
Consistent-Degree901,2025-04-04
LVEESTER,2025-04-04
feedz13,2025-04-04
ThrowawayNOV1922,2025-04-04
sam54541,2025-04-04
Ok-Platypus-1127,2025-04-04
East_Palpitation4312,2025-04-04
UnderstandingTime962,2025-04-04
LogicalCalendar2580,2025-04-04
DemetriasDamarkus,2025-04-04
BananaNior,2025-04-04
_just_a_normal_dude,2025-04-04
heisenberg-1210,2025-04-04
helentroylorde,2025-04-04
Rohannq_009988,2025-04-04
AppropriateMixture21,2025-04-04
No_Perspective_1211,2025-04-04
Powerful_Reaction473,2025-04-04
Historical-Camp4623,2025-04-04
Sufficient_Apple_216,2025-04-04
External-Holiday852,2025-04-04
djobbito,2025-04-04
IndependenceDue9553,2025-04-04
Clear_Platform6917,2025-04-04
Livid-Chair3512,2025-04-04
YungSandy,2025-04-04
blackhawkz024,2025-04-04
Almondbar52,2025-04-04
TheMasterPool,2025-04-04
Sky_Agent789,2025-04-04
Alternative-Deer-404,2025-04-04
Exotic_Net1329,2025-04-04
Real-Dog-2875,2025-04-04
Realistic-Snow8042,2025-04-04
Jaloon40,2025-04-04
Actual_Seesaw_8436,2025-04-04
Delicious-Cause3098,2025-04-04
periwinkle_pickles,2025-04-04
SeaMathematician9327,2025-04-04
SpecialFirefighter48,2025-04-04
Pumpkin_love531,2025-04-04
jammydodger1798,2025-04-04
southfloridatrt,2025-04-04
Antique-Cranberry669,2025-04-04
Desperate_ninjA1441,2025-04-04
HaychOrSayn,2025-04-04
flak3music,2025-04-04
Reality_Parking,2025-04-04
zTemperato,2025-04-04
ehsan89,2025-04-04
North_Minute9777,2025-04-04
Substantial-Tart0107,2025-04-04
BabyLeafa,2025-04-04
psychedelicsacrifice,2025-04-04
Visible-Owl2524,2025-04-04
cantthinkofaname2024,2025-04-04
Worldly_Ad_3315,2025-04-04
samuelelspaniel,2025-04-04
Tough_Indication_938,2025-04-04
Khajiit_Boner,2025-04-04
Illustrious-Bad-4525,2025-04-04
RequirementStrange54,2025-04-04
Korosukke,2025-04-04
Bifftek,2025-04-04
PumpkinandMaisy,2025-04-04
carcinogen003,2025-04-04
Strict_Compote_4479,2025-04-04
StarSpaceMan,2025-04-04
Snappy_McJuggs,2025-04-04
AltruisticPossible55,2025-04-04
Current-Passenger-80,2025-04-04
Murky_Tangerine147,2025-04-04
Adventurous-Mix-7890,2025-04-04
Alive_Situation_5882,2025-04-04
Ill-Suit-1111,2025-04-04
Emergency-Fox-3080,2025-04-04
ComradeDave11,2025-04-04
Ok-Light-158,2025-04-04
newshirtworthy,2025-04-04
KingsleyBrewMaster22,2025-04-04
SpendHappy769,2025-04-04
SuddenEnigma,2025-04-04
Far_Affect_3545,2025-04-04
Jaded_Werewolf_1022,2025-04-04
andrewshungry,2025-04-04
Conscious_State_8977,2025-04-04
Agreeable-Winter7043,2025-04-04
temurbv,2025-04-04
Pamya50,2025-04-04
YourGirlsPacifier,2025-04-04
packareds100,2025-04-04
Scary_Cherry8195,2025-04-04
BumblebeeOutside2705,2025-04-04
curiousoul28,2025-04-04
Izaya155,2025-04-04
ExpertLumpy8376,2025-04-04
BEAST1ED,2025-04-04
saltwatertaco,2025-04-04
SkyHiro68,2025-04-05
bad_bitch84985,2025-04-05
Strict-Comfort-1337,2025-04-05
Dry-Set684,2025-04-05
No-Passage-6821,2025-04-05
Wonderful_Jello8177,2025-04-05
Striking_Ice_540,2025-04-05
blackenne,2025-04-05
LabelMePetty,2025-04-05
aurum-dragon,2025-04-05
Lower-Sky-2208,2025-04-05
PuzzleheadedLeg3307,2025-04-05
Suspicious-Job-8815,2025-04-05
fijiwat3rpapi,2025-04-05
portlanddelivery,2025-04-05
toomanyapz,2025-04-05
Diddybop3000,2025-04-05
ArtichokeJumpy153,2025-04-05
CheesecakeSeveral111,2025-04-05
Financial_Yard_389,2025-04-05
HabbyDolphin,2025-04-05
grizzlypass,2025-04-05
No_Nail_8559,2025-04-05
Appropriate_Meat9331,2025-04-05
Rinkusarkar2025,2025-04-05
Nightly-Philosopher,2025-04-05
beetheangel,2025-04-05
Deeksha_5377,2025-04-05
KurlyKayla,2025-04-05
13iLLI3,2025-04-05
PrayerChangesAll,2025-04-05
sun_eeett,2025-04-05
New_Razzmatazz_724,2025-04-05
Fit-Zombie2365,2025-04-05
WisePoetry5546,2025-04-05
No_Sir_6ashsh,2025-04-05
Depre55edacorn,2025-04-05
strawnanaking,2025-04-05
Ok_Dream_8698,2025-04-05
IllAtmosphere2834,2025-04-05
TrueTap7307,2025-04-05
SmuGLethaL,2025-04-05
Repulsive-Tiger-9795,2025-04-05
Inevitable_Can6504,2025-04-05
Alone_Reindeer_1936,2025-04-05
ThrowRa_dinosaurnugg,2025-04-05
outplay-nation,2025-04-05
Lol_JustLOL8158,2025-04-05
NastyaGorynych,2025-04-05
Muthu41193,2025-04-05
True_Canary21,2025-04-05
analni_crv,2025-04-05
Brief_Air_2357,2025-04-05
AdmirableCause5147,2025-04-05
Sea_Spinach_,2025-04-05
unseeneye3000,2025-04-05
saviorsidiot,2025-04-05
andrewharkins77,2025-04-05
DragonfruitWide4169,2025-04-05
Late_Fig_5806,2025-04-05
Loko81,2025-04-05
LurkerLei,2025-04-05
SufficientAd4182,2025-04-05
ArtIndustry,2025-04-05
PhysicalChipmunk470,2025-04-05
AK-TP,2025-04-05
ThrowRA19832007,2025-04-05
Decent_Brilliant_476,2025-04-05
coreyan15371,2025-04-05
ellaquincyy,2025-04-05
GreatLakesShips,2025-04-05
Arshleep,2025-04-05
jiggab000,2025-04-05
Fudgebucket26,2025-04-05
Fun_Set_267,2025-04-05
Maleficent_Time_7235,2025-04-05
Silvenkovich,2025-04-05
RubbishSpaghetti,2025-04-05
NoFalcon3851,2025-04-05
Theradman4life,2025-04-05
AdSuch7481,2025-04-05
Most-Freedom5637,2025-04-05
DesperateSolution959,2025-04-05
Splitt_0,2025-04-05
optimumprimeI,2025-04-05
CollectionExotic1498,2025-04-05
Upper_Reading2068,2025-04-05
Lucky-Tea-2370,2025-04-05
FailedTheTuringTest_,2025-04-05
MastodonDue2727,2025-04-05
Ill-Engineer3151,2025-04-05
Excellent_Ground_339,2025-04-05
trifelin,2025-04-05
Janni-chann101,2025-04-05
Overleader29,2025-04-05
Apprehensive_Long314,2025-04-05
OkExtension6768,2025-04-05
QuantumDreamer41,2025-04-05
Sleepyturtlito,2025-04-05
Apollo_Rising,2025-04-05
Slendersoft,2025-04-05
Any_Childhood_8549,2025-04-05
rubydacherryg599,2025-04-05
Head_Gear7770,2025-04-05
ILikeCetaceans,2025-04-05
Mediocre_Victory_414,2025-04-05
UnderstandingFar5012,2025-04-05
MediumSwimmer5965,2025-04-05
randomusername123458,2025-04-05
chasemaster52,2025-04-05
bloop_4,2025-04-05
Signal_Emphasis_8622,2025-04-05
Flat-Dig-7671,2025-04-05
Average_man42069,2025-04-05
angry_an0n,2025-04-05
Ok-Management4964,2025-04-05
weakradicalleftmayor,2025-04-05
smmanasummon,2025-04-05
gaia_5,2025-04-05
Educational-Pea-4102,2025-04-05
Sad_Singer_5161,2025-04-05
agent_mcgrath,2025-04-05
Independent-Turn6954,2025-04-05
pekoyamaaa,2025-04-05
GlitteringAwareness9,2025-04-05
BlackRosePanic,2025-04-05
SUPzorel,2025-04-05
Massive-Map3363,2025-04-05
Aggravating_Sand_611,2025-04-05
captianPPman,2025-04-05
Daxter9876,2025-04-05
Altruistic-Pear-8712,2025-04-05
Itsfloat,2025-04-05
Content-Apple1871,2025-04-05
TzoulisCanibus,2025-04-05
MilkeHoney_,2025-04-05
dontknowhowto-reddit,2025-04-05
prinxessbubblegum_,2025-04-06
GaiaGoddess26,2025-04-06
NISSAN-SKYLINE,2025-04-06
JesusIovesU45,2025-04-06
Diligent-Avocado4205,2025-04-06
Berohalla,2025-04-06
ImportanceExpert,2025-04-06
Annual-Reaction2231,2025-04-06
victoriangoth_,2025-04-06
Longjumping_Set_6988,2025-04-06
freelovem3,2025-04-06
WeedWitch88,2025-04-06
PersephonesPearls,2025-04-06
Wit2020,2025-04-06
Bighottt,2025-04-06
Any-Satisfaction4801,2025-04-06
Plus_Nebula_6020,2025-04-06
Few-Ad-8112,2025-04-06
Due-Library-3585,2025-04-06
Narutokurama1111,2025-04-06
puesayHound,2025-04-06
RiskAffectionate807,2025-04-06
WitchyWeebOfMidwest,2025-04-06
Popular_Sense_4704,2025-04-06
Formal-Flower-3902,2025-04-06
Gullible_Age_9275,2025-04-06
Eldenvoi,2025-04-06
Temporary_Degree41,2025-04-06
Zantura_,2025-04-06
Leland_Cole,2025-04-06
incredible_15,2025-04-06
public_class_Main,2025-04-06
inwarded_04,2025-04-06
Overall-Schedule3854,2025-04-06
urdadsmanboobs,2025-04-06
untitled_earthling,2025-04-06
qgiang,2025-04-06
Particular-Mall-8977,2025-04-06
Ok_Bat_5299,2025-04-06
Think-Caterpillar-10,2025-04-06
CtrlAltElite24,2025-04-06
Important-Sea-8604,2025-04-06
lucifer7119,2025-04-06
Old_Bodybuilder2673,2025-04-06
Altruistic_Buyer_911,2025-04-06
Superb_Victory_5907,2025-04-06
Tayaba15,2025-04-06
HumanWhispers,2025-04-06
AssistanceItchy3393,2025-04-06
Ok_Clothes5906,2025-04-06
Dense_Survey6823,2025-04-06
Obvious_Muffin9366,2025-04-06
AdDisastrous7828,2025-04-06
hidocojuseresuthhv,2025-04-06
Royal_Light_9921,2025-04-06
chronicmusicadd1ct,2025-04-06
Realistic-Radio-3509,2025-04-06
MadCrimson2313,2025-04-06
Expensive_Estimate87,2025-04-06
Bright_Cup_1085,2025-04-06
morto_1999,2025-04-06
solomonakatana,2025-04-06
Classicalbot99,2025-04-06
hero_Persimmon2991,2025-04-06
SadSnorlax66,2025-04-06
Nice-Ad2414,2025-04-06
Gahwburr,2025-04-06
Dull_Phone4286,2025-04-06
Designer-Visual-2708,2025-04-06
GeneCreative7183,2025-04-06
EyeCommercial5134,2025-04-06
Hot_Passenger1212,2025-04-06
Medium_Ride8056,2025-04-06
kittnworshipper,2025-04-06
Prestigious_Move_365,2025-04-06
EvexAi,2025-04-06
Oppai-Milk,2025-04-06
SpindaQ,2025-04-06
Rsancheese,2025-04-06
InevitableBoot5202,2025-04-06
One-Sprinkles-4833,2025-04-06
dokka99,2025-04-06
mugechethuo,2025-04-06
moms_spaghetti420,2025-04-06
wangbambbang,2025-04-06
fishbob101,2025-04-06
KisaSan-,2025-04-06
TechnicianTypical600,2025-04-06
Alternative_Crow_529,2025-04-06
Reasonable_Cold_9320,2025-04-06
The-Not-So-Wise-One,2025-04-06
adlhitrofel,2025-04-06
Appropriate_Sun_2055,2025-04-06
Caturday33,2025-04-06
RebiZzZ,2025-04-06
SixPackHaver,2025-04-06
ale8003,2025-04-06
Few-You-2000,2025-04-06
Lavishness_Logical,2025-04-06
Phay_vo,2025-04-06
bitchuthought,2025-04-06
newdaynewhay,2025-04-06
Friendly-Owl-3272,2025-04-06
EitherInevitable4864,2025-04-06
CertainAd4860,2025-04-06
cbcharity,2025-04-06
ReporterWide5060,2025-04-06
No_Visual_418,2025-04-06
CaseOdd9862,2025-04-06
Harsha_701,2025-04-06
PassNo4139,2025-04-06
Short-Trip-2809,2025-04-06
skky95,2025-04-06
Inevitable-Bed2987,2025-04-06
rahulvishwanath,2025-04-06
bigbags,2025-04-06
Lord-Chaoz,2025-04-06
FrenchBreadDarlin,2025-04-06
Express-War-7086,2025-04-06
mama_workerbee,2025-04-06
BeeMindless7431,2025-04-06
NeatAndTidy4556,2025-04-06
Jimmy_McNulty2025,2025-04-06
theyfirepeopleffs,2025-04-06
Bright_Quantity_6827,2025-04-06
Tuffeman,2025-04-06
Punabiguy1234,2025-04-06
reli9ion,2025-04-06
Dream_sans_,2025-04-06
TheHybridzMane,2025-04-06
yerp_18,2025-04-06
ViralVisionOFM,2025-04-06
DinaTheDinosaurr,2025-04-06
Working_Row_8455,2025-04-06
alfaprivativa,2025-04-06
mitigatedtulip8,2025-04-06
Brilliant_Fig_7120,2025-04-06
Successful-Lie-259,2025-04-06
depressowo,2025-04-06
New_Reference4564,2025-04-06
AdministrativeBuy885,2025-04-06
Visible_Anxiety_9656,2025-04-06
No_Effective_4044,2025-04-06
jenuuine,2025-04-06
PrinceVoltan1980,2025-04-06
differentaqua,2025-04-06
Pristine_Statement67,2025-04-06
CardiologistFalse352,2025-04-07
xjelly505,2025-04-07
Choice-Cantaloupe-84,2025-04-07
Big-Manufacturer492,2025-04-07
amsnew,2025-04-07
Neat_Lab3617,2025-04-07
HuckleberryAmazing10,2025-04-07
alex_33333,2025-04-07
Appropriate_Young969,2025-04-07
tuxedo1999,2025-04-07
ImNotAaRobott,2025-04-07
super_nacly,2025-04-07
Quarter_Lifer,2025-04-07
AshLovesPicachu,2025-04-07
rizaleona,2025-04-07
doyouhave90minutes69,2025-04-07
Irrational_Girl,2025-04-07
Top_Attention3101,2025-04-07
Ok-Somewhere9163,2025-04-07
shimmeringsprite,2025-04-07
_DisastrousPatata,2025-04-07
Necessary_Morning_10,2025-04-07
Nall13,2025-04-07
giannam00d,2025-04-07
Status_Resist_1492,2025-04-07
Podet5,2025-04-07
MainEffective6717,2025-04-07
ambc1999,2025-04-07
EmZee2022,2025-04-07
a1arrow,2025-04-07
spaceshiplazer,2025-04-07
Equivalent_Corgi1141,2025-04-07
MassiveSympathy6723,2025-04-07
Sad_Satisfaction4847,2025-04-07
Any-Toe-3228,2025-04-07
Correct_Intern_4330,2025-04-07
ShortAbbreviations14,2025-04-07
Similar-Spite-4405,2025-04-07
Remote-Baseball-5402,2025-04-07
Top_Pride_3397,2025-04-07
Electrical-Carrot232,2025-04-07
Aggravating-Golf-631,2025-04-07
Free-Development1993,2025-04-07
Top_Water9163,2025-04-07
Thatmfvomit,2025-04-07
BonusSalt1891,2025-04-07
syscreat,2025-04-07
FrostyChemical8697,2025-04-07
Arabicinstructor456,2025-04-07
Old-Willingness-9950,2025-04-07
TvH34dedCl0wn,2025-04-07
muchaacha,2025-04-07
Green-Ad-3638,2025-04-07
Minimum_Orchid_8979,2025-04-07
Wrong-Age7619,2025-04-07
Livid_Direction_2285,2025-04-07
Extreme_Seesaw_9174,2025-04-07
Zestyclose_Course919,2025-04-07
lenisek,2025-04-07
Rich_Procedure_2767,2025-04-07
ExplorerTop9317,2025-04-07
tempredditor4,2025-04-07
GloveUnimportant177,2025-04-07
Live_Statement_8255,2025-04-07
horsebattery18,2025-04-07
sn34kydevil,2025-04-07
kelmek98,2025-04-07
Fabulous-Party-781,2025-04-07
SadTension4354,2025-04-07
WinnyBlackStart,2025-04-07
Mediocre_Break6926,2025-04-07
Siren_Stride,2025-04-07
Proof-Unit-561,2025-04-07
furrycatloaf,2025-04-07
BathroomOpposite8799,2025-04-07
licireddit94,2025-04-07
FreakiiBanana,2025-04-07
No_Mango_198,2025-04-07
Ok-Quarter-3248,2025-04-07
Minute-Foot-4292,2025-04-07
davelovesmilfs1,2025-04-07
AmarGoated,2025-04-07
Dispo0,2025-04-07
LogicalReason3281,2025-04-07
DampestDwarf,2025-04-07
Actual_Guard8323,2025-04-07
Living_Pattern_340,2025-04-07
HistoricalDocument11,2025-04-07
Agreeable-Raise-1765,2025-04-07
bolbibangs,2025-04-07
FrontDimension8372,2025-04-07
Humble_Ad3852,2025-04-07
B7ddyB0y,2025-04-07
Internal_Bonus9748,2025-04-07
emokatoe,2025-04-07
Golden_Gorilla_0-0,2025-04-07
Individual_Piece8146,2025-04-07
Financial-Pangolin81,2025-04-07
alive_till_dawn,2025-04-07
CrissBliss,2025-04-07
bukake_master,2025-04-07
Leather_Value2423,2025-04-07
toadddyyy,2025-04-07
Potato_in_a_Nice_Hat,2025-04-07
SleepyOtter12,2025-04-07
PerspectiveMean5435,2025-04-07
Aggravating_Map_3512,2025-04-07
AnteaterSpecific6633,2025-04-07
Old-Team-2656,2025-04-07
Soggy_Set_6725,2025-04-07
AirAlternative4078,2025-04-07
rennymeiers,2025-04-07
Informal_Problem6529,2025-04-07
VerticalDoritoEater,2025-04-07
polar_pumpkin,2025-04-07
boyroses,2025-04-07
Snoo-92856,2025-04-07
DryInevitable30,2025-04-07
Calm-Supermarket5664,2025-04-07
Life_Knowledge_5806,2025-04-07
Mie4life,2025-04-07
No_Aardvark_5463,2025-04-07
No-Classroom1260,2025-04-07
RolWinGerFor,2025-04-07
Correct-Sir52,2025-04-07
lonely_warrior786,2025-04-07
Ok-Touch6684,2025-04-07
Jsmiley1095,2025-04-07
Consistent_Mail4774,2025-04-07
CommonSetting2717,2025-04-07
Electronic-Eagle-634,2025-04-07
2SM4,2025-04-07
No_Cow7552,2025-04-07
More_Ad1234,2025-04-07
iObama,2025-04-07
No_Wonder1694,2025-04-07
roxy_my_socks,2025-04-07
bendthdickcumberbich,2025-04-07
4ng3licNymph-jpeg,2025-04-07
Typical_Jelly_3488,2025-04-07
x_jayman_x,2025-04-07
Immediate-Cherry9471,2025-04-07
sammynaitor,2025-04-07
Sad-Environment1892,2025-04-07
fetafiesta,2025-04-07
meeepmoo,2025-04-07
Quiet-Paramedic-9093,2025-04-07
ClassroomTasty3388,2025-04-07
mgols,2025-04-07
Gojosbabymamax,2025-04-07
UnluckyStep1727,2025-04-07
LLL495,2025-04-07
The-Mungler,2025-04-07
Throw_away_qstns,2025-04-07
VeterinarianBulky451,2025-04-07
dropitlikeitshot8,2025-04-07
Complete-Growth-2940,2025-04-07
Interesting-Cut-3123,2025-04-07
ramsesramme,2025-04-07
Common-Curve-735,2025-04-07
Zealousideal-Bag3132,2025-04-07
The-Flow-State-7,2025-04-07
blackmicheal,2025-04-07
Additional-Size-7141,2025-04-07
tomct992,2025-04-07
DoubleXLcheeto,2025-04-07
AwardFit8460,2025-04-07
pandasndabs,2025-04-07
No-Being-6283,2025-04-07
alexpieguy,2025-04-07
OdettesKnife,2025-04-07
Easy-F,2025-04-07
Diligent_Yam7876,2025-04-07
Necessary_Window9042,2025-04-07
Zealousideal-Gate504,2025-04-07
Euphoric-Form7573,2025-04-07
IntroductionSure8894,2025-04-07
jeakt,2025-04-07
bozoclownputer,2025-04-07
SeaworthinessFun3223,2025-04-07
vibes-and-vibes,2025-04-07
books_cats_please,2025-04-07
Rare-Society-5987,2025-04-07
FunkyBuddha407,2025-04-07
Optimal_Quote_9176,2025-04-07
Spiritual_Piece_6050,2025-04-07
FigAlternative6547,2025-04-07
AdOld9645,2025-04-07
rudeboyy604,2025-04-07
lebaisathome,2025-04-07
PuzzleheadedAd3021,2025-04-07
dankpete96,2025-04-07
Fthekids,2025-04-07
Asleep_Newspaper_617,2025-04-07
siiopiip,2025-04-07
Kooky-Ad-1826,2025-04-07
Heliotrope2B,2025-04-07
johnsmithjohnsonson,2025-04-07
Getacus,2025-04-07
AdGood2915,2025-04-07
Ok_Ad1390,2025-04-07
Professional-Drag580,2025-04-07
KarmaKitten17,2025-04-07
FallenSky101,2025-04-07
Glad_Hair1785,2025-04-07
akang412,2025-04-07
FluidGrocery6190,2025-04-07
Human_b4_2019,2025-04-07
Pure-Praline9697,2025-04-07
ameliaguiirree,2025-04-07
Mission_Cattle4208,2025-04-07
SomeGuyNamedJohn12,2025-04-07
cherry_pie1989,2025-04-07
No-Calligrapher2988,2025-04-07
Happy-Hat-650,2025-04-07
Time-Leading4476,2025-04-07
Aggressive_Peace_303,2025-04-07
Energyzon,2025-04-07
PuzzleheadedGap1967,2025-04-07
cheeky_monkey25,2025-04-07
NP_release,2025-04-07
PrivateCatholic,2025-04-07
beereda,2025-04-07
dontblookingforme,2025-04-07
MinuteLegitimate196,2025-04-07
blue_physics,2025-04-07
SnooPredictions1851,2025-04-07
Low-Adagio193,2025-04-07
LIFE-GOES-ON-AND-ON,2025-04-08
razortorosary,2025-04-08
fan_electrix,2025-04-08
Dismiss_Trouble_17,2025-04-08
super_potato_corn,2025-04-08
Trinity-knowledge,2025-04-08
Diligent_Acadia5359,2025-04-08
AdEvening2028,2025-04-08
Puzzleheaded_Time_44,2025-04-08
Upstairs_Copy_9590,2025-04-08
WheresPompompurin,2025-04-08
Beginning_Citron_752,2025-04-08
Ok_Pomegranate24,2025-04-08
Mitsuuno,2025-04-08
SunFun_808,2025-04-08
Thin-Snow-3222,2025-04-08
Diligent_Secret725,2025-04-08
mangophobic,2025-04-08
Conscious_Gazelle_83,2025-04-08
ayestee,2025-04-08
Sea-Mongoose-888,2025-04-08
LabTrick5298,2025-04-08
coopsterinni,2025-04-08
Aggressive_Week9304,2025-04-08
Educational_Main_435,2025-04-08
SubstantialDig6392,2025-04-08
ComfortableCity4043,2025-04-08
Auntie_011481,2025-04-08
Interesting-Ad-6173,2025-04-08
Kinyruu,2025-04-08
Motor-Impression6423,2025-04-08
Charming-Process8818,2025-04-08
PlantBaby73,2025-04-08
Sego_0209,2025-04-08
payteachersmore1,2025-04-08
Chasing_Dreams45,2025-04-08
Some_Commission3201,2025-04-08
Maximum_Treacle_8974,2025-04-08
fishandrice11,2025-04-08
Glittering-Net-1670,2025-04-08
Open_Signature,2025-04-08
latemyl,2025-04-08
TharhatDebnath,2025-04-08
Gorvik7592,2025-04-08
Romalian,2025-04-08
Mysterious_Tear_9624,2025-04-08
Sea_Celery9270,2025-04-08
ruefuljoy,2025-04-08
Substantial-Basis260,2025-04-08
lunchbox-321,2025-04-08
NotDeadYet57,2025-04-08
yesanothernerd,2025-04-08
Familiar-Cat4019,2025-04-08
Randomredditor534,2025-04-08
PlasticRip7972,2025-04-08
ModeTop2402,2025-04-08
claude1122,2025-04-08
Fun_Waltz_8221,2025-04-08
No_Two_3617,2025-04-08
Confident_Amoeba6878,2025-04-08
DearAdventure,2025-04-08
Huge_Display9425,2025-04-08
Milner-co,2025-04-08
KarrTheBro,2025-04-08
iamanemotionalgirlie,2025-04-08
aymanvv,2025-04-08
PeachClean1095,2025-04-08
Adorable_WeaknessMK,2025-04-08
Used_Indication5288,2025-04-08
Gringodabahia,2025-04-08
Greedy-Ad-887,2025-04-08
MysteriousFeeling498,2025-04-08
unhappy-rat,2025-04-08
JobHelperAy,2025-04-08
Own_View3337,2025-04-08
AMachineMan,2025-04-08
BackgroundRole3136,2025-04-08
Original_Meat3731,2025-04-08
Gurdev407,2025-04-08
King_Grizz23,2025-04-08
MatthewNugent05,2025-04-08
Wonderful-Koala-4127,2025-04-08
Advanced-Trick-5523,2025-04-08
OverallMagician1269,2025-04-08
Imaginary_Fox2098,2025-04-08
Business_Sea_5877,2025-04-08
Lower-Pie3149,2025-04-08
Sparkredx,2025-04-08
Known_Start639,2025-04-08
Dommer4kill,2025-04-08
Hope2831,2025-04-08
Bixuly,2025-04-08
mentalmania1329,2025-04-08
highsthighlowestlow,2025-04-08
rohithashok95,2025-04-08
Negative-Matter-5765,2025-04-08
Puzzleheaded_Idea379,2025-04-08
ExcuseThick6222,2025-04-08
SpotProud612,2025-04-08
PizzahKitter,2025-04-08
Randomly2,2025-04-08
Adorable-Buys-8382,2025-04-08
Additional-Paper1782,2025-04-08
SadZookeepergame5565,2025-04-08
Delicious-Read-823,2025-04-08
danak1313,2025-04-08
alanmcgeeny,2025-04-08
Mission-Act-2972,2025-04-08
Sufficient_Feed_3744,2025-04-08
SnooLemons2666,2025-04-08
PoundImmediate7042,2025-04-08
ben5642,2025-04-08
Ecstatic-Budget1344,2025-04-08
Yellowbrik452,2025-04-08
DidYouKnowYoureCute,2025-04-08
Prav_Romeo,2025-04-08
HotBack1670,2025-04-08
ok_effect_6502,2025-04-08
4NG3L_0F_TH3_N1GHT,2025-04-08
Personal-Parsnip-861,2025-04-08
RoseWolf_1998,2025-04-08
adoredawn,2025-04-08
ArtisticPeanut8036,2025-04-08
Leviatheme,2025-04-08
Old_Cartographer6615,2025-04-08
Immediate_Jury_7051,2025-04-08
RudeHour1916,2025-04-08
lisaberrix,2025-04-08
TopPaper2815,2025-04-08
Many-Page6927,2025-04-08
No_Bee457,2025-04-08
AdorableRelative6702,2025-04-08
Limp_Bullfrog4892,2025-04-08
Creepy_Ad_3907,2025-04-08
Comfortable_Lie_9879,2025-04-08
Ankz-ganz,2025-04-08
Mediocre_Study8460,2025-04-08
cemillz313,2025-04-08
billiejean_ismylover,2025-04-08
NiallElliotB,2025-04-08
Strangerfromaround,2025-04-08
Fagitron69,2025-04-08
Odd-Baker8471,2025-04-08
lalpsik-234,2025-04-08
Realistic_Method7046,2025-04-08
420DiscGolfer,2025-04-08
InconsistentWisp,2025-04-08
Amazing-Quantity8249,2025-04-08
FaresFiverr9928,2025-04-08
BabySeal11,2025-04-08
Cocoatech0,2025-04-08
Patient-Balance3887,2025-04-08
alphablock23,2025-04-08
National_Stress8876,2025-04-08
Falcon__X24,2025-04-08
AdidasChic,2025-04-08
Plus-Expression-8622,2025-04-08
Loyal_Girl8484,2025-04-08
Disastrous-Paint-147,2025-04-08
mabnn_,2025-04-08
brandielynng29,2025-04-08
Zooperman27,2025-04-08
Grape9111,2025-04-08
NoSea4988,2025-04-08
sherlockhomelesschu,2025-04-08
lolovesfrogs,2025-04-08
theranger799,2025-04-08
FitDistance7841,2025-04-08
soupream27,2025-04-08
Acceptable_Baby5450,2025-04-08
Duckyquack9999,2025-04-08
Realistic-Ruin9,2025-04-08
Budget_Ad_7738,2025-04-08
throwaway247bby,2025-04-08
Successful-Tutor-779,2025-04-08
OddSit,2025-04-08
AccrualControl,2025-04-08
South-Squash567,2025-04-08
Double-Baby-931,2025-04-08
prplSn0w,2025-04-08
Anxious-Fan5221,2025-04-08
fishbedroom,2025-04-08
BestSample7019,2025-04-08
Pale_Pomegranate_163,2025-04-08
More-Newspaper6119,2025-04-08
Other-Flow-2312,2025-04-08
Wonderful-Meaning918,2025-04-08
jimbob104,2025-04-08
macschulz,2025-04-08
-HEAVYMETAL,2025-04-08
Ok_Ant_3423,2025-04-08
Significant_Mix208,2025-04-08
BothBet8951,2025-04-08
Early-Interview-6217,2025-04-08
dark_lord_chuckles,2025-04-08
Calibrex_Gaming,2025-04-08
Matttobar,2025-04-08
Forsaken-Coconut2637,2025-04-08
Roguetrader__13,2025-04-08
Which_River_7907,2025-04-08
Unique_Violinist4851,2025-04-08
Possible_Block_6542,2025-04-08
mothmanmilo420,2025-04-08
Which_Fail_5751,2025-04-08
kevaux,2025-04-08
Capable_Ganache5705,2025-04-08
RevereSkye,2025-04-08
Amazing-Occasion-225,2025-04-08
ZestycloseFishing276,2025-04-08
Sylent009,2025-04-08
Wide-Pension600,2025-04-08
No_Stick_7204,2025-04-08
Ok-Flower-4738,2025-04-08
straw_bunniee,2025-04-08
greasybacon123,2025-04-08
Direct-Injury-3065,2025-04-08
goodandpure,2025-04-08
Medical-Nail-8534,2025-04-08
saurabh96s,2025-04-08
Somberexits,2025-04-08
ZestycloseBasil3644,2025-04-08
kenogata11,2025-04-08
galaxywolf69,2025-04-08
Striking-Antelope486,2025-04-08
Comprehensive-Nail-8,2025-04-08
AmphisbaenaDobbit,2025-04-08
farel85,2025-04-08
fotogneric,2025-04-08
VixenTheDragonGirl15,2025-04-08
Medium_Pollution_986,2025-04-08
Consistent_Art_4471,2025-04-08
Comfortable-Win5978,2025-04-08
Born_Vegetable7142,2025-04-08
KeBlam,2025-04-08
dijdhdhdhbdndk,2025-04-08
verylogicalparadox,2025-04-08
kyvist,2025-04-08
dannyisaninja,2025-04-08
Born_Obligation_8385,2025-04-08
Bright-Mountain-8568,2025-04-08
CheeesyGiraffe,2025-04-08
Current_Chef3007,2025-04-08
Simply_A_girll,2025-04-09
Hot-Pool-5463,2025-04-09
Diamondbabbyyy,2025-04-09
ogotcooties,2025-04-09
heyvanillatea,2025-04-09
Sregor10,2025-04-09
anacondatmz,2025-04-09
Responsible_Role3978,2025-04-09
Several-Art-7186,2025-04-09
Sad_Tangerine_6293,2025-04-09
catsuramen,2025-04-09
External_Cabinet3734,2025-04-09
Massive_Spinach_459,2025-04-09
Chemical-Text-863,2025-04-09
bucket____head,2025-04-09
Rare_Accident9241,2025-04-09
Hello_GeneralKenobi,2025-04-09
coffeedrive626,2025-04-09
Suspicious-Pair-3177,2025-04-09
wherearemyhashbrowns,2025-04-09
Brady_Football,2025-04-09
aussielover24,2025-04-09
Pupper_Life912,2025-04-09
Ashamed_Pain7403,2025-04-09
Long_Tumbleweed_3923,2025-04-09
Designer_Plankton991,2025-04-09
throwaway-citizen-1,2025-04-09
Zestyclose-Coffee237,2025-04-09
Remarkable-Rub-,2025-04-09
Horror_Lecture3512,2025-04-09
Jesusiseternalgod,2025-04-09
NaturalSuperb450,2025-04-09
Greenhorse768,2025-04-09
ProfessionalFig2267,2025-04-09
tiffykittychan,2025-04-09
Strong_Passage6600,2025-04-09
taboopancake7,2025-04-09
Business_Object_2270,2025-04-09
sderosa90,2025-04-09
LatterShelter9600,2025-04-09
Affectionate-Spot395,2025-04-09
Admirable-Union-9911,2025-04-09
TheKoolAidManw,2025-04-09
gingerbreadx3_,2025-04-09
suckmyarsee,2025-04-09
Brian123123,2025-04-09
ChungaBungaBungus,2025-04-09
obviouslynotar0b0t,2025-04-09
Bonnieparker755,2025-04-09
Successful_Title8118,2025-04-09
No_Cellist9225,2025-04-09
queenofdusties,2025-04-09
Tardisk92313,2025-04-09
Miserable_Panda5361,2025-04-09
That_Yak_7119,2025-04-09
Low-Cardiologist6077,2025-04-09
Future_Influence_150,2025-04-09
Mysterious_Ad_1764,2025-04-09
Less_Chocolate5462,2025-04-09
Jazzlike_Bill7095,2025-04-09
HouseNo9850,2025-04-09
ravisagar27,2025-04-09
Difficult_Public_546,2025-04-09
Southern_Signal_9012,2025-04-09
Curious_Industry_490,2025-04-09
SparkleMeroy,2025-04-09
f5unrnatis,2025-04-09
_Mahirjain_,2025-04-09
IndividualKind7834,2025-04-09
DowtaTrue,2025-04-09
Automatic_Staff_7844,2025-04-09
Brave_Fix6814,2025-04-09
NunnyNy,2025-04-09
No_Possibility4122,2025-04-09
RipleyShaw,2025-04-09
whatisevenlife25,2025-04-09
BennyCooks,2025-04-09
bobayuzu,2025-04-09
glamourghoul666,2025-04-09
Relevant_Milk8,2025-04-09
danysgirl,2025-04-09
Sufficient_Deal_2073,2025-04-09
Tatarchonook,2025-04-09
divia98,2025-04-09
antennastoh3aven,2025-04-09
myjawsgotflaws,2025-04-09
Practical_Cost3762,2025-04-09
Soulaymanee,2025-04-09
Browncow-1968,2025-04-09
Equivalent_Monk8097,2025-04-09
clinicallyilliterate,2025-04-09
james-123-,2025-04-09
smorrg,2025-04-09
UsuallySurprised,2025-04-09
Master-Potential-680,2025-04-09
Real_Celebration7151,2025-04-09
Dapper-County5910,2025-04-09
Over_Shallot5822,2025-04-09
Johnson_BooBoo,2025-04-09
Powerful-Delivery481,2025-04-09
lisalisalisalisa94,2025-04-09
Answerhunter,2025-04-09
SufficientExcuse9497,2025-04-09
jayare113,2025-04-09
Original-Ad-7125,2025-04-09
NoseBroad2506,2025-04-09
stonecoldmark,2025-04-09
Typical-Major2730,2025-04-09
Empty_Engineering883,2025-04-09
here4thefreecake,2025-04-09
Infamous_Lunch_4588,2025-04-09
jacob4568,2025-04-09
jmill388,2025-04-09
fainin_Sharing,2025-04-09
Illustrious-bookcase,2025-04-09
Jobshelp_,2025-04-09
SweatyQuokka,2025-04-09
The_SocialContract,2025-04-09
lost_dumpling10,2025-04-09
Mammoth-Cicada6552,2025-04-09
Rsabari511,2025-04-09
Cold-Procedure2331,2025-04-09
Parking-Window1773,2025-04-09
occationalales,2025-04-09
Ill-Principle2828,2025-04-09
Potential-Doctor5416,2025-04-09
Fantastic_Deer9575,2025-04-09
girlpaint,2025-04-09
ToeSimilar7176,2025-04-09
orsefon,2025-04-09
anontquestions,2025-04-09
YouEnvironmental8324,2025-04-09
Mission_Basket207,2025-04-09
357jet,2025-04-09
Radiant-Pollution205,2025-04-09
yellowpurple22,2025-04-09
Conscious_Dig_1542,2025-04-09
-AsocialButterfly-,2025-04-09
Gurrhilde,2025-04-09
Unique-Cranberry-275,2025-04-09
Muncamunca,2025-04-09
Tiny_Suit6784,2025-04-09
Puzzleheaded_Ice9154,2025-04-09
Real-Quiet-8752,2025-04-09
0774177112,2025-04-09
viniciusjooj,2025-04-09
ox13ox,2025-04-09
Cirxe,2025-04-09
Senior_Trick_7473,2025-04-09
erincls,2025-04-09
Claudiamanole,2025-04-09
evilbrrat,2025-04-09
deadthrees,2025-04-09
whitegirlpower,2025-04-09
Commercial-Big-5796,2025-04-09
Easy-Night-9819,2025-04-09
Odd_Establishment790,2025-04-09
Spartans1414,2025-04-09
AronasGames,2025-04-09
Jaded_Ad_2657,2025-04-09
pangrizzly,2025-04-09
Competitive_Pipe890,2025-04-09
Party_Preparation596,2025-04-09
Ok_Ask2200,2025-04-09
kaptaprism,2025-04-09
jalapenofur,2025-04-09
GrapefruitSame320,2025-04-09
No-Winter-9543,2025-04-09
Disastrous-Level-711,2025-04-09
Ok-Parsley-7493,2025-04-09
Optimal-Arm4316,2025-04-09
Which_Condition6123,2025-04-09
Jealous_Emphasis9788,2025-04-09
No_Ask7200,2025-04-09
Western_Training_847,2025-04-09
Theitchysmell,2025-04-09
imjusthavingfunn,2025-04-09
Time_Operation3620,2025-04-09
Weary_Structure_7211,2025-04-09
aammarr,2025-04-09
Even_Tangerine15,2025-04-09
Icy-Importance3814,2025-04-09
WonderfulRound358,2025-04-09
The_Troubled,2025-04-09
plantkiddd,2025-04-09
mcdonaldsmallfry,2025-04-09
Ok-Prune358,2025-04-09
lostbutloud,2025-04-09
Hoothoot02,2025-04-09
That-Appearance-3341,2025-04-09
plz_help_w_mystudy,2025-04-09
frosty-cherrlxs,2025-04-09
beastymidget,2025-04-09
justsomerandomdvde,2025-04-09
CommonEngineering717,2025-04-09
Azuraskye84,2025-04-09
Stankpossay97,2025-04-09
RowGophs,2025-04-09
Euphoric-Tomato-1313,2025-04-09
spinningmous,2025-04-09
ljmac2003,2025-04-09
Amethyst_Squid,2025-04-09
jeffreyyyh,2025-04-09
PresentationUpbeat36,2025-04-09
duckienation,2025-04-09
Character-Ideal3175,2025-04-09
GreenDreams89,2025-04-09
meowhisspurrmeow,2025-04-09
yellow_white123,2025-04-09
SquareCollar8279,2025-04-09
OperationWinter9974,2025-04-09
Forward_Pea_5252,2025-04-09
Broke_Ones91,2025-04-09
More-Writer-6204,2025-04-09
FinnFX,2025-04-09
International_Cod440,2025-04-09
Cultural_Bluejay_430,2025-04-09
ShiftFancy8034,2025-04-09
ExcellentGazelle5693,2025-04-09
gulakoth224,2025-04-09
Ahmedtechyy,2025-04-09
magicmongoose1,2025-04-09
_adopt_dont_shop_,2025-04-09
Ok_Priority_8842,2025-04-09
Blind_WillieJ,2025-04-09
Many-Vast-7281,2025-04-09
No_Efficiency_8798,2025-04-09
ajotheribro,2025-04-09
adi-1930,2025-04-09
Venn-D717,2025-04-09
Fastellano,2025-04-09
eedro256,2025-04-09
alcoholicviking,2025-04-09
OOPSStudio,2025-04-09
puffbar123,2025-04-09
Fresh-Grade-2322,2025-04-09
TotalTangerine4819,2025-04-09
baileybrick14,2025-04-09
ThingThatWasMade,2025-04-09
bbttyy5600,2025-04-09
No_Zebra_8035,2025-04-10
Otherwise-Mousse-200,2025-04-10
Suitable-Ad-5123,2025-04-10
Livid-Ferret-3741,2025-04-10
1nstant_R4men,2025-04-10
Barn3rGirl,2025-04-10
plathinwonderland,2025-04-10
izzibella06,2025-04-10
Pizzawithleftbeef,2025-04-10
DiddleMyTuesdays,2025-04-10
Complete_Run_296,2025-04-10
ConcentrateSad8980,2025-04-10
RuthIsBlue,2025-04-10
Glass_Membership2087,2025-04-10
Big-Put-5859,2025-04-10
Nearby_University_25,2025-04-10
Fine_Job_8012,2025-04-10
Crazy_Technician_588,2025-04-10
Past_Policy5417,2025-04-10
green9cactus,2025-04-10
Haxrlequin,2025-04-10
Old-Fold8644,2025-04-10
111fairyxo,2025-04-10
Playful-Arugula1402,2025-04-10
postsci,2025-04-10
bebot-572,2025-04-10
ShakeNo1421,2025-04-10
Fancy_Calligrapher16,2025-04-10
Wind_Waker_Legend,2025-04-10
TalkExtreme6430,2025-04-10
booya1967,2025-04-10
thebrokeminimalist,2025-04-10
Prestigious_Walk_787,2025-04-10
Kebaya2025,2025-04-10
IndependentSad5795,2025-04-10
-no-use-,2025-04-10
Infinite-Key3228,2025-04-10
ungrful,2025-04-10
Kibbiesblue,2025-04-10
FreeFaces2674,2025-04-10
Embarrassed-Push-882,2025-04-10
DiddyDoDat86,2025-04-10
Zealousideal_Plum341,2025-04-10
_lynxxxx,2025-04-10
MapleAppleSlime,2025-04-10
Optimal-Hospital-870,2025-04-10
Palakinter,2025-04-10
ThrowRA44466335,2025-04-10
Remarkable_Algae6642,2025-04-10
TinyMembership5109,2025-04-10
Ssalth,2025-04-10
Masterzjg,2025-04-10
EnvironmentalBar7893,2025-04-10
Agile_Profession6986,2025-04-10
Initial-Flower8827,2025-04-10
Less_Classroom1321,2025-04-10
Self-Kitchen,2025-04-10
Dull_Buy8717,2025-04-10
solitarysoliloquy,2025-04-10
9c4o51,2025-04-10
hiswthvu,2025-04-10
PsychoticBatQueen,2025-04-10
PhilosopherUnhappy14,2025-04-10
Resident-State-1934,2025-04-10
Jrochamr,2025-04-10
_Anna_Borshin,2025-04-10
Over_Incident5593,2025-04-10
undeadroseyatni,2025-04-10
giraffe_and_a_half,2025-04-10
Separate-Orange493,2025-04-10
Objective-Mix5067,2025-04-10
Western_Return_277,2025-04-10
longira,2025-04-10
WriterAutomatic3882,2025-04-10
Raja__navee,2025-04-10
yrabl81,2025-04-10
gangtaybaoho,2025-04-10
Thatoneyoutuber94,2025-04-10
DG_tech_,2025-04-10
Sad-Appointment-9238,2025-04-10
HungryGlove8480,2025-04-10
Intrepid-Security628,2025-04-10
AmericanCheeseBurga,2025-04-10
hokuspokusmaster,2025-04-10
Usagichan94,2025-04-10
Major-Engineering165,2025-04-10
burntcornkernel,2025-04-10
Cookieisme,2025-04-10
nikpower19,2025-04-10
Sleep_nw_in_the_fire,2025-04-10
Dessy120,2025-04-10
Firm-Combination3183,2025-04-10
Jaycie_King,2025-04-10
Optimus_Me97,2025-04-10
thefrazdogg,2025-04-10
tcfpg,2025-04-10
Aromatic_Union5778,2025-04-10
IAmADickIndeed,2025-04-10
B4K0N,2025-04-10
Agitated-Document791,2025-04-10
Red-Tastic,2025-04-10
Mobile-Nerve-2661,2025-04-10
ImplodingDreams,2025-04-10
hardzulaa,2025-04-10
_Pebcak_,2025-04-10
toad-mom,2025-04-10
Constant-Run-8203,2025-04-10
PriorityMediocre6054,2025-04-10
Unique_Rich7502,2025-04-10
Pbx_001,2025-04-10
Artistic-Narwhal757,2025-04-10
Similar_Fox8064,2025-04-10
Illustrious_Pain9103,2025-04-10
Resident-Theme-2342,2025-04-10
kTay19,2025-04-10
ProfessionalCause479,2025-04-10
Express_Ad6624,2025-04-10
Born_Astronaut_4383,2025-04-10
Agreeable_Cup8237,2025-04-10
Super_Potential_4097,2025-04-10
Lalalee-25-35,2025-04-10
SnooBananas6018,2025-04-10
wolfiemeows,2025-04-10
NovaPrime94,2025-04-10
Confidence_Xarogance,2025-04-10
Jaded-Fun-9188,2025-04-10
hand__sanitizer1234,2025-04-10
happyyetsadgirl,2025-04-10
SHSL-KEITARO-SIMP,2025-04-10
infectionss,2025-04-10
Cute_Head_6823,2025-04-10
Turbulent_Pop_1702,2025-04-10
la_monstra,2025-04-10
emma_0001,2025-04-10
GoldenPants_94,2025-04-10
Ok_Return8055,2025-04-10
Swimming-Score-2627,2025-04-10
catz537,2025-04-10
Longjumping-Goat1147,2025-04-10
InfinateEdge,2025-04-10
Purple_Cricket_2426,2025-04-10
Theisty-Reason-8524,2025-04-10
TroubleNo7663,2025-04-10
sn290994,2025-04-10
Vegetable_Scale5982,2025-04-10
Slight_Design_1294,2025-04-10
Puzzleheaded-Bee347,2025-04-10
Krammor,2025-04-10
Pitiful_Thought6350,2025-04-10
LandApprehensive7144,2025-04-10
Tricksr4kids739,2025-04-10
Sun-607,2025-04-10
Best-Bite-9889,2025-04-10
heyoooo618,2025-04-10
Adelman01,2025-04-10
Active-Blueberry-228,2025-04-10
readinginthestorm,2025-04-10
Tall_Conference8810,2025-04-10
princessL1996,2025-04-10
Impressive_Buyer157,2025-04-10
richasian878,2025-04-10
teloii,2025-04-10
idkwhattoput20201,2025-04-10
nosire,2025-04-10
JustADogfish,2025-04-10
trensetter1,2025-04-10
MovieFanatic2160,2025-04-10
GoArmyRanchoCordova,2025-04-10
Ambitious-Let7404,2025-04-10
ConsiderationOk9935,2025-04-10
Draft-Bitter,2025-04-10
Alarmed_Pie_5033,2025-04-10
Dramatic_Fisherman35,2025-04-10
EnvironmentalPen5666,2025-04-10
MiloSpeaks,2025-04-10
kablasurjit99,2025-04-10
veowlarie,2025-04-10
pac-god69,2025-04-10
lizzykinzz,2025-04-10
Thevintagevault,2025-04-10
creamypastabake-,2025-04-10
itsmalikfool,2025-04-10
Stunning-Animator567,2025-04-10
Dry_Reveal_1390,2025-04-10
CloudVicera,2025-04-10
nofapanonymous21,2025-04-10
ImaginationSuper5513,2025-04-10
CatAdministrative25,2025-04-10
Odd-Medium-5385,2025-04-10
Short-Vanilla-4130,2025-04-10
Current-Salad-3664,2025-04-10
Anxious-Can9049,2025-04-10
badbunniee,2025-04-10
No_Setting_360,2025-04-10
No-Dog4588,2025-04-10
YoDJPumpThisParty,2025-04-10
KutyKittyKat,2025-04-10
WillingnessSilver824,2025-04-10
Imaginary_Leg3568,2025-04-10
ZenithQuant3,2025-04-10
Good-Protection9118,2025-04-10
Critical_Coconut_666,2025-04-10
rjay_62,2025-04-10
MediocreExceptional,2025-04-10
TheOnlyBrishen,2025-04-10
templeofthe_ancients,2025-04-10
Krooai,2025-04-10
boballbob,2025-04-10
Palihiba,2025-04-10
Dense-Character6233,2025-04-10
Electronic_Fish_482,2025-04-10
Kami_no_Kage,2025-04-10
mrdaniellyon,2025-04-10
summerxxlisaa8,2025-04-10
kadiez,2025-04-10
Rich-Attorney1644,2025-04-10
Ok_Eagle_8771,2025-04-10
BeeNeedsHoney,2025-04-10
jakele500,2025-04-10
er678i,2025-04-10
oden-sam,2025-04-10
careful_cabbage,2025-04-10
Playboyzee,2025-04-10
Odstmasterfish,2025-04-10
happyhugger1,2025-04-10
bryxnt280,2025-04-10
Salt_Ad7231,2025-04-10
Professional_Dream22,2025-04-10
SufficientRaccoon950,2025-04-10
frydplatanos,2025-04-10
browneyedlassie,2025-04-10
Glittering_Emu4327,2025-04-10
AskiaCareerCoaching,2025-04-10
PatchCasp,2025-04-10
DefiantMachine3900,2025-04-11
AcademicMethod383,2025-04-11
MutedCountry2835,2025-04-11
Kuildeous,2025-04-11
IThnkBeowulfJstBitMe,2025-04-11
Sad_Information_7412,2025-04-11
unclemoony,2025-04-11
Over-Law-2800,2025-04-11
itsover9000dollars,2025-04-11
MJ2FAST,2025-04-11
Fearless_Reply_90,2025-04-11
elizabethmarie816,2025-04-11
lemonconcentrate,2025-04-11
Restingwater,2025-04-11
Soft-Butterfly-561,2025-04-11
Dreesha_Teasley,2025-04-11
Agitated-Accident-22,2025-04-11
shaheeeed5,2025-04-11
Mindless_Ad_929,2025-04-11
BernoulliCat,2025-04-11
Complete_Cap_1474,2025-04-11
Anthem_Lite,2025-04-11
No_Sample_877,2025-04-11
godamnexhausted,2025-04-11
Specific-Work-3435,2025-04-11
jzam0217,2025-04-11
Direct-Insurance7115,2025-04-11
QuantumDiva,2025-04-11
rainbow11road,2025-04-11
LaunchpadAi,2025-04-11
Aggressive-Law1986,2025-04-11
Sufficient-Key8585,2025-04-11
santiesgirl,2025-04-11
Literallynat,2025-04-11
Revolutionary-Face69,2025-04-11
Impossible_Reality40,2025-04-11
peachybees003,2025-04-11
Global-Moose-7331,2025-04-11
SilentAwakening12,2025-04-11
throwawayz91706,2025-04-11
Wolfhunter6159,2025-04-11
Rough-Interest9029,2025-04-11
ExistingVegetable558,2025-04-11
ProofAd1981,2025-04-11
weirdnpierced,2025-04-11
Ok-Stand-7336,2025-04-11
notreallyahumann,2025-04-11
Quirky-Sprinkles2011,2025-04-11
Money_Flounder_7350,2025-04-11
throwaway_acc_ABC,2025-04-11
Dummypimmy,2025-04-11
MY-Panhandle,2025-04-11
M_8383,2025-04-11
No_Scale1,2025-04-11
Eastern-Tennis4526,2025-04-11
hydrax11,2025-04-11
Legitimate-Bar3038,2025-04-11
ntdevelopers,2025-04-11
Ronin_RK,2025-04-11
Lvl81Memes,2025-04-11
InformationDiligent3,2025-04-11
Independent_Ruin_453,2025-04-11
AdhesivenessHappy475,2025-04-11
Super_Builder9717,2025-04-11
imnewintownyall,2025-04-11
moozillahh,2025-04-11
Self-Investment-Hub,2025-04-11
yogurtisfoodsperm,2025-04-11
Primary_View_3855,2025-04-11
StoneVart,2025-04-11
easy10pins,2025-04-11
FishieIsland,2025-04-11
Internal-Bus-7031,2025-04-11
No-Second8493,2025-04-11
queensrook3,2025-04-11
marieeew88,2025-04-11
Tobokami,2025-04-11
Inspector_7,2025-04-11
cez416,2025-04-11
Santilla,2025-04-11
curious_katty8,2025-04-11
Puzzleheaded_Bowl_99,2025-04-11
Career_Coach135,2025-04-11
Relative_Page3624,2025-04-11
Belligerent_Goose,2025-04-11
Fun-Succotash-1237,2025-04-11
butterflysprinkles0,2025-04-11
CoffeeSkul,2025-04-11
Business_Chard9569,2025-04-11
Nubian_Cavalry,2025-04-11
LurtzTheUruk,2025-04-11
Beeoncoffee,2025-04-11
Informal-Fig-7116,2025-04-11
Independent_Bid271,2025-04-11
Nimbuscloudy22,2025-04-11
cs342,2025-04-11
RubiusGermanicus,2025-04-11
Connect-Manner1911,2025-04-11
Burntfire_22,2025-04-11
plmike123,2025-04-11
Glum-Chip-9296,2025-04-11
Tythekid_,2025-04-11
rimmo,2025-04-11
Success-Better,2025-04-11
SinkResponsible7445,2025-04-11
MarionberryOwn4502,2025-04-11
Perfect_Substance_28,2025-04-11
Quiet_Ad_1536,2025-04-11
Flashy-Tear-1861,2025-04-11
unnikutty2001,2025-04-11
Least_Class_3338,2025-04-11
space_age_stuff,2025-04-11
thirteenth_mang,2025-04-11
xmatterjoking,2025-04-11
JustAbby0217,2025-04-11
AdmirablePage72,2025-04-11
localpastryshop,2025-04-11
Ambitious-Whole-3974,2025-04-11
harsh2211_11,2025-04-11
_natanana,2025-04-11
Fit-Mall-3258,2025-04-11
Initial-Peace1025,2025-04-11
Fast_Afternoon8671,2025-04-11
atonton_2122,2025-04-11
Tasty_Examination_76,2025-04-11
thejobwhisperer,2025-04-11
Equivalent_Ad7860,2025-04-11
BornEquipment4251,2025-04-11
Iwillstalkyou-,2025-04-11
Secure-Tradition-968,2025-04-11
Straight_Spray_1532,2025-04-11
RealisticRecipe2900,2025-04-11
yansvarg,2025-04-11
Few-Firefighter-9572,2025-04-11
DrashaZImmortal,2025-04-11
captainsaveasaab,2025-04-11
NotGonnaLieFR,2025-04-11
Wonderful-Space-6478,2025-04-11
Purple_Ad2174,2025-04-11
Beautiful-Builder461,2025-04-11
Any_Temperature_6345,2025-04-11
KyKlassy,2025-04-11
HelpfulDaikon3995,2025-04-11
Hefty_Subject4766,2025-04-11
Successful_Buy9280,2025-04-11
quobl,2025-04-11
Leading-Jellyfish915,2025-04-11
kingbinz33,2025-04-11
Castillo_218,2025-04-11
Dipin_magar88,2025-04-11
qoew,2025-04-11
SeafoamTrollop,2025-04-11
Comfortable-Low-6852,2025-04-11
Extension_Leader5844,2025-04-11
Waterunderglass,2025-04-11
RobbieFD3,2025-04-11
cerebrumdeath,2025-04-11
zotik00,2025-04-11
dormwarrior,2025-04-11
Effective-Aide-9831,2025-04-11
Lecosraw,2025-04-11
Yacine_1994,2025-04-11
TotalReplacement9810,2025-04-11
Competitive-Yam-110,2025-04-11
CryHot7520,2025-04-11
suddenly_moving,2025-04-11
citywok68,2025-04-11
Witty_Jackfruit_741,2025-04-11
vengeancemaxxer,2025-04-11
CRABSQUID_,2025-04-11
Whole-Bug-756,2025-04-11
Only-Cod4108,2025-04-11
4nemSteppa,2025-04-11
Lucky_Meringue2753,2025-04-11
EducationalPack6421,2025-04-11
Dependent-Dog-3625,2025-04-11
Ok_Shoulder6615,2025-04-11
Prior_Load2065,2025-04-11
Due_Boysenberry4930,2025-04-11
Country-Jobs,2025-04-11
miinnie_mouse21,2025-04-11
Competitive-Gap6916,2025-04-11
deusexspatio,2025-04-11
Lonely_Cat444,2025-04-11
tdfitz89,2025-04-11
Low_Buy_3195,2025-04-11
EAH573,2025-04-11
Few-Relationship-808,2025-04-11
NachoBluecat,2025-04-11
Prestigious_Ad587,2025-04-11
carefree-nomad,2025-04-11
Typical_Leading,2025-04-11
Competitive-Taro5897,2025-04-11
Puzzleheaded-Age5033,2025-04-11
EmbarrassedDrawing98,2025-04-11
CanBitter3099,2025-04-11
ihorshvets,2025-04-11
StressOverall3270,2025-04-11
brainstromer_39,2025-04-11
Appropriate_Mix5192,2025-04-11
Ok-Program-9074,2025-04-11
Training_Plankton_64,2025-04-11
Significant_Cake8499,2025-04-11
Glum-Cartoonist-249,2025-04-11
Academic-Position901,2025-04-11
Either-Increase-474,2025-04-11
ShinyTransferer,2025-04-11
Occasional-Enigma,2025-04-11
ResponsibilityOdd493,2025-04-11
Legitimate-Media2719,2025-04-12
Lopsided-Grocery-943,2025-04-12
Away_Bee_7158,2025-04-12
Several-Ask-00,2025-04-12
Rutrunner,2025-04-12
Limeghosts,2025-04-12
Alive_Way_7484,2025-04-12
Tall_Machine_3473,2025-04-12
Elite_Employeee,2025-04-12
ZNumyZ,2025-04-12
Yuethemoonspirit1,2025-04-12
HikingSwiftie13,2025-04-12
youngdumbclueless,2025-04-12
foxi585,2025-04-12
Familiar_Cancel_81,2025-04-12
princesspistachioq,2025-04-12
Upper-Performance548,2025-04-12
LeadingEnd9249,2025-04-12
SpykyBanana,2025-04-12
Terytha,2025-04-12
Warm_Recording_9578,2025-04-12
Coloadulttoddler,2025-04-12
Epicbackfire,2025-04-12
Midnightchan123,2025-04-12
Walker-Dev,2025-04-12
Temporary-Mixture283,2025-04-12
haha_boiiii1478,2025-04-12
TopArm1230,2025-04-12
rebelmary16,2025-04-12
throwra84848834,2025-04-12
Awkward-Bug-8196,2025-04-12
Current-Diver776,2025-04-12
SpeakerSufficient951,2025-04-12
toblanch39,2025-04-12
science_in_action,2025-04-12
No-Savings7513,2025-04-12
Pristine_Depth_7632,2025-04-12
Tsunrocky,2025-04-12
Miserable_Oil8277,2025-04-12
No-Spot-5770,2025-04-12
Relative_South3689,2025-04-12
Puzzled_Most_9864,2025-04-12
Exciting-Client-4055,2025-04-12
PrestigiousDrive5254,2025-04-12
Spiritual_Invite_319,2025-04-12
wolvy1113,2025-04-12
SympathyNo3257,2025-04-12
Suitable-Ninja-8323,2025-04-12
Time-Alarm7648,2025-04-12
RadiantBuyer8044,2025-04-12
DTOS835,2025-04-12
Thin_Blackberry4869,2025-04-12
Fun_Clue7681,2025-04-12
beachnvodka,2025-04-12
realcoggamergirlog,2025-04-12
IslandFearless2925,2025-04-12
thegeorgianwelshman,2025-04-12
One-Cancel3343,2025-04-12
iaintrobed,2025-04-12
No-Wonder-7841,2025-04-12
CroApu91,2025-04-12
san_19,2025-04-12
Home_Editor23,2025-04-12
Over_Landscape315,2025-04-12
AncientCombination16,2025-04-12
BlindGuyPlaying,2025-04-12
exddy7_,2025-04-12
SpecialAdeptness9024,2025-04-12
Wide-Interaction7691,2025-04-12
Minute-Wolverine5691,2025-04-12
BrunoIius,2025-04-12
itsTeeRev,2025-04-12
m3FvJF2,2025-04-12
NoRepair2386,2025-04-12
JulianneandLily2,2025-04-12
Standard-Research-75,2025-04-12
MarzipanExciting7187,2025-04-12
HotBag5267,2025-04-12
lifesuxatm,2025-04-12
Ruthky,2025-04-12
Shakeritoo,2025-04-12
MildlyEfficient,2025-04-12
7r011EU,2025-04-12
bad_girl_feels,2025-04-12
WinterCouple4403,2025-04-12
Gushazan,2025-04-12
onionsforthepoor,2025-04-12
bhavyaaagarwal,2025-04-12
Nice_Conclusion_9565,2025-04-12
SympathyContent9041,2025-04-12
nissansean,2025-04-12
Mangoparrott,2025-04-12
Consistent_Pay_74,2025-04-12
lovely1455,2025-04-12
Odd-Butterscotch5730,2025-04-12
psihonet_romania,2025-04-12
Quick-jane-6833,2025-04-12
SomewhereNo7315,2025-04-12
KJ892345,2025-04-12
Unable_Ad_1296,2025-04-12
Icy-Contact-7784,2025-04-12
ZeravaShop,2025-04-12
Mindless-Ad-7160,2025-04-12
Agitated-Statement90,2025-04-12
FayeValentine69UwU,2025-04-12
Educational-Shape-34,2025-04-12
JellyfishCautious672,2025-04-12
More_Engineer_7108,2025-04-12
spagitypotato,2025-04-12
moonlightgreatsword1,2025-04-12
abscura_path,2025-04-12
OptimisticAlone,2025-04-12
Limp_Stranger1703,2025-04-12
Lumpy-Search7831,2025-04-12
Chemical-City-4647,2025-04-12
Friendly_Arm_4002,2025-04-12
Fun-Caterpillar6557,2025-04-12
ConstantAnnual7609,2025-04-12
cogssucker,2025-04-12
TazmanianSpook,2025-04-12
RubyRoses94,2025-04-12
PlayfulViolinist7558,2025-04-12
Purple-Influence-70,2025-04-12
SUNERSERVICES,2025-04-12
Disastrous_Copy_5215,2025-04-12
mbdan2,2025-04-12
Original-Worker4005,2025-04-12
Master_Plo5,2025-04-12
Hopeful-Smell-8963,2025-04-12
Exciting-Muscle-3089,2025-04-12
Interesting_Desk1671,2025-04-12
Competitive-Ad-4704,2025-04-12
BackgroundSpare9419,2025-04-12
Remusgodofsleep,2025-04-12
Consistent_Foot8321,2025-04-12
xxthehaxxerxx,2025-04-12
Eastern-Salt5523,2025-04-12
Outside-Race968,2025-04-12
brave_king,2025-04-12
Advanced_Ad3245,2025-04-12
Opening_Prune_6186,2025-04-12
Mountain-Chard-8386,2025-04-12
Shifter1589,2025-04-12
Fun_Cartographer9151,2025-04-12
Perfect-Beach-5694,2025-04-12
lukinator420,2025-04-12
Reasonable_Bat_2377,2025-04-12
Juicedrelic,2025-04-12
masonn3321,2025-04-12
Emotional-Pickle-895,2025-04-12
SharpAd7315,2025-04-13
Smushiii,2025-04-13
Annual-Win2295,2025-04-13
renso69,2025-04-13
Available-Dog-8942,2025-04-13
Extra_Iron_2759,2025-04-13
lin2031,2025-04-13
Julyiss,2025-04-13
Cheap-Lynx4561,2025-04-13
Vivid-Sorbet-4026,2025-04-13
TheEliteGay,2025-04-13
snowonbeach,2025-04-13
yeehaw0978,2025-04-13
jojojokoko,2025-04-13
PsychologicalCow2564,2025-04-13
wizard-radio,2025-04-13
Ok_Chemist181,2025-04-13
Delleane8,2025-04-13
Accomplished-Pick-95,2025-04-13
IntelligentOil9585,2025-04-13
CapnJackSparrow6,2025-04-13
CherryKissez,2025-04-13
Historical-Class4760,2025-04-13
Avacadobabygirl,2025-04-13
AdhesivenessCrazy145,2025-04-13
MasterofDeath0,2025-04-13
Select_Gur_6402,2025-04-13
gracefullyblah,2025-04-13
amibluebybatman,2025-04-13
Proof-Plate-2439,2025-04-13
TraditionalChip35,2025-04-13
No-Yard3709,2025-04-13
iwasborntocry,2025-04-13
EmbarrassedCicada418,2025-04-13
EdGavit,2025-04-13
AdventurousPay3242,2025-04-13
Plus_Bet6326,2025-04-13
CryptoJobsai,2025-04-13
Numerous_Cause9171,2025-04-13
Hotwheels1714,2025-04-13
SolutionSad5653,2025-04-13
FirefighterLimp3374,2025-04-13
cyberdivinee,2025-04-13
semi-cloudy,2025-04-13
Economy_Shoulder_142,2025-04-13
Outrageous-Still-499,2025-04-13
No-Door2522,2025-04-13
Standard-Ad-2017,2025-04-13
Purpl3R3ign22,2025-04-13
Ok-Witness-3031,2025-04-13
Think_Syllabub_6936,2025-04-13
AdvanceTop6204,2025-04-13
Hddj_5685,2025-04-13
Bright-External2980,2025-04-13
allinadayslurk_,2025-04-13
Extension_Pin_7679,2025-04-13
IronAdministrative63,2025-04-13
esswa,2025-04-13
Far_Fun_3529,2025-04-13
Wonton-Potato,2025-04-13
Rude-War-6551,2025-04-13
PropertyOpen2019,2025-04-13
Various-Praline1445,2025-04-13
Fragrant-Location-98,2025-04-13
Individual-Mirror875,2025-04-13
NeedleworkerSoft9266,2025-04-13
Rare-Star-4238,2025-04-13
Legitimate_Exit8522,2025-04-13
define_yourself72,2025-04-13
ohheyX,2025-04-13
Unlucky_Sorbet1000,2025-04-13
Mysterious_Silver205,2025-04-13
LogicDad,2025-04-13
Better_Run5616,2025-04-13
random1928374655,2025-04-13
ifrachem,2025-04-13
DistantSavage,2025-04-13
GamblerOfEmotions,2025-04-13
CollectionCurious150,2025-04-13
Troy_Whawa,2025-04-13
Best_Juggernaut2789,2025-04-13
unclecliffordbaby,2025-04-13
Rude-Stock-5425,2025-04-13
Throwaway995314,2025-04-13
Prestigious-Spray237,2025-04-13
Ms_salsa,2025-04-13
Vast_Result9005,2025-04-13
Intrepid_Potential31,2025-04-13
Expensive-Put2347,2025-04-13
Syntr3,2025-04-13
Sophisticated_K,2025-04-13
Synthetic_Print,2025-04-13
Awkward_Cat_258,2025-04-13
marieluvsmarie,2025-04-13
Temporary_Avocado501,2025-04-13
Loud-Connection9026,2025-04-13
tryingmybest6861,2025-04-13
iSHINDA69,2025-04-13
debbieyumyum1965,2025-04-13
Malinkz,2025-04-13
SuitAffectionate9704,2025-04-13
ContestIll8086,2025-04-13
Maximum_Sir_8821,2025-04-13
sundaysinmarch,2025-04-13
youalreadyknows,2025-04-13
incredible-Flan4998,2025-04-13
SymphonyCube,2025-04-13
Vanilla-Soft,2025-04-13
Regular_A_2000,2025-04-13
Obvious-Film818,2025-04-13
Itchy-Durian-1220,2025-04-13
Green_Elevator_7785,2025-04-13
jumping-Tree,2025-04-13
bigbirdandfriends,2025-04-13
Ally_Joy98,2025-04-13
ajrawson4,2025-04-13
teddyygrahams,2025-04-13
Anxious-Praline1097,2025-04-13
LethalMasochist,2025-04-13
Top_Plastic363,2025-04-13
Intelligent_Ant_1373,2025-04-13
Lower-Progress4590,2025-04-13
NicoleandGabriela,2025-04-13
Brilliant_Water_9900,2025-04-13
PathFlat503,2025-04-13
Even_Elderberry5193,2025-04-13
One-Instruction-8649,2025-04-13
Randomaccount707,2025-04-13
Patient_Algae_1111,2025-04-13
najdo_kamchev,2025-04-13
techytoodles,2025-04-13
PhotographRoutine657,2025-04-13
AyyyySksksk,2025-04-13
drippyyfruit,2025-04-13
Any_Mind,2025-04-13
Then_Estate8560,2025-04-13
Afraid_Test1324,2025-04-13
Chemical_Biscotti_34,2025-04-13
Pure_Ease_4673,2025-04-13
DemandNo3819,2025-04-13
Cultural-Ad9387,2025-04-13
whichshouldIchoose12,2025-04-13
Trailblazer223,2025-04-13
realedr,2025-04-13
Shydangerous,2025-04-13
Soggy-Army3428,2025-04-14
mairahum,2025-04-14
Vlynn23,2025-04-14
No_Condition3518,2025-04-14
Ok-Muffin-9593,2025-04-14
xDragonWolfe369x,2025-04-14
AcceptableLab1668,2025-04-14
Far_Self4834,2025-04-14
No-Construction4614,2025-04-14
MazzyLDN,2025-04-14
EntertainmentPlus887,2025-04-14
Nuggetlord18,2025-04-14
Terrible-Cat-3701,2025-04-14
QueenCurious219,2025-04-14
Relative_Reality4614,2025-04-14
BlankPresentstion,2025-04-14
Sharp-Concentrate249,2025-04-14
AggravatingJump5245,2025-04-14
Infamous-Mix4265,2025-04-14
RutabagaCreative224,2025-04-14
corrodedknife,2025-04-14
kayoum-bob,2025-04-14
Tricky-Crab-2271,2025-04-14
MassiveDevelopment98,2025-04-14
Sensitive-Wait-3978,2025-04-14
boschmktg,2025-04-14
sinapplstx,2025-04-14
wherearethestarsss,2025-04-14
PossibilityMinute671,2025-04-14
mindovermatter15,2025-04-14
AssignmentPopular907,2025-04-14
TheOneNdOnlyP1,2025-04-14
Worth_Celebration382,2025-04-14
IronLover64,2025-04-14
QuinnInParis,2025-04-14
ArtistResponsible990,2025-04-14
sercastic_monk,2025-04-14
Important_Tear_7153,2025-04-14
Wonderingaboutyou213,2025-04-14
Yuh1ow,2025-04-14
Competitive_Coat_867,2025-04-14
hobbyistoquestion,2025-04-14
DADDYKRUEGER,2025-04-14
temp_user1028,2025-04-14
Dangerous-Stranger26,2025-04-14
Jaded-Stranger-1687,2025-04-14
Beneficial-Leave4382,2025-04-14
hn50,2025-04-14
DedeHawii,2025-04-14
Prerna_birari,2025-04-14
depajdjah-Set8675,2025-04-14
stunna4kgz,2025-04-14
Kush_Ari,2025-04-14
BlackStripClubs,2025-04-14
KouhaiLoveBot,2025-04-14
itsamelordatime,2025-04-14
caerousel,2025-04-14
Potential_Beyond4963,2025-04-14
Certain_Quiet_3176,2025-04-14
SnooDonuts4803,2025-04-14
live-laugh-humpfv,2025-04-14
ParsnipSimilar4204,2025-04-14
the_big_steppa,2025-04-14
ElephantLament,2025-04-14
Alida111,2025-04-14
NoobDeGuerra,2025-04-14
snailnco23,2025-04-14
Simple-Art-5414,2025-04-14
llamadramaupdates,2025-04-14
Routine-Load-7318,2025-04-14
Altruistic_Aioli_365,2025-04-14
Odd_Budget3367,2025-04-14
Rich_Comment6767,2025-04-14
VegetableSong3516,2025-04-14
Lolelalil123,2025-04-14
AlbatrossNarrow3581,2025-04-14
justrk1ve,2025-04-14
Visible-Platform-664,2025-04-14
Dependent-Tonight521,2025-04-14
Unlikely-Airport9909,2025-04-14
Background_Cloud829,2025-04-14
cracraveve,2025-04-14
h4cm3n,2025-04-14
Abhd456,2025-04-14
DigGlad3768,2025-04-14
Coffee_265,2025-04-14
spoonyalchemist,2025-04-14
alignmental,2025-04-14
Federicoradaelli,2025-04-14
ElectricalBuffalo879,2025-04-14
Temporary-Class1801,2025-04-14
teapott7878,2025-04-14
coffee087,2025-04-14
DescriptionOk9216,2025-04-14
Suspicious-Plate-801,2025-04-14
Jinx806,2025-04-14
LayOffsSucks69,2025-04-14
AffectionateBig4967,2025-04-14
Select-Psychology522,2025-04-14
Investment_Gullible,2025-04-14
Street_Candidate2068,2025-04-14
RafaC99,2025-04-14
SmoothCrim0210,2025-04-14
Ok_ConfusedOne,2025-04-14
LonerMoonChild,2025-04-14
Sad_Sherbert6801,2025-04-14
starzwag_,2025-04-14
KaleAnxious2863,2025-04-14
Historical_Bet4857,2025-04-14
Relevant_Concept7911,2025-04-14
AvadaKK,2025-04-14
TravisMartin2025,2025-04-14
Worried_Yellow_400,2025-04-14
OkSubstance1537,2025-04-14
Initial_Classroom960,2025-04-14
Radiant_Garden7023,2025-04-14
Outrageous-Recover30,2025-04-14
Crafty_Number5395,2025-04-14
AlternativeOdd9220,2025-04-14
BankedBeck,2025-04-14
Antique_Activity_702,2025-04-14
Longjumping-Sun3221,2025-04-14
Strange_Control8788,2025-04-14
Mysterious-Rule512,2025-04-14
Unorganic_Cynthesis,2025-04-14
Solid_Possibility679,2025-04-14
Dazzling-Fall8335,2025-04-14
midwestkudi,2025-04-14
Choice-Eggplant-1340,2025-04-14
pnagar,2025-04-14
johnmcelroynu,2025-04-14
miwuusttv,2025-04-14
Nervous-Commission46,2025-04-14
RevolutionaryWay8218,2025-04-14
FederalFlight7684,2025-04-14
AgreeableShower3747,2025-04-14
Powerful-Excuse-4817,2025-04-14
kindolin22,2025-04-14
cocothyghs,2025-04-14
skankhunt-6969,2025-04-14
Prestigious_Ad_9058,2025-04-14
Remarkable-Bridge-72,2025-04-14
Professional_Cash528,2025-04-14
NanoMano-5433,2025-04-14
Glum_Violinist7734,2025-04-14
fake4ngel,2025-04-14
TechnicalImpact2987,2025-04-14
Sad-Assistant-7654,2025-04-14
Interesting-Class412,2025-04-14
Competitive_Tale2921,2025-04-14
nickygrapes,2025-04-14
Narrow-Anything4570,2025-04-14
Alto_GotEm,2025-04-14
Madman_AJ,2025-04-14
lfcfan9x,2025-04-14
Apprehensive-Sand628,2025-04-14
Outrageous_Heat_4744,2025-04-14
Maximum_Dog1540,2025-04-14
Working-Amphibian614,2025-04-14
WonderfulOpinion1247,2025-04-14
NoUnderstanding2538,2025-04-14
Own_Emergency7622,2025-04-14
waffling_waffler,2025-04-14
Due-View5882,2025-04-14
move_rook,2025-04-14
Nexus_666,2025-04-14
Brilliant_Weight2150,2025-04-14
33iko,2025-04-14
quietmkIV,2025-04-14
yoodleoodle,2025-04-14
bxtch_soy_a_yureii,2025-04-14
Beneficial-Yam-3012,2025-04-14
Lightyguy,2025-04-14
VWLupo,2025-04-14
Substantial_Money675,2025-04-14
Purplecala,2025-04-14
Bl3ugum,2025-04-14
ramphal000,2025-04-14
moon_foxie,2025-04-14
Consistent-Duty-6195,2025-04-14
R3no1,2025-04-14
Dependent_Run_3979,2025-04-14
AffectionateHome4864,2025-04-14
Current-Feedback4732,2025-04-14
agamame,2025-04-14
sfwleslieflax,2025-04-14
PolyjuicePotioneer,2025-04-14
Pretty-Actuator1193,2025-04-14
jfray99,2025-04-14
Exact_Bed_8729,2025-04-14
Soggy_Tomato_7007,2025-04-14
Ok_Dragonfruit_9969,2025-04-14
MoongrumCarianKnight,2025-04-14
Some_Pain_3820,2025-04-15
Relevant-Writing-898,2025-04-15
Harish_Ui,2025-04-15
Pelo_Nurse,2025-04-15
shadysilverfin,2025-04-15
topshottaz2610,2025-04-15
DylanDaley,2025-04-15
Embarrassed_Year2957,2025-04-15
gotdrypowder,2025-04-15
Ok_Car_2578,2025-04-15
Wonderful_Camel8834,2025-04-15
WolfCrafty499,2025-04-15
ZenBuddhism,2025-04-15
CorgiLand123,2025-04-15
aschuster3,2025-04-15
bingbong24344,2025-04-15
TheLawnMeower,2025-04-15
geocam231,2025-04-15
taniiiih,2025-04-15
rambo-2323,2025-04-15
haissem91,2025-04-15
MindlessCat1905,2025-04-15
Entire_Priority_9981,2025-04-15
significantdoughnutz,2025-04-15
unluv40,2025-04-15
brownwhale-,2025-04-15
Vegetable_Bet2435,2025-04-15
articlioness,2025-04-15
Affectionate-Log3638,2025-04-15
Extreme_Ad_9362,2025-04-15
Odd-Avocado-9283,2025-04-15
Career_Gold777,2025-04-15
The_Century_Knight,2025-04-15
Life-Labyrinth,2025-04-15
Creative_Purple9760,2025-04-15
itsyourboicam,2025-04-15
mangoapples321,2025-04-15
Impressive_Jaguar21,2025-04-15
Moinul_sesto_boi,2025-04-15
Fluffy-Difference532,2025-04-15
Illustrious-Bake-991,2025-04-15
MorningOk6514,2025-04-15
MrsOpinion8ed,2025-04-15
VINcy1590,2025-04-15
Independent-A-9362,2025-04-15
Late_Tourist7169,2025-04-15
littlebitofstarlight,2025-04-15
TargetSpirited1187,2025-04-15
Clean_Literature8495,2025-04-15
Diz46,2025-04-15
KitchenPop5008,2025-04-15
Which_Ground_9154,2025-04-15
Objective-Tea-7979,2025-04-15
Ambitious-Bet-1921,2025-04-15
CautiousPeach5161,2025-04-15
Electrical_Line8443,2025-04-15
Technical_Citron_895,2025-04-15
theythemnothankyou,2025-04-15
Cool-cat-199,2025-04-15
Fit-Contest-9883,2025-04-15
duckling_9212,2025-04-15
ornellabiasi07,2025-04-15
Old_Investigator7053,2025-04-15
International_Tank84,2025-04-15
indiecrystals,2025-04-15
ev_ox,2025-04-15
millie13_,2025-04-15
Confident_Context_90,2025-04-15
mechawhip,2025-04-15
discokitty6666,2025-04-15
That_Age8175,2025-04-15
Various_Skirt_5344,2025-04-15
SecretHefty549,2025-04-15
Actual-Ad-6146,2025-04-15
No-Tadpole-7997,2025-04-15
FlakyAssistant7681,2025-04-15
Guilty_Cream1018,2025-04-15
BrysonPotts9,2025-04-15
InnerYouth3171,2025-04-15
TranslatorWilling664,2025-04-15
AthanR95,2025-04-15
Southern_Trip2141,2025-04-15
notcutepotato,2025-04-15
Competitive_Youth486,2025-04-15
Forcealliance,2025-04-15
ZodiacOne1,2025-04-15
PrincipleSwimming478,2025-04-15
LovinggAngel,2025-04-15
WolvesRain1233,2025-04-15
Aggressive-Drink-482,2025-04-15
Slight_Register_3252,2025-04-15
AmberjackCZ,2025-04-15
the_omnivert,2025-04-15
Cheap_Membership9250,2025-04-15
Small-Wish-3879,2025-04-15
CAGomase,2025-04-15
Express-Body-1884,2025-04-15
Arl0ray,2025-04-15
GuraPersonalFeet_,2025-04-15
OriginalSandora,2025-04-15
Ok-Intention4175,2025-04-15
Tight_Grapefruit_325,2025-04-15
Longjumping_Score742,2025-04-15
Bhavik_97,2025-04-15
ElectronicFactor7779,2025-04-15
snow_r4bbit,2025-04-15
athleon787,2025-04-15
Pineapplezzz-4,2025-04-15
Odd_Phase_4894,2025-04-15
Independent_Hyena_35,2025-04-15
Bubbly-Profile-8093,2025-04-15
Maiswhodat,2025-04-15
RefineResume,2025-04-15
Mobile_Pineapple_904,2025-04-15
Own-Honeydew9845,2025-04-15
AgentIceCream,2025-04-15
Tall_Reference804,2025-04-15
supermomfake,2025-04-15
Brayson2106,2025-04-15
Excellent_Job_5049,2025-04-15
papasbean,2025-04-15
Tenshi_Kazumi,2025-04-15
Direct-Paramedic1763,2025-04-15
Throwaway526379,2025-04-15
Straight_Eagle_3506,2025-04-15
Kross516,2025-04-15
skyrim-player1278910,2025-04-15
Present_Low8927,2025-04-15
dio-brando007,2025-04-15
gunnie56,2025-04-15
Pretty-Solution7557,2025-04-15
dsnysucks12345,2025-04-15
Aggravating_Onion_41,2025-04-15
skimmybepis,2025-04-15
framderyunge,2025-04-15
Desperate_Classic485,2025-04-15
Limp_Perspective_43,2025-04-15
yo_mo_mo,2025-04-15
Super-Item6498,2025-04-15
Feisty-Side3337,2025-04-15
bb_chereep,2025-04-15
New_Advantage5152,2025-04-15
Cold_Investigator767,2025-04-15
Difficult_Fall_4311,2025-04-15
Amberveee09,2025-04-15
fando-matic,2025-04-15
3atFastSkateAss,2025-04-15
BumblebeeFlat7810,2025-04-15
Square-Truth9748,2025-04-15
Odd-Abbreviations29,2025-04-15
mademoisellebaddie,2025-04-15
REVERSEZOOM2,2025-04-15
Roanoke545,2025-04-15
This-ant7000,2025-04-15
aroomaroo,2025-04-15
jeremy-rudder,2025-04-15
Augielearns,2025-04-15
S0ThisIsIt,2025-04-15
ConfusedOldPenguin,2025-04-15
DaisyDarla04,2025-04-15
mmikiii1234,2025-04-15
Hrcd,2025-04-15
Ok_Power8570,2025-04-15
Glad-Chemistry1248,2025-04-15
Alone_girl_Usa,2025-04-15
Immediate-Papaya3415,2025-04-15
Tall-Quality-3245,2025-04-15
ostrich_0414,2025-04-15
RomajiRoman,2025-04-15
Lalica23,2025-04-15
Positive-Tomato9750,2025-04-15
EndlessGrowthSucks,2025-04-15
ReferenceEmergency95,2025-04-15
Sea-Canary-4031,2025-04-15
hajile654,2025-04-15
HeavenServesCoffee,2025-04-15
YogurtclosetFrosty80,2025-04-15
Consistent-Pain-1290,2025-04-15
IrodHD,2025-04-15
Think_Cake_2942,2025-04-15
Obvious_Repair5430,2025-04-15
FreeAdvisor2323,2025-04-15
kantoxblight,2025-04-15
Altruistic_Store7080,2025-04-15
Select-Ad-9819,2025-04-15
Expensive-Log994,2025-04-15
acheron9132,2025-04-15
Ok-Dust76,2025-04-15
Tarok_Music,2025-04-15
searching4onepiece,2025-04-15
ShaneRealtorandGramp,2025-04-15
abysstostratus,2025-04-15
vosha24,2025-04-15
ProcedureMuch3424,2025-04-15
A-Fathers-Wish,2025-04-15
murphy031,2025-04-15
KingZak_ab46,2025-04-15
yeah-it-sucks,2025-04-15
MsBamalam,2025-04-15
Radmono67,2025-04-15
ParticularlyTesty,2025-04-15
BigManKeem,2025-04-15
Pocket-Bacon_,2025-04-15
LifeAd5689,2025-04-15
Quiet-siren-32,2025-04-15
Historical-Sun-7569,2025-04-15
Allagash_1776,2025-04-15
Quirky_Set_2575,2025-04-15
MarketOrganic8022,2025-04-15
IndividualFlimsy9298,2025-04-15
SenorSquishyIV,2025-04-15
GoddessTiaChanel,2025-04-15
Needjobinnewyork,2025-04-15
Few-Affect-4498,2025-04-15
elRobRex,2025-04-15
lilacfeverdream,2025-04-15
Abject-Vegetable-847,2025-04-15
Worth_School_5493,2025-04-15
ForeignPineapple1084,2025-04-15
Significant_Cod_8693,2025-04-15
Own_Cauliflower_7573,2025-04-15
Creative-Onion-4221,2025-04-15
ShaggaChoo,2025-04-15
dupedollars_83,2025-04-15
Multiverse-Theory-,2025-04-15
ChasingXepher,2025-04-15
yryyy786,2025-04-15
Astro668,2025-04-15
Emmafly6,2025-04-15
AcceptableIncrease66,2025-04-15
jdohca,2025-04-15
Other-Wind-5429,2025-04-15
throwaway9874257,2025-04-15
AJ11622,2025-04-15
Relevant_Case_4799,2025-04-15
mr_no_body_234,2025-04-15
SeveralHighway9143,2025-04-16
redbird1112,2025-04-16
DefyingGrafity,2025-04-16
Possible-Role7570,2025-04-16
Fragrant_Ad_8869,2025-04-16
tehdox,2025-04-16
Upstairs_Win1547,2025-04-16
Dankiie,2025-04-16
mymindiseverywhere,2025-04-16
Complete_Internal_82,2025-04-16
Beautiful-Material-2,2025-04-16
muskipuski_420,2025-04-16
PenOld7464,2025-04-16
What_da_dog_doing,2025-04-16
Gertie7779,2025-04-16
Short_Confusion3940,2025-04-16
bubblepopp1,2025-04-16
No_Statement_3317,2025-04-16
Intelligent-Bit4660,2025-04-16
sparkgemstal,2025-04-16
forever-18,2025-04-16
chappers2023,2025-04-16
Leather-Box2277,2025-04-16
Odd-Hour-6995,2025-04-16
Upstairs_Coffee_2766,2025-04-16
VastExcitement6046,2025-04-16
Searching-star24,2025-04-16
Emotional_Cheetah892,2025-04-16
GlitteringMirror433,2025-04-16
theflamingfrito077,2025-04-16
Myrodis19,2025-04-16
Proper-Ship-3620,2025-04-16
Maleficent_Part_3261,2025-04-16
simplyyylovely,2025-04-16
rogueeleven,2025-04-16
fullfledged_ghost,2025-04-16
HannahMayberry,2025-04-16
ImpressiveContest283,2025-04-16
Chubipinay,2025-04-16
Gothprinces077,2025-04-16
Ok_Dog8649,2025-04-16
sangw69,2025-04-16
Illustrious-Ride4419,2025-04-16
Naive_Ad_9934,2025-04-16
Ok-Shirt-1907,2025-04-16
Scary_Current_1951,2025-04-16
5rini,2025-04-16
NewUser790,2025-04-16
Gullible_Ad_4948,2025-04-16
Ok-Newspaper9926,2025-04-16
hmzrt,2025-04-16
Plenty-Mortgage611,2025-04-16
StepDefiant,2025-04-16
kirop_,2025-04-16
pjxoham,2025-04-16
Kristi4nl3,2025-04-16
vectorventcleaning,2025-04-16
Familiar-Housing5115,2025-04-16
TensionFormer3397,2025-04-16
BroadDouble3777,2025-04-16
Henchworm,2025-04-16
Gari_Josi,2025-04-16
Competitive-Art3094,2025-04-16
Sleepy_Beauty_001,2025-04-16
Dear-Entrepreneur-90,2025-04-16
Tukkubobo,2025-04-16
SectionNeither6458,2025-04-16
Full-Maintenance8466,2025-04-16
IVOXVXI,2025-04-16
Asleep_Yam7156,2025-04-16
Nissan5566,2025-04-16
Historical-Orchid934,2025-04-16
princess_mya15,2025-04-16
Similar_Sherbet_8608,2025-04-16
VisibleMycologist456,2025-04-16
FrostingTerrible1995,2025-04-16
Haunting_Quail6323,2025-04-16
Sad_Dimension452,2025-04-16
culthoes,2025-04-16
bobbletop22,2025-04-16
AcanthocephalaKey871,2025-04-16
sotiredshit,2025-04-16
Ok_Mall_3728,2025-04-16
Odd-Pudding9539,2025-04-16
MinuteRecipe9961,2025-04-16
IntelligentPrune7571,2025-04-16
JStarKing187,2025-04-16
Training_Garage_4251,2025-04-16
callinformaria,2025-04-16
OddSchool8214,2025-04-16
OverUnderYo,2025-04-16
Just_Kos,2025-04-16
ChrisDorne,2025-04-16
imawesomehello,2025-04-16
Thecrazypacifist,2025-04-16
irondevil518,2025-04-16
damandan28,2025-04-16
Slight-Radio-9760,2025-04-16
Tricky-Albatross918,2025-04-16
Gur10nMacab33,2025-04-16
AnthonyGalletti,2025-04-16
thunderblazex99,2025-04-16
Comprehensive_Pen659,2025-04-16
Safe_Idea9989,2025-04-16
k9006,2025-04-16
Jazzlike_Act331,2025-04-16
Natural_Size6770,2025-04-16
CaptainGirth11,2025-04-16
Jacking_jacking_what,2025-04-16
Relevant_Loss1119,2025-04-16
Angery_Roastbeef,2025-04-16
Skeenous3,2025-04-16
Dull-Concentrate-944,2025-04-16
Chan1991,2025-04-16
ManishRajpurohit8055,2025-04-16
minimarshaneale,2025-04-16
NewZookeepergame1048,2025-04-16
ManagerSuccessful498,2025-04-16
ImposterJ,2025-04-16
Mastodon_Even,2025-04-16
buttersnkrs,2025-04-16
TurquoiseChipmunk,2025-04-16
MushroomFew6546,2025-04-16
lilchickenstripz,2025-04-16
Donz24,2025-04-16
Winter-Fondant7875,2025-04-16
utilities_lost,2025-04-16
boethius4ever,2025-04-16
data_rake,2025-04-16
Apprehensive-Ship-52,2025-04-16
Thruptupleteenth,2025-04-16
Existing-Grass-6289,2025-04-16
IntelligentSplit1419,2025-04-16
MochaCuppp,2025-04-16
Friendly-Subject-727,2025-04-16
Environmental-Chef61,2025-04-16
unknownthrowaway250,2025-04-16
Catperson_XX,2025-04-16
Aggravating-Fruit986,2025-04-16
unaka220,2025-04-16
Embarrassed-Yam7385,2025-04-16
Bejeweled_november,2025-04-16
smooth-cacti,2025-04-16
WileyCoyotesPlug,2025-04-16
Lost_Inevitable_1015,2025-04-16
Spaceyy777,2025-04-16
Lafonda28,2025-04-16
Stark0516,2025-04-16
fairy_00,2025-04-16
LowAdvance3597,2025-04-16
Swimming-Actuary-481,2025-04-16
Dear_Association9855,2025-04-16
ClerkResponsible5079,2025-04-16
itsathrowaway10000,2025-04-16
Agitated-Lie-309,2025-04-16
babyDbaby,2025-04-16
i_EatPeople6,2025-04-16
Vegetable-Comfort-75,2025-04-16
thegreatsasimi,2025-04-16
CodewithCodecoach,2025-04-16
milochocolatemilk,2025-04-16
terpytor,2025-04-16
AttentionChemical197,2025-04-16
RamosAuthor,2025-04-16
viciouswitch17,2025-04-16
ZDelta47,2025-04-16
Adriannavarromusic,2025-04-16
AlfalfaComplete1254,2025-04-16
whitewolfrick,2025-04-16
megaparsec10,2025-04-16
ProfitPhysical8936,2025-04-16
Accomplished-Fun6790,2025-04-16
No-Job2714,2025-04-16
EKenway007,2025-04-16
Extreme_Tadpole_5150,2025-04-16
Adorable-Variety-169,2025-04-16
kivuhub,2025-04-16
TransportationSad59,2025-04-16
PhotographAny8909,2025-04-16
metalmankam,2025-04-16
Snaccie,2025-04-16
Icy_Bandicoot3704,2025-04-16
ExtensionKitchen3988,2025-04-16
cloudberries0,2025-04-16
FlimsyPhotograph6885,2025-04-16
Walking_Debt_Man,2025-04-16
berthha,2025-04-16
zobzob_zobby,2025-04-16
Key_Conversation9278,2025-04-16
Waste-Stranger-2x,2025-04-16
OtherEstablishment29,2025-04-16
Alarmed_Pen_4278,2025-04-16
Pratyaksh_Sharma,2025-04-16
inglouriousjonas,2025-04-16
First-Individual-217,2025-04-16
BrilliantPhrase46,2025-04-16
Latartemasquer,2025-04-16
Stnky_chs_man,2025-04-16
Prudent-Shirt-9318,2025-04-16
milliemargo,2025-04-16
thisisit77777,2025-04-16
NoArtist4695,2025-04-16
mahmirr,2025-04-16
Worried_Advance8702,2025-04-16
idkwhoiamanymoree,2025-04-16
sparkleneptune,2025-04-16
EconomyStand4411,2025-04-16
Fast_Reflection_391,2025-04-16
Plane_Management1,2025-04-16
Lexa_Con,2025-04-16
Leopard-Zealousideal,2025-04-16
Southern_Test5637,2025-04-16
RUser07,2025-04-16
HazardousRaZ,2025-04-16
MFitzy1031,2025-04-16
Haemophilia_Type_A,2025-04-16
Suspicious_Orange_41,2025-04-16
idkamongus,2025-04-16
shinny1998,2025-04-16
Short-Guava-8789,2025-04-16
MelodicTelevision401,2025-04-16
ImportantCup1355,2025-04-16
BuddyPractical7118,2025-04-16
ruben1252,2025-04-16
Remarkable-Salad6416,2025-04-16
PhilySlide,2025-04-16
Glass-Chest-3683,2025-04-16
scoutss,2025-04-16
bricksoffun,2025-04-16
Helpinghand97,2025-04-16
Boop_Box,2025-04-17
Unique-Drag-6966,2025-04-17
Visible_Force5014,2025-04-17
Artistic-Piano-1109,2025-04-17
Bloodyheadshot,2025-04-17
Away_Run_2128,2025-04-17
dhvrc,2025-04-17
AriSnuggles,2025-04-17
Big-Grade8179,2025-04-17
CorduroyCapybara,2025-04-17
Fun-Presentation8959,2025-04-17
atyl1144,2025-04-17
jwilsn1,2025-04-17
churroqt,2025-04-17
hillarymiranda,2025-04-17
QueenBuffy96,2025-04-17
CaBean777,2025-04-17
Dry_Nerve9390,2025-04-17
ImaginaryAd3185,2025-04-17
Humpty_Dumpty_20,2025-04-17
Dazzling-Lab1810,2025-04-17
mRB15,2025-04-17
perplejagraduada,2025-04-17
Thisguy2728,2025-04-17
Current-Year-8226,2025-04-17
vixenkaboodle,2025-04-17
WordyBug,2025-04-17
stoyboy7,2025-04-17
Delicious_Layer_349,2025-04-17
Ok_Expert_463,2025-04-17
No_Counter_739,2025-04-17
Careless-Recording52,2025-04-17
fadedstrings,2025-04-17
HoneyKouha,2025-04-17
foodloverr1,2025-04-17
Legitimate_Minute658,2025-04-17
bar-pat,2025-04-17
Sad-Necessary9841,2025-04-17
KitKat124785,2025-04-17
Safe-Perspective-423,2025-04-17
ieyyu,2025-04-17
MomsSlaghetti,2025-04-17
Money_Parsnip_344,2025-04-17
Big-Dragonfly9136,2025-04-17
pichtneter,2025-04-17
Legitimate-Union1843,2025-04-17
Substantial-Pea2333,2025-04-17
Abstractguy1,2025-04-17
Best-Reading6383,2025-04-17
South_Fan_4865,2025-04-17
cnmm717,2025-04-17
NearbyArrival703,2025-04-17
GubbaShump,2025-04-17
Tough-Fan-7439,2025-04-17
Extra-Perspective-24,2025-04-17
AdeptChemical-,2025-04-17
reflectivedweller,2025-04-17
Motor-Reference2454,2025-04-17
moonster211,2025-04-17
Intelligent-Tap3825,2025-04-17
PlanProfessional905,2025-04-17
Ashamed-Engineer4705,2025-04-17
Plastic-Jello6848,2025-04-17
mbroda-SB,2025-04-17
Linda_Adao23,2025-04-17
West_Mulberry5522,2025-04-17
Impressive-Hornet-44,2025-04-17
Big-East-1671,2025-04-17
khyatiiiiiii,2025-04-17
Iamjob2025,2025-04-17
ToadkillerCat,2025-04-17
MindlessPage867,2025-04-17
Xraap,2025-04-17
Wilmore99,2025-04-17
Helpful_Shoe2992,2025-04-17
Fun_Direction_4342,2025-04-17
ParticularCollar4385,2025-04-17
Proper_Cat_8043,2025-04-17
Impossible-Tax7475,2025-04-17
calmnature_652,2025-04-17
Pretend_Adeptness251,2025-04-17
tomahawktiti,2025-04-17
DoctorRabidBadger,2025-04-17
Mamabear1421,2025-04-17
Extension_Basket7471,2025-04-17
Previous_Basil_4524,2025-04-17
Front-Main-4419,2025-04-17
Suspicious-Green3769,2025-04-17
MARSALIENNN,2025-04-17
exviolist,2025-04-17
Least_Ad_6259,2025-04-17
AbbigaileK22,2025-04-17
Environmental_Bar295,2025-04-17
ThrowAwaymybanana26,2025-04-17
Sensitive-Sea-2949,2025-04-17
Marshie_Mash,2025-04-17
Old-Host-1158,2025-04-17
crackelaken,2025-04-17
Select_Buddy_964,2025-04-17
Fluffy-Neat-3206,2025-04-17
netdrive1,2025-04-17
funandcurios,2025-04-17
ArtDonalds,2025-04-17
Vicochanges,2025-04-17
gr33n3y3dvixx3n,2025-04-17
InjuryOdd222,2025-04-17
rhforever,2025-04-17
Excellent_Repair3383,2025-04-17
no_sweat_bruh,2025-04-17
Sofa_King_Chubby,2025-04-17
spookysaltttt,2025-04-17
AmandaRayne,2025-04-17
qptbook,2025-04-17
OrangeJuicestice,2025-04-17
newpeople557,2025-04-17
Dangernood69,2025-04-17
albionandrew,2025-04-17
enzobennett,2025-04-17
ToughPigsJoe,2025-04-17
South-Frame-1668,2025-04-17
Maleficent_Talk_8722,2025-04-17
Ramo029,2025-04-17
viestev,2025-04-17
TexasTangler,2025-04-17
Lower-Hearing5154,2025-04-17
NervousProfit3264,2025-04-17
NickMathias,2025-04-17
PriyanshuAgOG,2025-04-17
kinsman_646,2025-04-17
Expert-Letterhead-80,2025-04-17
TechnicalDelivery140,2025-04-17
Geminii_jen,2025-04-17
travelinfoseeker,2025-04-17
Fireplay,2025-04-17
Alternative_Army4986,2025-04-17
curious_elipsis,2025-04-17
CartographerEasy8692,2025-04-17
GrimmZin95,2025-04-17
Chemical_Fan3318,2025-04-17
Byte_MeNot,2025-04-17
DepressedAlbanian,2025-04-17
Specialist_Topic7791,2025-04-17
SacchettoOrganico,2025-04-17
Kind-Ad-8321,2025-04-17
Sweaty_Enthusiasm980,2025-04-17
Vickie24245,2025-04-17
sadvoidempty,2025-04-17
redhotanonymous,2025-04-17
Few-Parsnip-8927,2025-04-17
rosieblade,2025-04-17
myeasyking,2025-04-17
Brilliant_Time3794,2025-04-17
Bitter-Shopping5994,2025-04-17
Significant_Amoeba56,2025-04-17
slyvalum,2025-04-17
shrimpposture,2025-04-17
Otherwise-Feeling290,2025-04-17
Altoid-Man,2025-04-17
West-Tourist5596,2025-04-17
ilyfiah,2025-04-17
Obvious_Interview558,2025-04-17
Thinady948,2025-04-17
Bgomez99,2025-04-17
Feisty-Ad5632,2025-04-17
myrandomusername10,2025-04-17
wrenegade1,2025-04-17
AccomplishedCity3346,2025-04-17
TheOfferCall,2025-04-17
Bubbly-Western-3121,2025-04-17
Financial-Use-4371,2025-04-17
Training_1,2025-04-17
FeelDa-Bass,2025-04-17
i-draw-more-than-dix,2025-04-17
365thisyear,2025-04-17
LuLuElizabeth1988,2025-04-17
More-Ad9049,2025-04-17
golden_iris07,2025-04-17
Smuk09,2025-04-17
Commercial_You3886,2025-04-17
Puzzleheaded-Cash566,2025-04-17
Key_Garden4832,2025-04-17
yofavoriterapper,2025-04-17
evgen_suit,2025-04-17
huntk20,2025-04-17
CombinationAncient69,2025-04-17
Husvikan,2025-04-17
TheKnottyMama,2025-04-17
maxbenzx,2025-04-17
kenzieled,2025-04-17
Dependent_Body5384,2025-04-17
Defiant_Egg_5543,2025-04-17
porcini510,2025-04-17
Bloodb0red,2025-04-17
Ok-Knowledge-6560,2025-04-17
Otherwise_Piece7552,2025-04-17
Easy-Adhesiveness800,2025-04-17
JustStranger6803,2025-04-17
bondibeach420,2025-04-17
Latter-Ad-6926,2025-04-17
palmettodaddy,2025-04-17
Silly_Special_9973,2025-04-17
scrunchieaddict,2025-04-17
Wrap_Exact,2025-04-17
No_Spirit_5100,2025-04-17
Capbroski_,2025-04-17
Crow_Trinkets1313,2025-04-17
_Juice_wrld,2025-04-18
projectdelirium,2025-04-18
heliccoppterr,2025-04-18
Beautiful-Yam-1831,2025-04-18
Busy-Count-922,2025-04-18
Southern_Opposite747,2025-04-18
OkDescription2873,2025-04-18
Brilliant-Pop8035,2025-04-18
Latter-Flatworm-4823,2025-04-18
thehatedone96,2025-04-18
Sugarsugar03,2025-04-18
Expert_Breakfast_824,2025-04-18
Familiar-Range9014,2025-04-18
false-persimmon-355,2025-04-18
Charlesian2000,2025-04-18
OAttention,2025-04-18
oshejxve,2025-04-18
Ornery-Track6143,2025-04-18
notvithechemist,2025-04-18
Hey_There_Buddies,2025-04-18
ThrowRA_Empty-Put890,2025-04-18
Western-Intention766,2025-04-18
Pitiful-Layer-9567,2025-04-18
88mdu30_TRAp0,2025-04-18
Gloomy_Ideal1020,2025-04-18
New-Challenge-2105,2025-04-18
Burnmybuttsxoxoxo,2025-04-18
intensityofcolor,2025-04-18
monkybuffyy,2025-04-18
StatementOk5065,2025-04-18
Not_unique_at_all,2025-04-18
Safe-Drag3878,2025-04-18
Uhb-Mushroomed,2025-04-18
wavewaterz,2025-04-18
Mundane-Face2889,2025-04-18
obnoxious_guy2022,2025-04-18
gshaver-,2025-04-18
Every-Sleep2612,2025-04-18
Old_Secretary2476,2025-04-18
SheriG1623,2025-04-18
Great-Ask544,2025-04-18
ihatesnowhike,2025-04-18
One-Vacation7362,2025-04-18
Successful-Ad4992,2025-04-18
Sagaciousmind1,2025-04-18
Sad_Stretch7346,2025-04-18
Puzzled_Hovercraft60,2025-04-18
dataidude,2025-04-18
Opening_Practice_405,2025-04-18
cutelittleprincess19,2025-04-18
Candid_Sprinkles_307,2025-04-18
Deep-Difference-2625,2025-04-18
Seabreeze_79,2025-04-18
Professional_Cash121,2025-04-18
BabaGUWU,2025-04-18
Individual_Net_8106,2025-04-18
charcoal-teeth,2025-04-18
OppositeWay1992,2025-04-18
Known_Step1964,2025-04-18
Pretend-Wind-8136,2025-04-18
rob19146,2025-04-18
Fluid_Survey7787,2025-04-18
Strong-CLOUDD,2025-04-18
LordFowl3,2025-04-18
Psychological-Rip-10,2025-04-18
Think-Ad2861,2025-04-18
Adventurous_RJ,2025-04-18
skytrux,2025-04-18
AnyRutabaga2069,2025-04-18
jimbelushi27,2025-04-18
EconomyMoist7509,2025-04-18
Asleep_Recover2794,2025-04-18
morgonovic,2025-04-18
TheSquishyFish,2025-04-18
9876123,2025-04-18
Twitter_2006,2025-04-18
Ashamed-Pea-4134,2025-04-18
Active-Force-5960,2025-04-18
federuiz22,2025-04-18
FLPDA,2025-04-18
QFrozenAceQ,2025-04-18
_Kimchi__,2025-04-18
GrapefruitBest5321,2025-04-18
f1rstpancake,2025-04-18
hlisahlisahlisa,2025-04-18
Unusual_Ad6781,2025-04-18
acid4ass,2025-04-18
ActualAd2685,2025-04-18
QuestionLower8098,2025-04-18
Elegant_Violinist_85,2025-04-18
tserio1,2025-04-18
shruu_04,2025-04-18
meridias-beacon,2025-04-18
kate2020i,2025-04-18
Deduction16,2025-04-18
CowAshamed2886,2025-04-18
Th_is_Arcane,2025-04-18
Aggravating_Tree586,2025-04-18
Expensive_Trip7332,2025-04-18
rakshit-7,2025-04-18
Independent_News_837,2025-04-18
mdwright1032,2025-04-18
wwwWebs,2025-04-18
AssignmentNo8191,2025-04-18
emoryconnections,2025-04-18
Winter-Librarian798,2025-04-18
Weird-Counter3107,2025-04-18
Ray_Toon,2025-04-18
white_manxx,2025-04-18
iri4567,2025-04-18
Brannigan_Zapppp,2025-04-18
EnoughTelevision6472,2025-04-18
accoun32711,2025-04-18
SecretMiming123_Lab,2025-04-18
Ambitious_Sea5543,2025-04-18
shaamiilll,2025-04-18
Low_Judge_7130,2025-04-18
Best_Benefit_3593,2025-04-18
luxsho,2025-04-18
_chigs,2025-04-18
heba2310,2025-04-18
Throwawaaaaay_9876,2025-04-18
Odd-Weird-5273,2025-04-18
Frequent_Setting4801,2025-04-18
Careless_Chicken_206,2025-04-18
gourdworm,2025-04-18
Alfredsmith2i,2025-04-18
lyralaine,2025-04-18
phsflwr,2025-04-18
FrontPorchSittin3267,2025-04-18
Zero_8000,2025-04-18
Puzzleheaded-Show647,2025-04-18
Double-Influence4562,2025-04-18
CommitteeFederal6326,2025-04-18
iamRobertMcGee,2025-04-18
Yummy-Bagels,2025-04-18
DrivingLane08,2025-04-18
eyecupee,2025-04-18
mollierocket,2025-04-18
dblockspyder,2025-04-18
candykittennn,2025-04-18
Scathed_Scathed,2025-04-18
BigFudge6710,2025-04-18
TRANZNINJA,2025-04-18
Bitter-Young896,2025-04-18
writeranli,2025-04-18
Head-Class1289,2025-04-18
EmotionalReporter740,2025-04-18
HighwaySixtyOne,2025-04-18
Nice-Effect4957,2025-04-18
lo1xdimnoob,2025-04-18
idkwhat_imdoinghere-,2025-04-18
karod98,2025-04-18
lotanto2,2025-04-18
Bubbly-Song-9775,2025-04-18
kristen_hewa,2025-04-18
Diejay,2025-04-18
toodarnold,2025-04-18
mjw_1983,2025-04-18
shiningheart0728,2025-04-18
Internal_Run2575,2025-04-18
Limp_Courage_9742,2025-04-18
xdeebot,2025-04-18
WeCanOnlyBeHuman,2025-04-18
raeprizzy,2025-04-18
Georgedonalds,2025-04-18
Tupreme_com,2025-04-18
Tonykhanlover,2025-04-18
Mammoth_Patience_886,2025-04-18
midnightsalt-,2025-04-18
Throaway234567890,2025-04-18
imjustagirl2312,2025-04-18
Any_Sky_6973,2025-04-18
Right_Dream_7580,2025-04-18
Kindly-Economics4801,2025-04-18
Ok_Combination_52,2025-04-18
Real_Childhood_3220,2025-04-18
Busy_Pudding_694,2025-04-18
Leading_Yesterday624,2025-04-18
maybeitsnotthat,2025-04-18
Glad-Victory-9821,2025-04-18
CutAffectionate7706,2025-04-18
Jotunnaka,2025-04-18
Punpkingsoup,2025-04-18
azusammen,2025-04-18
adrnibnk,2025-04-18
Itchy-Display3695,2025-04-18
Standard_Status5656,2025-04-18
aRiot_0,2025-04-18
Short_Mousse_6812,2025-04-18
thebodygibiatti,2025-04-18
toxyspam33,2025-04-18
irefusetohavefun,2025-04-18
Recent-Adeptness-738,2025-04-18
sock_moonkey,2025-04-18
Azure-Pastures,2025-04-18
BoloTnb,2025-04-18
Frosty_Okra_9855,2025-04-18
Various-Line-8655,2025-04-18
NoCasualFox,2025-04-18
a_problem_solved,2025-04-18
Agitated_Pudding7259,2025-04-18
Charming-Shallot1281,2025-04-18
ExampleIcy7084,2025-04-18
ChocoCatLuvrr,2025-04-18
pinkflowervases,2025-04-18
secretspider600,2025-04-18
illiophop,2025-04-18
sirkidd2003,2025-04-18
BudgetOk9499,2025-04-18
Few-Bank-4424,2025-04-18
ExcaliburQuestion11,2025-04-18
Exultie,2025-04-18
Safetyfirst7777,2025-04-18
Biscuit_bufflo,2025-04-18
throwaway-dontmindme,2025-04-19
Designer-Piccolo3219,2025-04-19
occasionalserve,2025-04-19
durrellojello,2025-04-19
s_hammer1,2025-04-19
geekouttf,2025-04-19
mentaleffigy,2025-04-19
Freshia_44,2025-04-19
moonlighttt____,2025-04-19
Some-Bug44,2025-04-19
Silver-Original-4088,2025-04-19
Prudent-Focus2469,2025-04-19
AndieSuarez,2025-04-19
queryanonymously,2025-04-19
theorangecrush10,2025-04-19
soglamsofab,2025-04-19
Novel_Significance54,2025-04-19
Odd_Process1932,2025-04-19
Global-Pop2893,2025-04-19
choccychip725,2025-04-19
Fun-Stuff9416,2025-04-19
ihateithere3,2025-04-19
KaylaMa3,2025-04-19
NSD_Humancapitalists,2025-04-19
barrelsizedbarrel,2025-04-19
kyileandreson,2025-04-19
No-Garlic2680,2025-04-19
Little_War6087,2025-04-19
Previous_Bread_6563,2025-04-19
Quirky-Use466,2025-04-19
Dream_Deferred907,2025-04-19
RoughSensitive8040,2025-04-19
Ok_Arachnid4897,2025-04-19
addictedgamer99,2025-04-19
BreadfruitNaive9455,2025-04-19
Scared_Scarcity_97,2025-04-19
Sebaminotti,2025-04-19
Nearby_Caregiver_401,2025-04-19
Consistent-Tailor705,2025-04-19
nopenopenope96,2025-04-19
SignificantActive193,2025-04-19
TrueWinter__,2025-04-19
Illustrious-Peach605,2025-04-19
PrivateFantasies,2025-04-19
Temporary-Day-3510,2025-04-19
StefanakaASSeater,2025-04-19
Philip-kotler,2025-04-19
Loose-Appeal-5971,2025-04-19
straight_to_prison,2025-04-19
eddyGi,2025-04-19
Parking-Problem-37,2025-04-19
Fun_Pea8300,2025-04-19
McGraham_,2025-04-19
Phat-Snickerz,2025-04-19
Massive-Ad-8746,2025-04-19
jprpicks,2025-04-19
digitaldigdug,2025-04-19
Illustrious-Nobody18,2025-04-19
MistaRen476,2025-04-19
Dtechguy001,2025-04-19
wordprows,2025-04-19
Organic_ciao,2025-04-19
Zealousideal_Bar493,2025-04-19
beautyboho_,2025-04-19
StrikeDifferent9422,2025-04-19
Nancy2421,2025-04-19
Technical-Monk-7591,2025-04-19
No_Paint8105,2025-04-19
Ok_Calligrapher9203,2025-04-19
satkamarg,2025-04-19
nightmare2423,2025-04-19
Objective_Bee6273,2025-04-19
Aggravating_Law_4774,2025-04-19
First-Lab-804,2025-04-19
Parking_Attempt6788,2025-04-19
375641,2025-04-19
Infamous_North_8164,2025-04-19
emwayj,2025-04-19
Ok-Cartoonist6746,2025-04-19
therealhyku,2025-04-19
LiveSpecial5376,2025-04-19
metzenbaumi,2025-04-19
whatsupusers,2025-04-19
Wide-Dependent-3158,2025-04-19
No-Chapter3691,2025-04-19
PureSafety7579,2025-04-19
kamtaz,2025-04-19
kim-9224,2025-04-19
vanillablat,2025-04-19
fiyahemblem,2025-04-19
iced_lavendertea1200,2025-04-19
MiracleDrugCabbage,2025-04-19
Sad_Preference8596,2025-04-19
SportsEntertain,2025-04-19
isimpforsana,2025-04-19
Adept-Ad-6460,2025-04-19
Accomplished_Sea8016,2025-04-19
FarDimension215,2025-04-19
zacksvacuumcleaner,2025-04-19
Training_String5306,2025-04-19
lemonxxbored,2025-04-19
pastelrosewood,2025-04-19
notepaddy,2025-04-19
irishn000b,2025-04-19
SmileComprehensive83,2025-04-19
tigerlilypoppyseed,2025-04-19
Illustrious_Shift_88,2025-04-19
miumiyumi,2025-04-19
ResearcherOk3,2025-04-19
khrypchenko,2025-04-19
ScratchInfinite8381,2025-04-19
No_Club_7144,2025-04-19
EnergyQueasy8761,2025-04-19
detectividontgivafuk,2025-04-19
MaleficentOrange3216,2025-04-19
EfficientHead6866,2025-04-19
Stunning-Ebb-4587,2025-04-19
Necessary-Gate798,2025-04-19
National-Option-6461,2025-04-19
Jealous-Class9779,2025-04-19
earth2karlie,2025-04-19
Reasonable_Mind_4707,2025-04-19
Lonely-Locksmith7590,2025-04-20
Impressive-Strike351,2025-04-20
Equivalent-Pen-1474,2025-04-20
SenjuTree,2025-04-20
SpraySpecialist8304,2025-04-20
foxsarchive03,2025-04-20
hey_baby_sfd_17y,2025-04-20
budday,2025-04-20
divagirldest,2025-04-20
Individual-Smell1023,2025-04-20
kbt_123,2025-04-20
Fuzzy_Status6290,2025-04-20
Just-Confection-4827,2025-04-20
Excellent-Profile136,2025-04-20
Weird-Confidence-,2025-04-20
downwithpencils,2025-04-20
Isabela21sf,2025-04-20
No_Writer5999,2025-04-20
chemicalsubscript,2025-04-20
shopnoakash2706,2025-04-20
Dismal_Tourist1535,2025-04-20
Anxious_Air8842,2025-04-20
Suzzane166,2025-04-20
Forest-Magician,2025-04-20
Organic_Change2730,2025-04-20
Pale_Bandicoot2183,2025-04-20
willowtree202,2025-04-20
Upstairs-Ad6505,2025-04-20
kaleehoe,2025-04-20
EggTerrible4918,2025-04-20
Apprehensive-War6780,2025-04-20
No-Bar-1947,2025-04-20
No_Assistance2600,2025-04-20
Ok_Charity3635,2025-04-20
codeagencyblog,2025-04-20
colinbrake,2025-04-20
Hari_Talentstack,2025-04-20
AppropriateOne1334,2025-04-20
SentenceDifficult578,2025-04-20
Coffee_barrel,2025-04-20
itchysandles,2025-04-20
Legitimate_Smoke_252,2025-04-20
Ok-Worldliness-6122,2025-04-20
Brief_Independent362,2025-04-20
Educational-Sky3089,2025-04-20
ViCarly,2025-04-20
BellKappa,2025-04-20
_maniac69,2025-04-20
Historical-Emu-8846,2025-04-20
Natural-Breakfast-33,2025-04-20
Jenifer-T,2025-04-20
workfromhome116,2025-04-20
Apexcreators,2025-04-20
yagtagywh,2025-04-20
TemporaryEmu9055,2025-04-20
pf4a,2025-04-20
ImNewToThisPlace1,2025-04-20
thebreathofsun,2025-04-20
Glad-Tutor1961,2025-04-20
Rare_Copy_8178,2025-04-20
GreatCoach3997,2025-04-20
Crusty-Knee,2025-04-20
LongjumpingRange3778,2025-04-20
randomuser3587,2025-04-20
Alarmed_Surround5013,2025-04-20
Popular_Country_9478,2025-04-20
Rainbow_13,2025-04-20
Complex-Scheme-2148,2025-04-20
peachyp666,2025-04-20
Cautious_Republic_91,2025-04-20
RuinHungry4707,2025-04-20
Desperate-Code-5045,2025-04-20
Wise_Earth_9635,2025-04-20
Aromatic-Beautiful92,2025-04-20
ManagementWorking904,2025-04-20
ChampionshipRude8148,2025-04-20
WisGrowth,2025-04-20
SignificanceBig1189,2025-04-20
SirWatson344,2025-04-20
Mt_Dragon78,2025-04-20
Info_Rangers,2025-04-20
MyAltAccount696969,2025-04-20
Weirddesigirl,2025-04-20
Rough_Substance_6367,2025-04-20
tailwheeler,2025-04-20
Emotional-Web-489,2025-04-20
hiadica1,2025-04-20
Ok_Sky1113,2025-04-20
ExtraCrispyBacon17,2025-04-20
atalltalltree,2025-04-20
Icy_Judgment_1140,2025-04-20
Routine-Neck-7634,2025-04-20
NoYesterday2109,2025-04-20
sree54,2025-04-20
Katkooks,2025-04-20
No_Neck6871,2025-04-20
Some-Setting160,2025-04-20
caesarisded,2025-04-20
lSyde,2025-04-20
Salma_08,2025-04-20
fried_tot,2025-04-20
Internal_Sundae4830,2025-04-20
Ok-Objective9315,2025-04-20
PossibilityOk2447,2025-04-20
SnoowGr,2025-04-20
Equivalent-Golf3155,2025-04-20
throwaway-20251,2025-04-20
Deandre329,2025-04-20
kjainn_,2025-04-20
psyshocke,2025-04-20
RouteIsHeadingSouth,2025-04-20
ketamined,2025-04-20
UpsetUniversity2932,2025-04-20
ricecaki,2025-04-20
joshBeck1411,2025-04-20
sparkedeevee,2025-04-20
Alternative-Air-2301,2025-04-20
Dismal-Neat-3956,2025-04-20
PurduePeople,2025-04-20
cynos28dev,2025-04-20
Economy-Tell4354,2025-04-20
SuchPrior2313,2025-04-20
Recent_Confidence821,2025-04-20
forget-me-not_0,2025-04-20
lkl12340,2025-04-20
Additional-Ad-6036,2025-04-20
s1ut4oatmilk,2025-04-20
ComparisonAny745,2025-04-20
ChocolateNearby2200,2025-04-20
alphaqorarse,2025-04-20
Methamphetamine1893,2025-04-20
SaintShopper,2025-04-20
ssbprofound,2025-04-20
Unknown_gemini88,2025-04-20
ValuableRise2895,2025-04-20
No_Connection6823,2025-04-20
PositiveDifficult880,2025-04-20
Yuuta_0w0,2025-04-20
Fit_Horror_6681,2025-04-20
nokaiyo,2025-04-20
chelslomm,2025-04-20
Reditidized,2025-04-20
Ok_Fly7403,2025-04-20
Bubbaloobaaa,2025-04-20
Normal_Shape_4277,2025-04-20
Individual-Bug7303,2025-04-20
Parking_Version4295,2025-04-20
WallabyKnown3630,2025-04-20
xqueermusicloverx,2025-04-20
Fragrant_Change_1390,2025-04-21
pinkipinkipink,2025-04-21
Sufficient_Jelly3012,2025-04-21
bean1625,2025-04-21
DankHeehaw,2025-04-21
More-Breath-4581,2025-04-21
Duro666,2025-04-21
Live_Technology3895,2025-04-21
Imagoldengod73,2025-04-21
chibailon,2025-04-21
Lopsided_Bottle1118,2025-04-21
nonotion7,2025-04-21
RX_Apothecary,2025-04-21
Content-Meeting-2101,2025-04-21
Correct-Feed-6953,2025-04-21
micahr36,2025-04-21
ShipHealthy9344,2025-04-21
Loud_Tangelo8970,2025-04-21
wmdavis86,2025-04-21
AwkwardCharacter3684,2025-04-21
djliverpool1947,2025-04-21
Admirable-Fan8928,2025-04-21
Mother_Koala,2025-04-21
RedFruit4719,2025-04-21
oldking83,2025-04-21
ConsistentShip714,2025-04-21
The_Grim_Adventurer,2025-04-21
Rinku7777,2025-04-21
Capable-Worker-7364,2025-04-21
Whatsup129389,2025-04-21
Black-2001,2025-04-21
Optimal-Tour-9541,2025-04-21
Squeaky_Scooter,2025-04-21
No_Care8493,2025-04-21
CranberryMelodic7727,2025-04-21
FreshEquivalent6153,2025-04-21
theyekoms,2025-04-21
Consistent_Tomato321,2025-04-21
Relative_Log_9431,2025-04-21
ProseWriters,2025-04-21
flattrend,2025-04-21
Jealous_Walk264,2025-04-21
not-your-cunt,2025-04-21
prettygenie123,2025-04-21
Miserable-Horror-343,2025-04-21
blu3ykun,2025-04-21
kpopstan17,2025-04-21
MichikoTuesday,2025-04-21
Panthom123,2025-04-21
Muted_Ad_215,2025-04-21
Mountain-Jump-546,2025-04-21
_chronically_bored,2025-04-21
SousChef024,2025-04-21
drunknowns,2025-04-21
boosterpackreveal,2025-04-21
DJXenobot101,2025-04-21
Hairy-Activity1413,2025-04-21
Impressive-Scene1733,2025-04-21
SpecialistTackle4158,2025-04-21
mpoweruat,2025-04-21
daddy944,2025-04-21
dandantatta147,2025-04-21
RefrigeratorOk1918,2025-04-21
Mysterious_Usual9204,2025-04-21
Soutik2002,2025-04-21
chekkyy_bee,2025-04-21
whitewolfmystic,2025-04-21
BullfrogMiddle6297,2025-04-21
samuelrichw,2025-04-21
Proud-Trainer-7611,2025-04-21
Unlikely_Addition823,2025-04-21
Select_Orange9485,2025-04-21
Ani8181822,2025-04-21
electriccat7,2025-04-21
FlimsyTry5664,2025-04-21
BigMeatyClows,2025-04-21
No-Training-1725,2025-04-21
BIGT0998,2025-04-21
SignalOdd9759,2025-04-21
bwolves,2025-04-21
amza10,2025-04-21
Apprehensive_Exam356,2025-04-21
sadkittysmiles,2025-04-21
Ok-morgaan,2025-04-21
JKdog_,2025-04-21
kilroynelson,2025-04-21
Final-Light-4468,2025-04-21
AdventurousMix6033,2025-04-21
1144411,2025-04-21
flaminbrain,2025-04-21
DreamStunning4781,2025-04-21
Bitter_Initial3960,2025-04-21
juwonthtechie,2025-04-21
Abimbola_13,2025-04-21
heyuhitsyaboi,2025-04-21
Acceptable-Bad-6943,2025-04-21
Damn_batman,2025-04-21
Ok_Cut_5779,2025-04-21
xoxoimjustagirl7,2025-04-21
Accomplished-Yam-597,2025-04-21
Swimming-Low-7414,2025-04-21
SufficientLeader1574,2025-04-21
Mindless_Inside2865,2025-04-21
HovercraftHefty8675,2025-04-21
kholaziaansari,2025-04-21
bachelorfan34,2025-04-21
Unmotivatedspeech,2025-04-21
Designer_Dust2789,2025-04-21
minecraftbirb1,2025-04-21
spicygirlypoo,2025-04-21
Lost_Fondant_8080,2025-04-21
Successful_Bite_4683,2025-04-21
fapsober,2025-04-21
PaintingPotatoes,2025-04-21
rovingred,2025-04-21
Sensitive-Sand2632,2025-04-21
slowtown01,2025-04-21
bunbundeath,2025-04-21
Throwaway5378754,2025-04-21
Sesemebun,2025-04-21
serbfromtheburbs,2025-04-21
aardbei123,2025-04-21
TheCheeseBagger,2025-04-21
InternationalBad1816,2025-04-21
tellmemoreaboutitpls,2025-04-21
joeymacaroni69,2025-04-21
SmittenKitten0303,2025-04-21
babyim,2025-04-21
Unusual_Frosting_496,2025-04-21
Garnet_Crown,2025-04-21
That_Green_Arrow,2025-04-21
RedPotatoe23,2025-04-21
potatoforever13,2025-04-21
Adventurous-Ad3180,2025-04-21
Historical_Map_7782,2025-04-21
unicorinspace,2025-04-21
Background_Layer_931,2025-04-21
Potential_Soup_7792,2025-04-21
cattitudeissue,2025-04-21
FrameCritical6575,2025-04-21
lawwayn3,2025-04-21
Hmph-R,2025-04-21
Mobile-Scientist607,2025-04-21
ArcSchol,2025-04-21
EquivalentCare7489,2025-04-21
Hasaikotsu,2025-04-21
ooog_raver,2025-04-21
Dull-Row5714,2025-04-21
Ok_Amoeba_3997,2025-04-21
Malabean,2025-04-21
Ok-Comparison6512,2025-04-21
MehLifesavings,2025-04-21
mothertrucker2137,2025-04-21
NewtZealousideal5000,2025-04-21
Impressive_Etch,2025-04-21
Longjumping_Visit892,2025-04-21
Tipsterspainting,2025-04-21
Afraid_Concert727,2025-04-21
Unlucky-Teaching6848,2025-04-21
LemonLuscious,2025-04-21
Diefuku,2025-04-21
wanderingwallflower4,2025-04-21
Personal-End303,2025-04-21
J2J0R02,2025-04-21
Qibbo,2025-04-21
MajesticBand645,2025-04-21
Significant_Fun9993,2025-04-21
ZealousidealAngle151,2025-04-21
5noey,2025-04-21
JasonHettingere,2025-04-21
PoonSaloon,2025-04-21
Ok-Bat-5925,2025-04-21
InterestingFroyo9513,2025-04-21
babeepunk,2025-04-21
Mother-Beyond-515,2025-04-21
Psychological_Carpet,2025-04-21
Adventurous_Sea6293,2025-04-21
Goomba_lolwut,2025-04-21
EccentricTiger,2025-04-21
taaitamom,2025-04-21
New_Engineer94,2025-04-21
VirtualMinute5724,2025-04-21
IllustriousAsk9300,2025-04-21
No-Coach4781,2025-04-21
MaxCruz,2025-04-21
Massages70dollares,2025-04-21
Brieat22,2025-04-21
littobabybread,2025-04-21
neondrifter,2025-04-21
Spiritual-Volume7545,2025-04-21
Calm-Conversation394,2025-04-21
Zealousideal_Arm5460,2025-04-21
PerplexedKale,2025-04-21
Educational-Moment19,2025-04-21
Ok_Buy3821,2025-04-22
GlassDocument9168,2025-04-22
Cerni32,2025-04-22
Reasonable-Day-9245,2025-04-22
CrossfireLooool,2025-04-22
Disastrous_Equal8589,2025-04-22
AbstractAtlantean,2025-04-22
who_am_I_u,2025-04-22
Icy_Yogurtcloset8994,2025-04-22
Hot-Mathematician-47,2025-04-22
AlditoVIP,2025-04-22
AbaloneComfortable86,2025-04-22
pgnzlz,2025-04-22
Deus-Nuts,2025-04-22
Risherak,2025-04-22
Upper_Ad2061,2025-04-22
Ill-Introduction1061,2025-04-22
Sensitive-Taro-480,2025-04-22
Pompompurinthecat,2025-04-22
DuePumpkin1375,2025-04-22
ZerocratAccounting,2025-04-22
Plastic_Scarcity7204,2025-04-22
Unlucky-Box-5368,2025-04-22
Str0ngs0cks,2025-04-22
zinc_deficient,2025-04-22
pr0testtheher0,2025-04-22
Strange_Unit_9087,2025-04-22
generalpluto,2025-04-22
VeterinarianSilent77,2025-04-22
anonichring,2025-04-22
Creepy-Revolution702,2025-04-22
Key_Message9539,2025-04-22
Ceat17,2025-04-22
firefly1080,2025-04-22
Free-Helicopter2577,2025-04-22
onedayillgrowwings,2025-04-22
Unlikely_Potato402,2025-04-22
Sure_Letter_2085,2025-04-22
Thumbbs_rate,2025-04-22
sprojokok123,2025-04-22
TheRealMisterLaylow,2025-04-22
laying_down,2025-04-22
Individual_Pause7757,2025-04-22
AstronomerDramatic92,2025-04-22
neggatron_,2025-04-22
Annual_Ad_8828,2025-04-22
Free_Ad2444,2025-04-22
shesun283,2025-04-22
SuperUniversity3359,2025-04-22
Top-Long-2119,2025-04-22
MusingsAndMind,2025-04-22
MeowpyPurrfday,2025-04-22
OkSwimmer468,2025-04-22
Barbara2024,2025-04-22
EvigtAldrig,2025-04-22
Party-Might-2129,2025-04-22
zshadowfox93,2025-04-22
fadisaleh,2025-04-22
Aggravating_Yard_747,2025-04-22
jungsynchronicit,2025-04-22
Brilliant-Bat-8715,2025-04-22
Ethan40422,2025-04-22
lunatic1eagle,2025-04-22
Rich_Photograph9260,2025-04-22
Kiriyuma7801,2025-04-22
Far-Effective7640,2025-04-22
StackwiseAgencies1,2025-04-22
Hot-Cucumber-2077,2025-04-22
CheeseAddictedMouse,2025-04-22
BrittTehBrat,2025-04-22
killo_2024,2025-04-22
Bloodspot18,2025-04-22
Cautious_Comfort986,2025-04-22
Large_Can_1711,2025-04-22
Benzuitic_,2025-04-22
National_Bother_3256,2025-04-22
Agile-Broccoli-3885,2025-04-22
Cham3leonGirl,2025-04-22
iamAkaza,2025-04-22
SecurityAccurate5963,2025-04-22
Yggdrasilo,2025-04-22
Bag_Single,2025-04-22
Idfkchief,2025-04-22
spark_8888,2025-04-22
foodie1990,2025-04-22
lazystealth,2025-04-22
ComprehensiveBox8496,2025-04-22
Barelyanyhthing,2025-04-22
udyogasalahe,2025-04-22
Creative_Fault_4775,2025-04-22
Officer_Joi,2025-04-22
ImpossibleAd8900,2025-04-22
Playful_Economist420,2025-04-22
lemmegetamickpicktwo,2025-04-22
Rock-Knoll,2025-04-22
Manatee59715,2025-04-22
Cheap-Ad1703,2025-04-22
Inevitable_Truck_205,2025-04-22
In_a_dying_world,2025-04-22
Excellent_Lychee_77,2025-04-22
Abandnd_RandomForest,2025-04-22
ReferenceDude1,2025-04-22
Brittania10,2025-04-22
Hanu_Yogi,2025-04-22
RecordingFit4056,2025-04-22
yumpo77,2025-04-22
Round-Shame2506,2025-04-22
WoodpeckerFirst5046,2025-04-22
letsgetcraftywitches,2025-04-22
Final-Ad-1468,2025-04-22
UnlikelyStop2425,2025-04-22
fongule,2025-04-22
Senior-Gene2091,2025-04-22
Patient_Cupcake_2456,2025-04-22
Clear_Newt4579,2025-04-22
Useful_Ad4971,2025-04-22
Due_Bookkeeper_3985,2025-04-22
RowVegetable6462,2025-04-22
Dense-Ostrich-4041,2025-04-22
Theunknown7x7,2025-04-22
Lilac_Girl-,2025-04-22
jajahhfajq,2025-04-22
VannaBlack444,2025-04-22
scienceguy1988,2025-04-22
Lost-Argument-4072,2025-04-22
Equivalent-Taste-561,2025-04-22
Sir_Knerd,2025-04-22
FarBookkeeper8392,2025-04-22
smartin3705,2025-04-22
Visible-Dragonfly-88,2025-04-22
NoCurrency3509,2025-04-22
mkconcepcion,2025-04-22
Ukpharma2021_SC,2025-04-22
maryinspox,2025-04-22
Shreeji_Placement_,2025-04-22
NorthComfort3806,2025-04-22
Radiant_Grand5753,2025-04-22
Motor_Fix_3783,2025-04-22
KnowledgeSharing90,2025-04-22
Anshu7237,2025-04-22
Revolutionary-Oil580,2025-04-22
PzKwVIAusfE,2025-04-22
Worried_Fig6457,2025-04-22
Aggressive-Art2214,2025-04-22
ShinyRocktoise,2025-04-22
walkingdeadfan1111,2025-04-22
JakeOn_The_Net,2025-04-22
pannivada,2025-04-22
Odd_Energy_4922,2025-04-22
Legitimate_Wish_7385,2025-04-22
Inevitable_Earth6524,2025-04-22
sambit_07,2025-04-22
Solistic5,2025-04-22
Delicious_Cover1607,2025-04-22
lilbunnygal,2025-04-22
ElegantAd8482,2025-04-22
Top_Welcome9236,2025-04-22
AnF-18Bro,2025-04-22
Medium-Positive-9789,2025-04-22
No_You_8381,2025-04-22
kpbad,2025-04-22
Fahrenheit_o,2025-04-22
Puzzleheaded_Noise44,2025-04-22
diannethatgotaway,2025-04-22
Quirky_Cable4715,2025-04-22
OccasionFamous7728,2025-04-22
SpicyBanhBeo,2025-04-22
tedbarney12,2025-04-22
Accomplished-Cell771,2025-04-22
After-Firefighter-76,2025-04-22
Leather-Passenger483,2025-04-22
Federal_Cod_2758,2025-04-22
Livid-Advance5536,2025-04-22
catgard3ns,2025-04-22
Ok_Breadfruit_8241,2025-04-22
Context-Immediate,2025-04-22
Irgendwer_aufReddit,2025-04-22
ButterflyWitch9,2025-04-22
Few-Arachnid2469,2025-04-22
p33p33p00p0042069,2025-04-22
CalligrapherUseful67,2025-04-22
Ok-Vegetable7032,2025-04-22
PettyorProtecting,2025-04-22
Struggling_Data_Guy,2025-04-22
AuthenticIndependent,2025-04-22
Ok_Pineapple_5899,2025-04-22
ImissLBP,2025-04-22
DryAbbreviations7435,2025-04-22
Federal_Version3963,2025-04-22
Formula_America,2025-04-22
douae06,2025-04-22
Bubble2RebDonald,2025-04-22
Repulsive-Row803,2025-04-22
RIOTfucknPUNCH,2025-04-22
Only_Ad4734,2025-04-22
Dapper-Ad0,2025-04-22
Coffeelover4242,2025-04-22
Witty-Option-5603,2025-04-22
Legitimate-Morning69,2025-04-22
ProfessorGood,2025-04-22
detective_acebox,2025-04-22
Hour-Attitude7756,2025-04-22
Sad_Age_8710,2025-04-22
Competitive-Ad6439,2025-04-22
osioke,2025-04-22
Mountain_Salary_1038,2025-04-22
Choice_Opposite_5690,2025-04-22
defnotsusatall,2025-04-22
Supershots_Photoboot,2025-04-22
Inside-Confection718,2025-04-22
Cold-River374,2025-04-22
PristineNotice2096,2025-04-22
FastandtheCurious7,2025-04-22
Single-Call8109,2025-04-22
Lemon_Pie_,2025-04-22
redozier68,2025-04-22
Pet_Sloth,2025-04-22
Flashy_Rub2428,2025-04-22
hypegirl24,2025-04-23
EEJams,2025-04-23
tinirawr,2025-04-23
wangfuji_,2025-04-23
BlockOne3409,2025-04-23
Longjumping-Row1434,2025-04-23
sainbolt1,2025-04-23
kylmnty,2025-04-23
Extension_Lime6329,2025-04-23
Bigorange20,2025-04-23
Recent_Fisherman_523,2025-04-23
INFINITYtalks,2025-04-23
Budget-Leg3036,2025-04-23
oreolioness,2025-04-23
Tiara_19,2025-04-23
anneliese_bergeron,2025-04-23
Consistent_Bite1886,2025-04-23
PianistAdditional,2025-04-23
WestPressure976,2025-04-23
Crtical-Knightmare,2025-04-23
Radical_Hummingbird,2025-04-23
mikesies,2025-04-23
SundaeCold4704,2025-04-23
_Usually_Muted_,2025-04-23
detekk,2025-04-23
vampkissessx,2025-04-23
Honest-Storm9537,2025-04-23
BloxSlot,2025-04-23
Own-Statistician4556,2025-04-23
IeyasuSky,2025-04-23
FocusOnSanity,2025-04-23
Fit-Marionberry8617,2025-04-23
Salt_Fan_8304,2025-04-23
uniishell,2025-04-23
Background_Fly_2785,2025-04-23
sv81201,2025-04-23
kittiesonvenus,2025-04-23
Chati3,2025-04-23
strwbrrystar,2025-04-23
Plenty-Tumbleweed-60,2025-04-23
Adventurous_Click_36,2025-04-23
sillylittlepizza,2025-04-23
RealTimeStrategyEnth,2025-04-23
Status-Direction99,2025-04-23
Bitter_Historianme,2025-04-23
ccptainmills,2025-04-23
Dry-Signature-5262,2025-04-23
finallgirll,2025-04-23
occasionallycheeky,2025-04-23
THROW_990990,2025-04-23
AlwaysChic38,2025-04-23
Worth-Sport-1833,2025-04-23
BurnAfterReading4Now,2025-04-23
This-Split-1315,2025-04-23
Coinxoperatedxgirl,2025-04-23
WinterMessage2521,2025-04-23
Familiar-Nobody-1329,2025-04-23
HotRepublic6922,2025-04-23
Alone-Barber2218,2025-04-23
NearbyScale9327,2025-04-23
Sufficient_Stress275,2025-04-23
Bubbly_Chipmunk_2286,2025-04-23
onlineflows,2025-04-23
heavensenthug01,2025-04-23
Cyanbirdie,2025-04-23
ledwaba21,2025-04-23
deftstars,2025-04-23
Just_Row4578,2025-04-23
SnooWalruses8370,2025-04-23
Inevitable_Card118,2025-04-23
Rare_Substance3329,2025-04-23
rienless,2025-04-23
A-Sweet-Shark-Demon,2025-04-23
Fast-Stock5139,2025-04-23
Fantastic-Lows,2025-04-23
Happy_Sunbeam,2025-04-23
CoolFunnyPersona,2025-04-23
mr_antonius,2025-04-23
Equivalent-Arm-5366,2025-04-23
SparksAMillion,2025-04-23
ArtichokeGlobal7172,2025-04-23
llamas_cat,2025-04-23
PersimmonPowerful710,2025-04-23
EnvironmentLoud3443,2025-04-23
han_sulu127,2025-04-23
Used_Perception_1202,2025-04-23
Feisty-Commission589,2025-04-23
Zealousideal_Fee_823,2025-04-23
Own_Region_6245,2025-04-23
lucky-Wind45,2025-04-23
tooprettyperson,2025-04-23
SoilFamous8592,2025-04-23
Hot-Command7007,2025-04-23
Wortyxxx,2025-04-23
CalendarStandard6764,2025-04-23
mincedapples,2025-04-23
pranmishra,2025-04-23
BuildPassiveIncome_,2025-04-23
Accurate-Ad-4711,2025-04-23
need4sleep2,2025-04-23
404errorcodes,2025-04-23
Fancy_Extension_3769,2025-04-23
Typical-Dependent-42,2025-04-23
__Ravi_,2025-04-23
SeaOfMagma,2025-04-23
Severe-School-9239,2025-04-23
Cigixx,2025-04-23
Caligirl246,2025-04-23
jchalmers_portsmouth,2025-04-23
Active_Salamander374,2025-04-23
Cultural_Ad_314,2025-04-23
Prestigious-Fee-3008,2025-04-23
AlbinoBlackLotus,2025-04-23
Livid-Debt-2836,2025-04-23
Muted-Will-5101,2025-04-23
Ok_Profit1131,2025-04-23
Big_Law9435,2025-04-23
TomatilloMedical1007,2025-04-23
HecMurder,2025-04-23
Wonderful-Class-8661,2025-04-23
UpDownSaga,2025-04-23
Scirca777,2025-04-23
airbetch11,2025-04-23
ControlAmbitious6392,2025-04-23
NessMissesMum,2025-04-23
PrimaryNo4228,2025-04-23
PancuterM,2025-04-23
parag_jalan,2025-04-23
devilisalive345,2025-04-23
Top_Cow_5434,2025-04-23
KC-Chiefsfan23,2025-04-23
Jitterbug_0308,2025-04-23
Relative-Zombie-1125,2025-04-23
DemHa-18,2025-04-23
Flashbad,2025-04-23
No_Extension_3068,2025-04-23
Possible-Leg-9666,2025-04-23
lubelle12,2025-04-23
FunnyDuck38,2025-04-23
Realistic_Okra4630,2025-04-23
ComplexPossible5569,2025-04-23
dottingthislife,2025-04-23
Raspberry5557,2025-04-23
sxdemon6666,2025-04-23
Heavy_Ad_683,2025-04-23
Then_Television7559,2025-04-23
disloyalmay,2025-04-23
Far_Yesterday_3524,2025-04-23
theremarkablejames,2025-04-23
ChewyMuchentuchen,2025-04-23
reddw00d,2025-04-23
Sharp_BigHead,2025-04-23
Unfair-Lake-5050,2025-04-23
OurJobSearch,2025-04-23
peekay00,2025-04-23
Old-Diet-6358,2025-04-23
Hotshot-32127635,2025-04-23
VolumeVisible9900,2025-04-23
Ok_Function7469,2025-04-23
FuzzyDragon09,2025-04-23
atharvakharbade,2025-04-23
Beneficial_Cherry159,2025-04-23
chillwavespitfire,2025-04-23
Cultural-Canary4169,2025-04-23
Kareem-Ahmed-l,2025-04-23
helpreddit12345,2025-04-23
Prestigious_Dust_360,2025-04-23
officiallytimothy,2025-04-23
Commercial-Matter-91,2025-04-23
bratlisavanderpump,2025-04-23
Standard_Newspaper42,2025-04-23
Jealous-Sweet-5231,2025-04-23
NotEmpire3,2025-04-23
PalmTrees_City,2025-04-23
nourmohamed3553,2025-04-23
LesbianGloryhole,2025-04-23
Plus_Suggestion1060,2025-04-23
Shams--IsAfraid,2025-04-23
RentEconomy7575,2025-04-23
drunken__monkey__,2025-04-23
No-Entertainer-570,2025-04-23
Life_Echidna_2720,2025-04-23
T_Rex_Hands,2025-04-23
Cool_Incident_7272,2025-04-23
WhichHovercraft4316,2025-04-23
GamingWithMyDog,2025-04-23
Hades_arachnid,2025-04-23
duh-throwaway_,2025-04-23
Fl00chy,2025-04-23
Admirable-Alfalfa476,2025-04-23
VindGrizzly,2025-04-23
OptimusSublime,2025-04-23
swerve97,2025-04-23
FlyingTrain88,2025-04-23
Vsi2023,2025-04-23
Complete_Ability4437,2025-04-23
WhereztheBleepnLight,2025-04-23
Neither_Passage_783,2025-04-23
deepeepee124,2025-04-23
lollifetuffouthtere,2025-04-23
TechnicianArtistic90,2025-04-23
user9272649,2025-04-23
rodlanort,2025-04-23
Chalkysnail,2025-04-23
Belgium_champagne,2025-04-23
Special_Pool_4701,2025-04-23
Odd-Construction-943,2025-04-23
RayPalmerAtom,2025-04-23
Born-Woodpecker-9777,2025-04-23
mayhemtj,2025-04-23
extracredick,2025-04-23
No-Amount1565,2025-04-23
superrcurvy,2025-04-23
diet_donatella,2025-04-23
PrettyMeasurement163,2025-04-23
VastTumbleweed4664,2025-04-23
Efficient-Winter4126,2025-04-23
squirellygirly1,2025-04-23
ExampleFine3696,2025-04-23
False-Following-194,2025-04-23
buffalobillandted,2025-04-23
the13thbee,2025-04-23
Nblearchangel,2025-04-23
Jakkt,2025-04-23
aetnaaa,2025-04-24
Thick-Explorer6230,2025-04-24
PearChance3236,2025-04-24
Healthy-Curve5756,2025-04-24
SoftwareDry633,2025-04-24
Odd-Flight3230,2025-04-24
Kitchen_Basil5993,2025-04-24
NoEnd2712,2025-04-24
Kooky-Respect2624,2025-04-24
BluntAggie,2025-04-24
Frosty-Place-3953,2025-04-24
Master_Platform_4908,2025-04-24
Party-Pomegranate848,2025-04-24
Animal_shelter_guy,2025-04-24
Familiar-Photo5367,2025-04-24
unfriendly_hottie-,2025-04-24
Sea_Car_4309,2025-04-24
PastAd7423,2025-04-24
BuiltToHire,2025-04-24
Awkward_Exchange_411,2025-04-24
Intrepid-Secret-3253,2025-04-24
Realistic_Fault_4874,2025-04-24
xingchong,2025-04-24
Disastrous-Toe-4788,2025-04-24
Wide_Stuff_2414,2025-04-24
Excellent-Parsley768,2025-04-24
Fancy-Storage9433,2025-04-24
Ok-Pin3552,2025-04-24
Wide_Permission7656,2025-04-24
Winter_Asparagus_953,2025-04-24
officiallyfvcked,2025-04-24
scycomath,2025-04-24
Dazzling-Walrus9673,2025-04-24
RemarkableBoss6588,2025-04-24
Top_Connection5514,2025-04-24
Content-Building-312,2025-04-24
General_Delivery7998,2025-04-24
Cultural-Caramel703,2025-04-24
Actual-Imagination90,2025-04-24
Murky_Try3473,2025-04-24
crazy_enby,2025-04-24
WiGDO97,2025-04-24
ShipSecurityOfficer,2025-04-24
No-Competition-8363,2025-04-24
browser_dev,2025-04-24
max777888,2025-04-24
candymanY2,2025-04-24
Primary-Anything-100,2025-04-24
Negative-Thanks-7578,2025-04-24
Rift-Bigboss-Yt,2025-04-24
dheydreamer,2025-04-24
rainwalker101,2025-04-24
Data_coach,2025-04-24
Creepy_Shopping_4853,2025-04-24
W2ornotW2,2025-04-24
Ok_Elevator4562,2025-04-24
Ulianadig,2025-04-24
WooSaw82,2025-04-24
Voze2020,2025-04-24
cryingovermydegree,2025-04-24
chimp_scratch,2025-04-24
Fit_Lettuce1502,2025-04-24
anunit280,2025-04-24
HustlerxLearner,2025-04-24
my_love_romsae,2025-04-24
Aromatic-Astronaut70,2025-04-24
Revolutionary_Ad3643,2025-04-24
rawatparth,2025-04-24
RageyBooi,2025-04-24
Powerful-Function755,2025-04-24
Skalkoska_913,2025-04-24
albertosuckscocks,2025-04-24
Standard_Iron6393,2025-04-24
VeteranRedBeard,2025-04-24
No-Use1960,2025-04-24
Difficult_Sympathy79,2025-04-24
No-Ability-2132,2025-04-24
SweetHoneyToes69,2025-04-24
Famous-Cod975,2025-04-24
McFloerie,2025-04-24
sw_o94,2025-04-24
Just_Kick_4465,2025-04-24
Last-Tumbleweed-6532,2025-04-24
orangeyellowade,2025-04-24
Fit_Acanthaceae_4717,2025-04-24
ImpressNo3355,2025-04-24
bootingula,2025-04-24
Brilliantly_Sir,2025-04-24
meetanshirawat,2025-04-24
5afaa,2025-04-24
Hopeful-Kangaroo-468,2025-04-24
EchoOfHumOr,2025-04-24
Sleeptheysaid,2025-04-24
UniResearchTelecoms,2025-04-24
ljvrite,2025-04-24
Dave-Steel-,2025-04-24
Academic-Data2268,2025-04-24
goofygoober6969696,2025-04-24
Feisty_Potato_9054,2025-04-24
jane-generic,2025-04-24
x4vior,2025-04-24
Vonne16,2025-04-24
helenjian,2025-04-24
RunningWithPotatoes,2025-04-24
RacinTurtles,2025-04-24
PurchaseOdd7671,2025-04-24
Grouchy-Brush-630,2025-04-24
NoPaleontologist4797,2025-04-24
Overall-Affect-1415,2025-04-24
Dependent_Tea7721,2025-04-24
JoshM3250,2025-04-24
boyinthecorner542,2025-04-24
sorsa_oner,2025-04-24
Own-Variation3057,2025-04-24
MainNo6767,2025-04-24
Ruben151,2025-04-24
ZaraAyumi,2025-04-24
akmessi2810,2025-04-24
Impossible-Junket237,2025-04-24
ThrowRa9055,2025-04-24
Curious_Salt6653,2025-04-24
Apprehensive-Case720,2025-04-24
AdvanceGlass4385,2025-04-24
hoops-mcloops,2025-04-24
NaiveClock268,2025-04-24
Legal-Act2203,2025-04-24
HumanGuyDoingThings,2025-04-24
Tiger-ll,2025-04-24
ashcoozie,2025-04-24
Right_Detail_313,2025-04-24
WarmFluffyBoots,2025-04-24
Wide_Finding9393,2025-04-24
Temporary_Energy9291,2025-04-24
Alarming-Dress2695,2025-04-24
Equivalent_Cicada_75,2025-04-24
Meatman248,2025-04-24
minty_witchcraft,2025-04-24
One_General_4310,2025-04-24
Fun_Dinner_5290,2025-04-24
DonKingGer,2025-04-24
Similar-Ad-5493,2025-04-24
Soggy_Ground_9323,2025-04-24
External_Fig3954,2025-04-24
Flat-Apricot-6124,2025-04-24
tawzeaf,2025-04-24
tjaistt,2025-04-24
Smokinruntzzz,2025-04-24
PandalizardMU,2025-04-24
lmrtinez,2025-04-24
No_Left_Shoes,2025-04-24
platypusktk,2025-04-24
VermelhoRojo,2025-04-24
Apart_Passage_8735,2025-04-24
Illustrious-Study855,2025-04-24
Puzzleheaded_Gas9426,2025-04-24
PluviusManc,2025-04-24
beatleslover_,2025-04-24
RaSwole,2025-04-24
The_Graphic,2025-04-24
Practical-Idea3204,2025-04-24
Linerson,2025-04-24
Fantastic-Cookie6712,2025-04-24
Beowlf10,2025-04-24
schrutetheninth,2025-04-24
Meccha_me_2,2025-04-24
Cinnaminworm,2025-04-24
Plastic-Ad-4537,2025-04-24
SheldonTheLost,2025-04-24
One-Emu-1103,2025-04-24
Aman_Dude,2025-04-24
Bitoci,2025-04-24
Front-Doughnut5854,2025-04-24
Tuxcat91,2025-04-24
Aggravating-Most-646,2025-04-24
One-Importance3003,2025-04-24
InsideSir9033,2025-04-24
NeitherDance6795,2025-04-24
OpportunityOdd6867,2025-04-24
Champion_Narrow,2025-04-24
JustAposter4567,2025-04-24
dark-rose13,2025-04-24
anonlady104,2025-04-24
SeriousEggplant781,2025-04-24
lolallfeet,2025-04-24
Sufficient_Drive_669,2025-04-24
ThrowRA-11789,2025-04-24
Little_Community_925,2025-04-24
NobDog3086,2025-04-24
primothadon,2025-04-24
Vivid_Barnacle_3917,2025-04-24
Purple-Remove-2539,2025-04-24
Terpy809,2025-04-24
GloveTiny6259,2025-04-24
TheIrishMime,2025-04-24
simplyarbaz,2025-04-24
Fit_Competition_4757,2025-04-24
OutsideJazzlike6811,2025-04-24
Unfair_Engineer3436,2025-04-24
293756356365839,2025-04-24
Rare-Draw-7380,2025-04-24
Dismal-Strike5907,2025-04-24
Bobbybeavis7981,2025-04-24
Royal-Fish123,2025-04-24
cwlee1214,2025-04-24
Feeling_Gur_4041,2025-04-24
Diligent-Chemistry58,2025-04-24
Lanky-Society-2073,2025-04-24
aariigoldd,2025-04-24
Over_Eye_8672,2025-04-25
Sad_Stay_5471,2025-04-25
Evening-Wishbone-680,2025-04-25
WannaBeAGrad,2025-04-25
Gi-Hun456,2025-04-25
Creative_Sea_3800,2025-04-25
PassionMassive8198,2025-04-25
Kindly_Friendship_33,2025-04-25
jennie-spaghetti,2025-04-25
Afraid_Visual_5088,2025-04-25
Busy_Reindeer436,2025-04-25
avril_hy,2025-04-25
Thesokka_101,2025-04-25
Pristine-Two-6624,2025-04-25
msupershy,2025-04-25
BuyHighValueWomanNow,2025-04-25
Double_R252,2025-04-25
Entire-Nothing3487,2025-04-25
Due_Banana_7128,2025-04-25
No-Mirror-5064,2025-04-25
Bigsolebiscuits,2025-04-25
o8r8a8n8g8e,2025-04-25
Flat_Extension_6678,2025-04-25
Puzzleheaded_Boss_70,2025-04-25
SourYogur,2025-04-25
Throwaway_3QLI9t,2025-04-25
Pr1meAnxi3ty,2025-04-25
yellowyellowdaisy,2025-04-25
TennesseGirl,2025-04-25
_bunnyhope,2025-04-25
Similar_Edge_3399,2025-04-25
Wise_Temperature_574,2025-04-25
Fabulous-General642,2025-04-25
ProfessionalBite7605,2025-04-25
FinanceEngineerEgg,2025-04-25
Rip-rob,2025-04-25
Ok-Pangolin-2664,2025-04-25
Flimsy-Afternoon-189,2025-04-25
Chanel_Biology,2025-04-25
THROWAWAYouttt,2025-04-25
warmpistachio,2025-04-25
Possible_Piglet_9581,2025-04-25
BhasVish,2025-04-25
Smart-Technician-825,2025-04-25
GraduatedButAlso,2025-04-25
Either-Aardvark4931,2025-04-25
signofdacreator,2025-04-25
Any-Distribution7592,2025-04-25
Raurio,2025-04-25
ZucchiniNarrow2179,2025-04-25
aaron_2997,2025-04-25
sallyzhoujia,2025-04-25
Head_Emergency_7886,2025-04-25
onii__chan69,2025-04-25
Lonely-Bluebird-287,2025-04-25
inferno360123,2025-04-25
Serious_Yesterday_31,2025-04-25
FatFreddysCoat,2025-04-25
Afraid-Jaguar-920,2025-04-25
natcherius,2025-04-25
kaidoj,2025-04-25
Substantial_Math6119,2025-04-25
Electrical_Kick4170,2025-04-25
Fantastic-Scale-3714,2025-04-25
Active_Tonight_2683,2025-04-25
Late-Dream3933,2025-04-25
PipDash295,2025-04-25
Careful_Payment6106,2025-04-25
Tungsten_07,2025-04-25
Futyobama,2025-04-25
porygon766,2025-04-25
No_Function_5367,2025-04-25
Shaw2304,2025-04-25
mpete76,2025-04-25
NoWatercress504,2025-04-25
Emergency_Squash_352,2025-04-25
Jogi_Dingenskirchen,2025-04-25
MrMarkksman,2025-04-25
Positive-Machine-548,2025-04-25
Least_Ant8726,2025-04-25
Jmdsm,2025-04-25
Equivalent-Effort-85,2025-04-25
dragonRider_78,2025-04-25
RegularLeague7470,2025-04-25
44ron5,2025-04-25
EveryoneHatesAdam,2025-04-25
Worth_Way_4046,2025-04-25
carbonsav,2025-04-25
apexpug22,2025-04-25
helli122304,2025-04-25
shollock,2025-04-25
Tiny_Capital4880,2025-04-25
Colltwinb,2025-04-25
ClassicOil7067,2025-04-25
Appropriate_Essay1,2025-04-25
ukexplorer12,2025-04-25
Competitive_Can_8188,2025-04-25
RoronoaZoro1111,2025-04-25
pallaths,2025-04-25
AssistAlarming3878,2025-04-25
Fair_Tiger_8890,2025-04-25
Overall_Use4854,2025-04-25
Fighterpilo,2025-04-25
Emergency_Tie_9748,2025-04-25
New_Buider,2025-04-25
FreedomMysterious641,2025-04-25
SaltComfortable3541,2025-04-25
Taniaagui,2025-04-25
mamaria024,2025-04-25
GusthaBus,2025-04-25
Appropriate_Time_199,2025-04-25
SallWreet,2025-04-25
valeriia__b,2025-04-25
PeteTheShowMan,2025-04-25
Alexandriah65,2025-04-25
GrandFalloonist7844,2025-04-25
Professional-Flan-56,2025-04-25
MontyTheBraniac,2025-04-25
Maximum-Football-146,2025-04-25
Tiny-Improvement6278,2025-04-25
FineAcanthisitta5860,2025-04-25
Whole_Ad_8881,2025-04-25
jobhunter000,2025-04-25
Consistent_Bug_2116,2025-04-25
Dry_Comparison3204,2025-04-25
No_Raise_7518,2025-04-25
Thebeyhiveswiftie,2025-04-25
Programmer110,2025-04-25
wandering-the-blue,2025-04-25
Warm-Trick5771,2025-04-25
GlitteringLook5653,2025-04-25
French_Noodles,2025-04-25
BlasphemyPhun,2025-04-25
Witty_Chicken9217,2025-04-25
RowdyLowdyMilk,2025-04-25
Practical-Town2567,2025-04-25
bNamish,2025-04-25
Jonbb20,2025-04-25
Complete_Beach8443,2025-04-25
ThisIsMyOpinionOk,2025-04-25
OldConflict4547,2025-04-25
basscat27,2025-04-25
jacobblanton09,2025-04-25
chaoticgemini69,2025-04-25
Ok_Telephone_6871,2025-04-25
Potential-Motor-8810,2025-04-25
SnakeDevilEnjoyer,2025-04-25
noori_nutt,2025-04-25
Difficult_Shoe1826,2025-04-25
GullibleScheme4135,2025-04-25
Electrical-Block3178,2025-04-25
Prestigious_Key2501,2025-04-25
Content-Lemon-6671,2025-04-25
joshu-moeses,2025-04-25
Godspower_08,2025-04-25
Acceptable-Tip7886,2025-04-25
mauveotter,2025-04-25
JOZI14,2025-04-25
Zeloth29,2025-04-25
Equivalent_Weather54,2025-04-25
jaycarter617,2025-04-25
DrZoidbergfr,2025-04-25
Expensive-Sorbet9142,2025-04-25
Holiday-Rush-2163,2025-04-25
SecretaryOk6822,2025-04-25
IOMargo,2025-04-25
Pinkcranberriess,2025-04-25
Gold_Page_9973,2025-04-25
Signal-Meringue-4672,2025-04-25
Parking_Profession25,2025-04-25
Rich-Welcome5291,2025-04-25
oaktreesandcheese,2025-04-25
Whole-Jaguar4214,2025-04-25
wonusuga,2025-04-25
celtichunter678,2025-04-25
Top_Fisherman3525,2025-04-25
Nice-Chocolate3360,2025-04-25
OkContribution5220,2025-04-25
Minega15,2025-04-25
PlantThief_,2025-04-25
shakeybal,2025-04-25
Ayatoesss,2025-04-25
Resident_Yam_1950,2025-04-25
hanabeedoto,2025-04-25
Basic-Cup7523,2025-04-25
Snoopydooooog,2025-04-25
No-Attention-8253,2025-04-25
emothatlikesbaking,2025-04-25
Admirable-Friend-486,2025-04-25
shnider137,2025-04-26
Ill_List_1928,2025-04-26
Plus-Marsupial-4387,2025-04-26
fairyprincess0723,2025-04-26
Emotional_Fee_140,2025-04-26
Longjumping-Meet-443,2025-04-26
AthleteBusiness3281,2025-04-26
Mindless-Way-6503,2025-04-26
Electronic_Long_9759,2025-04-26
Big_Entertainer_3756,2025-04-26
Ambitious-Sail-5188,2025-04-26
Vast-Movie693,2025-04-26
Frequent_Lemon_4888,2025-04-26
SeriousLetterhead750,2025-04-26
Hour_Possibility4245,2025-04-26
59kmc60,2025-04-26
Visible_Jellyfish300,2025-04-26
Adorable-Match-4495,2025-04-26
LittleCoffeeArachnid,2025-04-26
Constant_Designer983,2025-04-26
Creative_Junket_1678,2025-04-26
Ginaalaska24,2025-04-26
BeautifulArachnid960,2025-04-26
No_Armadillo_3296,2025-04-26
OkTiger2582,2025-04-26
MyWaliAI,2025-04-26
Fresh-Distribution74,2025-04-26
Inevitable-Leader779,2025-04-26
Fit_Yard_1825,2025-04-26
Nice-Comparison5801,2025-04-26
snoolgeek,2025-04-26
devizo_,2025-04-26
SeriousDeal9073,2025-04-26
Dramatic_Suspect_512,2025-04-26
Ok-Gas1571,2025-04-26
SillyMasterpiece9356,2025-04-26
InstanceStunning2949,2025-04-26
FUClem,2025-04-26
Conscious-Ad-6570,2025-04-26
fortboyard3,2025-04-26
StrongBoysenberry5ws,2025-04-26
Any-Measurement-9639,2025-04-26
Puzzleheaded_Fig5221,2025-04-26
Extension-Job-4046,2025-04-26
Practical-Willow2071,2025-04-26
One-Gur190,2025-04-26
No_Mongoose_6460,2025-04-26
Mint_Ramen,2025-04-26
pencil6037,2025-04-26
Monashelake252718,2025-04-26
elvertooo,2025-04-26
JustaSmolGraphic,2025-04-26
luttingsmoly19,2025-04-26
FanStreet705,2025-04-26
decencycesspool,2025-04-26
Ancient_Ad9891,2025-04-26
Aakash_-16,2025-04-26
kayaktaco,2025-04-26
ArtHistorical9365,2025-04-26
Firm-Wallaby2719,2025-04-26
jokr2k16,2025-04-26
ScottCammer,2025-04-26
No_Froyo4763,2025-04-26
Equivalent-Spell-609,2025-04-26
EconomyBrilliant7250,2025-04-26
mxr_143429,2025-04-26
Hope-to-be-Helpful,2025-04-26
Specific_Sample861,2025-04-26
Defiant_Rise8646,2025-04-26
Actual_Formal,2025-04-26
marqedd,2025-04-26
MeatPanda_2000,2025-04-26
KimmyCutlet,2025-04-26
Sad_Midnight_5104,2025-04-26
Careless-Barnacle916,2025-04-26
Ok-Philosopher1137,2025-04-26
Javalavachick,2025-04-26
StrawberryOriginal51,2025-04-26
ZestycloseChef8323,2025-04-26
Previous-Hamster91,2025-04-26
triple-47,2025-04-26
FutureBig5493,2025-04-26
CreativelyGal,2025-04-26
Potential_Phrase_958,2025-04-26
abhx43,2025-04-26
whatthesquash,2025-04-26
Amandajudith222,2025-04-26
Fearless-Baby9289,2025-04-26
ConstructionIll4194,2025-04-26
bakednapkin,2025-04-26
Plant_hunter999,2025-04-26
DirectPerspective320,2025-04-26
plutoniumwhisky,2025-04-26
haileyyy21,2025-04-26
Longdayfrfr,2025-04-26
Job-Chase5,2025-04-26
Wonderful_Bite5298,2025-04-26
CareerConnects,2025-04-26
Dosalki,2025-04-26
Consistent_Wind2193,2025-04-26
No-Combination4243,2025-04-26
FlatJellyfish1243,2025-04-26
No-Understanding-357,2025-04-26
Fun_Dinner_6456,2025-04-26
Visible_Land_750,2025-04-26
NobodyDifferent5293,2025-04-26
midnight__toad,2025-04-26
Ok_Foundation_8774,2025-04-26
Trick_Mix_4339,2025-04-26
Ok-Philosopher-7813,2025-04-26
snowednboston,2025-04-26
ihamza-,2025-04-26
Glittering-While-239,2025-04-26
Top-Season-4103,2025-04-26
muzikgurl22,2025-04-26
kcm970,2025-04-26
strawberryonvines,2025-04-26
SNS2323,2025-04-26
dukesoflonghorns,2025-04-26
P3rsus,2025-04-26
Imaginary-Raisin-939,2025-04-26
mappingthepi,2025-04-26
cactusjuiice,2025-04-26
sad-salamander7,2025-04-26
Next_Charity_6424,2025-04-26
MrKiper,2025-04-26
Radiant_Truthwatcher,2025-04-26
Own-Audience-3936,2025-04-26
False_Bread2037,2025-04-26
Calebp24,2025-04-26
Cautious_Conflict480,2025-04-26
ToeDowntownXXX22,2025-04-26
Imaginary_Brother268,2025-04-26
WGreytness,2025-04-26
CoffeeMug32,2025-04-26
Difficult-Produce-77,2025-04-26
gameallday88,2025-04-26
hopelessana,2025-04-26
Donnieglaze,2025-04-26
Few_Pride3553,2025-04-26
TDEPCam,2025-04-26
carmina__,2025-04-26
Mundane-Mention13,2025-04-26
SoldierGirl9,2025-04-26
Mypaspace,2025-04-26
StatisticianFlat454,2025-04-26
gizmo_j,2025-04-26
Upper_Paramedic_8588,2025-04-26
Liawilson0,2025-04-26
ExtraMeringue4833,2025-04-27
Mysterious-Soft1630,2025-04-27
Rare-Ad2446,2025-04-27
gwayland6,2025-04-27
meowmew010,2025-04-27
Commercial-Look6197,2025-04-27
hello_peril_25,2025-04-27
HourOccasion2450,2025-04-27
ValuableSwordfish388,2025-04-27
MusicianJunior1007,2025-04-27
PrestigiousTennis298,2025-04-27
TheDepressedhomie,2025-04-27
Steph482,2025-04-27
Adorable-Bandicoot90,2025-04-27
coolerinthefog,2025-04-27
thissoorandom,2025-04-27
MineComprehensive649,2025-04-27
shiny-cow999,2025-04-27
MissionTaro5888,2025-04-27
BestButterfly3461,2025-04-27
New-Citron-3395,2025-04-27
justeeeno,2025-04-27
cerealchocolatechip,2025-04-27
spotieda,2025-04-27
ChristmasTwinkleToes,2025-04-27
YaskaYassin,2025-04-27
Brilliant_Peanut2622,2025-04-27
ODDinary12345,2025-04-27
HopefulDoubt9229,2025-04-27
StrikingSilver101,2025-04-27
Successful_Bell_34,2025-04-27
Big_Decision5120,2025-04-27
LowDimension3910,2025-04-27
helloworld_paradox,2025-04-27
Alarming-Way-1993,2025-04-27
confuseds0,2025-04-27
Equal_Dependent_3975,2025-04-27
Swimming-Valuable-85,2025-04-27
Saquib16_,2025-04-27
meiseivanmaasdorp,2025-04-27
Loud_Actuary_5561,2025-04-27
Separate_Mushroom772,2025-04-27
Fluid-Slide1750,2025-04-27
cc-nw,2025-04-27
NapologeticallyME,2025-04-27
Initial-Card6189,2025-04-27
2016Marwan,2025-04-27
vulgod,2025-04-27
gta_jobs,2025-04-27
Temporary_Lunch_371,2025-04-27
Thick-Ad-4150,2025-04-27
Different_Suit8805,2025-04-27
shaktikumar167,2025-04-27
Emotional_Future_309,2025-04-27
ExcitementDifferent4,2025-04-27
dashtheauthor,2025-04-27
Great_Formal6694,2025-04-27
BreakingFree95,2025-04-27
Suik999,2025-04-27
HourResult4208,2025-04-27
EuphoricPiece8945,2025-04-27
Historical_Row4544,2025-04-27
bl9nde,2025-04-27
GenerousWineMerchant,2025-04-27
Both_Ad_2221,2025-04-27
UpgradedPimp999,2025-04-27
Extra_Gene_8433,2025-04-27
Distinct_Cabinet_729,2025-04-27
Grouchy_Essay_5408,2025-04-27
Abdulrhman471,2025-04-27
No-Year-6761,2025-04-27
Flashy_Antelope_5565,2025-04-27
bored-ape314,2025-04-27
expressing_myselfff,2025-04-27
Any_Staff_7353,2025-04-27
BlackBoxBuildsAI,2025-04-27
throw_away_acc24,2025-04-27
Marzopup,2025-04-27
not_a_bug_a_feature,2025-04-27
jobthrowaway543,2025-04-27
Glittering_Jello9530,2025-04-27
Internal-Cat7140,2025-04-27
passportfolio,2025-04-27
Homeless_3d_GoRiLla,2025-04-27
Icy-Concert-3016,2025-04-27
Harold_Alan5,2025-04-27
Sweaty-General-3858,2025-04-27
Apprehensive_Boat798,2025-04-27
Double_Company5936,2025-04-27
Optimizado99,2025-04-27
fxst_01,2025-04-27
Unlikely_Vacation235,2025-04-27
CardiologistDry8098,2025-04-27
ArachnidEmergency141,2025-04-27
idyllic_your_bae,2025-04-27
SS0627,2025-04-27
IT_007,2025-04-27
Basic_Candidate9034,2025-04-27
Royal-End9715,2025-04-27
Local-Revenue-6354,2025-04-27
psychothrasher,2025-04-27
Strong-Situation3361,2025-04-27
Dazzling-Squirrel408,2025-04-27
TheAntiDrakeFanClub,2025-04-27
MysteriousAd6304,2025-04-27
Automatic-Lie2245,2025-04-27
Amandamarler,2025-04-27
Agreeable-Salad-1682,2025-04-27
trailblader,2025-04-27
scewing,2025-04-27
Equivalent_Reveal_75,2025-04-27
Dry-Froyo-3879,2025-04-27
Nameless_unicorn,2025-04-27
AnyTicket5202,2025-04-27
Novel_Web_4949,2025-04-27
Imaginary_Taste2548,2025-04-27
summon_the_quarrion,2025-04-27
SortaKindaAltAccount,2025-04-27
tishi55,2025-04-27
Intelligent_Leg_9460,2025-04-27
capnyoda,2025-04-27
tofupiglet,2025-04-27
Historical_Value210,2025-04-27
stressed_out_abt_wrk,2025-04-27
Ok-Teach-523,2025-04-28
No_Drummer_2357,2025-04-28
Leather_Nose_5589,2025-04-28
Civil_Try913,2025-04-28
Gabbi_Says_Hello,2025-04-28
lofiifollofi65498,2025-04-28
GroceryFeisty8867,2025-04-28
Educational_March834,2025-04-28
MeetingMinimum1989,2025-04-28
Dense-Bowler-8848,2025-04-28
fefarosa,2025-04-28
KeyIndependent1316,2025-04-28
AmazingSibylle,2025-04-28
longhorntrades,2025-04-28
Silence1016,2025-04-28
AllTheWorldsAPage,2025-04-28
Infamous-Criticism90,2025-04-28
IndigoBlue__,2025-04-28
Commercial-Fun1123,2025-04-28
PsychologicalEcho794,2025-04-28
Long-Vermicelli-9771,2025-04-28
Then-Possibility-621,2025-04-28
Emattii,2025-04-28
Traditional-Life-915,2025-04-28
Calibar_45,2025-04-28
SofterStars,2025-04-28
Illustrious_Tart_557,2025-04-28
Xinori,2025-04-28
Intelligent-Bend0511,2025-04-28
EquivalentMore5028,2025-04-28
MegaDeath7777,2025-04-28
missbellah,2025-04-28
Mom1900,2025-04-28
Prudent-Mushroom3420,2025-04-28
GenericPersonx,2025-04-28
Present-Beginning228,2025-04-28
Antlurrs,2025-04-28
DescriptionFuture851,2025-04-28
dattebameow,2025-04-28
Comfortable_Spend778,2025-04-28
SpecialistRutabaga76,2025-04-28
0-60never,2025-04-28
naturedreamer04,2025-04-28
techpaathshala_,2025-04-28
Puzzleheaded-Win-502,2025-04-28
Easy-Top6449,2025-04-28
sovalente,2025-04-28
YouallareToxic,2025-04-28
Thin-Bookkeeper7802,2025-04-28
nottrueorfalse,2025-04-28
Electrical_Big8188,2025-04-28
Skyropop,2025-04-28
Pale-Discipline3519,2025-04-28
Far-Turn-2100,2025-04-28
bigjay090,2025-04-28
Ok_Adeptness_8680,2025-04-28
SilverMinimum4417,2025-04-28
Still_Implement8534,2025-04-28
willywilco,2025-04-28
Upset-Play-1945,2025-04-28
MozzieMainR6,2025-04-28
ladyann123,2025-04-28
EnthusiasmOne6451,2025-04-28
AvailableForThat,2025-04-28
Dear-Molasses-9126,2025-04-28
scientificbrownie,2025-04-28
Known_Ad_5175,2025-04-28
sydneyb_0139,2025-04-28
ValerySky,2025-04-28
StockLeague8723,2025-04-28
AverageHuman9991,2025-04-28
pinballwizardofrhye,2025-04-28
srs890,2025-04-28
TipCool9156,2025-04-28
Negative-Quiet202,2025-04-28
Vegetable-Long-9914,2025-04-28
PaigeR20xx,2025-04-28
RadiantHC,2025-04-28
isonalahuja,2025-04-28
Junior-Difficulty-23,2025-04-28
Alarming_Truck1915,2025-04-28
PrestigiousHat3368,2025-04-28
Mobile_Appearance894,2025-04-28
lylvec,2025-04-28
KittyFellowship,2025-04-28
pocketsfullofblue,2025-04-28
fishnchips44,2025-04-28
Either_Studio_579,2025-04-28
izasadummy,2025-04-28
AdStill7342,2025-04-28
DocumentOk5746,2025-04-28
Thefuntruck,2025-04-28
Chatty-Monster,2025-04-28
MagnificentBran,2025-04-28
Independent-Sir-6125,2025-04-28
Emergency_Two3502,2025-04-28
kryptonicc2016,2025-04-28
Inevitable-Spirit856,2025-04-28
poeposs,2025-04-28
Admirable_Ad_7646,2025-04-28
Technical-Method4513,2025-04-28
Neither_Golf4363,2025-04-28
Wild_Salary_1884,2025-04-28
EqualOdd7150,2025-04-28
the-aetherian,2025-04-28
Taarukh,2025-04-28
Beginning_Grass_9851,2025-04-28
OopsAllErrors7,2025-04-28
kiramad90,2025-04-28
Perfect-Incident5595,2025-04-28
bog55124,2025-04-28
Lostandafraid666,2025-04-28
IllFaithlessness4744,2025-04-28
shockblade76,2025-04-28
GenericUsernameHere0,2025-04-28
cyberghostss,2025-04-28
Awkward-Owl3813,2025-04-28
Internal-Heron6734,2025-04-28
PurpleCommercial4823,2025-04-28
Spread-Smooth,2025-04-28
GreatTeach5014,2025-04-28
R_Leporis,2025-04-28
Warm_Nobody_5436,2025-04-28
Best_Beach_5006,2025-04-28
GeorgeKhelashvili,2025-04-28
BrickPharaoh,2025-04-28
Potential_Dance_4246,2025-04-28
FancyBar5204,2025-04-28
jiya147,2025-04-28
BigShot2746,2025-04-28
chillychili_,2025-04-28
Interesting_Being971,2025-04-28
theoryrabbit,2025-04-28
SturdyGawd11011,2025-04-28
Mqcah,2025-04-28
ChocolateRelevant221,2025-04-28
apadley,2025-04-28
Big_Pear372,2025-04-28
Autumnclarke94,2025-04-28
justagirliintheworld,2025-04-28
Endlessxrose,2025-04-28
Different_Penalty138,2025-04-28
Away-Distribution180,2025-04-28
donnpedro,2025-04-28
Sufficient-Rub7845,2025-04-28
Silent-Program-4225,2025-04-28
deadlyshadows8,2025-04-28
Babettebrent,2025-04-28
Appropriate_Coat3951,2025-04-28
khalifa-da-don,2025-04-28
BookkeeperVirtual175,2025-04-28
VegetableAd5981,2025-04-28
DramaticCause915,2025-04-28
Broad_Guarantee_6221,2025-04-28
hidalgoclyne,2025-04-28
boredgirlypop,2025-04-28
Grace-Rubin-LinkedIn,2025-04-28
sassybread,2025-04-28
Far-Oven5675,2025-04-28
Present_Mastodon6357,2025-04-28
unotake,2025-04-28
Far-Celebration-6005,2025-04-28
FRY-DADDY,2025-04-28
Imaballofstress,2025-04-28
ValuableAccident1809,2025-04-28
Wooden-Leadership-14,2025-04-28
Stardust2u,2025-04-28
GeneralDischord,2025-04-28
ExplanationNo5343,2025-04-28
masteemanaged,2025-04-28
Interesting-Wish-852,2025-04-28
tsgatdawn,2025-04-28
AmaHiba,2025-04-28
No_Mountain2128,2025-04-28
careerpivotsos,2025-04-28
mdaktherhussen,2025-04-28
Ok_Information8223,2025-04-28
No_Many_1892,2025-04-28
ATOMICxxTURTLE,2025-04-28
sbyers99,2025-04-29
khoovs2,2025-04-29
Fluffy-Situation-688,2025-04-29
Traditional_Can6269,2025-04-29
clarakhen231,2025-04-29
Kaxee_,2025-04-29
Expensive-Cod-5486,2025-04-29
strawberrrrykisses,2025-04-29
ZNB41190,2025-04-29
MekaDron,2025-04-29
strugglebuscaptain24,2025-04-29
Brilliant_Cobbler913,2025-04-29
Upper_Department3139,2025-04-29
ChainMission2373,2025-04-29
No_Assistant7608,2025-04-29
nazziu,2025-04-29
Improve_your_CV,2025-04-29
Responsible_Two_8051,2025-04-29
No_Difference2017,2025-04-29
Aggressive-Tough2650,2025-04-29
Ice_Socks,2025-04-29
Kacchowww,2025-04-29
Rosho44,2025-04-29
No-Crab3842,2025-04-29
lilmari10k,2025-04-29
Dangerous_Library625,2025-04-29
SyrupOk3529,2025-04-29
toastygirl_,2025-04-29
indecisivem3,2025-04-29
Impressive_Web520,2025-04-29
lapin007,2025-04-29
Mental_Department89,2025-04-29
solitude_is_bliss_,2025-04-29
itzznotac,2025-04-29
Agreeable_Task_227,2025-04-29
safehaven3132,2025-04-29
LateyMcLaterson,2025-04-29
Medium_Moose_7513,2025-04-29
Colex_L,2025-04-29
Defiant_Cap_5970,2025-04-29
bookscoffee1991,2025-04-29
Pleasant_Product3947,2025-04-29
peke15223029,2025-04-29
jakethed0g-415,2025-04-29
alonegonegirl,2025-04-29
Better-Lunch670,2025-04-29
Green-Ad-2365,2025-04-29
FightWithHeart,2025-04-29
-Daisy-Daisy-Daisy-,2025-04-29
SirFoxtrotAlpha,2025-04-29
Rare-Offer-2341,2025-04-29
Creator4983x,2025-04-29
Needsomeone_0707,2025-04-29
ljg5452,2025-04-29
Aggravating-Lake-724,2025-04-29
B00kietux,2025-04-29
Amonghumanity,2025-04-29
arpitgh,2025-04-29
giantkoala44,2025-04-29
Forsaken_Film2712,2025-04-29
Wonderful_Conspiracy,2025-04-29
First-Animator7059,2025-04-29
Pristine-Basil7395,2025-04-29
NoRelationship183,2025-04-29
lord-555,2025-04-29
Beneficial-Way-5378,2025-04-29
Mah_Doodle,2025-04-29
Maximum-Belt-7554,2025-04-29
Constant-Speech-1010,2025-04-29
Jubob_Real,2025-04-29
JellyFantastic5596,2025-04-29
More_Championship760,2025-04-29
rapunzel_0_0_,2025-04-29
EddieHazelOG,2025-04-29
breezysad,2025-04-29
wesleyowo,2025-04-29
Life_Statistician520,2025-04-29
Such_Pen_3597,2025-04-29
dankasdark,2025-04-29
Normal_Scale_7239,2025-04-29
Bruce_3574,2025-04-29
BackwardsMarsupial83,2025-04-29
jshishuuu,2025-04-29
MrGiant69,2025-04-29
Independent-Row4599,2025-04-29
Playerr2010,2025-04-29
Mediocre-Bag1318,2025-04-29
AnyCap9220,2025-04-29
Geese98,2025-04-29
Advanced_Working_745,2025-04-29
WestChampionship9051,2025-04-29
Prestigious_Dig_6447,2025-04-29
PositionSquare8490,2025-04-29
pastychan24,2025-04-29
kuro7510,2025-04-29
GenerationofWinter,2025-04-29
Chriissman,2025-04-29
DisastrousCourse6763,2025-04-29
pepsiprincess1o1,2025-04-29
Jumpy-Highway-7047,2025-04-29
greenish7,2025-04-29
notkaizen07,2025-04-29
FineMud8119,2025-04-29
AdditionalCupcake462,2025-04-29
StressProud2276,2025-04-29
ladyleo1980,2025-04-29
itsdj1991,2025-04-29
FastPaleontologist44,2025-04-29
bingbong_Iamwrong,2025-04-29
Character-Signal8229,2025-04-29
TechyyNinja,2025-04-29
Consistent-Regret-46,2025-04-29
putt_stuff98,2025-04-29
PairsWellWithMomhood,2025-04-29
Mysterious-Copy9124,2025-04-29
alladeen9112012,2025-04-29
WorkingAd2299,2025-04-29
Efficient-News-4897,2025-04-29
neurocipher_03,2025-04-29
-TheGreatUndoing-,2025-04-29
-TDot77-,2025-04-29
LJ10ak11,2025-04-29
tempestuoustrans,2025-04-29
coffeelover_22,2025-04-29
Appropriate_Tap8025,2025-04-29
FeelsAndFunctions,2025-04-29
Over-Leg527,2025-04-29
stardarkk,2025-04-29
gods_artist06,2025-04-29
goodbyeresearch,2025-04-29
Perfect_Interview_86,2025-04-29
Glittering-Fox-2700,2025-04-29
LandSeal-817,2025-04-29
Emotional_Ad2185,2025-04-29
Winter_sleep_,2025-04-29
that0neguy23,2025-04-29
DaddyLonglegs-8i,2025-04-29
Wrong_Persimmon_7097,2025-04-29
Cayyenne,2025-04-29
pabloo_chocobar,2025-04-29
chickenuggetheorem,2025-04-29
mbosse11,2025-04-29
InternationalTie5585,2025-04-29
No_Elevator_9641,2025-04-29
Raffas10,2025-04-29
leftistinlnk,2025-04-29
growtiligrow,2025-04-29
KaleyKemmercloud,2025-04-29
pinksteronimo,2025-04-29
ScallionNo4678,2025-04-29
Dizzy-Ad-4599,2025-04-29
ConfectionForward233,2025-04-29
SeveredEmployee420,2025-04-29
Ok-Swim-3767,2025-04-29
OkSupermarket3127,2025-04-29
False_Broccoli5087,2025-04-29
EasyUserN0me,2025-04-29
ElectronicAmphibian7,2025-04-29
friendlylemonn,2025-04-29
HighLife1954,2025-04-29
liz_aquatics,2025-04-29
Positive_Suit960,2025-04-29
coolwhenpartofteam,2025-04-29
Embarrassed_Horse_32,2025-04-29
Capable_Enthusiasm16,2025-04-29
Psychological_Scar75,2025-04-29
Responsible_Ad_8516,2025-04-29
RudeAzz,2025-04-29
Cyborg-Z,2025-04-29
Afraid_Computer5687,2025-04-29
Slow-Song4052,2025-04-29
SuperPetty-2305,2025-04-29
Brilliant_Sir_9998,2025-04-29
ImpossibleSetting309,2025-04-29
Effective_Drawing_67,2025-04-29
No-Cupcake3499,2025-04-29
captainwick47,2025-04-29
CamelAmbitious2609,2025-04-29
TheAsterick,2025-04-29
itsjaik,2025-04-29
severus31,2025-04-29
Satellites_In_Orbit,2025-04-29
Prasanthkomakkil,2025-04-29
bloggingmaker,2025-04-29
FruityLegends,2025-04-29
Errorr66,2025-04-29
Ok_Desk_394,2025-04-29
Imaginary_Sky7900,2025-04-29
jittery_fishbubbles,2025-04-29
Relevant-Answer27,2025-04-29
Glittering-Band2114,2025-04-29
7bridgmalc,2025-04-29
Designer-Studio-9475,2025-04-29
Foreign-Tailor4990,2025-04-29
Slow_Process2609,2025-04-29
zNeXuS_SkYz,2025-04-29
Dear-Significance452,2025-04-29
whoops_andy,2025-04-29
ConnectTrees,2025-04-29
conniewi330,2025-04-29
aquatics5,2025-04-29
FewWash184,2025-04-29
IllRisk5290,2025-04-29
Sea_Zucchini6357,2025-04-29
CoyoteProfessional98,2025-04-29
Conscious_Thanks5976,2025-04-29
Briaa01,2025-04-29
Chubbychimkens,2025-04-29
Extra-Complaint879,2025-04-29
AdNo9983,2025-04-29
SW_Girl443,2025-04-29
KlutzyDragonfly8455,2025-04-29
snapbro,2025-04-29
Sad_Praline6703,2025-04-29
cihanna_loveless,2025-04-29
Agreeable_Elephant57,2025-04-29
Maxarooniedoonie,2025-04-29
imsrywhut,2025-04-29
Infamous-Addition-25,2025-04-29
Humble-Fennel1605,2025-04-29
camarochick99,2025-04-29
Throwaway4738375,2025-04-29
Reviewbycommonwoman,2025-04-29
After_Interaction_15,2025-04-29
Slow-Brilliant6964,2025-04-29
jackal_990,2025-04-29
AssociationClean5614,2025-04-29
Less-Willingness-254,2025-04-29
SideLatter4238,2025-04-29
SideStacker,2025-04-29
Ihavequestions112,2025-04-29
MajesticWoodpecker66,2025-04-29
Silver-Bite2069,2025-04-29
freshlypickedmint,2025-04-29
saribeica98,2025-04-29
AdPast9321,2025-04-29
Briand2714,2025-04-29
Queasy_History_5368,2025-04-29
Immediate-Mushroom83,2025-04-29
Kindly_Blackberry311,2025-04-29
Individual_Click_302,2025-04-30
RedditCensorss,2025-04-30
Junior_Control_1735,2025-04-30
Silent-Temperature-3,2025-04-30
fuddface2222,2025-04-30
Fair_Bookkeeper_1899,2025-04-30
Turbulent_Athlete283,2025-04-30
embrose0,2025-04-30
IDerpSoMuch,2025-04-30
Swimming_Gap3216,2025-04-30
Random5238,2025-04-30
dannyr11,2025-04-30
NewsBloc_in,2025-04-30
owaely,2025-04-30
Zealousideal-Sky7815,2025-04-30
Alternative_Dot_5182,2025-04-30
Ok-Customer-8595,2025-04-30
Hairy_Eye5249,2025-04-30
ebonyexpert93,2025-04-30
dubukuma,2025-04-30
karthik_rdm,2025-04-30
Excellent-Cloud-2950,2025-04-30
AdmirableHope5090,2025-04-30
weirdsillycardigans,2025-04-30
Pure_Calendar_1620,2025-04-30
Ok-Atmosphere-7210,2025-04-30
Due_Green8194,2025-04-30
Cute-Phase-6410,2025-04-30
UpsetLand4704,2025-04-30
ProfessionalAir118,2025-04-30
Worldly-Ad-2411,2025-04-30
Chance-Cicada-6395,2025-04-30
AnalysisFluid6377,2025-04-30
ThisHurry9362,2025-04-30
Top_Map_4077,2025-04-30
sunfloweredboy,2025-04-30
Autostylingjobs,2025-04-30
Legitimate-Area-919,2025-04-30
Capable-Range-5257,2025-04-30
jason_todd95,2025-04-30
Holiday-Ad-7255,2025-04-30
Hot-Palpitation3682,2025-04-30
RandoRambo1,2025-04-30
Mehsh77,2025-04-30
RileyMarketing,2025-04-30
stomendeos,2025-04-30
_Fawna,2025-04-30
NoOil3357,2025-04-30
icedtea027,2025-04-30
WordsLikeRoses,2025-04-30
Glittering_Stand_436,2025-04-30
IllustriousResult997,2025-04-30
Mundane-Decision-715,2025-04-30
Psychopath_me,2025-04-30
Prestigious_Flow_465,2025-04-30
zzylxmas,2025-04-30
Glum-Insurance5863,2025-04-30
Super-Wolverine-7509,2025-04-30
Systemerror101010101,2025-04-30
Icy-Grapefruit-6151,2025-04-30
salmon_s4sh1mi,2025-04-30
coprolaliast,2025-04-30
Kevin_gato,2025-04-30
Mother_Narwhal_4622,2025-04-30
Reaction-More,2025-04-30
Wonderful-Winner-636,2025-04-30
404daytrader,2025-04-30
pramoddubeyellahbad,2025-04-30
Vegetable-Tea2399,2025-04-30
eeksmith94,2025-04-30
Crimson1072,2025-04-30
Fair-Passage7091,2025-04-30
Individual-Shoe-8420,2025-04-30
Mr-Investing,2025-04-30
Adept-Pipe-7415,2025-04-30
Some-Substance2841,2025-04-30
Ok-Meringue5975,2025-04-30
MainBee3937,2025-04-30
NoPPSalamander,2025-04-30
Present-Progress-480,2025-04-30
TrackieDacks11,2025-04-30
txpeachhh2,2025-04-30
MysticWanderer121,2025-04-30
Ambitious_Age_2851,2025-04-30
Beneficial_Count3071,2025-04-30
Inevitable_Book4316,2025-04-30
BFriedman713,2025-04-30
Clean_Difference0,2025-04-30
CautiousTangelo4068,2025-04-30
DonutInvasion,2025-04-30
SolidInstruction8215,2025-04-30
mucisian,2025-04-30
AdNo2629,2025-04-30
venus_plasma,2025-04-30
JUSTSUMJEW,2025-04-30
Mommyducklover,2025-04-30
Admirable-Cabinet-77,2025-04-30
LawOk2714,2025-04-30
Dress5390,2025-04-30
_Hot_Quality_,2025-04-30
80Juice,2025-04-30
Dull-Gold-3109,2025-04-30
Christen0526,2025-04-30
heyjude1971,2025-04-30
KeyRutabaga2487,2025-04-30
EnvironmentalValue20,2025-04-30
SeaShellee17,2025-04-30
WorkingSession2587,2025-04-30
Competitive-Coat-614,2025-04-30
Consistent_Kitchen36,2025-04-30
Nervous_Garden4077,2025-04-30
CaregiverGloomy7670,2025-04-30
SignificantClass4408,2025-04-30
Electrical-Flan2131,2025-04-30
Jackanddaxter789,2025-04-30
Minimum_Item1563,2025-04-30
FeeBrilliant5684,2025-04-30
Faint_4_Eva,2025-04-30
No-Eggplant4616,2025-04-30
shreckislovee,2025-04-30
RecentTerrier,2025-04-30
immateriaI,2025-04-30
Individual_Law_872,2025-04-30
Proper_Nail_9093,2025-04-30
Impressive-Manner565,2025-04-30
Hungry_Pineapple2536,2025-04-30
AggressiveSeasoning,2025-04-30
DiscountOwn6081,2025-04-30
physicsenjoyer271,2025-04-30
QuackyDoodle,2025-04-30
Prestigious-Pay4206,2025-04-30
Disastrous-You2726,2025-04-30
Imaginary-Ad1063,2025-04-30
_farawla,2025-04-30
Active_Monitor2084,2025-04-30
suan213,2025-04-30
LeatherPerformer4438,2025-04-30
xervidae,2025-04-30
Adventurous_Being747,2025-04-30
Candy-Horrorh3lp,2025-04-30
TrickTurn2144,2025-04-30
PixieDeathDust,2025-04-30
redpomegranat,2025-04-30
Neither-Scheme-7092,2025-04-30
FewAlternative298,2025-04-30
MolassesThese643,2025-04-30
Fast-Measurement-767,2025-04-30
aleksburry,2025-04-30
TreacleFast1991,2025-04-30
cepr_dc,2025-04-30
gayhomo696969696969,2025-04-30
Cute_Wheel_9429,2025-04-30
Danz_31xo,2025-04-30
thrownaway74492,2025-04-30
run_amucks,2025-04-30
PurchaseDouble6459,2025-04-30
DueAd9840,2025-04-30
Reasonable-Emu1437,2025-04-30
Public_Attitude1325,2025-04-30
Brok3n_Shad0w,2025-04-30
Fun-Establishment-93,2025-04-30
Killemwithsilence,2025-04-30
deepseekmagician,2025-04-30
Magnolia_37,2025-04-30
bluesodrizzy,2025-04-30
Horror_Ad6474,2025-04-30
checkematemate,2025-04-30
sheeshpepe,2025-04-30
Poisionmivy,2025-04-30
skydwagon,2025-04-30
Last-Conclusion4113,2025-04-30
ControlSensitive6959,2025-04-30
imzeebo,2025-04-30
krixhuuu,2025-04-30
MrRyan1994,2025-04-30
kermiii1,2025-04-30
nammsknekhi,2025-04-30
ToasterSteve22,2025-04-30
RemoteFriendly3102,2025-04-30
Different-Island-619,2025-04-30
Mobile-Instance-7712,2025-04-30
ibmndy,2025-04-30
Pitiful-Serve-5139,2025-04-30
Efficient-Jello-2727,2025-04-30
Opening_Case_8084,2025-04-30
therese_rn,2025-04-30
Alive_Inflation_6742,2025-04-30
TheeLittleone1,2025-04-30
elliecat92,2025-04-30
Cvresumenestt,2025-04-30
QuasiAstute,2025-04-30
Jaded-Budget-9050,2025-04-30
shadesofmartina,2025-04-30
kodakyello,2025-04-30
Fit_Weekend5523,2025-04-30
PuddingSubject5605,2025-04-30
Hopeful_Value_4843,2025-04-30
Ok_Honeydew1046,2025-04-30
Its_Allllyyyy,2025-04-30
MimisBoot,2025-04-30
yobuddyy899,2025-04-30
s_leeng,2025-04-30
ConsistentVillage946,2025-04-30
New-Hotel7243,2025-04-30
CoolGuy76935,2025-04-30
One-Date-4469,2025-04-30
Areseia,2025-04-30
So_Tired_123,2025-04-30
blurrynoises,2025-04-30
Ok-Minute8875,2025-04-30
Possible-Produce-373,2025-04-30
Good_Investment0211,2025-04-30
Winter-Efficiency180,2025-04-30
Tight-Prompt-5357,2025-04-30
Littlekokoya,2025-04-30
placed_today,2025-04-30
Inevitablykinda,2025-04-30
Randumgirl,2025-04-30
LolaZynxoxo,2025-04-30
Necessary-Living6767,2025-04-30
Strand1927,2025-04-30
Palm-and-jerry,2025-04-30
ResponsibleTea19,2025-04-30
OkReason4380,2025-04-30
ajdrawsthings,2025-04-30
Main-Associate-9669,2025-04-30
NotAPlasticSurgeon,2025-04-30
FireBall_yeahreal,2025-04-30
Blair_Bubbles,2025-04-30