author,date
Its_Khaleeesii_Bitch,2025-01-01
crackerthatcantspell,2025-01-01
Affectionate_Low4990,2025-01-01
Alternative-Yak1048,2025-01-01
tonyfo98,2025-01-01
FunMoneyLife,2025-01-01
Important_Berry9732,2025-01-01
Odd-Nobody9097,2025-01-01
bet055,2025-01-01
tsb9876,2025-01-01
Not_an_inspector,2025-01-01
Ready-Profile777,2025-01-01
clobber88,2025-01-01
Roughneck16,2025-01-01
Extra_Efficiency234,2025-01-01
suiteddx2,2025-01-01
Frequent_Thought9539,2025-01-01
Dear_Kangaroo3604,2025-01-01
Fit-Organization1858,2025-01-01
Frequent_Fly8044,2025-01-01
OldTailor5795,2025-01-01
QuietBeneficial8835,2025-01-01
mayfly3467,2025-01-01
sailing2smth,2025-01-01
CoverednHoney,2025-01-02
Comprehensive_End440,2025-01-02
Weird-Examination688,2025-01-02
Legal_Hope_2755,2025-01-02
Heartbr0ken40,2025-01-02
Babysub123,2025-01-02
tbluhp,2025-01-02
Fun_Sky_9297,2025-01-02
faxanaduu,2025-01-02
Appropriate_Explorer,2025-01-02
redchilipepperr,2025-01-02
DINGLEBUNNIES,2025-01-02
doc-hjkhcdsgv,2025-01-02
TheFaithMD,2025-01-02
cnblure,2025-01-02
DandersUp2,2025-01-02
SilverSkillz,2025-01-02
WolfAntique7232,2025-01-02
New_Bat_2773,2025-01-02
ParfaitAdditional469,2025-01-02
wonderwolfyt,2025-01-02
SpareCube,2025-01-02
flareblitz91,2025-01-02
milllllllllllllllly,2025-01-02
bendtowardsthesun,2025-01-02
mtaylor6841,2025-01-02
Sea_Corgi_36,2025-01-02
dart19,2025-01-02
IndependentPumpkin74,2025-01-02
Popular_Flamingo_712,2025-01-02
DHN_95,2025-01-02
Beatrix-the-floof,2025-01-02
Sometraveler85,2025-01-02
Agreeable_Jelly_7372,2025-01-02
lissarach,2025-01-02
CoolNefariousness865,2025-01-02
Ill-Instruction-1140,2025-01-02
Disgruntled_Engin33r,2025-01-02
baal-beelzebub,2025-01-02
Ill_Perspective64138,2025-01-02
SpiritedPurpose3752,2025-01-02
BlueRFR3100,2025-01-02
Covidfefe2020,2025-01-02
mrsbundleby,2025-01-02
Character-Ferret7558,2025-01-02
financethrowaway1013,2025-01-02
Spare-Map7132,2025-01-02
rob0055,2025-01-02
tootsie_mootsie,2025-01-02
Routine-Brilliant-36,2025-01-02
Agent_233,2025-01-03
Isaisaab,2025-01-03
Seasonal-drink,2025-01-03
abcode,2025-01-03
azul1283,2025-01-03
Traditional-Bus8265,2025-01-03
LaunchPad101,2025-01-03
BreakNo7825,2025-01-03
Skullman14,2025-01-03
Albedo100,2025-01-03
Tasty-Credit-4848,2025-01-03
need2feedpart2,2025-01-03
Stunning_Concept5738,2025-01-03
Remarkable-Data7301,2025-01-03
thebitnessman,2025-01-03
Equivalent_Impact360,2025-01-03
algecat,2025-01-03
AutoModerator,2025-01-03
SavyNeal92,2025-01-03
astrostar94,2025-01-03
simpleman3643,2025-01-03
Artistic_Amoeba_7778,2025-01-03
Nervous_Bat_4847,2025-01-03
itsmebrian,2025-01-03
rvaducks,2025-01-03
Adorable_Can_5502,2025-01-03
Antaryami2012,2025-01-03
sillypotat,2025-01-03
gem-end,2025-01-03
deadmongoose,2025-01-03
mossy-willow,2025-01-03
spectre73,2025-01-03
Klutzy_Turnip_3011,2025-01-03
ndc8833,2025-01-03
Phil-Pen-6931,2025-01-03
Visual_Sun_5977,2025-01-03
Call_Me_Badger,2025-01-03
therealnotarypublic,2025-01-03
Ok-Loquat6281,2025-01-03
AppropriateMarch3769,2025-01-03
Outrageous_Use_7473,2025-01-03
J5n,2025-01-03
OttoBaker,2025-01-03
Theinquisitor18,2025-01-03
PM_NETWRK_DIAGRAMS,2025-01-03
4EVRVentrue,2025-01-03
AhBobSaget654,2025-01-03
DragonxBlue,2025-01-03
opie80596,2025-01-03
CrazyOk2812,2025-01-03
Glamourbarbie,2025-01-03
TeachingMiddle3895,2025-01-03
Desperate_Smoke7747,2025-01-03
Ok_Enthusiasm956,2025-01-03
Sharp-Nobody-192,2025-01-04
StinkApprentice,2025-01-04
Odd-Investment-2285,2025-01-04
saywhat10001,2025-01-04
LadybugWonder801,2025-01-04
Ill_Tea_5904,2025-01-04
throwawayfed9406928,2025-01-04
Intrepid_Storm9908,2025-01-04
badgalmi,2025-01-04
ElderberryLarge9104,2025-01-04
Safe-Marionberry-484,2025-01-04
NatashaR933,2025-01-04
azuure_petal,2025-01-04
Professional_Fall_69,2025-01-04
Pretend_Pudding_2789,2025-01-04
WeirdArtTeacher,2025-01-04
Unintentionalclam,2025-01-04
Sure_Dot_9708,2025-01-04
AccidentalFolklore,2025-01-04
StrawberryOk5817,2025-01-04
ChrisShapedObject,2025-01-04
Moonoverlake20,2025-01-04
Turnbackme,2025-01-04
shell1212,2025-01-04
TigerDUI,2025-01-04
Successful-Type-2152,2025-01-04
Justuce9,2025-01-04
OnionTruck,2025-01-04
MaterialWin977,2025-01-04
Fit-Owl-7188,2025-01-04
macncheese196,2025-01-04
Icy-Pudding-9421,2025-01-04
No_Pie9233,2025-01-04
tanandblack,2025-01-04
Krispinxe,2025-01-05
Tetraplasandra,2025-01-05
SeniPapi,2025-01-05
platnara,2025-01-05
Omlette69,2025-01-05
RevolutionarySuit138,2025-01-05
Elegant-Somewhere236,2025-01-05
krystalgeyserGRAND,2025-01-05
stng17,2025-01-05
Throw_away_anomaly,2025-01-05
Cyprovix,2025-01-05
Inner_Baseball,2025-01-05
bontster2023,2025-01-05
PutinPoops,2025-01-05
Business_Truck9529,2025-01-05
Spiritual_Shelter_22,2025-01-05
Toothfairy-1987,2025-01-05
Throwaway74927593,2025-01-05
lovely_orchid_,2025-01-05
Practical-Double-279,2025-01-05
YannaFox,2025-01-05
Not_Cleaver,2025-01-05
2xsistar,2025-01-05
Last-Employer8750,2025-01-05
HawaiianCalabrese,2025-01-05
Technical_Valuable2,2025-01-05
Strange-Mix-9559,2025-01-05
aswerp,2025-01-05
DaFuckYuMean,2025-01-05
Federal-News-Network,2025-01-05
CrazyLady_TT,2025-01-05
chalakosaab,2025-01-06
Substantial_Share102,2025-01-06
vaSabres,2025-01-06
Chai-Tea-Rex-2525,2025-01-06
CurrlyWhirly,2025-01-06
ParsleyOk7195,2025-01-06
99ssordna,2025-01-06
Frofro69,2025-01-06
nmb0975,2025-01-06
Texas_2025,2025-01-06
billiesuebob,2025-01-06
baconlifejacket,2025-01-06
gaijinandtonic,2025-01-06
mynamegoewhere,2025-01-06
BuddahCall1,2025-01-06
Ill-Employee-7509,2025-01-06
Aggressive-Yam2607,2025-01-06
Likeatoothbrush,2025-01-06
Vegetable_Algae_5880,2025-01-06
DocSpock1701,2025-01-06
UniqueUnseen,2025-01-06
newishfedthrow1,2025-01-06
WeR_SoEffed,2025-01-06
climbing_butterfly,2025-01-06
Pale-Head-3910,2025-01-06
Critical_Pumpkin_516,2025-01-06
saturdaymydude,2025-01-06
Flaky_Maximum_5669,2025-01-06
MoreBurdenThanGlory7,2025-01-06
KJ6BWB,2025-01-06
No-Independence1970,2025-01-06
Useful_Mammoth_4031,2025-01-06
SanDiegoLuver2018,2025-01-06
valdocs_user,2025-01-06
TremontRhino,2025-01-06
DERed29,2025-01-06
chilly9678,2025-01-06
EquivalentComfort300,2025-01-06
pinotnewyork,2025-01-06
UsedCondom6,2025-01-06
Careful-Director69,2025-01-06
interested0582,2025-01-06
genghiskhernitz,2025-01-06
flashfearless,2025-01-06
Open__Skies,2025-01-06
thin9three,2025-01-06
glossyducky,2025-01-06
MostAdventurous2450,2025-01-06
Exact_Comparison_575,2025-01-06
Zestyclose_Chef343,2025-01-06
Competitive_Fact_381,2025-01-06
barrnowl42,2025-01-06
IceZealousideal4871,2025-01-06
ITSMETALKING,2025-01-06
Far-Finish-7341,2025-01-06
FixedFirmPrice,2025-01-06
wildgriffon,2025-01-06
mkm1671,2025-01-06
Musicislife21_,2025-01-06
Accomplished-Ad6019,2025-01-07
insidexoutside,2025-01-07
KLNorm,2025-01-07
Background-Worth-282,2025-01-07
Lazy-Hippo5257,2025-01-07
Rich_Kaleidoscope564,2025-01-07
Quinque,2025-01-07
Wood_Count,2025-01-07
FosterPlant,2025-01-07
vtpark97,2025-01-07
soldiernerd,2025-01-07
notthisagain0088,2025-01-07
Taztova,2025-01-07
dough301,2025-01-07
PNWest1988B,2025-01-07
physicssux,2025-01-07
OsnapingTurtles,2025-01-07
Ecstatic-Bullfrog724,2025-01-07
MoldedLemons,2025-01-07
SummitSloth,2025-01-07
swoop_burner,2025-01-07
Zero_to_Zeno,2025-01-07
Key-Can5684,2025-01-07
Sensitive-Sugar-8929,2025-01-07
delune21,2025-01-07
NarrowContribution87,2025-01-07
Exact-Worker7500,2025-01-07
felitopcx,2025-01-07
clumsygirl1113,2025-01-07
Cornholio231,2025-01-07
Queasy-Calendar6597,2025-01-07
Dangling_Klingon,2025-01-07
saucy-limes,2025-01-07
try-again_chaos,2025-01-07
Charming_Freedom9238,2025-01-07
MikeNYikez,2025-01-07
WhatARedditHole,2025-01-07
HODLBOY6,2025-01-07
Tall-Stuff-3078,2025-01-07
Background-Print-278,2025-01-07
FitGuy00001,2025-01-07
Informal_Feedback143,2025-01-07
Sad-Selection-6659,2025-01-07
NJ2FL09,2025-01-07
No-Currency-6700,2025-01-07
zHarmonic,2025-01-07
ih8drivingsomuch,2025-01-07
Only_Tour2280,2025-01-07
justalunarphase,2025-01-07
Deefoz,2025-01-07
lacroix_life,2025-01-07
StarTaxTNG,2025-01-07
LetsGototheRiver151,2025-01-07
Haihai1212,2025-01-07
SabresBills69,2025-01-07
BethV114,2025-01-08
tinkj916,2025-01-08
Burglejuice_47,2025-01-08
Starbunny911,2025-01-08
Playful-Monk,2025-01-08
Warm-Hamster1035,2025-01-08
plantlove0,2025-01-08
Excellent-Welcome408,2025-01-08
berrysauce,2025-01-08
jbatsz81,2025-01-08
Mahoney_2323,2025-01-08
lizzabells12,2025-01-08
MysteriousAd2089,2025-01-08
whitetightsforlyfe,2025-01-08
Murnax_,2025-01-08
Green-Award8955,2025-01-08
ShowPsychological830,2025-01-08
TheoTheCoffeeWolf,2025-01-08
jbm0724,2025-01-08
Tweetchly,2025-01-08
Such-News-8039,2025-01-08
TxAngryBull,2025-01-08
Tim4022,2025-01-08
SSMThrowaway2,2025-01-08
Traditional_Sir9150,2025-01-08
Signal-Kiwi3994,2025-01-08
ithinkitsfunny0562,2025-01-08
puukkeriro,2025-01-08
tooboredugh,2025-01-08
0phobia,2025-01-08
Baritoneukulele,2025-01-08
Formal-Blueberry-203,2025-01-08
InternationalRead739,2025-01-08
VulnerableTrustLove,2025-01-08
WontonSuperman_21,2025-01-08
J891206,2025-01-08
LesTroisT,2025-01-08
ResponsibleWitness84,2025-01-08
No_Illustrator5592,2025-01-08
Nonamee2017,2025-01-08
arborealogue,2025-01-08
Sextooth,2025-01-08
TargetTrick9763,2025-01-08
Electrical_Flowerboy,2025-01-08
Zealousideal_Mud4961,2025-01-08
Glittering-Round-872,2025-01-08
amateurdwarftosser,2025-01-08
Darv123,2025-01-08
nrkelly,2025-01-08
Super_Job_2243,2025-01-08
braverollercoaster,2025-01-08
EstablishmentOk4984,2025-01-08
Necessary_Tea203,2025-01-08
MisterSnrub1,2025-01-08
somewheredesigning,2025-01-08
new_to_fed,2025-01-08
Kindly_Site_5440,2025-01-08
Fit_Manufacturer2539,2025-01-08
MycoRoo,2025-01-08
Familiar-Recipe5168,2025-01-08
Honeycomb2016,2025-01-08
mermaid0590,2025-01-08
Historical_Self2366,2025-01-08
twtwtwtwtwtwtw,2025-01-08
renderedinsilver,2025-01-08
GWOTdope6-9,2025-01-09
Beginning_Fig_9633,2025-01-09
GoPokes_2010,2025-01-09
KentuckySprings,2025-01-09
HipsterNonsenseLemon,2025-01-09
ConsistentHalf2950,2025-01-09
bodaciousbird57,2025-01-09
Bitter-Letter7560,2025-01-09
TheVaneOne,2025-01-09
Nebiatham,2025-01-09
StandardDisastrous11,2025-01-09
thatturtletouch,2025-01-09
iampewpew,2025-01-09
AcanthaceaeAfraid337,2025-01-09
Educational_Swim8665,2025-01-09
RhamkatteWrangler,2025-01-09
Ambitious-9215,2025-01-09
Heavy-Coffee-4227,2025-01-09
xXIDaShizIXx,2025-01-09
Vast_Penalty_5113,2025-01-09
xiphoid77,2025-01-09
Low-Restaurant-3979,2025-01-09
insignificant33,2025-01-09
DocofNonhumans,2025-01-09
Kru_congau,2025-01-09
CeaseAndDeCis,2025-01-09
TightTwo1147,2025-01-09
Y_So_Mad_Brahh,2025-01-09
Embarrassed-Style377,2025-01-09
FedSomething6789,2025-01-09
_-reddit-,2025-01-09
amyhobbit,2025-01-09
Such-Might5204,2025-01-09
Kingmaker19702,2025-01-09
himynameisSal,2025-01-09
Reasonable_Tank_3530,2025-01-09
Imaginary-Turn3669,2025-01-09
vinceli2600,2025-01-09
unheimliches-hygge,2025-01-09
Affectionate_Sail_95,2025-01-09
robertdobbsjr,2025-01-09
Dismal_Olive_239,2025-01-09
Real-Place-5095,2025-01-09
abde0070,2025-01-09
Peach_hawk,2025-01-09
TravelnGoldendoodle,2025-01-09
whyamiacsmajor,2025-01-09
chikkyone,2025-01-09
Flashy_Look_1185,2025-01-09
retardanted,2025-01-09
NovelBrave,2025-01-09
nialara,2025-01-09
IdiSsenT12,2025-01-09
gpupdate,2025-01-09
Healthy-Election-906,2025-01-09
WhatIsItYouCntFace,2025-01-09
Beneficial_Boss_4446,2025-01-09
too-tall-jones,2025-01-09
Ok-Audience-9055,2025-01-09
nickster9496,2025-01-09
SAR0481,2025-01-09
TallSomewhere6088,2025-01-10
BooBelly,2025-01-10
Blonde_In_Motion,2025-01-10
No-Bookkeeper8183,2025-01-10
Best_Surprise4504,2025-01-10
GonsFishingrod_,2025-01-10
Many-Palpitation9852,2025-01-10
Creepy_Finish1497,2025-01-10
Ornery_Program_7906,2025-01-10
electrikman,2025-01-10
Six_Times,2025-01-10
sharp1988,2025-01-10
Cubsfantransplant,2025-01-10
trademarktower,2025-01-10
leasehacker,2025-01-10
NatSecPolicyWonk,2025-01-10
00Qant5689,2025-01-10
CrisCathPod,2025-01-10
Fit_Juggernaut_673,2025-01-10
bhutjolokia89,2025-01-10
Majestic_Emu2600,2025-01-10
StreetEnd6322,2025-01-10
kendall1287,2025-01-10
Cosmo_Hunter,2025-01-10
ChronicSpoonie503,2025-01-10
Certain_Bandicoot_60,2025-01-10
PermissiveActionLink,2025-01-10
Emotional-Regret-656,2025-01-10
Superb_Market_1947,2025-01-10
dayne1386,2025-01-10
Sarftuck,2025-01-10
Budget-Roll4214,2025-01-10
Economy_Acadia_5257,2025-01-10
boring_intentions,2025-01-10
Stikinok41,2025-01-10
Mrsa1983,2025-01-10
No-Escape2479,2025-01-10
Psychological_Wish54,2025-01-10
SceneMajestic7171,2025-01-10
Reasonable-Ad-7518,2025-01-10
kpreyna,2025-01-11
F00dies,2025-01-11
One-Kitchen-4233,2025-01-11
ParticularEmploy1137,2025-01-11
Automatic-Media4589,2025-01-11
Square-Shoulder-1861,2025-01-11
ruledbypets,2025-01-11
FedzEzZedzMedz,2025-01-11
ExceptionCollection,2025-01-11
GDS-Virginia,2025-01-11
Antique-Flatworm-465,2025-01-11
wcsib01,2025-01-11
Drash1,2025-01-11
HenryK81,2025-01-11
skycastle7,2025-01-11
Wink527,2025-01-11
IrishLassie32,2025-01-11
Consistent-Bit-4014,2025-01-11
beatmeater12345,2025-01-11
bearded_hog628,2025-01-11
Top_Task9988,2025-01-11
Mammoth_Command3652,2025-01-11
OldGamer81,2025-01-11
TheDynamicButch,2025-01-11
nickig1983,2025-01-11
romychestnut,2025-01-11
kaeidon-,2025-01-11
DecentInfluence8241,2025-01-11
Confident-Candy2594,2025-01-11
JackinOKC,2025-01-11
httmper,2025-01-11
Greedy-Research-3231,2025-01-11
ShipCopTX,2025-01-12
TheFrederalGovt,2025-01-12
mynose_it_itches,2025-01-12
sand_pebbles,2025-01-12
spacebat909,2025-01-12
Sensitive_Spirit1759,2025-01-12
Low_Abroad_2446,2025-01-12
SadRedShirt,2025-01-12
RefraddyDaddy,2025-01-12
Both_Marionberry_487,2025-01-12
AloneTicket9312,2025-01-12
Hot_Lengthiness_9206,2025-01-12
ExPatWannabe2,2025-01-12
Bitter-Breath-9743,2025-01-12
jeece,2025-01-12
MajesticDrive400,2025-01-12
Maceph,2025-01-12
Latter_Application12,2025-01-12
skedeebs,2025-01-12
Cautious-Afternoon-1,2025-01-12
This-Paleontologist3,2025-01-12
SeattleSeals,2025-01-12
Parking_War_4100,2025-01-12
mmaxey1952,2025-01-12
Unique_username93_,2025-01-12
DisastrousSong9966,2025-01-12
money07110711,2025-01-12
Head_Pop2433,2025-01-12
Wide_Syrup_9662,2025-01-12
Empty-Masterpiece368,2025-01-12
wortmaldo,2025-01-12
Puzzleheaded_Cat_711,2025-01-12
Rare_Subject_1709,2025-01-12
El73camino,2025-01-13
project_porkchop,2025-01-13
xindierockx7114,2025-01-13
Star_Crusher69,2025-01-13
techn0goddess,2025-01-13
Glum-Drive6931,2025-01-13
Itsbeenalongdecember,2025-01-13
Merman_Pops,2025-01-13
BrwnSk1nGirl,2025-01-13
FourthNorth1011,2025-01-13
TipsyTacos,2025-01-13
TheForce627,2025-01-13
boogieee233,2025-01-13
Appropriate_Tank_570,2025-01-13
blargtheavenger,2025-01-13
Independent_Outside7,2025-01-13
FuriousBuffalo,2025-01-13
hippopotapistachio,2025-01-13
Fit_Resident_8431,2025-01-13
PauseMost3019,2025-01-13
GobbledyGooker123,2025-01-13
denimdog11,2025-01-13
Iggypopsa1,2025-01-13
Where_is_it_going,2025-01-13
Few_Preparation8897,2025-01-13
wookerTbrahshington,2025-01-13
Familiar_Director707,2025-01-13
PhilosophyOk1594,2025-01-13
Haunting_Mark_759,2025-01-13
hrdCory,2025-01-13
Pale-Ad-295,2025-01-13
RoseisGold2020,2025-01-13
Temporary_Phrase_947,2025-01-13
RunYouWolves,2025-01-13
larvalu,2025-01-13
ri0thamus,2025-01-13
whatisaredditanyways,2025-01-13
Loose-Risk-9953,2025-01-13
Plate4242d,2025-01-13
Cold-Memory-2493,2025-01-13
desertwench,2025-01-13
throwawayforday123,2025-01-13
shannonc321,2025-01-13
jaxrolo,2025-01-13
-coen,2025-01-13
HoboSloboBabe,2025-01-13
Fearless-Problem-123,2025-01-13
Lonely-Law9924,2025-01-13
herecomesthedrums,2025-01-13
MellyA21,2025-01-13
leroynicks,2025-01-13
BatSniper,2025-01-13
ProfessionalDot4680,2025-01-13
owter12,2025-01-13
ObjectiveWest3970,2025-01-13
Elegant_Human_Being,2025-01-13
Foster424,2025-01-13
operationostrich,2025-01-13
jmet82,2025-01-13
chocolatebartornado,2025-01-13
JShaunOfTheDead,2025-01-13
ThoughtMedical102,2025-01-13
Oathkeeper26,2025-01-13
tazntoonce,2025-01-13
Czar1987,2025-01-13
Sure-Victory7172,2025-01-13
eldritchmoon88,2025-01-13
SuggestionSharp9356,2025-01-13
zinfandelbruschetta,2025-01-13
FlashySwordfish1949,2025-01-13
Eika1013,2025-01-13
Total_Process_5889,2025-01-14
guvner,2025-01-14
CarelessHat6738,2025-01-14
Dependent_Ninja3185,2025-01-14
Ok_Lengthiness6543,2025-01-14
StBernard2000,2025-01-14
Crafty_Concept8187,2025-01-14
sudsomatic,2025-01-14
Comfortable_Roll_315,2025-01-14
Ruggiesbutt,2025-01-14
thrawtes,2025-01-14
Ok-Woodpecker-3059,2025-01-14
Head-Reference9876,2025-01-14
BlueStarAirlines21,2025-01-14
Present_Coconut_4101,2025-01-14
Ok-Leg-1943,2025-01-14
freshjackson,2025-01-14
InternetPleasant,2025-01-14
Due-Invite6060,2025-01-14
Tasty-Background-964,2025-01-14
One_Kaleidoscope_202,2025-01-14
lexixon212,2025-01-14
Flaky_Resolution_83,2025-01-14
One_Lingonberry6546,2025-01-14
Informal_Distance,2025-01-14
Sea_Box_2917,2025-01-14
Vinyl_Fanatic,2025-01-14
Throwawayvet2022,2025-01-14
xJUN3x,2025-01-14
ThrowawayClass248,2025-01-14
Melodic-Berry-8635,2025-01-14
CompResearcher93,2025-01-14
emperordune55,2025-01-14
SameBath542,2025-01-14
aaaaaaaaaaaaaaaa_s,2025-01-14
Blacknoir,2025-01-14
bloomberglaw,2025-01-14
AmbitiousPolar-Bear,2025-01-14
mossbeetle,2025-01-14
EconomistRound9222,2025-01-14
investoroma,2025-01-14
Pietsch2020_,2025-01-14
Extra_Hovercraft7201,2025-01-14
mastaquake,2025-01-14
Nintendude3000,2025-01-14
tencrazygear,2025-01-14
Catskill_Meandering,2025-01-14
Lady_of_the_Sea,2025-01-14
chainoffools16,2025-01-14
rconn2,2025-01-14
mntplains,2025-01-14
Continentalop88,2025-01-14
PEGGYGHOST,2025-01-15
FireGBoom,2025-01-15
anonymousAlias4,2025-01-15
Broad_Dress_7161,2025-01-15
Radsmama,2025-01-15
PrudentMeal4016,2025-01-15
OlivePrestigious7570,2025-01-15
rulala99,2025-01-15
J_burn-,2025-01-15
Present_Sink_9532,2025-01-15
8bitW33kend,2025-01-15
South_Ad1486,2025-01-15
Greencodysolaf,2025-01-15
No-Blood4503,2025-01-15
Suga_Pudden_220,2025-01-15
jontestershaircut,2025-01-15
ohwowverycool69,2025-01-15
Mammoth_Application,2025-01-15
RBFisntmyrealface,2025-01-15
This-Dig-6142,2025-01-15
Immediate_Sky1802,2025-01-15
smokinLobstah,2025-01-15
wopwoman13,2025-01-15
LondynRose,2025-01-15
Hungry-Notice2299,2025-01-15
throwaway283967,2025-01-15
DC-Jayhawk,2025-01-15
Emiko9167,2025-01-15
shyguy1953,2025-01-15
Threes-and-Eights,2025-01-15
TFaust75,2025-01-15
Normal_Situation9497,2025-01-15
hygeahome,2025-01-15
Head_Associate3073,2025-01-15
Chav077,2025-01-15
Direct-Telephone-254,2025-01-15
SolicitedAdvisor,2025-01-15
fuzzyparrit,2025-01-15
AlphaEwi,2025-01-15
ProblemOne3213,2025-01-15
H2O4U,2025-01-15
No-Dragonfly-1194,2025-01-15
Zilch1979,2025-01-15
Ducky2022,2025-01-15
new-2this,2025-01-15
LaFairee,2025-01-15
kerilynns,2025-01-15
masterblast_tn_9097,2025-01-15
Power_to_thesheeple,2025-01-15
Maxpowerxp,2025-01-15
TheReal_CaptDan,2025-01-15
SquashImaginary8307,2025-01-15
MuchCardiologist160,2025-01-15
Miserable_Depth_1643,2025-01-15
PhillytoPhilly,2025-01-15
gametimeee,2025-01-15
griz-lee-430,2025-01-15
greeneyesnopatience,2025-01-15
Sidney_Squid,2025-01-15
cardinaliste,2025-01-15
LockedOutOfElfland,2025-01-15
RegulatorRWF,2025-01-15
MeetingNo6898,2025-01-15
ggffguhhhgffft,2025-01-15
st1sj,2025-01-16
AMundaneSpectacle,2025-01-16
Awatson704,2025-01-16
WWYDWYOWAPL,2025-01-16
lady_nerdfighter,2025-01-16
Pure-Shores,2025-01-16
AcademicSupport5423,2025-01-16
crimsonycream,2025-01-16
Due_Total9717,2025-01-16
sbsp,2025-01-16
curlsthefangirl,2025-01-16
LadyJulieC,2025-01-16
jaxdude16,2025-01-16
HxH101kite,2025-01-16
Secret_Brother3070,2025-01-16
Poomped,2025-01-16
TyeMoreBinding,2025-01-16
MikesGoldenDream,2025-01-16
Neither-Argument-356,2025-01-16
Entire_Ride6445,2025-01-16
LikkleFoot,2025-01-16
Inevitable-Rest-4652,2025-01-16
thellama12345,2025-01-16
DinoMaster365,2025-01-16
BingleBean,2025-01-16
RilkeanHearth,2025-01-16
WolframiumK4,2025-01-16
Different-Motor3547,2025-01-16
Hopeful-Blacksmith38,2025-01-16
DryManagement6281,2025-01-16
Ok-Half-3766,2025-01-16
completelyded,2025-01-16
Throwaway51069293,2025-01-16
FriarThelonious,2025-01-16
Head-Confection-1456,2025-01-16
FutureBulletSponge,2025-01-16
HospitalLeast4147,2025-01-16
MarlinMaverick,2025-01-16
legally_brunette899,2025-01-16
GlitterLavaLamp,2025-01-16
Kramp35k,2025-01-16
MTRIMROCKS,2025-01-16
Ajax_Hapsburg,2025-01-16
fozzie33,2025-01-16
Rolling_Eyes75,2025-01-16
Fun_Buddy_4447,2025-01-16
justadrari,2025-01-16
Violetorchid15,2025-01-17
haonconstrictor,2025-01-17
Universe789,2025-01-17
Numerous-One-1265g,2025-01-17
R1CHARDCRANIUM,2025-01-17
Beautiful-Policy8153,2025-01-17
williamj0nes1,2025-01-17
Excellent_Doughnut,2025-01-17
artgalleryx,2025-01-17
CovidRedpanda,2025-01-17
National_Advantage_2,2025-01-17
zangster,2025-01-17
enopets,2025-01-17
pi-and-a-half,2025-01-17
ConfusedRandomUser,2025-01-17
BoatyMcBoatface1980,2025-01-17
OK_Humor368,2025-01-17
traveling_belle803,2025-01-17
Training_Duck_9881,2025-01-17
Longtimefed,2025-01-17
LiquidPepper,2025-01-17
Wrong-Camp2463,2025-01-17
Salt_Masterpiece_513,2025-01-17
Common-University359,2025-01-17
charlie_4424,2025-01-17
ThatVoodooThatIDo,2025-01-17
slumberingthundering,2025-01-17
Fremen_21,2025-01-17
Middle-Fix1148,2025-01-17
ncmav,2025-01-17
I_just_pooped_again,2025-01-17
Alive-Ad7492,2025-01-17
Total-Arrival3349,2025-01-17
Bill_maaj1,2025-01-17
VisibleCompote6189,2025-01-17
littlepoison,2025-01-17
_caffeinatedsloth_,2025-01-17
Ok_Seaworthiness2808,2025-01-17
finefloras,2025-01-17
hotpocket4yo,2025-01-17
Gone_Hiking,2025-01-17
PuckSR,2025-01-17
HerdedBeing,2025-01-17
Amonamission,2025-01-17
YellowCompetitive445,2025-01-17
SubstantialPie86,2025-01-17
Better_Use9734,2025-01-17
mcsterious,2025-01-17
Cumulonimbus_2025,2025-01-17
joshJFSU,2025-01-17
yung_accounting_boul,2025-01-17
BeautifulFrosting505,2025-01-17
Medical_Process1071,2025-01-17
mags421,2025-01-17
Dismal_Bobcat8,2025-01-17
EliteRanger001,2025-01-17
Flitzer-Camaro,2025-01-17
Unlikely-Compote-534,2025-01-17
Available_Diver5607,2025-01-17
Ill_Success_2253,2025-01-17
Terme_Tea845,2025-01-17
Relative-Gazelle8056,2025-01-17
lemonjoooos,2025-01-17
Low-Willingness844,2025-01-17
HighHeelDepression,2025-01-17
Background-War9535,2025-01-17
surfkaboom,2025-01-17
tbone338,2025-01-17
VasquezWC,2025-01-17
wickisis,2025-01-18
throwawayfake1912,2025-01-18
betj67,2025-01-18
Perfect_Wolf_7516,2025-01-18
Illustrious_Cry4495,2025-01-18
InternationalRich932,2025-01-18
RuleEnvironmental12,2025-01-18
Successful_Touch1533,2025-01-18
ProfessorACam,2025-01-18
ExtremeValueDistro,2025-01-18
skim__beeble,2025-01-18
Flipcoffee11,2025-01-18
Bearcatsean,2025-01-18
NewbGrower87,2025-01-18
Realistic_Humor_4746,2025-01-18
Friendly-Display-387,2025-01-18
Thefullerexpress,2025-01-18
annee_montana,2025-01-18
Zignobe,2025-01-18
SmokeTimely4333,2025-01-18
Mysterious-Session23,2025-01-18
OwlEnvironmental666,2025-01-18
ProFedSir,2025-01-18
EthanWilliams_TG,2025-01-18
Love4RVA,2025-01-18
pissygallery,2025-01-18
DonutLove47,2025-01-18
sashablah,2025-01-18
Strange_Concentrate7,2025-01-18
wallstreet12,2025-01-18
Lan098,2025-01-18
JamieL11,2025-01-18
Historian1066,2025-01-18
monicaca1981,2025-01-18
Sea_Armadillo_9615,2025-01-18
EmergencyEconomist54,2025-01-18
AdInfamous3465,2025-01-19
thetitleofmybook,2025-01-19
Shore-Duty,2025-01-19
vinniegambini,2025-01-19
travelguy3087,2025-01-19
charcoalist,2025-01-19
ZorroLives9,2025-01-19
N0vaSam,2025-01-19
SpeedSimple5113,2025-01-19
fairycupcake23,2025-01-19
Alm0stYou,2025-01-19
Donzi98,2025-01-19
cobrajmr,2025-01-19
Moist_Letterhead1183,2025-01-19
b_lurky,2025-01-19
MeanSugar352,2025-01-19
LetFormal8878,2025-01-19
usernamefoshow,2025-01-19
Total-Method3881,2025-01-19
AccomplishedCow5766,2025-01-19
yiqimiqi,2025-01-19
Bennyandthejets2022,2025-01-19
Dogbuysvan,2025-01-19
Trumpflation,2025-01-19
RainbowCrown71,2025-01-19
imed85,2025-01-19
Deadpotato420,2025-01-19
Material_Writing3799,2025-01-19
RedUser2024,2025-01-19
GoBills918,2025-01-19
screamintothev01d,2025-01-19
igotfiveonit,2025-01-19
SignificantBoxed,2025-01-19
Equal-Marsupial9863,2025-01-19
Floormonitor,2025-01-19
absolut696,2025-01-19
v-rok,2025-01-19
Initial_Package_978,2025-01-19
Newpops21,2025-01-20
Indy11111,2025-01-20
Kind-Sign-4575,2025-01-20
Low-Sun2549,2025-01-20
Living_Fun_177,2025-01-20
MiserableFed,2025-01-20
zhaoslut,2025-01-20
Grand_Round9190,2025-01-20
vwaldoguy,2025-01-20
u_only_yolo_once_,2025-01-20
Greedy-Debate-1757,2025-01-20
stuck-n_a-box,2025-01-20
Purple-Technician637,2025-01-20
15all,2025-01-20
Humpty_Dumps,2025-01-20
FirefighterAny6054,2025-01-20
Traditional-Comb-302,2025-01-20
gentle_lemon,2025-01-20
Ok_Newspaper_1992,2025-01-20
WolfBuster2022,2025-01-20
cornelious1212,2025-01-20
Inflatable-yacht,2025-01-20
Major_Play3847,2025-01-20
Whats_That_Smell4298,2025-01-20
Minimum_Thought_2128,2025-01-20
Parking_Band_5019,2025-01-20
Thiswebsitescaresme,2025-01-20
depp-fsrv,2025-01-20
Let_me_tell_you_,2025-01-20
DonRojoUSMC,2025-01-20
trvlf,2025-01-20
dbgindy,2025-01-20
Longjumping-Stop107,2025-01-20
sometimesparatus1790,2025-01-20
wizardofthefuture,2025-01-20
Novel-Secretary1954,2025-01-20
Unlucky-Common229,2025-01-20
rvajeff,2025-01-20
Old_Cartographer_586,2025-01-20
Ok-Assistant-9213,2025-01-20
Sad_Acadia7106,2025-01-20
rbloedow,2025-01-20
fubag,2025-01-20
Gullible_Ad5923,2025-01-20
ngewakakq,2025-01-20
ejd1984,2025-01-20
Mountain-Leave6640,2025-01-20
MinutePianist4350,2025-01-20
Michael_Knight25,2025-01-20
MochaCheek,2025-01-20
Emotional_Cash5310,2025-01-20
rprz,2025-01-20
andre3kthegiant,2025-01-20
tstubbs7,2025-01-20
tiptoptony,2025-01-20
YoungCastro086,2025-01-20
JenMayoDC,2025-01-20
Master-Mirror1917,2025-01-20
Fantine56,2025-01-20
SnooDoughnuts9515,2025-01-20
todreamindigital,2025-01-20
ImportanceVivid4060,2025-01-20
dww0311,2025-01-20
jarjarwarrior,2025-01-20
Fair_Description8109,2025-01-20
General_Candle_9429,2025-01-20
Beneficial_Drop_171,2025-01-20
Rude-Western-336,2025-01-20
Jason_1834,2025-01-20
SueAnnNivens,2025-01-20
Livid-Piglet3557,2025-01-20
2onezero,2025-01-20
theglibness,2025-01-20
Peanut_Butter_Bitter,2025-01-20
ThaddeusJP,2025-01-20
Far_Pineapple8541,2025-01-20
shipwrecked97,2025-01-20
RedRaiderRocking,2025-01-20
Comfortable-Wolf-445,2025-01-20
Worth-Athlete-9953,2025-01-20
InfluenceWeak,2025-01-20
Gregor1694,2025-01-21
Independent-Kiwi-192,2025-01-21
Alert-Yogurtcloset93,2025-01-21
mmgapeach,2025-01-21
Dry_Cardiologist_505,2025-01-21
Karmakazelaw,2025-01-21
FamiliarRip8558,2025-01-21
ebolamonk3y,2025-01-21
Naive_Inflation5768,2025-01-21
NoxDust,2025-01-21
SubstantialGold5238,2025-01-21
AdministrativeWin583,2025-01-21
cajun61308,2025-01-21
newyorker8786,2025-01-21
nevernotdebating,2025-01-21
cashmere_black,2025-01-21
danielsuarez369,2025-01-21
bobolly,2025-01-21
FierceN-Free,2025-01-21
orangedustt,2025-01-21
14NSTL,2025-01-21
Miserable_Club2065,2025-01-21
MushroomOk846,2025-01-21
AnotherMulchyy,2025-01-21
xxProdigyy,2025-01-21
Sharp_Ad_9462,2025-01-21
donaggie03,2025-01-21
Timeisoftheessence11,2025-01-21
T400,2025-01-21
spincycleon,2025-01-21
AnonUserAccount,2025-01-21
Striking-Reading2270,2025-01-21
Leather_Table9283,2025-01-21
Beautiful-Adagio,2025-01-21
skeptical_beaver,2025-01-21
Solid_Degree4231,2025-01-21
Icy-Appearance347,2025-01-21
Material_Ordinary306,2025-01-21
Imanewsjunkie,2025-01-21
Illustrious_Soft_372,2025-01-21
Basic-Western-9124,2025-01-21
libertar,2025-01-21
carpediemgal,2025-01-21
Powerful_Gas_7833,2025-01-21
jillsalwaysthere,2025-01-21
FIRElady_Momma,2025-01-21
Live_Victory_5478,2025-01-21
AutismThoughtsHere,2025-01-21
SecMcAdoo,2025-01-21
marylandusa1981,2025-01-21
HandElectronic9403,2025-01-21
No-Listen-9514,2025-01-21
No_Bread1018,2025-01-21
poprocks10,2025-01-21
Ok-Roll-4193,2025-01-21
miauguau44,2025-01-21
Murky-Suggestion8376,2025-01-21
ExistingFreedom3001,2025-01-21
DrChansLeftHand,2025-01-21
thickthighsntits815,2025-01-21
p0so,2025-01-21
Seventy_Seven,2025-01-21
Ok_Consequence5588,2025-01-21
FlavorfulCondomints,2025-01-21
CoverCommercial3576,2025-01-21
Legal_Reflection4569,2025-01-21
Alarmed-Main-8178,2025-01-21
Dr_Indian4MAGA,2025-01-21
BrassBondsBSG,2025-01-21
Money-Maker-75,2025-01-21
kinsalia,2025-01-21
OrganicflowerV,2025-01-21
Sandwich381,2025-01-21
limeade17,2025-01-21
Weary-Percentage8444,2025-01-21
PourCoffeaArabica,2025-01-21
Natural-Promise-78,2025-01-21
jestein123,2025-01-21
IcyChampion9750,2025-01-21
aqua410,2025-01-21
SomewhereAdventuring,2025-01-21
KB488,2025-01-21
Mind_Explorer,2025-01-21
Difficult-Quarter-48,2025-01-21
josbor11,2025-01-21
ART23cherry,2025-01-21
appliedecon123,2025-01-21
LilGrippers,2025-01-21
heyitsme181,2025-01-21
whiskey_formymen,2025-01-21
Better_Sherbert8298,2025-01-21
mymilkweedbringsallt,2025-01-21
edgardog115,2025-01-21
LowOption7107,2025-01-21
Neat_Flight_1021,2025-01-21
timeforgoodtouble,2025-01-21
Any_Relative_6271,2025-01-21
Proper-Store3239,2025-01-21
Threedham,2025-01-21
ThrowRA_skil,2025-01-21
Accomplished-Knee740,2025-01-21
Responsible-Cod-8662,2025-01-21
toniii95,2025-01-21
pean-,2025-01-21
PerfectTangelo,2025-01-21
MEEP1378,2025-01-21
Physical_Pound8191,2025-01-21
CGraceSmith,2025-01-21
No-Day-5964,2025-01-21
SuperStupidUser,2025-01-21
WileyNoCoyote,2025-01-21
CirrusX3,2025-01-21
lowbar828,2025-01-21
A_Few_Electrons,2025-01-21
Dependent-Crew2111,2025-01-21
santino88,2025-01-21
Keystonelonestar,2025-01-21
ornothoptogist,2025-01-21
Natural-Reindeer-546,2025-01-21
Humble_Breadfruit496,2025-01-21
JuhBoiJ,2025-01-21
HumanAnalyst2316,2025-01-21
TropicallyMixed80,2025-01-21
Savings_Pie_8470,2025-01-21
Whimsical-Farmer1,2025-01-21
Delicious-Map-1217,2025-01-21
Suhweetusername,2025-01-21
Fearless-Art-9358,2025-01-21
Resident-Bird1177,2025-01-21
willbithersIV,2025-01-21
ContributionNew2667,2025-01-21
Kyngzilla,2025-01-21
Severe_Honey_2725,2025-01-21
mikeyfishes,2025-01-21
Defiant-Statement-71,2025-01-21
Perfect_Clue2081,2025-01-21
PraesidiumData,2025-01-21
spiritghost1,2025-01-21
No-Stand514,2025-01-21
ThoughtIcy6197,2025-01-21
CCR-Cheers-Me-Up,2025-01-21
Arhimin,2025-01-21
Sweaty_Concentrate51,2025-01-21
deed94,2025-01-21
Consistent-Pain-1290,2025-01-21
wawawari,2025-01-21
ChiaraDelRey22,2025-01-21
Anxious-Corgi2067,2025-01-21
Earthgate,2025-01-21
CriticalFuel7713,2025-01-21
GFP-tagged,2025-01-21
Sufficient_Sir6527,2025-01-21
Crazy-Definition-404,2025-01-21
samsta555,2025-01-21
KittyKatze3,2025-01-21
klimekam,2025-01-21
Top_Flight_Badger,2025-01-21
Future_One_3718,2025-01-21
ctrl_alt_delete3,2025-01-21
csk0704,2025-01-21
AccomplishedChip1871,2025-01-21
grixxlybear9,2025-01-21
Wight_Crow,2025-01-21
threeighty,2025-01-21
r0s13b34r,2025-01-21
archaeology2019,2025-01-21
fnasfnar,2025-01-21
hugh4302,2025-01-21
AilithTycane,2025-01-21
BlindBandit988,2025-01-21
techReese,2025-01-21
Hank6285,2025-01-21
servicioexterior,2025-01-21
Halvinz,2025-01-21
HotLie150,2025-01-21
TheBigFezz,2025-01-22
Sea_Republic_856,2025-01-22
Washingtonballer2546,2025-01-22
AllLikeWhatever,2025-01-22
68quebec,2025-01-22
waffleknope99,2025-01-22
ImpossibleQuail5695,2025-01-22
Firm_Extension_4407,2025-01-22
jesusismycodependent,2025-01-22
NeonAzollaEvent,2025-01-22
Ill-Peak3008,2025-01-22
happyfundtimes,2025-01-22
rocksnsalt,2025-01-22
Altruistic_Squash_97,2025-01-22
No_Eagle_9918,2025-01-22
rosiedariveter33,2025-01-22
Wolf_for_Short,2025-01-22
cappy267,2025-01-22
studmuffffffin,2025-01-22
NeedWorkFast-CSstud,2025-01-22
Manatherin,2025-01-22
Automatic-Vanilla367,2025-01-22
RoamingBlueBoid,2025-01-22
col0rfulclouds,2025-01-22
hamburglar10101010,2025-01-22
WhiskeyLifts2020,2025-01-22
Fit-Butterscotch9228,2025-01-22
LinkOld3178,2025-01-22
kawaiihearts82,2025-01-22
dpsandiego,2025-01-22
icycarp,2025-01-22
TheTycoon,2025-01-22
TotosRubySlippers,2025-01-22
More_Price_6367,2025-01-22
Progressive_Insanity,2025-01-22
Techbro101-999,2025-01-22
WideOpinion7987,2025-01-22
hurrdurr3389,2025-01-22
Adventurous-Net8347,2025-01-22
mysideofthemountain_,2025-01-22
Intrepid_King5397,2025-01-22
NotPalagiPuka,2025-01-22
PinkOasis,2025-01-22
daveblue609280,2025-01-22
cheeseyfartdiaper,2025-01-22
Sands_Of_Time8519,2025-01-22
TopWonderful7875,2025-01-22
tccrruth,2025-01-22
Methodled,2025-01-22
cdalspaw,2025-01-22
kingsvictory,2025-01-22
shawarmadjej,2025-01-22
FramboiseShadow,2025-01-22
RalphTomson,2025-01-22
False-Promise-7147,2025-01-22
ApprehensiveSwitch18,2025-01-22
CHEAHAEHC,2025-01-22
Time-Criticism-3696,2025-01-22
ActuatorSmall7746,2025-01-22
notthatgrrrl,2025-01-22
Old_Measurement_6575,2025-01-22
Imaginary_Matter4002,2025-01-22
Future-Muffin-2088,2025-01-22
zocoop27,2025-01-22
flippo69,2025-01-22
Gibbyalwaysforgives,2025-01-22
Kitchen-Ad7698,2025-01-22
t2funkie,2025-01-22
throwawayJD19,2025-01-22
D1bamagirl,2025-01-22
Far_Archer4051,2025-01-22
SuspiciousPair550,2025-01-22
Content_Drop_5456,2025-01-22
LiteratureVarious643,2025-01-22
Incognito_877,2025-01-22
Derp35712,2025-01-22
Latoritsa,2025-01-22
Gloomy_Ground1358,2025-01-22
RW63,2025-01-22
okaywithwhoiam,2025-01-22
Lions_Eye,2025-01-22
Salt_Adeptness_8205,2025-01-22
candiedkane,2025-01-22
GreyLoad,2025-01-22
infddtbkoi,2025-01-22
JackieAce,2025-01-22
ShmadowShmocha,2025-01-22
Lelo_B,2025-01-22
Xyzzydude,2025-01-22
ShotGoat7599,2025-01-22
Alternative_Eye6494,2025-01-22
GorkyParkSculpture,2025-01-22
Hot-Assistant-6042,2025-01-22
amk0521,2025-01-22
FlyNSail22,2025-01-22
Interesting-Drama317,2025-01-22
FishingJealous3004,2025-01-22
S68_X5MC,2025-01-22
back-in-business,2025-01-22
No_Specific_9577,2025-01-22
secondcorkihittower,2025-01-22
Secret-Milk-9943,2025-01-22
AgilePromotion8778,2025-01-22
Giant_Jackfruit,2025-01-22
ComprehensivePut2706,2025-01-22
Hereforthethreads8,2025-01-22
Friendly-Editor-1569,2025-01-22
InternetUser29861,2025-01-22
External-Tonight5142,2025-01-22
papafrog,2025-01-22
Interesting-Bet-4076,2025-01-22
schoolcraftraised,2025-01-22
free_shoes_for_you,2025-01-22
blakeh95,2025-01-22
Culper1776,2025-01-22
ThatGirl_9991,2025-01-22
moosecubed,2025-01-22
Amazonian_Broad,2025-01-22
SchwarzwaldRanch,2025-01-22
Which_Initiative8478,2025-01-22
ObjectiveUpset1703,2025-01-22
garbanzobing,2025-01-22
Visible_Crow9564,2025-01-22
cmbesq,2025-01-22
Last_Question_7359,2025-01-22
Outside_Ad9166,2025-01-22
firey-wfo,2025-01-22
OofandSheesh,2025-01-22
yiharbin,2025-01-22
Lopsided_School_363,2025-01-22
callmebigpapa4252,2025-01-22
ClueAppropriate1087,2025-01-22
Dire88,2025-01-22
No-Expert7317,2025-01-22
Expert_Price_3170,2025-01-22
Due-Quantity4921,2025-01-22
kes455,2025-01-22
Neither_Nobody_3551,2025-01-22
Nightwing_in_a_Flash,2025-01-22
762ham,2025-01-22
Redaunt29,2025-01-22
scottywottytotty,2025-01-22
marks31,2025-01-22
lollykopter,2025-01-22
starkies,2025-01-22
StockIntelligent788,2025-01-22
loud_voices,2025-01-22
bugvert,2025-01-22
Objective_Water_1583,2025-01-22
Sugar-Interesting,2025-01-22
lilghibli95,2025-01-22
shiznitwhit,2025-01-22
HoldOn_Till_May,2025-01-22
UsualOkay6240,2025-01-22
CharKeeb,2025-01-22
blizz366,2025-01-22
Financial_Clue_2534,2025-01-22
Apprehensive-Sand628,2025-01-22
Fit_Room2606,2025-01-22
MJR0605,2025-01-22
Technical-Might-2713,2025-01-22
Premodonna,2025-01-22
whatonearthyall,2025-01-22
Frosty_Youth_7174,2025-01-22
bettyburritos,2025-01-22
WiseTradeCoach,2025-01-22
NeuroDawg,2025-01-22
Fuujimont,2025-01-22
LifeisSuperFun21,2025-01-22
StrikingAd9847,2025-01-22
BaldEagle4499,2025-01-22
moni_bk,2025-01-22
Witty-Wear-4954,2025-01-22
Confident-Anxiety-42,2025-01-22
CommuterFinance,2025-01-22
Upstairs_Gear_8572,2025-01-22
Brighteyed1313,2025-01-22
BlueSky1877,2025-01-22
AnonymousPeter92,2025-01-22
Jersey_Greg,2025-01-22
Shinning_grace3451,2025-01-22
Zestyclose-Fox-8541,2025-01-22
GreatOutdoorFight,2025-01-22
wonderbun1,2025-01-22
Kind_Address_8662,2025-01-22
FederalHighwayman,2025-01-22
rentboy84,2025-01-22
JimboSims,2025-01-22
bace651,2025-01-22
Automatic-Charge5819,2025-01-22
allhaildezdonuts96,2025-01-22
dcfl12,2025-01-22
vetted0848,2025-01-22
Jumpy-Sprinkles-90,2025-01-22
Boring_Web290,2025-01-22
Happiestoast,2025-01-22
CoastietheGuard,2025-01-22
Independent-Low-9114,2025-01-22
jory_heckman,2025-01-22
throwaway12111547,2025-01-22
Pushinbushes,2025-01-22
Budget_Gene7093,2025-01-22
Ok_Crazy6145,2025-01-22
honeybutterskin,2025-01-22
Desperate-Win3819,2025-01-22
CompetitiveBox314,2025-01-22
Fuzzy_Lettuce8142,2025-01-22
Zealousideal_Way2090,2025-01-22
renatatkaczuk,2025-01-22
Lavadog321,2025-01-22
flooffy123,2025-01-22
Real-Importance767,2025-01-22
babyfats,2025-01-22
GunterFanClub,2025-01-22
chicayne,2025-01-22
ThatLaloBoy,2025-01-22
millsa_acm,2025-01-22
PublicHlthJunkie,2025-01-22
No-Maybe2615,2025-01-22
lavendarmenace889,2025-01-22
Haunting-Twist-1079,2025-01-23
SuddenCow7004,2025-01-23
Fine-Subject-2256,2025-01-23
AbbreviationsOk5483,2025-01-23
Nice_Bus1055,2025-01-23
Corvus_Andronicus,2025-01-23
FeddyMcFederson,2025-01-23
synthetic_sunlight,2025-01-23
jleepottery,2025-01-23
sarahbeth1201,2025-01-23
Olrottenballswife,2025-01-23
Subject_Ring2071,2025-01-23
se66ie,2025-01-23
Miserable-Detail1495,2025-01-23
64hkl28380fg,2025-01-23
Lipstick-supernova24,2025-01-23
Mysterious_Claim_334,2025-01-23
constantgeneticist,2025-01-23
Geoffrey_Bungled_Z1p,2025-01-23
moth_boat,2025-01-23
InstructionRude992,2025-01-23
Mattythrowaway85,2025-01-23
Brave_Sea1279,2025-01-23
ruckyourself,2025-01-23
El-Corneador,2025-01-23
FreshBunch5279,2025-01-23
IFoundThis_Humerus,2025-01-23
SandFun1334,2025-01-23
MamasThirdNipple,2025-01-23
Natural_Photo_4569,2025-01-23
Beginning_Effect8884,2025-01-23
Medical_Track_790,2025-01-23
Ok_Pomegranate_8656,2025-01-23
mechanical_penguin86,2025-01-23
oolongogo,2025-01-23
Ok_Nose6558,2025-01-23
CuriousHippo3391,2025-01-23
Savings-Condition-17,2025-01-23
AccountantSad2591,2025-01-23
Familiar_Gear_6577,2025-01-23
scorchedhippo2,2025-01-23
Express_Love_6845,2025-01-23
SecretInfamous943,2025-01-23
Normal-Discussion-65,2025-01-23
Forsaken_Thought,2025-01-23
Severe_Performance44,2025-01-23
PracticalAstronaut60,2025-01-23
Majestic_Bite_9019,2025-01-23
New-Hodler,2025-01-23
Pccaerocat,2025-01-23
yupjustarandomranger,2025-01-23
AchtungNanoBaby,2025-01-23
shredcheez,2025-01-23
Prudent-Awareness-37,2025-01-23
saphirestorm,2025-01-23
blackstoc,2025-01-23
CaptainSquareHead,2025-01-23
zombieburglur,2025-01-23
rtdonato,2025-01-23
JustABlueDot,2025-01-23
Carmen315,2025-01-23
tnns95,2025-01-23
Ok-Mongoose9992,2025-01-23
FabulousCat7823,2025-01-23
Oback_Barama,2025-01-23
NATO_Will_Prevail,2025-01-23
123shipping,2025-01-23
Awkward_Big1932,2025-01-23
Good_Ad_6331,2025-01-23
Cultural-Bear-6870,2025-01-23
belugabianca,2025-01-23
Medical-Product-3708,2025-01-23
Most-Garden-1745,2025-01-23
throwawayone23four,2025-01-23
tiredoftrying33,2025-01-23
CanesN71995,2025-01-23
powerchoice,2025-01-23
pap-pap-84,2025-01-23
southerngal79,2025-01-23
gradsxhool567,2025-01-23
Necessary-Arachnid63,2025-01-23
Lumpy_Gate4075,2025-01-23
PsychologicalRub4703,2025-01-23
DCEnby,2025-01-23
HellYeahDamnWrite,2025-01-23
Blackbird_1241,2025-01-23
FedNews,2025-01-23
Jnorean,2025-01-23
pumpkinn00ds,2025-01-23
bad_puma,2025-01-23
CorgiCadillac,2025-01-23
armyuvamba,2025-01-23
frameddummy,2025-01-23
Existing_Positive7,2025-01-23
Glum_Cook_476,2025-01-23
Odd_Rough_9732,2025-01-23
blorbschploble,2025-01-23
Senior_Set3949,2025-01-23
Mamaloveofthree,2025-01-23
bigL162,2025-01-23
bradenx2,2025-01-23
Throwaway5millionand,2025-01-23
Strange-Reference-84,2025-01-23
Professional_Diver_5,2025-01-23
Acrobatic-Property-4,2025-01-23
Secure_View6740,2025-01-23
Free-Account7729,2025-01-23
FeelinDead,2025-01-23
Infinite_Tourist_416,2025-01-23
1mojavegreen,2025-01-23
panas2199,2025-01-23
BrownButtPlug,2025-01-23
Barbara726,2025-01-23
getwellsoonbabe,2025-01-23
Responsible_Half_804,2025-01-23
Pristine_Fix_3047,2025-01-23
ricerer,2025-01-23
internutthead,2025-01-23
AnythingPanama1983,2025-01-23
Darth_Ra,2025-01-23
agent_smith88,2025-01-23
p00r0phelia2,2025-01-23
Perfect_Papaya_8647,2025-01-23
lotteryticketwon,2025-01-23
clayrae66,2025-01-23
statdude48142,2025-01-23
Russian_Guyovitch,2025-01-23
00xTheCodeofChaos,2025-01-23
Informal-Fig-7116,2025-01-23
420clogwhore69,2025-01-23
Dangerous_One5341,2025-01-23
LazyBoyD,2025-01-23
jabronismacker,2025-01-23
DogWitty9870,2025-01-23
Catladyturneddoglady,2025-01-23
Longjumping-Knee-721,2025-01-23
Historical_Cook_473,2025-01-23
Jazzlike_Face_1772,2025-01-23
wanderlust_314,2025-01-23
FedUnionist,2025-01-23
Agreeable_Toe_3730,2025-01-23
responsiblecrackhed,2025-01-23
Kindlebird,2025-01-23
InformalAmphibian285,2025-01-23
Melodic_March_4014,2025-01-23
Neither_Bet9684,2025-01-23
tinydotbiguniverse,2025-01-23
Any-Masterpiece-5914,2025-01-23
stopping4ever,2025-01-23
meowypancakes,2025-01-23
PrestigiousAbies7077,2025-01-23
MeasurementBitter469,2025-01-23
DQ0320,2025-01-23
Turbulent-Move4159,2025-01-23
TooLitgitToQuit,2025-01-23
placeAgnostic,2025-01-23
Efficient_Carry_1594,2025-01-23
Mellodello159,2025-01-23
Delicious-Turnip3438,2025-01-23
BruschettiFreddy,2025-01-23
GovtFatCat,2025-01-23
gestroup,2025-01-23
Scared-Avocado630,2025-01-23
DCFAN_23,2025-01-23
NaSMaXXL,2025-01-23
GraemesMama,2025-01-23
RB___OG,2025-01-23
RoboSpeak,2025-01-23
agentcarter15,2025-01-23
the-il-mostro,2025-01-23
No_Butterscotch_4642,2025-01-23
VisibleInflation1747,2025-01-23
Apprehensive_Way7277,2025-01-23
Temporary_Pain6468,2025-01-23
AnonUser1480,2025-01-23
charleys_horse,2025-01-23
Sallysinger2003,2025-01-23
Ambitious_Swan7587,2025-01-23
PurgeTrumpAgain,2025-01-23
WeaknessCapital9064,2025-01-23
joeblow2118,2025-01-23
lilguy0,2025-01-23
Tuna_Tonkatsu,2025-01-23
BatAggravating5641,2025-01-23
zkittlez555,2025-01-23
Livin1982,2025-01-23
AcceptableCrew,2025-01-23
Even_Lingonberry8277,2025-01-23
Ok-Cookie3471,2025-01-23
MissionImpermanent,2025-01-23
BaltAmour,2025-01-23
BaronNeutron,2025-01-23
AlexisMae01,2025-01-23
Philosophfries,2025-01-23
blootereddragon,2025-01-23
tinesoldier,2025-01-23
MikeHock_is_GONE,2025-01-23
Similar-Profile9467,2025-01-23
puzzleheadshower35,2025-01-23
Parking_You_7336,2025-01-23
Sufficient_Ad964,2025-01-23
Navysquid63,2025-01-23
aggressive_oven_3456,2025-01-23
City_Boys1997,2025-01-23
Barn0m,2025-01-23
Practical-Bug-2444,2025-01-23
theoverstanding,2025-01-23
mute1,2025-01-23
Friendly-Pressure662,2025-01-23
Adolescent_carp,2025-01-23
smileyjones92,2025-01-23
Glass_Ice_7362,2025-01-23
mb10240,2025-01-23
Both_Entrepreneur219,2025-01-23
arts_et_metiers,2025-01-23
PlateauOK,2025-01-23
neon_xenon,2025-01-23
OgGodhood,2025-01-23
Pow3rTow3r,2025-01-23
OnlyforSweetPea,2025-01-23
LiftedGrowth,2025-01-23
LithiumLiturgies,2025-01-23
Emotional-Brain56,2025-01-23
PastSelection5138,2025-01-23
volcanicglass,2025-01-23
Round_Screen_7465,2025-01-23
KuriousFoxx2025,2025-01-23
btv_25,2025-01-23
Tight_Ad_8971,2025-01-23
Prestigious-Emu-8309,2025-01-23
Wonderful_Egg6182,2025-01-23
Relative-Sir7223,2025-01-23
Historical-Tomato-14,2025-01-23
Paluker173,2025-01-23
Throwawayyy2473655,2025-01-23
Much-Pie4746,2025-01-23
Typical_Highway_3385,2025-01-23
BrightNoah01,2025-01-23
wbrown999,2025-01-23
ThatWolfFromBratz,2025-01-23
When_In_Rome23,2025-01-23
lopahcreon,2025-01-23
deucedeuce223,2025-01-23
SSAORASS,2025-01-23
No-Muscle1373,2025-01-23
Correct-Rub-2777,2025-01-23
Think-Room6663,2025-01-23
MikeyRoll,2025-01-23
InsideWish7446,2025-01-23
createaccountbro,2025-01-23
cvnnd,2025-01-23
311Natops,2025-01-23
Rideyerbikekids,2025-01-23
ConstructionGlass580,2025-01-23
recon_pilot,2025-01-23
nyla23,2025-01-23
Cautious_Mix8519,2025-01-23
No-Bite-5950,2025-01-23
IcyWitness2284,2025-01-23
Tight-Star2772,2025-01-23
mooooooode,2025-01-23
SuperFlyAlltheTime,2025-01-23
Zoom__In,2025-01-23
LovesickBrick,2025-01-23
CurlyQ-,2025-01-23
DeepSea_23,2025-01-23
FrenchieFryMama,2025-01-23
ATL_82,2025-01-23
Any-Box-1876,2025-01-23
Equal_Profession1182,2025-01-23
theslyspy,2025-01-23
fed-throwaway69420,2025-01-23
anon_anon_anon1412,2025-01-23
hkfan451,2025-01-23
More-Charity7146,2025-01-23
Ok_Efficiency_1278,2025-01-23
Suspicious_Cookie278,2025-01-23
Nullxrt,2025-01-23
DeliveryEquivalent87,2025-01-23
Silent1_81,2025-01-23
N0rma1_guy,2025-01-23
Wonderful-Number-233,2025-01-23
Forsaken-Link8988,2025-01-23
Holiday_Campaign9141,2025-01-23
Milkroll,2025-01-23
heretorizz,2025-01-23
lovedie,2025-01-23
HugoR2001,2025-01-24
Innocent-Prick,2025-01-24
Gorio1961,2025-01-24
Worried_Chef4787,2025-01-24
sugarfoot75,2025-01-24
poobly,2025-01-24
Tryingmybest1456,2025-01-24
Traditional_Leg5847,2025-01-24
parkrangerinprogress,2025-01-24
Magic4711,2025-01-24
TurbulentDream695,2025-01-24
BillyLongCIR,2025-01-24
BerwynBaba,2025-01-24
Much-Injury6866,2025-01-24
ABH200,2025-01-24
Spiritual-Orange8143,2025-01-24
OversizedAsparagus,2025-01-24
Maj0rsquishy,2025-01-24
Flat_Health88,2025-01-24
Comfortable-Low6236,2025-01-24
SpecialAccount1354,2025-01-24
tumulte,2025-01-24
KSPTHEONE,2025-01-24
alexislashbaugh,2025-01-24
Traditional-Charge25,2025-01-24
iLOVEGlam,2025-01-24
Lazy-Estimate3189,2025-01-24
DiggySmalls69,2025-01-24
ohthatsodd13,2025-01-24
Long_Connection_9162,2025-01-24
Zuko4997,2025-01-24
No_Competition9752,2025-01-24
omg-its-bacon,2025-01-24
Immediate_Driver7708,2025-01-24
Randy_is_Wise,2025-01-24
Ok_Jackfruit_5181,2025-01-24
Sensitive-Excuse1695,2025-01-24
Simple-Top-3334,2025-01-24
TheAnonymousSuit,2025-01-24
spicysaltysparty,2025-01-24
Sea_Map9327,2025-01-24
Cold-Equivalent-7098,2025-01-24
Retired-1811,2025-01-24
JonCharge,2025-01-24
britters306,2025-01-24
Fab_Xav,2025-01-24
darthrio,2025-01-24
FancyPlans5852,2025-01-24
askingfromalaska,2025-01-24
gnimoywlrig,2025-01-24
Whens_Chow,2025-01-24
HappyFloridian123,2025-01-24
Just_Another_Scott,2025-01-24
GailWynland,2025-01-24
ofdamarsh,2025-01-24
MovieDesperate3705,2025-01-24
Drew_Phee_Bhalzhe,2025-01-24
SuccessfulCompany294,2025-01-24
budgeter415,2025-01-24
Odd_Impression3976,2025-01-24
A00077,2025-01-24
Throwaway3446656,2025-01-24
snapbla,2025-01-24
Corgi_Hunter,2025-01-24
sc3gd,2025-01-24
IceAngel8381,2025-01-24
kostiksamara,2025-01-24
Far_Profile9922,2025-01-24
blickadelphia,2025-01-24
Potential_Rule7879,2025-01-24
MidTerms2026,2025-01-24
Hour-Individual-3539,2025-01-24
seekpeace33,2025-01-24
iceewienerzz,2025-01-24
DCWVVA1,2025-01-24
ParkingSell9898,2025-01-24
DifficultHistorian37,2025-01-24
la_fea,2025-01-24
Few-Nail-7034,2025-01-24
kcmo2dmv,2025-01-24
Personal-Answer-4703,2025-01-24
LobsterGarden,2025-01-24
TwistNecessary7182,2025-01-24
D20-SpiceFoxPhilos,2025-01-24
c3141rd,2025-01-24
Alert-Ad-9908,2025-01-24
BigSuggestion9664,2025-01-24
Spoked_Exploit,2025-01-24
dan5280,2025-01-24
Designerwillow884,2025-01-24
IEatAquariumRocks,2025-01-24
Doosie-boosie7,2025-01-24
SquatPraxis,2025-01-24
Interesting_Oil3948,2025-01-24
Piece_of_Schist,2025-01-24
hereforthepoints3,2025-01-24
Wrong_Ad2594,2025-01-24
federallymandated,2025-01-24
Hot_Policy_7706,2025-01-24
xPericulantx,2025-01-24
Moratorii,2025-01-24
PuzzledDefinition986,2025-01-24
Recent_Cat1238,2025-01-24
glazzballs,2025-01-24
Doonce,2025-01-24
coffeesundays,2025-01-24
Physical-Audience103,2025-01-24
ameme,2025-01-24
boring_ol_chap,2025-01-24
Ok_Coach9103,2025-01-24
Arisaema_triphyllum,2025-01-24
Loving-Lemu,2025-01-24
Had2Work,2025-01-24
Huge-Network9305,2025-01-24
Adorable_Pen7238,2025-01-24
jusanotherburner,2025-01-24
Stillhaveapower17,2025-01-24
Lord_Bags,2025-01-24
Secret-Squirrel2988,2025-01-24
Here4lunchtime,2025-01-24
Plenty-Dimension-314,2025-01-24
Temporary-Cricket455,2025-01-24
herzmeh,2025-01-24
SmartRepair688,2025-01-24
AdventurousPatient50,2025-01-24
dredgemate,2025-01-24
CleanWellLighted,2025-01-24
CannotLetItGo,2025-01-24
Big-Can-1600,2025-01-24
Tough-Memory-5232,2025-01-24
Unable_Butterfly_150,2025-01-24
NowPow21,2025-01-24
AZBuman,2025-01-24
tina_theSnowyGojo,2025-01-24
macaroni-and-cheez,2025-01-24
wedgecon,2025-01-24
jackingreen,2025-01-24
Weird-Curve-3445,2025-01-24
ButtNuster,2025-01-24
Barstrudels,2025-01-24
allegro4626,2025-01-24
RandomFED54,2025-01-24
hansmoleman9,2025-01-24
CubesFan,2025-01-24
aigovvie,2025-01-24
Constant-Week-1523,2025-01-24
GamerColyn117,2025-01-24
Lawlmuffin,2025-01-24
DreadWeaper,2025-01-24
wooshoff,2025-01-24
Mimi_yui,2025-01-24
No-Reputation-34,2025-01-24
Educational-Toe2596,2025-01-24
forever_frugal,2025-01-24
Late-Being-323,2025-01-24
throwawaylaw4583,2025-01-24
StruggleEither6772,2025-01-24
djhatrick12,2025-01-24
Final_Ranger_4896,2025-01-24
BunsenBurnerPost,2025-01-24
Lov3I5Treacherous,2025-01-24
ManInSuit0529,2025-01-24
Commercial-Dealer-96,2025-01-24
freebiscuit2002,2025-01-24
OrganizationActive63,2025-01-24
Orbital_Knight_Pride,2025-01-24
Zealousideal_Bite_78,2025-01-24
JPHen0921,2025-01-24
Pyroclastic_Hammer,2025-01-24
throwagaydc,2025-01-24
BiggieSmalls151,2025-01-24
TheFirstToken,2025-01-24
Ambitious_Bear_1231,2025-01-24
Necessary-Pension-32,2025-01-24
i_watched_jane_die,2025-01-24
FunTank5376,2025-01-24
Conscious-Quarter423,2025-01-24
md9918,2025-01-24
Huge-Confusion3803,2025-01-24
silverwingsxx,2025-01-24
Dutch-Baby-1551,2025-01-24
Suspicious_Cook6268,2025-01-24
Tough-Mongoose5923,2025-01-24
LeadOne471,2025-01-24
Kind-Elderberry-4096,2025-01-24
Important_Height7490,2025-01-24
FunnyCleanJoke,2025-01-24
Usual-Scarcity-4910,2025-01-24
lupitaswartz,2025-01-24
Proud_Psychology8608,2025-01-24
burnerbaby1984,2025-01-24
Altruistic-Ad6449,2025-01-24
InsideJoke5665,2025-01-24
nolife159,2025-01-24
alleycat1121,2025-01-24
Every-Mastodon9465,2025-01-24
onlygetcakeery4years,2025-01-24
Tiny-Seaweed9623,2025-01-24
No_Hope3628,2025-01-24
GooberHeadJack,2025-01-24
AreYourFingersReal,2025-01-24
civilian1234,2025-01-24
TomAustinBoston,2025-01-24
Suddenly_DATgirl,2025-01-24
saucyfance,2025-01-24
Comprehensive-You643,2025-01-24
Vivecs954,2025-01-24
Due_Investment_7918,2025-01-24
True_Storage2791,2025-01-24
Desperate_Contract52,2025-01-24
Old_Milk7120,2025-01-24
Salty_Delay_319,2025-01-24
bigbadgung,2025-01-24
Wizard_Of_Ounces,2025-01-24
49-eggs,2025-01-24
_trashpandathrowaway,2025-01-24
SeaSalt99,2025-01-24
WhoNeedsCommonSense,2025-01-24
JasonZep,2025-01-24
ButterscotchLoose730,2025-01-24
No_Occasion4434,2025-01-24
BestInspector3763,2025-01-24
hot_chooocolateee,2025-01-24
mack1290mc,2025-01-24
------__-__-_-__-,2025-01-24
Competitive-Eye9105,2025-01-24
VetFeds-OG,2025-01-24
BlueberryUpstairs477,2025-01-24
Own_Emergency5169,2025-01-24
picknick717,2025-01-24
Outrageous_Tea_4077,2025-01-24
CrazyAccurate7829,2025-01-24
Icy_Alfalfa_3701,2025-01-24
geekmaan911,2025-01-24
FedThrowaway5647,2025-01-24
Virtual_Ad_5315,2025-01-24
1102isoverrated,2025-01-24
Other-Aardvark6483,2025-01-24
regretfulResponsibil,2025-01-24
EatBeanz420,2025-01-24
NotMJsBookie,2025-01-24
Early_Bill_2926,2025-01-24
Vivid_Entertainer297,2025-01-24
Beeebo0oop,2025-01-24
Cultural_Tomato_6596,2025-01-24
melvinthemoss,2025-01-24
Partisan90,2025-01-24
imjustmarko,2025-01-24
ZealousidealYear9557,2025-01-24
Kindly-Coyote-9446,2025-01-24
fed_employee_stuff,2025-01-24
DevGin,2025-01-24
Obvious_Chest2146,2025-01-24
Limon_Verde_Citrus,2025-01-24
Bobby_Nobody19,2025-01-24
Gomerusaf,2025-01-24
Professional-Cat8315,2025-01-24
Krystik,2025-01-24
Worldly-Homework-323,2025-01-24
Fennario_,2025-01-24
ram130,2025-01-24
jerrymandarin,2025-01-24
Elegant_Card6020,2025-01-24
Tinymac12,2025-01-24
Independent_Leg6078,2025-01-24
NoChoices02,2025-01-24
TargetIcy7277,2025-01-24
Ok-Author2825,2025-01-24
IAmSoUncomfortable,2025-01-24
MildlyUnoriginal2,2025-01-24
zubuneri,2025-01-24
karmadogma,2025-01-24
Successful_Degree_98,2025-01-24
Foots_Walker_808,2025-01-24
Legitimate_Point1535,2025-01-24
WarrioirForver123,2025-01-24
Comedyisntfree,2025-01-24
John_Vogelin,2025-01-24
Sweet-Topic,2025-01-24
cleverghost,2025-01-24
Gandalfs_Dick,2025-01-24
CounselorNebby,2025-01-24
brzenith,2025-01-24
asmithy112,2025-01-24
coastiedbro,2025-01-24
Legionary64,2025-01-24
Quixotic_Cow,2025-01-24
throwawayaccountfed,2025-01-24
Scary_Current_9909,2025-01-24
Inevitable_Rise_8669,2025-01-24
Visual-Disaster5934,2025-01-24
Nakhwayusu,2025-01-24
Ambitious-Past4017,2025-01-24
bllallstr93,2025-01-24
King-Trump-America,2025-01-24
Bongobhondu,2025-01-24
eponymous-octopus,2025-01-24
2mucho806,2025-01-24
SimpleInternet5700,2025-01-24
aldo-043095,2025-01-24
Top-Concern9294,2025-01-24
ATastyGrapesCat,2025-01-24
searchingforcrazies,2025-01-24
aldo-953004,2025-01-24
ComprehensiveTum575,2025-01-24
TheeWut,2025-01-24
RockImpossible117,2025-01-24
IslandProfessional62,2025-01-24
Hugh2D2,2025-01-24
Dadliness,2025-01-24
mercuryfacade,2025-01-24
Pleasant-Antelope-92,2025-01-24
CuriousMrPepper,2025-01-24
Relevant-Campaign417,2025-01-24
According_King_866,2025-01-24
Zestyclose-Culture80,2025-01-24
shedoesntevengohere8,2025-01-24
Temporary-Voice8653,2025-01-24
FutureComputerDude,2025-01-24
prettyprincessyaz,2025-01-24
Wise_Adhesiveness_93,2025-01-24
ExpensiveEye1302,2025-01-24
ladylexis,2025-01-24
Dumbbitchshutup,2025-01-24
Immediate-Wait-8838,2025-01-24
ItsGiving,2025-01-24
FERS-FRAE,2025-01-24
statlete,2025-01-24
Cold-Cookie-3543,2025-01-24
guy45783,2025-01-24
Possible-Insurance-9,2025-01-24
ArcherSome235,2025-01-24
Annual-Difference334,2025-01-24
TicketedEvent,2025-01-24
Worried_Swan_4067,2025-01-24
Lisalynn2000,2025-01-24
reborndead,2025-01-24
PigletDazzling7529,2025-01-24
Complex_Pen_3453,2025-01-24
CuteSelection1001,2025-01-24
Admirable_Button8586,2025-01-24
Golden_Rule_3,2025-01-24
Temporary-Payment814,2025-01-24
int21,2025-01-24
maulevo,2025-01-24
Unlikely_Pressure495,2025-01-24
whatnext2024,2025-01-24
Flashy_Yam967,2025-01-24
Virtual-Foundation32,2025-01-24
Pr0ductOfSoci3ty,2025-01-24
GeneralPeryuoi,2025-01-24
Content_Duck482,2025-01-24
boulderingandbricks,2025-01-24
Redditusero4334950,2025-01-25
Successful_Jello_309,2025-01-25
LifeRound2,2025-01-25
oldman2758,2025-01-25
NOT_THE_BATF,2025-01-25
lessintellect,2025-01-25
mihzyd777,2025-01-25
Fragrant_Pin2217,2025-01-25
gte2723,2025-01-25
LizO66,2025-01-25
Pretend-Fortune52,2025-01-25
GustDerecho,2025-01-25
Blueandgoldbb,2025-01-25
unbreakable996714,2025-01-25
vode123,2025-01-25
thatswhyiwander,2025-01-25
OPKtoORLMOM,2025-01-25
Gains_And_Losses,2025-01-25
inb4ElonMusk,2025-01-25
Good-Gap-8567,2025-01-25
InfamousJellyfish556,2025-01-25
Boltsforlife2022,2025-01-25
someonesomewherefed,2025-01-25
LongjumpingWeb7475,2025-01-25
MadPirate2,2025-01-25
Alert-Walrus-4327,2025-01-25
LifeOf_Py,2025-01-25
Safe-Drawing-8048,2025-01-25
El_Jeffe_De_Jeffe,2025-01-25
qqwerqw,2025-01-25
OkDig6054,2025-01-25
Snarky1Bunny,2025-01-25
Otherwise_Bee_1194,2025-01-25
Grendel602,2025-01-25
nicloe85,2025-01-25
Unable-Durian9876,2025-01-25
SantasSecretStalker,2025-01-25
Asleep_Flower_1164,2025-01-25
JAG_NG,2025-01-25
Savings_Task2520,2025-01-25
poptarts_red_rascal,2025-01-25
Twitchinforthepeople,2025-01-25
C-two-summit,2025-01-25
H3xify_,2025-01-25
0456dude,2025-01-25
ruggerneer,2025-01-25
TouchedByAPastor,2025-01-25
Anyoneisthere,2025-01-25
vaughanruby166,2025-01-25
MissGlass786,2025-01-25
meganlovesddp,2025-01-25
ionmeeler,2025-01-25
Ill_Artichoke_3822,2025-01-25
NoWillingness3351,2025-01-25
cwthickiums,2025-01-25
CuckEzell,2025-01-25
A_Guy_Named,2025-01-25
1st2Fi,2025-01-25
Historical-Wind1793,2025-01-25
ratmblm2020,2025-01-25
Environmental_Cow217,2025-01-25
Historical_Peach_284,2025-01-25
Broad-Science4288,2025-01-25
Acrobatic-Chemical-7,2025-01-25
UnapologeticDefiance,2025-01-25
tukola5,2025-01-25
Only-Dragonfruit-899,2025-01-25
Sandford_HOA,2025-01-25
ExtensionAd4737,2025-01-25
Conscious_Bad3776,2025-01-25
veraldar,2025-01-25
catuttle42,2025-01-25
Creative_Cheek5918,2025-01-25
yacht_boy,2025-01-25
VAer1,2025-01-25
Swimming_Set819,2025-01-25
ReportImaginary9050,2025-01-25
adoptarefugee,2025-01-25
Waygora8,2025-01-25
craig_cignarelli,2025-01-25
PieceDeep4024,2025-01-25
Expensive_Gas2702,2025-01-25
ProgrammerOk8493,2025-01-25
aluminumfoil3789,2025-01-25
bootysackthief,2025-01-25
aloof-magoof,2025-01-25
Outrageous_Collar401,2025-01-25
Street_Respond8423,2025-01-25
keikeimcgee,2025-01-25
lebanonblonde,2025-01-25
Dramatic_Job_4180,2025-01-25
realPamela,2025-01-25
Sushivacuum,2025-01-25
Snowflaker_Ivy,2025-01-25
itwasnovember,2025-01-25
BobLog3rd,2025-01-25
monteliber,2025-01-25
SlowConfusion5728,2025-01-25
Comprehensive_Set680,2025-01-25
Fluffy_Bunch9357,2025-01-25
Impossible_Try1779,2025-01-25
Calm_Environment3310,2025-01-25
Wide_Remove_311,2025-01-25
Spirited-Call3439,2025-01-25
budcora1,2025-01-25
Successful-Escape-74,2025-01-25
malexlee,2025-01-25
BrailleScale,2025-01-25
Renee2209,2025-01-25
abloatedman,2025-01-25
Competitive_Blood674,2025-01-25
Serpenio_,2025-01-25
EastofSuez,2025-01-25
ThrowninTrash000,2025-01-25
Mysterious_Farm_4489,2025-01-25
Various_Soup4098,2025-01-25
Impressive-Pack3590,2025-01-25
victoriouslyengaging,2025-01-25
spiikycystard,2025-01-25
Solid_Welder_6704,2025-01-25
Exotic_Emergency642,2025-01-25
walkrunsleep,2025-01-25
mirza7866,2025-01-25
C8H10N4O2__,2025-01-25
PerfectPetunia,2025-01-25
flightsuithoe,2025-01-25
Objective_Acadia_306,2025-01-25
coolreadbro,2025-01-25
epoof,2025-01-25
smarglebloppitydo,2025-01-25
NumerousPromotion334,2025-01-25
creativextent,2025-01-25
Zina_LeRoux,2025-01-25
Porkchop113,2025-01-25
Safe-Bag6236,2025-01-25
PatrioticSnowflake,2025-01-25
Nearby_Loan_8417,2025-01-25
rawr-piggies,2025-01-25
eu_lalia,2025-01-25
CandleNo3934,2025-01-25
Upset-Vanilla-7588,2025-01-25
Initial-Source-9165,2025-01-25
Acrobatic_Crow_830,2025-01-25
territorialpiss,2025-01-25
raging_sycophant,2025-01-25
Aggressive_Angle9316,2025-01-25
AverageScot,2025-01-25
Martin_LutherKingJr,2025-01-25
Fickle_Cress8843,2025-01-25
thePhalloPharaoh,2025-01-25
midnightmuse55,2025-01-25
Kingkongcrapper,2025-01-25
Hot-Performer-4846,2025-01-25
JustHereForIt14,2025-01-25
PerformanceOk7686,2025-01-25
Training-Sympathy-46,2025-01-25
DR650SE,2025-01-25
RemoteLiving5286,2025-01-25
Woodland999,2025-01-25
labelwhore,2025-01-25
SirSuaSponte,2025-01-25
DiamondHandsPeriod,2025-01-25
girlindc1989,2025-01-25
Junbirdy,2025-01-25
Proper-Shock-8750,2025-01-25
Holiday-Morning16,2025-01-25
tuburnz17,2025-01-25
Searching-For-9,2025-01-25
rideitaway,2025-01-25
OkCook6627,2025-01-25
mysoiledmerkin,2025-01-25
Key_Entertainer808,2025-01-25
brentwit,2025-01-25
Royal_Commission9286,2025-01-25
Cfpthrowaway7,2025-01-25
espressotorte,2025-01-25
Important-Bat-3961,2025-01-25
woofieroofie,2025-01-25
ButchUnicorn,2025-01-25
cybertrek36,2025-01-25
NoArugula4072,2025-01-25
Coastal-kai,2025-01-25
TrumpSwallowsJizz,2025-01-25
Strong_Ad1875,2025-01-25
Cruizin4aDoozin,2025-01-25
Technical-Tangelo450,2025-01-25
CyberPython00,2025-01-25
kcsween74,2025-01-25
Awkward-Aspect1276,2025-01-25
Old_Saggy_Sack,2025-01-25
ZhivagosLesson,2025-01-25
dec5th1933,2025-01-25
stfzendjjv,2025-01-25
rachelrumour,2025-01-25
AlarmingHat5154,2025-01-25
atlas-85,2025-01-25
Zealousideal_Oil4571,2025-01-25
Parking_Cold5809,2025-01-25
Objective-Rooster-60,2025-01-25
wasiwasabi,2025-01-25
Wonderful-Reply-302,2025-01-25
Uselessphysicsmajor,2025-01-25
PlanetoftheAtheists,2025-01-25
gspeth63,2025-01-25
MessyDesk,2025-01-25
Weary_Pay_1058,2025-01-25
UpstairsLandscape831,2025-01-25
Over-Limit1110,2025-01-25
Short_Afternoon5793,2025-01-25
Exotic_Storm5159,2025-01-25
ryazd,2025-01-25
Mamey12345,2025-01-25
Big-Introduction-783,2025-01-25
Big_Nefariousness544,2025-01-25
ComfortablyDumb97,2025-01-25
stoolprblems,2025-01-25
InDonnyselement,2025-01-25
One_Breath_3363,2025-01-25
Craigs1ist,2025-01-25
Sweet_Anywhere_7553,2025-01-25
IntelligentPizza8216,2025-01-25
CertainBet9694,2025-01-25
Striking-Wrangler-92,2025-01-25
HushPuppyGuru,2025-01-25
waydown2019,2025-01-25
Important-Platform-7,2025-01-25
thrownawaytodayo,2025-01-25
Honest-Confidence-76,2025-01-25
varuk4,2025-01-25
Capital_Ear_9681,2025-01-25
Dedaciai,2025-01-25
Guilty_Perception585,2025-01-25
Delicious_Strain_184,2025-01-25
IAmBossyPants,2025-01-25
EasternChip5458,2025-01-25
mcm199124,2025-01-25
Nobody_wuz_here,2025-01-25
_flyingmonkeys_,2025-01-25
GoFishOldMaid,2025-01-25
bitterbeerfaces,2025-01-25
Glass-Helicopter-636,2025-01-25
Affectionate_Sail469,2025-01-25
Unable-Procedure-821,2025-01-25
dabamBang,2025-01-25
EmuPresent1910,2025-01-25
Winter-Incident-3303,2025-01-25
davisdiego,2025-01-25
DeliveryUpstairs292,2025-01-25
Suspicious-Tie-8082,2025-01-25
Minimum-Ad-3980,2025-01-25
Boring-Coyote4349,2025-01-25
More-Examination1007,2025-01-25
Throwawayuserreddit9,2025-01-25
battle_pug89,2025-01-25
grandmalovesmemore,2025-01-25
Kindly_Display_5203,2025-01-25
Top-Twist6834,2025-01-25
4FoxKits,2025-01-25
fancycomma,2025-01-25
Feeling-Coffee-7917,2025-01-25
Any_Falcon_7128,2025-01-25
No-Guarantee-2025,2025-01-25
sasspool,2025-01-25
BigDacs80,2025-01-25
taznjynx,2025-01-25
TartLongjumping3732,2025-01-25
Interesting_Bus_4337,2025-01-25
Opening-King7181,2025-01-25
Affectionate-Code390,2025-01-26
just_a_girl123,2025-01-26
Ok-Nefariousness9603,2025-01-26
No-Patience-2844,2025-01-26
tiberius9876,2025-01-26
FamiliarAnt4043,2025-01-26
Fit_Memory6669,2025-01-26
VinDieselAteMyQueso,2025-01-26
Defiant_Gold_878,2025-01-26
pictond,2025-01-26
33Blackfish,2025-01-26
SharkBiteX,2025-01-26
perchik30,2025-01-26
Longjumping_Cook_997,2025-01-26
throwawayDaily124,2025-01-26
5_star_man_atee,2025-01-26
PolicyW0nk,2025-01-26
Ok-Brando,2025-01-26
Fcknts,2025-01-26
Big-Resort4830,2025-01-26
HomeOk5045,2025-01-26
LoudSituation2321,2025-01-26
FlamingosCantCook,2025-01-26
ResearchHelpful3021,2025-01-26
TerribleTwosBlues,2025-01-26
No-Mirror-5564,2025-01-26
JadieRose,2025-01-26
Similar-Programmer68,2025-01-26
Farmer31415,2025-01-26
Haramyy,2025-01-26
Sapio_1One,2025-01-26
New_Bug900,2025-01-26
IpeeInclosets,2025-01-26
TonightEmpty,2025-01-26
Odd_Consequence_8130,2025-01-26
Complete_Initiative6,2025-01-26
Judy-n-Disguise,2025-01-26
AMJinvest,2025-01-26
Particular-Holiday50,2025-01-26
Godz657,2025-01-26
Agitated-Scholar3537,2025-01-26
Callen-E,2025-01-26
curlycuuustard,2025-01-26
Hereforcomments27,2025-01-26
Accomplished_Pay_642,2025-01-26
Twirl9602,2025-01-26
Firestone898,2025-01-26
SnooGoats3915,2025-01-26
Salt_Bat2385,2025-01-26
Soupsandwich1999,2025-01-26
InsightAvl,2025-01-26
DQdippedcone,2025-01-26
Different-Fan-3097,2025-01-26
East_Baby_3655,2025-01-26
lifeatthejarbar,2025-01-26
protrident,2025-01-26
Strange-Remote5850,2025-01-26
Altruistic-Buyer7128,2025-01-26
BlackCatMom28,2025-01-26
EIGBOK,2025-01-26
Reasonable-Image-981,2025-01-26
LtJesusUCSB,2025-01-26
Euripides1492,2025-01-26
HappyKingSisyphus,2025-01-26
Appropriate-Cup5378,2025-01-26
KangezKhan,2025-01-26
Infamous_Writing4993,2025-01-26
Prior-Needleworker-9,2025-01-26
Additional_Record_89,2025-01-26
Sharkbitesandwich,2025-01-26
MyBirthdayParty,2025-01-26
RabbitMouseGem,2025-01-26
Brief-Apartment-69,2025-01-26
Financial-Board7458,2025-01-26
bikesandfinance,2025-01-26
avle1,2025-01-26
No_Cut_5957,2025-01-26
BLK_lavender,2025-01-26
Stock_Assignment1687,2025-01-26
mountain_marmot_,2025-01-26
phillyfandc,2025-01-26
sarahwithab,2025-01-26
default10019,2025-01-26
leftsidewasting,2025-01-26
LEMONSDAD,2025-01-26
Mysterious_Math_5370,2025-01-26
SimbaLover65,2025-01-26
DoughnutSoggy426,2025-01-26
rsk2421,2025-01-26
Eagleburgerite,2025-01-26
Natural-Cupcake-4826,2025-01-26
1001FD,2025-01-26
PFinancethrownaway,2025-01-26
Far_Razzmatazz_6399,2025-01-26
daydream702,2025-01-26
thingsintheworld,2025-01-26
PowerfulHorror987,2025-01-26
BatEco1,2025-01-26
BearAttack5,2025-01-26
dcmcwi08,2025-01-26
ScottNevvis,2025-01-26
dukelae55,2025-01-26
JONES112B,2025-01-26
AlertMortgage7101,2025-01-26
SpotMama,2025-01-26
Equivalent_Goal_1485,2025-01-26
flyer0514,2025-01-26
Sctlalchand,2025-01-26
Amazing_Ad_5171,2025-01-26
Superb-Tank9067,2025-01-26
Economy-Ad6411,2025-01-26
504Supra,2025-01-26
DenseCompany736,2025-01-26
ConcentrateSea9468,2025-01-26
ReasonableBrain1826,2025-01-26
CalvinistGrindset,2025-01-26
Necessary_Tea_1424,2025-01-26
Holiday-Librarian-53,2025-01-26
Icy_Inevitable714,2025-01-26
ContributionSalt4148,2025-01-26
itsallgoodman100,2025-01-26
iphone8vsiphonex,2025-01-26
MountainDiver1657,2025-01-26
Important_Summer1819,2025-01-26
KansasKing107,2025-01-26
jornada19,2025-01-26
USDAnon,2025-01-26
americanbadasss,2025-01-26
WittyNimbus,2025-01-26
Necessary_Captain429,2025-01-26
Aromatic_Race9499,2025-01-26
Tvoli,2025-01-26
Ok-Sherbert-7005,2025-01-26
DavidSPumpkinss,2025-01-26
TheCuteScientist,2025-01-26
davism817,2025-01-26
PoontangSaints_69,2025-01-26
Acceptable_Salary744,2025-01-26
Tomato_Haunting,2025-01-26
SpectreTechnocity,2025-01-26
TraditionalLeg2054,2025-01-26
Prestigious-Pick-366,2025-01-26
username_non_grata,2025-01-26
Single_Parsnip6630,2025-01-26
theoAndromedon,2025-01-26
DataGL,2025-01-26
4KatzNM,2025-01-26
Southernbelle1998co,2025-01-26
suprtrup,2025-01-26
throwawaypickle777,2025-01-26
redditredditredditOP,2025-01-26
c7062,2025-01-26
Admirable_Pie6112,2025-01-26
removemenow2,2025-01-26
Pigrabbit1412,2025-01-26
favoritestationwagon,2025-01-26
Sharkie2728,2025-01-26
Listen00000,2025-01-26
Severe_Main8295,2025-01-26
zenGull,2025-01-26
Resident-Bell675,2025-01-26
rskalet,2025-01-26
Calendula520,2025-01-26
SuperDoubleSlap,2025-01-26
azee1231,2025-01-26
Superb-Ad307,2025-01-26
Ganni_wearer1994,2025-01-26
Boring-Position-218,2025-01-26
nolahoneyL9,2025-01-26
Mother_of_Daphnia,2025-01-26
Optimal_Marsupial491,2025-01-26
Boilrup,2025-01-26
tabuto8,2025-01-26
Top-Feed2832,2025-01-26
ZookeepergameFar1951,2025-01-26
Accomplished_Spy,2025-01-26
Numerous_Spring7572,2025-01-26
johnycsh,2025-01-26
Grouchy-Bid-1400,2025-01-26
Standard-Number4997,2025-01-26
Mhind1,2025-01-26
Phobos1982,2025-01-26
PeaceLovess,2025-01-26
Comfortable_Mango_79,2025-01-26
Life-Dragonfruit-386,2025-01-26
miscmomma,2025-01-26
ComfortableOnion4007,2025-01-26
GreedyScene9816,2025-01-26
InfiniteMonitor8879,2025-01-26
UsedHamburger,2025-01-26
Lionofjudea01,2025-01-26
av8tricks,2025-01-26
DesertNomad1955,2025-01-26
Tinytuba49,2025-01-26
Quiet-Paramedic-9093,2025-01-26
No-Loss-676,2025-01-26
Consistent_Cat4436,2025-01-26
BigTomatillo3747,2025-01-26
Jazzlike_Dog_8175,2025-01-26
Curt_Baka,2025-01-26
Current_Surround_785,2025-01-26
Itchy_Nerve_6350,2025-01-26
nowayout6969,2025-01-26
ohmuhgawdilovethe,2025-01-26
jpaw24,2025-01-26
goby1kenobi,2025-01-26
Vet-805,2025-01-26
Key_Essay6644,2025-01-26
Excellent_Fox_4958,2025-01-26
moez1266,2025-01-26
seeing_stones,2025-01-26
jujutsu-die-sen,2025-01-26
Master_Jackfruit3591,2025-01-26
sutthole_burfers,2025-01-26
No-Eye7331,2025-01-26
sempercardinal57,2025-01-26
ThatOneTunisianKid,2025-01-26
Uberame,2025-01-27
TheRealBigTomZ,2025-01-27
Miserable_Cod6493,2025-01-27
BufferOfAs,2025-01-27
Pristine_Line_7586,2025-01-27
Negative-Break3333,2025-01-27
Educational-Sir4070,2025-01-27
Hungry-Captain-557,2025-01-27
Possible_Ad_4094,2025-01-27
magaparents,2025-01-27
Remote_Session,2025-01-27
HairyChestTheThird,2025-01-27
CrypticPill,2025-01-27
ConsiderationFew4728,2025-01-27
Affectionate-Fox6152,2025-01-27
CatfishEnchiladas,2025-01-27
fapozilla,2025-01-27
bvs1993,2025-01-27
Stock-Pop-1717,2025-01-27
Captain_Trigg,2025-01-27
NoDeparture7996,2025-01-27
MarioSavioWasRight,2025-01-27
Rolliwithadabofranch,2025-01-27
Interesting_Roof5574,2025-01-27
Certain-Nothing2705,2025-01-27
BPBAttacks2,2025-01-27
Porosha,2025-01-27
ComplexEffective957,2025-01-27
Training-Ad-4858,2025-01-27
Fun_Direction4464,2025-01-27
kbsc3024,2025-01-27
spider_collider,2025-01-27
westriverrifle,2025-01-27
ItsNotThatImLazy42,2025-01-27
Realistic-Middle-276,2025-01-27
Big_College_6902,2025-01-27
civilservice2000,2025-01-27
DCmetrosexual1,2025-01-27
Infinite_Victory6018,2025-01-27
totally_expendable,2025-01-27
Ziakel,2025-01-27
HighwayImpressive402,2025-01-27
mjsarlington,2025-01-27
UBSbagholdsGMEshorts,2025-01-27
Positive_Home_3068,2025-01-27
rabidstoat,2025-01-27
No_Advisor_3290,2025-01-27
CommanderAze,2025-01-27
OkCurrency588,2025-01-27
Decent_Nail_1391,2025-01-27
emtheeggie,2025-01-27
SpiritedCandle9060,2025-01-27
Fun_Refrigerator_442,2025-01-27
AdministrativeMove41,2025-01-27
jen_crust6,2025-01-27
dudayevs,2025-01-27
DuckZap,2025-01-27
destoast,2025-01-27
Interesting-Ant-4435,2025-01-27
yzl726,2025-01-27
Make_it_make_Cents,2025-01-27
TOKGABI,2025-01-27
Ok_Contract_4175,2025-01-27
Weekly_Distance_5262,2025-01-27
mikejones99501,2025-01-27
Throwaway918284,2025-01-27
Remarkable-Duty-7165,2025-01-27
Level99OCR,2025-01-27
Strong_Classroom_769,2025-01-27
cokronk,2025-01-27
Proud-Wall1443,2025-01-27
I_SAID_N0_CAMELS,2025-01-27
Giric,2025-01-27
JustTryin2HelpAgain,2025-01-27
Mental-Heron-4323,2025-01-27
Landrovel,2025-01-27
AssortedHardware,2025-01-27
dust_bunnyz,2025-01-27
aingaingaing,2025-01-27
Fearless_Formal2707,2025-01-27
Zealousideal-Cherry3,2025-01-27
ElDr_Eazy,2025-01-27
Dependent-Cut-2519,2025-01-27
hrbeck1,2025-01-27
Classic_Plantain_303,2025-01-27
TotallyBoardYT,2025-01-27
True_Program_1058,2025-01-27
godarkly,2025-01-27
CoverCommercial7765,2025-01-27
Poughkeepsie5,2025-01-27
Lanky-Turnover-4545,2025-01-27
Recent_Release_5670,2025-01-27
stevedave1357,2025-01-27
Lumpy_Fail7134,2025-01-27
TheHaplessBard,2025-01-27
Purple_Code_2025,2025-01-27
One_Boysenberry5054,2025-01-27
Head_Cherry_9680,2025-01-27
obviousthrowawayyalI,2025-01-27
BlueberryFeisty7296,2025-01-27
Helpful-Customer-329,2025-01-27
Wild-Ground-745,2025-01-27
Informal-Ad-6547,2025-01-27
Samster1Z,2025-01-27
No-Ad-5051,2025-01-27
Technical_Jaguar_373,2025-01-27
EpicFloyd,2025-01-27
brand_new_shoes,2025-01-27
Few-Drag9758,2025-01-27
neurotrophin107,2025-01-27
zoodle_,2025-01-27
Proper-Media2908,2025-01-27
alexismya2025,2025-01-27
MeetingRelative5313,2025-01-27
mydogischip,2025-01-27
caveman_5000,2025-01-27
crypto_adventure,2025-01-27
gogoxyz,2025-01-27
Due-Author3901,2025-01-27
BarNoneDudette,2025-01-27
wingthing,2025-01-27
circleneverstops,2025-01-27
serendipitouslyus,2025-01-27
DocLat23,2025-01-27
PresentationMuch5051,2025-01-27
cantcurecancer,2025-01-27
adhtuf88888,2025-01-27
The-Great-Throwaway1,2025-01-27
Crab_Guy_bob,2025-01-27
Particular-Kiwi5292,2025-01-27
IRSFiend,2025-01-27
Fun-Roof503,2025-01-27
DavyGrolton,2025-01-27
MuddieMae,2025-01-27
runintheshadows,2025-01-27
Cloud-queen65,2025-01-27
EnvironmentalJoke143,2025-01-27
Woodersun,2025-01-27
Exotic_Ad_8441,2025-01-27
shoop2121,2025-01-27
flackboxessanta,2025-01-27
Delenac1,2025-01-27
Baby_Gabe,2025-01-27
anti_agent_orange,2025-01-27
cozypants101,2025-01-27
RandomName5156,2025-01-27
sreggirdhturednam,2025-01-27
baudit2,2025-01-27
Just-Milk2300,2025-01-27
new2flying,2025-01-27
Beanbooze9,2025-01-27
TTVCarlosSpicyWinner,2025-01-27
Safe-Gibbon8991,2025-01-27
BlaisePascal,2025-01-27
Basic_Talk_6831,2025-01-27
brakeled,2025-01-27
Wide_closed,2025-01-27
Loveistheaswer512,2025-01-27
BobsBigDick,2025-01-27
Various_Butterscotch,2025-01-27
calldachicken,2025-01-27
MozartDC,2025-01-27
ElectricFleshlight,2025-01-27
Cheech925,2025-01-27
BuffaGov,2025-01-27
dreadmnky,2025-01-27
farginsniggy,2025-01-27
Comfortable-Candy269,2025-01-27
Suitable_Kangaroo_51,2025-01-27
LuckyLife458,2025-01-27
okrrrrrrrrrr,2025-01-27
joeblow501,2025-01-27
ParadeLightGuy,2025-01-27
General_Snow_930,2025-01-27
Weird-Ad7562,2025-01-27
creddit83,2025-01-27
Gloomy_Interview_525,2025-01-27
IRSRevenueAgent,2025-01-27
Ok_Lavishness2986,2025-01-27
Such_Cupcake_7390,2025-01-27
Particular-Walrus439,2025-01-27
libgadfly,2025-01-27
keasy_does_it,2025-01-27
Direct_Version_6226,2025-01-27
Crush3vil,2025-01-27
Lower-Price5406,2025-01-27
Excuse_Internal,2025-01-27
fedthrowaway25,2025-01-27
Nosferican,2025-01-27
Far_Helicopter6551,2025-01-27
Livid-Detective-6298,2025-01-27
Taurion_Bruni,2025-01-27
holden147,2025-01-27
Unusual_Pop_2387,2025-01-27
EricAKAPode,2025-01-27
bunnakay,2025-01-27
throwaway-6903,2025-01-27
Few-Statement-5416,2025-01-27
bluemermaid97_,2025-01-27
throwaway7772212,2025-01-27
Sensitive-Big-4641,2025-01-27
SigSauer77,2025-01-27
Wakkachaka,2025-01-27
Top-Season-3170,2025-01-27
needlez67,2025-01-27
SeductiveSeaMonster,2025-01-27
kellyfresh,2025-01-27
---no_thank_you---,2025-01-27
JungIeAsian,2025-01-27
Hairy_Arachnid_4724,2025-01-27
ShaiHuludNM,2025-01-27
SassyPants859,2025-01-27
CMBurns_1,2025-01-27
No_Lawyer5152,2025-01-27
bjergtrolde66,2025-01-27
Confirm_Nor_Deny,2025-01-27
No_Impact1315,2025-01-27
lam21804,2025-01-27
ilBrunissimo,2025-01-27
Emergency-Plane-7074,2025-01-27
Meig03,2025-01-27
thehangrywriter,2025-01-27
OnlyMsJackie,2025-01-27
Spaduf,2025-01-27
Stunning-Value1640,2025-01-27
Brinzy,2025-01-27
Mundilfaris_Dottir,2025-01-27
TooHiCat,2025-01-27
TeslaHelios,2025-01-28
iagonosi,2025-01-28
RumblingHearts,2025-01-28
Sad-Hovercraft5366,2025-01-28
Every-Key874,2025-01-28
eru66,2025-01-28
SingAndDrive,2025-01-28
Glass_Alfalfa_4950,2025-01-28
JKisMe123,2025-01-28
Mk426,2025-01-28
StrikingChapter5578,2025-01-28
AfghaniBanani,2025-01-28
PickleTity,2025-01-28
proudMDGirl,2025-01-28
Substantial_One756,2025-01-28
Dr_Nick_Literski,2025-01-28
MiddleNameDanger,2025-01-28
coffeephotosynthesis,2025-01-28
No_Finish_2144,2025-01-28
This_Type_3604,2025-01-28
Reasonable-Drama6350,2025-01-28
Human_Engineering,2025-01-28
Fickle-Geologist-559,2025-01-28
yk4787,2025-01-28
318East,2025-01-28
Dependent-Pear-2104,2025-01-28
Curious_Lawyer_2611,2025-01-28
mister_gone,2025-01-28
5missingchickens,2025-01-28
Gloomy-Discipline461,2025-01-28
gr8molassesflood1919,2025-01-28
EyeLikeBigPutts,2025-01-28
ownlife909,2025-01-28
Shot_Discussion7058,2025-01-28
Quiet_Expression1252,2025-01-28
Particular-Camera284,2025-01-28
Shinyhaunches,2025-01-28
Jolly-Friendship200,2025-01-28
mikedavisLLC,2025-01-28
indytriesart,2025-01-28
Famous-Magician2272,2025-01-28
WarbossTodd,2025-01-28
lulu1477,2025-01-28
appallXXL,2025-01-28
treereenee,2025-01-28
RealOrdinary5944,2025-01-28
cmquinn2000,2025-01-28
Much_Priority2674,2025-01-28
Beautiful-Pen-4608,2025-01-28
Leading_Document_464,2025-01-28
CornIsAcceptable,2025-01-28
No-Depth-170236,2025-01-28
PressureResponsible9,2025-01-28
adela-vitova,2025-01-28
ConfidentLie6072,2025-01-28
luminousrose9,2025-01-28
paintthetownblueriot,2025-01-28
Esdot18,2025-01-28
Prize_Magician_7813,2025-01-28
RemoteLast7128,2025-01-28
b-rar,2025-01-28
Apart-Humor9339,2025-01-28
Inner_Ad8366,2025-01-28
environmental2020,2025-01-28
Scary_Fig_814,2025-01-28
OldStretch84,2025-01-28
Wide-Negotiation4301,2025-01-28
Kwidgeebo,2025-01-28
IDespiseChildren,2025-01-28
Puzzled_Implement_78,2025-01-28
CombinationUseful460,2025-01-28
fatuous4,2025-01-28
ImpossibleSir508,2025-01-28
undercovershrew,2025-01-28
ThisBikeIsAPipeBomb_,2025-01-28
Certain-Scar38,2025-01-28
TMag73,2025-01-28
happicamper2025,2025-01-28
Responsible_Shoe_158,2025-01-28
Fearless-Thought-761,2025-01-28
Not_Great_Bob_2025,2025-01-28
WutInTheKYFried,2025-01-28
toss_my_potatoes,2025-01-28
T0mmygr33n,2025-01-28
Odovacarravenus,2025-01-28
Michelle_xoxo,2025-01-28
katie0873,2025-01-28
ActivityScary3476,2025-01-28
robekahbot,2025-01-28
livintheredonkulis,2025-01-28
Such_Studio_8698,2025-01-28
CheeseTaxForMyMom,2025-01-28
MadyCastigan,2025-01-28
Fitness_Goalseeker,2025-01-28
Savings_Garlic_8540,2025-01-28
No-Lab-7217,2025-01-28
These-Ad6007,2025-01-28
Legitimate-Eye-961,2025-01-28
Glittering_Aioli_763,2025-01-28
willywonkaelgs,2025-01-28
OrangeBlossomT,2025-01-28
HolboxingGloves,2025-01-28
mandatoryclutchpedal,2025-01-28
WearyPassenger,2025-01-28
Appropriate_Ad_9169,2025-01-28
Just-Volume-9581,2025-01-28
Curious-Challenge64,2025-01-28
epeoples13,2025-01-28
questison,2025-01-28
variablegh,2025-01-28
ComfortableUpset6082,2025-01-28
MyNamesNotPrada,2025-01-28
ClusterFugazi,2025-01-28
flowersoffaith,2025-01-28
ilikecheeseandyou,2025-01-28
Infamous-Gap8492,2025-01-28
Aggravating_Fig2134,2025-01-28
Impossible_Yam8441,2025-01-28
binderclip95,2025-01-28
squishes-loubs,2025-01-28
schistyscience2,2025-01-28
Both_Use_8825,2025-01-28
Pettifoggerist,2025-01-28
AdSweet7706,2025-01-28
aircavrocker,2025-01-28
PomegranateBright914,2025-01-28
Beautiful-Cut-6322,2025-01-28
BattleSoggy4999,2025-01-28
Relative-Instance539,2025-01-28
Ok-Reality-640,2025-01-28
ack3786,2025-01-28
TryIsntGoodEnough,2025-01-28
MoiraStrand2024,2025-01-28
ZookeepergameCool880,2025-01-28
livewelldogood,2025-01-28
Dizzy-Climate574,2025-01-28
ab183919,2025-01-28
TracePlayer,2025-01-28
signalbot,2025-01-28
Next-Championship509,2025-01-28
FloatingTrashPile787,2025-01-28
jojojawn,2025-01-28
time4_lunch-lady,2025-01-28
notunek,2025-01-28
CompetitiveTurnip150,2025-01-28
Alert_Garlic1146,2025-01-28
IkkiElAveFenix,2025-01-28
TroglodyteToes,2025-01-28
Impossible-Middle-15,2025-01-28
tomenjean,2025-01-28
GeekDad732,2025-01-28
AlternativeStable142,2025-01-28
Pinky_RuletheWorld,2025-01-28
Old_Breadfruit_1321,2025-01-28
Frosty-Collection-76,2025-01-28
skuge_,2025-01-28
Key-West-1348,2025-01-28
Sixed_Don,2025-01-28
Parking_Bug_6524,2025-01-28
lamedogninety,2025-01-28
SyFyFan93,2025-01-28
ThinOpinions,2025-01-28
EleanorCamino,2025-01-28
Ok-Wrongdoer2069,2025-01-28
Lumpy_Praline_4664,2025-01-28
Fantastic-Ad-618,2025-01-28
No_Possibility9861,2025-01-28
m1keyc,2025-01-28
LiberalCyn1c,2025-01-28
Find_Calm,2025-01-28
jmill_1012,2025-01-28
SaveCivilServants,2025-01-28
Traditional_Can_4893,2025-01-28
SouthernVeritas,2025-01-28
BigFitMama,2025-01-28
virtualBCX,2025-01-28
Silver_Island6781,2025-01-28
Hola_Amibro,2025-01-28
sneakysnake-sssnek,2025-01-28
RespectOne1229,2025-01-28
Spiritual-Lynx8447,2025-01-28
Much_Position2563,2025-01-28
sentinel_of_ether,2025-01-28
turnthismotherout,2025-01-28
PM_me_yur_pm,2025-01-28
PristineAmbassador55,2025-01-28
Character-Parfait-42,2025-01-28
kelli-leigh-o,2025-01-28
VespaLX50,2025-01-28
Ye_Olde_Throwaway999,2025-01-28
somethingswesay,2025-01-28
RinkiMink,2025-01-28
Ok_Moose1615,2025-01-28
WestCoastSparks,2025-01-28
KeySpell7467,2025-01-28
GwandWizahd,2025-01-28
TheBeaarJeww,2025-01-28
Remote-Touch-5988,2025-01-28
Infinite_Sorbet4486,2025-01-28
MarinadeBakery,2025-01-28
Tight-Interaction621,2025-01-28
VaguestDust,2025-01-28
oldcrow907,2025-01-28
Pure-Acanthaceae8072,2025-01-28
sapsimp-dt,2025-01-28
Immediate_Assist2185,2025-01-28
Krambo3000,2025-01-28
shesjustbrowsin,2025-01-28
sadisticsealion,2025-01-28
DaveCoversCyber,2025-01-28
brrhi,2025-01-28
FewRound231,2025-01-28
rowingalt86,2025-01-28
Dangerous_Cut3135,2025-01-28
mewchi_monstah,2025-01-28
Y0u_D0nt_Kn0w_Me,2025-01-28
featheredfeathers,2025-01-28
dan19707,2025-01-28
PandaReal_1234,2025-01-28
missusmorality,2025-01-28
pro_deluxe,2025-01-28
Playful_Freedom6483,2025-01-28
Wet-Tickler,2025-01-28
DegreeDubs,2025-01-28
Total_Fail_6994,2025-01-28
Special-Emphasis-364,2025-01-28
house-reno,2025-01-28
2BucChuck,2025-01-28
throwRA_1330,2025-01-28
OneWestern7124,2025-01-28
Cold_Situation_7803,2025-01-28
Existing_Swimmer_396,2025-01-28
Jenn11850,2025-01-28
occarune1,2025-01-28
NessieAH,2025-01-28
cateri44,2025-01-28
Full-Intention6600,2025-01-28
EmberinEmpty,2025-01-28
Kashii_tuesday,2025-01-28
Kevin-W,2025-01-28
Better-Swimmer7355,2025-01-28
Big-Broccoli-9654,2025-01-28
Mostly_for_Upvoting,2025-01-28
bexyrex,2025-01-28
WeakJournalist3190,2025-01-28
ajelo133,2025-01-28
FunctionFrequent5775,2025-01-28
TomorrowImportant245,2025-01-28
RedMikeRum,2025-01-28
Complete_Ad7790,2025-01-28
Hopeful-Sort-9876,2025-01-28
NBAFalsehoods,2025-01-28
fatherofallthings,2025-01-28
Dismal_Wolverine6933,2025-01-28
UpstairsGreat1299,2025-01-28
FordPrefect42_63,2025-01-28
SpinachSure5505,2025-01-28
Normal-Ticket9858,2025-01-28
MaleficentAddendum11,2025-01-28
PentatonicAchilles,2025-01-28
polarbearabi,2025-01-28
Ancient_Cap2590,2025-01-28
molliepup,2025-01-28
Educational_Ear7544,2025-01-28
Songleaf,2025-01-28
notsweet62,2025-01-28
Ecstatic-Body-4481,2025-01-28
DecentForever8364,2025-01-28
businessgoos3,2025-01-28
Ok-Eggplant5781,2025-01-28
Girltech31,2025-01-28
itguru446,2025-01-28
therakel749,2025-01-28
supercarrier78,2025-01-28
ahorsewithnoname2025,2025-01-28
Froqwasket,2025-01-28
CrispyPancakeEdges,2025-01-28
Smoorester,2025-01-28
Appropriate-Claim385,2025-01-28
iamrealz,2025-01-28
shivaspecialsnoflake,2025-01-28
bluemola,2025-01-28
slutty_tendencies,2025-01-28
TubbyCoyote,2025-01-28
throwawayburneracc7,2025-01-28
Not_that_kind_of_DR,2025-01-28
mirzayac1,2025-01-28
horse-boy1,2025-01-28
Relative_Teacher_611,2025-01-28
KomodoDomo,2025-01-28
Quetzal_Warrior,2025-01-28
NoImprovement4374,2025-01-28
DrMxCat,2025-01-28
MeanTato,2025-01-28
Fluffy-Oil6423,2025-01-28
Cferra,2025-01-28
kay-pii,2025-01-28
ThrowRa736363823,2025-01-28
No-Consideration2067,2025-01-28
Dontcutthechees3,2025-01-28
Fed_seeker,2025-01-28
spendology,2025-01-28
Longjumping-Art-253,2025-01-28
Scary_Psychology_285,2025-01-28
Starrone83,2025-01-28
eco_chic_shit,2025-01-28
KabbalahDad,2025-01-28
Low-Raspberry7171,2025-01-28
Many-Resist-7237,2025-01-28
floradestiny,2025-01-28
sugarsoccer,2025-01-28
ladyeclectic79,2025-01-28
Chai513,2025-01-28
littlemacaron,2025-01-28
No_Yesterday_0503,2025-01-28
Getmeoutofhere235,2025-01-28
aunniecat,2025-01-28
marstospace,2025-01-28
oswbdo,2025-01-28
Truthorliez,2025-01-28
Big_Caterpillar8012,2025-01-28
SubjectFrosty4174,2025-01-28
DCWagonWheel,2025-01-28
TazMan42169,2025-01-28
rdking647,2025-01-28
murphymurph8877,2025-01-28
thisis2025,2025-01-28
Appropriate_Shoe6704,2025-01-28
Accomplished-Bug4327,2025-01-28
Such_Bus_4930,2025-01-28
LearningCS6,2025-01-28
Scared_Lettuce1967,2025-01-28
herzzruh,2025-01-28
Canned_worms_,2025-01-28
Mouzgouss,2025-01-28
Remarkable-Guitar566,2025-01-28
ForkInTheRoadOPM,2025-01-28
Additional_Duck_848,2025-01-28
strung_out00,2025-01-28
Pizzapizzzza,2025-01-28
noonway757,2025-01-28
FennelSuperb7633,2025-01-28
Pretend_Spray_11,2025-01-28
Elegant_Science_6770,2025-01-28
No-Scholar-2958,2025-01-28
catbutt_jpg,2025-01-28
jordarr8994,2025-01-28
Available-Basket3649,2025-01-28
FeralCityCat,2025-01-28
LocalAreaResident,2025-01-28
VillainOrginStoryNow,2025-01-28
Fluffyfluffbear17,2025-01-28
ThoreauAway1999,2025-01-28
Charmedwizard98,2025-01-28
anon_burner_2,2025-01-28
Significant_Way_9789,2025-01-28
butwhytho_seriously,2025-01-28
wasnapping,2025-01-28
fartbox59,2025-01-28
franklylost1013,2025-01-28
Hungry-Regret8111,2025-01-28
Critical_Young_1190,2025-01-28
New-Cup6594,2025-01-28
Party-Independent-38,2025-01-28
InfiniteConfection60,2025-01-28
Burnt_diary,2025-01-28
OrphanAnvil,2025-01-28
tikita220,2025-01-28
Soggy_Cause_9062,2025-01-28
symbolicCAMPital,2025-01-28
Old_Calligrapher9929,2025-01-28
sj_numba1,2025-01-28
Veteran_PA-C,2025-01-28
dr_curiousgeorge,2025-01-28
Oldschoolfool22,2025-01-28
OrganicAsparagus3559,2025-01-28
Famous_Connection_31,2025-01-28
ReindeerAlert355,2025-01-28
Substantial_Past_741,2025-01-29
throwawaygovemploye,2025-01-29
Orgetoryx,2025-01-29
Current_Internet3666,2025-01-29
diaymujer,2025-01-29
blubernut,2025-01-29
ZealousidealLeave563,2025-01-29
Relative-Salad3344,2025-01-29
Character_Impress_83,2025-01-29
PaleHorseWriter,2025-01-29
ImpressSeveral3007,2025-01-29
Aggravating_Cry_5657,2025-01-29
DC-Throwaway-25,2025-01-29
4IdeasAreBulletproof,2025-01-29
IceColdRage,2025-01-29
therealheroinhero,2025-01-29
ParticularCrow3686,2025-01-29
ras,2025-01-29
fuzzy_dice_99,2025-01-29
Blue_Amphibian7361,2025-01-29
Babylover3,2025-01-29
Jan8created,2025-01-29
ellafitzkitty,2025-01-29
IsopodSlow7919,2025-01-29
Amberly7900,2025-01-29
RelativelySatisfied,2025-01-29
SlapMonkey13,2025-01-29
MrPunky,2025-01-29
Odd_Wait_6790,2025-01-29
ThroneoftheRedSage,2025-01-29
Cobalt460,2025-01-29
Digital_Nomad_Pug,2025-01-29
Bgalauner,2025-01-29
Specialist-Duck908,2025-01-29
Trying2balright,2025-01-29
puppymama75,2025-01-29
bae2077,2025-01-29
caml314,2025-01-29
SigTauDan,2025-01-29
tinalarsenk,2025-01-29
clearedremote,2025-01-29
CaptainWollaston,2025-01-29
Slow_Set6965,2025-01-29
Unstoppable_XRP,2025-01-29
Teeny-tiny-beany,2025-01-29
HasaniSabah,2025-01-29
Old_Cabinet_8890,2025-01-29
Normal-Call7708,2025-01-29
MysteriousPrint614,2025-01-29
darth_grader,2025-01-29
throwawayainteasy,2025-01-29
Beneficial-Leg9916,2025-01-29
akaynaveed,2025-01-29
North-Pipe-8371,2025-01-29
OneBadWay,2025-01-29
Plane-Razzmatazz-904,2025-01-29
Flexappeal,2025-01-29
Straight_Penalty8093,2025-01-29
HellNoToRTO,2025-01-29
pro-laps,2025-01-29
Icy-Blackberry8871,2025-01-29
Secret_Suggestion_17,2025-01-29
equanimity72,2025-01-29
vyvydly,2025-01-29
homemade-fruit-salad,2025-01-29
Vegetable_Elk,2025-01-29
OverlyAnxiousPerson,2025-01-29
Owl-inna-tree,2025-01-29
Honorable_Heathen,2025-01-29
nycdiveshack,2025-01-29
New_Table_9899,2025-01-29
Fforfrontdoe,2025-01-29
iiArmy,2025-01-29
AvidAgriculture,2025-01-29
cpf_taxed,2025-01-29
Typical-Phone7454,2025-01-29
Fair_Reputation4044,2025-01-29
ThrumboJoe,2025-01-29
Leggzzzz9518,2025-01-29
CupEmergency1153,2025-01-29
nxrose1944,2025-01-29
Obvious-Football9377,2025-01-29
ThisWasAValuedRug,2025-01-29
Witty_Username_28,2025-01-29
Evening-Egg3052,2025-01-29
KitchenJackfruit8070,2025-01-29
ShadowPerson4712,2025-01-29
neophyte357,2025-01-29
The_Texas_Cuban,2025-01-29
Therealfakeslim,2025-01-29
UncleHasanDetroit,2025-01-29
connellwaldron,2025-01-29
Digg_Heretic,2025-01-29
throwawayfed111,2025-01-29
7Livewires,2025-01-29
Neither-State-211,2025-01-29
Plenty_Switch_2707,2025-01-29
OnlyMamaKnows,2025-01-29
Few_Swan786,2025-01-29
Traditional-Hat4213,2025-01-29
EmmyA54,2025-01-29
wiredmagazine,2025-01-29
HaveYouThankedYourKO,2025-01-29
Truth202seeker,2025-01-29
KingZayDontPlay,2025-01-29
RobotHavGunz,2025-01-29
IrishGirl774,2025-01-29
mnstripe,2025-01-29
Brave_Ostrich5046,2025-01-29
trees_and_bees_pls,2025-01-29
Annual_Bar8311,2025-01-29
im4rmdallas,2025-01-29
ADXMcGeeHeezack,2025-01-29
ArsenicMac,2025-01-29
HROPM,2025-01-29
kaoli1188,2025-01-29
CarefulRiskTaker,2025-01-29
501st-Soldier,2025-01-29
bigal7979,2025-01-29
LeLand_Land,2025-01-29
FishingExpert7739,2025-01-29
Itchy-Desk5546,2025-01-29
waysnappap,2025-01-29
dirtdevil432,2025-01-29
Street_Command_2000,2025-01-29
Accurate_Anxiety2241,2025-01-29
steelpot,2025-01-29
Cautious-Tooth-7027,2025-01-29
Foodispoison356,2025-01-29
Flimsy-Shirt9524,2025-01-29
Username8265,2025-01-29
EmbarrassedWave1740,2025-01-29
Important-Tourist193,2025-01-29
Brave-Fig-2777,2025-01-29
Hot_Amphibian_4744,2025-01-29
Common_Data_5817,2025-01-29
M0T0V3L0,2025-01-29
StainlessSteelRattt,2025-01-29
abundantjoylovemoney,2025-01-29
BlurryMurray,2025-01-29
Impossible_Ad_8642,2025-01-29
Requirement-Itchy444,2025-01-29
ShadowPerson2742,2025-01-29
tzantza8,2025-01-29
AnonymouselyMoosed,2025-01-29
fednewsrepletter,2025-01-29
ads1031,2025-01-29
Vivid_Party_3390,2025-01-29
WTF-is-even-going-on,2025-01-29
Gird_Your_Anus,2025-01-29
PoliticalPonzi,2025-01-29
Steelers189,2025-01-29
yeahyeahokay95,2025-01-29
INST447_Mub,2025-01-29
OscoCosco,2025-01-29
teh_201d,2025-01-29
cardinalgirls1,2025-01-29
LowSide9420,2025-01-29
New-Crew-7225,2025-01-29
BarryBurkman,2025-01-29
BAL87,2025-01-29
Dry-Future5982,2025-01-29
Accurate-Kale-5749,2025-01-29
LeonCanForkMyNutsac,2025-01-29
MonsterMayne,2025-01-29
mrbreck,2025-01-29
StellaHasHerpes,2025-01-29
MinervaEcho,2025-01-29
Narrow_Escape140,2025-01-29
Stripe_Show69,2025-01-29
ogenj250,2025-01-29
DevilsPlaything42,2025-01-29
TypicalAudience8938,2025-01-29
Last-Mistake6494,2025-01-29
Humble-Trackwtf,2025-01-29
Remarkable_Cheek4295,2025-01-29
Super_Reach_4959,2025-01-29
verdant_isles,2025-01-29
sventhepaddler,2025-01-29
FeralXenomorph,2025-01-29
LIGMA_LOSER,2025-01-29
ThrowRA291737,2025-01-29
Old_Care_5779,2025-01-29
Substantial_Love6479,2025-01-29
Ambitious_Face7310,2025-01-29
GlitteryCaterpillar,2025-01-29
GroundbreakingFox504,2025-01-29
PitchShot7465,2025-01-29
taw_a,2025-01-29
Goths_and_GirlScouts,2025-01-29
PersephoneTerran,2025-01-29
Arborsage,2025-01-29
Friendly-Persimmon78,2025-01-29
UpstairsDebate41,2025-01-29
bluekalesun,2025-01-29
Original-Age-565,2025-01-29
Not-taken3355,2025-01-29
Slickcashman,2025-01-29
Upbeat-Hovercraft-50,2025-01-29
Specialist-Worry-156,2025-01-29
worldcaz,2025-01-29
Deinocerites,2025-01-29
Affectionate_Art_954,2025-01-29
No_Replacement_2824,2025-01-29
National_Vol,2025-01-29
xxrichxxx,2025-01-29
daniel_hegre,2025-01-29
Feeling-Bullfrog-795,2025-01-29
Nuke74,2025-01-29
Jackfruit-Maleficent,2025-01-29
theganglyone,2025-01-29
ChefBecs,2025-01-29
SensitiveWitness2517,2025-01-29
Muted_Confidence5730,2025-01-29
Disastrous_Lime_5837,2025-01-29
EquipmentHairy6533,2025-01-29
pyrlvr1952,2025-01-29
Comfortable_Glass_78,2025-01-29
mrwiseman,2025-01-29
zahrtman2006,2025-01-29
PublicServantSpartak,2025-01-29
Wombats179,2025-01-29
iiamuntuii,2025-01-29
Sienna_Canyon,2025-01-29
Winter_Pomelo1205,2025-01-29
ZPMQ38A,2025-01-29
kashieslee,2025-01-29
AggressiveExercise84,2025-01-29
PandaGoggles,2025-01-29
Winnie_da_poo17,2025-01-29
BroHamBone,2025-01-29
Tubeless-Diva,2025-01-29
bpfinsa,2025-01-29
ionlycome4thecomment,2025-01-29
rajapaws,2025-01-29
FlashOverSubstance,2025-01-29
40mm_of_freedom,2025-01-29
a_rather_small_moose,2025-01-29
EmergencyO2,2025-01-29
Equal-Conflict-2987,2025-01-29
jonathan5023,2025-01-29
Such_Customer6627,2025-01-29
Important_Toe_6836,2025-01-29
PressFforAlderaan,2025-01-29
ZealousidealWash3870,2025-01-29
Redhambone,2025-01-29
Low-Crow-8735,2025-01-29
cannotberushed-,2025-01-29
Remarkable-Plenty-16,2025-01-29
Ornery_Night2970,2025-01-29
HyenaZealousPeas,2025-01-29
Thisshitagain-R5608,2025-01-29
Separate-Specific199,2025-01-29
spliceasnice2024,2025-01-29
GlockenspielSymphony,2025-01-29
blackberrysky30,2025-01-29
erroneousbosh,2025-01-29
GuyallsX,2025-01-29
STRAF_backwards,2025-01-29
That-Description-955,2025-01-29
marilynlitt,2025-01-29
Kishannn,2025-01-29
Willough,2025-01-29
Lazy_Importance286,2025-01-29
flat_foot_runner,2025-01-29
Playful-Country-9849,2025-01-29
bb8poe,2025-01-29
churn_key,2025-01-29
powderkegz,2025-01-29
AntiqueAraceae,2025-01-29
PerceptionWestern451,2025-01-29
guanabanaiguana,2025-01-29
InformedAgnostic,2025-01-29
No_Reach8985,2025-01-29
Wobbly-Jelly7558,2025-01-29
Organic_Corgi6451,2025-01-29
Hvflo,2025-01-29
Coolioissomething,2025-01-29
BrightClub5282,2025-01-29
24mile,2025-01-29
bfgalligan,2025-01-29
GingerTortieTorbie,2025-01-29
AllAroundNerd42,2025-01-29
Working_skill87,2025-01-29
VeganStegosaur,2025-01-29
NotSorry2019,2025-01-29
OisforOwesome,2025-01-29
Flashy-Manager-948,2025-01-29
Leading_Succotash163,2025-01-29
Fair-Deer,2025-01-29
Myfourcats1,2025-01-29
MischiefManaged777,2025-01-29
ComfortableWasabi385,2025-01-29
Unhappy_Moose6242,2025-01-29
Old-Carpenter7456,2025-01-29
NCSubie,2025-01-29
Ordinary_Plantain558,2025-01-29
DADDY_KRAMNIK,2025-01-29
TimeWastingAuthority,2025-01-29
CutBornandRaised,2025-01-29
sickofthisshit,2025-01-29
Red_Goddess19,2025-01-29
Various_Discount643,2025-01-29
Complex-Welcome-9352,2025-01-29
EpionePgh,2025-01-29
1candywhite1,2025-01-29
Zestyclose_Bell_6584,2025-01-29
FarHoneydew9195,2025-01-29
ElysiumOblivion,2025-01-29
ttrellion,2025-01-29
MapFlashy3105,2025-01-29
EstateImpossible4854,2025-01-29
Viking092909,2025-01-29
TheEndOfEgo,2025-01-29
Mother_Shopping_8607,2025-01-29
bloopitywoopity,2025-01-29
PayNo5544,2025-01-29
nickkrewson,2025-01-29
Obvious-Field-497,2025-01-29
Trust_Know_Won,2025-01-29
Informal_Tone9003,2025-01-29
Mental_Ice4917,2025-01-29
AdOk2475,2025-01-29
Common-Lab-2153,2025-01-29
paulwalker80,2025-01-29
Careless_Magazine_52,2025-01-29
crb1077,2025-01-29
Double_Cheek9673,2025-01-29
FatLeonard701,2025-01-29
Ordinary-Debate1302,2025-01-29
I_mean72,2025-01-29
Strict-Ad-7631,2025-01-29
solidshearer,2025-01-29
swampdonkey4ever,2025-01-29
Itsme2008pp17,2025-01-29
Smart_Seaworthiness8,2025-01-29
ContestInside3885,2025-01-29
Ok_Repeat2936,2025-01-29
WashingtonsGhost76,2025-01-29
noahisaak,2025-01-29
Cold-Illustrator7212,2025-01-29
AstronomerAnnual7819,2025-01-29
TempRefuse,2025-01-29
New-Comedian-404,2025-01-29
Redfish680,2025-01-29
grizzlyalloy,2025-01-29
GlitteringAffect5694,2025-01-29
aetherflux1231237,2025-01-29
hugsbybugsby,2025-01-29
Jersey-Taco-13,2025-01-29
Spirited_Purchase181,2025-01-29
turbocar_throwaway,2025-01-29
SwiperNoSwiping-5274,2025-01-29
ComprehensiveHost769,2025-01-29
CookingInBelize,2025-01-29
Dozboiz,2025-01-29
-Overseer,2025-01-29
ThickFriend7621,2025-01-29
SubjectBackground220,2025-01-29
BobbyShmurdaTheGOAT,2025-01-29
newleafshadeofgreen,2025-01-29
Spiritual-Room-4368,2025-01-29
WhoopDareIs,2025-01-29
bearsbaby,2025-01-29
Intrepid_Bug_7272,2025-01-29
Little-Chocolate-670,2025-01-29
srh_fshh,2025-01-29
LordCrawleysPeehole,2025-01-29
Mommanan2021,2025-01-29
lobaird,2025-01-29
Stormneedle,2025-01-29
Spec-4-kp,2025-01-29
Admirable-Mud-3477,2025-01-29
Repulsive-Job1451,2025-01-29
CustardOtherwise5133,2025-01-29
No_Chard533,2025-01-29
Double_Button_8222,2025-01-29
Maximum-Reindeer1629,2025-01-29
aalig50,2025-01-29
Cordially,2025-01-29
die_riding,2025-01-29
Atimeforeverything,2025-01-29
PumkinFunk,2025-01-29
NowalJ,2025-01-29
NameLips,2025-01-29
BidenBro2020,2025-01-29
OrangeCatActivites,2025-01-29
stayonthecloud,2025-01-29
supertuckman812,2025-01-29
throwingitaway23322,2025-01-29
Latter-Topic-7965,2025-01-29
GAAPInMyWorkHistory,2025-01-29
Alert_Flight3096,2025-01-29
Routine_Web_6865,2025-01-29
Apart_Detail_4887,2025-01-29
QuinnSchiv,2025-01-29
rex_swiss,2025-01-29
Immediate_Piccolo_79,2025-01-29
9liners,2025-01-29
Plenty-Persimmon6377,2025-01-29
ResponsibilityNo9921,2025-01-29
Apprehensive-Data869,2025-01-29
ScratchLongjumping,2025-01-29
FlyDifficult6358,2025-01-29
VaultDweller666,2025-01-29
IceOdd8725,2025-01-29
Jonz_Linen,2025-01-29
Hittin40Soon,2025-01-29
SetmefreeEU,2025-01-29
amazondriverbynight,2025-01-29
Entire_Customer146,2025-01-29
OddballComment,2025-01-29
A-Level-1-Bard,2025-01-29
AccurateThought4932,2025-01-29
qpid,2025-01-29
TeddyR_,2025-01-29
TrumpIsWeird,2025-01-29
gypsylypsy,2025-01-29
gamezoomnets,2025-01-29
BenWnham,2025-01-29
Kitten_Impossible,2025-01-29
the_winter_sojourn,2025-01-29
Spiritual-Chart-940,2025-01-29
Puzzleheaded-Dust360,2025-01-29
fitnessnerd1,2025-01-29
ThatsMrsOpossum2U,2025-01-29
adallgoes,2025-01-29
Wise-Woodpecker-2727,2025-01-29
VarnishJa,2025-01-29
thereaper034,2025-01-29
Moist-Ingenuity-5796,2025-01-29
Stelllanova,2025-01-29
mayorlittlefinger,2025-01-29
Steller_Eagle,2025-01-29
Oatmeal4922,2025-01-29
climatebrad,2025-01-29
SceneResident3081,2025-01-29
lukaron,2025-01-29
InsideAwareAlert,2025-01-29
Cali_kink_and_rope,2025-01-29
Wtfshesay,2025-01-29
Relative-Reveal-4977,2025-01-29
Substantial-Hurry671,2025-01-29
LAWYERUPFED,2025-01-29
pennyauntie,2025-01-29
Sasquatchlovestacos,2025-01-29
adventuredream1,2025-01-29
Totally_JT,2025-01-29
My_Work_Account_91,2025-01-29
Busy-Difficulty-4757,2025-01-29
DemocracyDefender,2025-01-29
FlaccidJustice,2025-01-29
humanpotatoboy,2025-01-29
WhyIsIt27,2025-01-29
Dufault89,2025-01-29
obeythemedia,2025-01-29
trusteve,2025-01-29
soccerweasel6,2025-01-29
apple_kicks,2025-01-29
throwaway_Air_757,2025-01-29
Negative-Day-8061,2025-01-29
Rich-Jelly4350,2025-01-29
Amazing_Fig_6302,2025-01-29
jpiz27,2025-01-29
arickg,2025-01-29
GardenEmbarrassed371,2025-01-29
SmokedBisque,2025-01-29
Pristine-Sugar3192,2025-01-29
Winter-Watercress413,2025-01-29
TimeMilkers04622,2025-01-29
Pyro1934,2025-01-29
Icy-Ad-5570,2025-01-29
Such_Satisfaction269,2025-01-29
villagezero,2025-01-29
olwynbostic,2025-01-29
SignificantAd6518,2025-01-29
dougnstr,2025-01-29
astarionismygf,2025-01-29
catdistributinsystem,2025-01-29
D33pWat3rs,2025-01-29
Who_Wouldnt_,2025-01-29
PuzzledAd2874,2025-01-29
biry219,2025-01-29
gavjushill1223,2025-01-29
lvlv_ink,2025-01-29
Democracy_defender,2025-01-29
Top_Statement_9476,2025-01-29
Flat_Finger3727,2025-01-29
Head_Illustrator5510,2025-01-29
Firm-Hall-6581,2025-01-29
lskerlkse,2025-01-29
ThrowRA01829199,2025-01-29
Commercial_Curve949,2025-01-29
TrulyTerrifyingTales,2025-01-29
senior_carrots,2025-01-29
AFvet-04,2025-01-29
educatedgooner,2025-01-29
Major_Dog_2385,2025-01-29
MolleezMom,2025-01-29
renaissanc,2025-01-29
AccomplishedMedia191,2025-01-29
AnnoyingOcelot418,2025-01-29
talaqen,2025-01-29
ImpressoDigitais,2025-01-29
DonCarnage85,2025-01-29
TakcnelExpress,2025-01-29
Accurate_Ad1013,2025-01-29
LightSea4015,2025-01-29
Coach_domi_nate,2025-01-29
ConditionGlum1167,2025-01-29
shortstack9,2025-01-29
Top-Specialist6235,2025-01-29
Next_Airport_7230,2025-01-29
colonelbongwaterr,2025-01-29
littlewondergurl,2025-01-29
katzeye007,2025-01-29
Constant_Shirt8799,2025-01-29
Albedo87,2025-01-29
TheJamIAm,2025-01-29
Slight_Promise_8191,2025-01-29
CallSudden3035,2025-01-29
throw_away4obvrzns,2025-01-29
youlovefeds,2025-01-29
jmoneyindabank,2025-01-29
Fox_In_the_Woods,2025-01-29
Technical-Maybe2568,2025-01-29
unbiasedfornow,2025-01-29
Strong-Street-3167,2025-01-29
Obitrice,2025-01-29
Loaded_Up_,2025-01-29
DecentDrop7690,2025-01-29
-Non-Stop-,2025-01-29
Imaginary_Ask6414,2025-01-29
nickeldork,2025-01-29
Plane_Educator9622,2025-01-29
Moon_Rose_Violet,2025-01-29
HitThe15Achieved,2025-01-29
Space_Cadet9654,2025-01-29
BlackCatBruce,2025-01-29
Even-Nothing-9587,2025-01-29
R-Dragon_Thunderzord,2025-01-29
Neon_Biscuit,2025-01-29
BrewSperry,2025-01-29
Foodie6197,2025-01-29
0-Gravitas,2025-01-29
Emeritus8404,2025-01-29
CrustyJuggler2007,2025-01-29
errantv,2025-01-29
Enikka,2025-01-29
lavacake997,2025-01-29
esshair,2025-01-29
Ok_Arrival9438,2025-01-29
Down-w-Dtown,2025-01-29
itsnot2025its1984,2025-01-29
Fit_Explanation5793,2025-01-29
ssssecretttttt963,2025-01-29
SamDiep,2025-01-29
Trash-Panda4891,2025-01-29
marzbarz82,2025-01-29
iamconstant,2025-01-29
9mmx19,2025-01-29
Fun_Government8889,2025-01-29
Far_Language1738,2025-01-29
Ruffles84,2025-01-29
nonya_bidniss,2025-01-29
Top_Persimmon_2216,2025-01-29
protox13,2025-01-29
Aggravating_Wear_243,2025-01-29
Miserable_Project579,2025-01-29
PetADog,2025-01-29
amiwitty,2025-01-29
0bs0l3te,2025-01-29
Avenger772,2025-01-29
Common-Shot,2025-01-29
drmode2000,2025-01-29
ScheduleAthrowaway,2025-01-29
throw-away132436589,2025-01-29
burneracct51231,2025-01-29
Magikalfairy,2025-01-29
Pristine-Patient-262,2025-01-29
_Austin_Millbarge_,2025-01-29
taurusstallion,2025-01-29
boltempire,2025-01-29
Faridjan,2025-01-29
Regular_Slip_6420,2025-01-29
BTC-500k,2025-01-29
PrimarilyPrimate,2025-01-29
Significant-Dig-6836,2025-01-29
smokejumperbro,2025-01-29
Silent_Readerrrr,2025-01-29
tonybruzzy,2025-01-29
drg5280,2025-01-29
DrBucket,2025-01-29
Unlucky-Fish-6828,2025-01-29
Other_Aioli39,2025-01-29
most-best-husband,2025-01-29
ArthurMorgan1284,2025-01-29
West-Negotiation148,2025-01-29
Pimple-in-Chief,2025-01-29
Upset_Show_2389,2025-01-29
Halaku,2025-01-29
Physical-Rule-6776,2025-01-29
Realistic-Student116,2025-01-29
Meredith_VanHelsing,2025-01-29
sourcandybubblegum,2025-01-29
Upstairs_Raspberry55,2025-01-29
Sufficient_Bar_3043,2025-01-29
Icy_Cabinet7278,2025-01-29
Geo_NL,2025-01-29
sussiebussie,2025-01-29
aletib,2025-01-29
Forks_Roads,2025-01-29
CreatedUsername1,2025-01-29
sammy_from_miami,2025-01-29
no_one_5454,2025-01-29
InformedLibrarian18,2025-01-29
Top-Bandicoot-1610,2025-01-29
drw__drw,2025-01-29
Sweet_Minute_6713,2025-01-29
HelloThisIsDog666,2025-01-29
msgeo,2025-01-29
Critical-Boss-911,2025-01-29
Dry_Influence_874,2025-01-29
Overthinking_OutLoud,2025-01-29
Nnaialic,2025-01-29
Pathfinder0201,2025-01-29
Dense-Message-6334,2025-01-29
Jaded-Job-2989,2025-01-29
b1gh03a55,2025-01-29
Waffle626,2025-01-29
scientistsorg,2025-01-29
patslatt12,2025-01-29
DonutCoffeeMug,2025-01-29
MdCervantes,2025-01-29
ImRight-AdmitIt101,2025-01-29
Top_Consideration953,2025-01-29
byeelon,2025-01-29
NotElonMusk555,2025-01-29
Dry-Sleep-5438,2025-01-29
live_resin_rooster,2025-01-29
Tophatsun,2025-01-29
tindahbawks,2025-01-29
Silent-Durian6495,2025-01-29
brightcousinkuvi,2025-01-29
Over_Meringue3649,2025-01-29
ganbramor,2025-01-29
Background-Juice-281,2025-01-29
Peasant-Pitchfork,2025-01-29
JayBird843,2025-01-29
1k42f8b,2025-01-29
RarestManatee,2025-01-29
Bigddickswinger,2025-01-29
rememberthealaimo,2025-01-29
SarahOfBramblewood,2025-01-29
Key_Ad_4357,2025-01-29
AramTheBest,2025-01-29
la_palmina,2025-01-29
Standard_Ad4568,2025-01-29
humanbean01,2025-01-29
LateCurrency9380,2025-01-29
Hot_Owl_8935,2025-01-29
CarefulCharacter9563,2025-01-29
Wide-Currency-3896,2025-01-29
Extra_Ear_2936,2025-01-29
Realing2,2025-01-29
10390,2025-01-29
Over_Rice5553,2025-01-29
Lighthouse_Sprinkles,2025-01-29
SecretaryLower6262,2025-01-29
That_Calligrapher387,2025-01-29
Good_Software_7154,2025-01-29
PedeStomp,2025-01-29
DDCKT,2025-01-29
nahhhright,2025-01-29
SiloTvHater,2025-01-29
Gaslight_Joker,2025-01-29
benthebotanist,2025-01-29
Alexander_Granite,2025-01-29
jabp123,2025-01-29
jkrushin92,2025-01-29
TuKnight,2025-01-29
MiddleoftheRoad_Me,2025-01-29
Enough-Deer-7839,2025-01-29
Finthecat4055,2025-01-29
essxjay,2025-01-29
Key-Gene-4236,2025-01-29
anthrobymoto,2025-01-29
StartNormal9836,2025-01-29
Moisthobos,2025-01-29
spideysaysspin,2025-01-29
beirtech,2025-01-29
ParzivalBonzai,2025-01-29
ConfidentlyMeek,2025-01-29
TheWrightMatt,2025-01-29
No_Examination297,2025-01-29
DirtWolf66,2025-01-29
Ok_Cable4757,2025-01-29
bubbabooba,2025-01-29
RespectibleCabbage,2025-01-29
Dear_Examination1961,2025-01-29
crazy32,2025-01-29
Particular_Willow347,2025-01-29
Business_Mortgage_60,2025-01-29
maomaoandheihei,2025-01-29
Jobaja,2025-01-29
bluehatgreenshoes,2025-01-29
RosemarysBoobie,2025-01-29
FD4PH,2025-01-29
refreshmints22,2025-01-29
Jackey_Daytona,2025-01-29
Girlyhairboy1,2025-01-29
YNot1989,2025-01-29
East-Watch5029,2025-01-29
missamericona,2025-01-29
MonkeyMooch383,2025-01-29
blue-aldo,2025-01-29
djicjbfj,2025-01-29
Loud-Cap-6629,2025-01-29
coronaangelin,2025-01-29
rmudkip,2025-01-29
jeynga,2025-01-29
Healthy-Daikon-249,2025-01-29
Longjumping-Soil-644,2025-01-29
EquivalentDig3329,2025-01-29
justouzereddit,2025-01-29
privategrl21,2025-01-29
SymbioteThing,2025-01-29
NoLimitHoldM,2025-01-29
johnegq,2025-01-29
beedeebuzz,2025-01-29
IntrepidHabit800,2025-01-29
severence-policy,2025-01-29
robustomnibus,2025-01-29
Cheri-baby,2025-01-29
Old_County6148,2025-01-29
woobie_slayer,2025-01-29
The_Twat_Waffler,2025-01-29
No_Phrase4532,2025-01-29
Fecalgasm,2025-01-29
Organic-Lobster3081,2025-01-29
th1sthrowaway,2025-01-29
HappyR00,2025-01-29
cattlecoven,2025-01-29
ToxicKoalaz,2025-01-29
paraphrasingthings,2025-01-29
Nearby_Command_3992,2025-01-29
Bakkster,2025-01-29
Party-Diver8987,2025-01-29
radar55,2025-01-29
kindofnotice,2025-01-29
LonelyIthaca,2025-01-29
GOld3nGo0se,2025-01-29
roonie1,2025-01-29
beauvoir-in-ghazals,2025-01-29
branbon1,2025-01-29
BughouseSquare,2025-01-29
Federal-Echo1157,2025-01-29
DepartureLive7175,2025-01-29
sourpatch_cat16,2025-01-29
Scared-Promotion-401,2025-01-29
Airister,2025-01-29
Private_Part,2025-01-29
Wheatabixy123,2025-01-29
Joyful-Pilgrim,2025-01-29
Inside-Roof-2183,2025-01-29
GreatBlueHeronMagnet,2025-01-29
Intrepid-Stretch-959,2025-01-29
AlbedoIce,2025-01-29
Old_Ad1496,2025-01-29
stargazed1985,2025-01-29
Sauerkrautkid7,2025-01-29
Wise_Tiger7795,2025-01-29
First-Flounder-7702,2025-01-29
thinkingtwohard,2025-01-29
MrPlayset,2025-01-29
moderatethemiddle,2025-01-29
MrGeno,2025-01-29
inviteinvestinvent,2025-01-29
TheFancyElk,2025-01-29
Ok_Stress_9479,2025-01-29
ConfidentAd1459,2025-01-29
I-Take-Dumps-At-Home,2025-01-29
unimike958,2025-01-29
Specialist_Spring204,2025-01-29
Prize_Assistance_541,2025-01-29
Grouchy-Nerve-8010,2025-01-29
Financial_Ad7762,2025-01-29
PickMeUpAndPutMeDown,2025-01-29
salmo3t,2025-01-29
OrpingtonDuck,2025-01-29
Active_Synergy,2025-01-29
Just-Walking-Around-,2025-01-30
Hydruss,2025-01-30
Western-Bell-7678,2025-01-30
New_Caregiver8587,2025-01-30
Mavil161718,2025-01-30
throwaway-epa,2025-01-30
AutomaticMastodon992,2025-01-30
Western-Balance9563,2025-01-30
Ok-Victory881,2025-01-30
Dumbfuck1994,2025-01-30
RecommendationDull12,2025-01-30
independa,2025-01-30
Bruno_Marsipan,2025-01-30
FluffySquirrel9621,2025-01-30
BlackberryPersonal46,2025-01-30
Salt_Astronomer_691,2025-01-30
Live-Ad8694,2025-01-30
AgentBaggins,2025-01-30
auswish133,2025-01-30
Time-Primary-9180,2025-01-30
Ok-Confidence9649,2025-01-30
gsnoeyen,2025-01-30
Mr_Vaynewoode,2025-01-30
esporx,2025-01-30
ImpressiveShift3785,2025-01-30
Fancy-Birthday-9565,2025-01-30
Bluenote151,2025-01-30
lburnet6,2025-01-30
rhs314,2025-01-30
unclepg,2025-01-30
Strong-Big-2590,2025-01-30
ThreatSTOPCybrSecure,2025-01-30
Low-Lavishness-2986,2025-01-30
lorem_ipsum_H,2025-01-30
gillstone_cowboy,2025-01-30
koalapant,2025-01-30
globehopper2,2025-01-30
Educational_Gain3648,2025-01-30
CapTexAmerica,2025-01-30
WyndWoman,2025-01-30
imperfect_drug,2025-01-30
lazlothegreat,2025-01-30
ThinCap3740,2025-01-30
Accomplished-Hope228,2025-01-30
microcandella,2025-01-30
Large-Ad8031,2025-01-30
Long_Philosopher_280,2025-01-30
DraganTaveley,2025-01-30
DendragapusO,2025-01-30
AirlineSpecialist512,2025-01-30
Ok_Beautiful954,2025-01-30
RatherNerdy,2025-01-30
Natural-Stomach,2025-01-30
JustZee2,2025-01-30
Imnervousandafraid,2025-01-30
Justice4Jamess,2025-01-30
IdealExtension3004,2025-01-30
HopBewg,2025-01-30
CoffeeSnuggler,2025-01-30
Wonderful_Fill_4080,2025-01-30
NickMac761,2025-01-30
Top_Radio_9436,2025-01-30
pre-postpandemic,2025-01-30
Only-Consequence8242,2025-01-30
ChinookKing,2025-01-30
Separate_Writer_4465,2025-01-30
Fuggggin,2025-01-30
jvrusci,2025-01-30
battlehelmet,2025-01-30
b0rkb0rkb0,2025-01-30
Mamacrass,2025-01-30
spacexfalcon,2025-01-30
Profession_Important,2025-01-30
Flimsy_Counter_4497,2025-01-30
Recent-Reflection961,2025-01-30
katmom1969,2025-01-30
Paradoxicalravensoup,2025-01-30
phireal14,2025-01-30
babyjax,2025-01-30
veelaree,2025-01-30
Alarming-Daikon2985,2025-01-30
steezysteve,2025-01-30
CoffeeBeforeLogin,2025-01-30
Opposite_Instance_91,2025-01-30
Fancy-Pepper6852,2025-01-30
MostlyNeverCorrect,2025-01-30
Hectic_dialectic23,2025-01-30
Mark_Alfred_,2025-01-30
bjedy,2025-01-30
ladybuglala,2025-01-30
CompetitiveNorth3851,2025-01-30
DeafFedFam,2025-01-30
dicools,2025-01-30
muammar_qaddafi,2025-01-30
helenparts,2025-01-30
Monadsareunderrated,2025-01-30
Zplott,2025-01-30
dcux,2025-01-30
Final_Chocolate_3984,2025-01-30
Helpful-Garlic-4549,2025-01-30
stressedoutpigeon,2025-01-30
MTApple,2025-01-30
justinhanlon11,2025-01-30
og_cosmosis,2025-01-30
Background-Shower778,2025-01-30
Ann3Brunner,2025-01-30
Visible_Fix_313,2025-01-30
LibinTX,2025-01-30
cw9241,2025-01-30
TheRealCrowSoda,2025-01-30
smlille44,2025-01-30
nerdy0lady,2025-01-30
CommanderBingBong142,2025-01-30
dennisthehygienist,2025-01-30
sidequestBear,2025-01-30
Impressive_Country68,2025-01-30
Everyday_somebody,2025-01-30
cphoeryt,2025-01-30
ijm_wx,2025-01-30
Puzzleheaded-Tie1386,2025-01-30
AboutBizness,2025-01-30
thebarkingcat1,2025-01-30
-MattThaBat-,2025-01-30
Dangime,2025-01-30
BlackHourglass50,2025-01-30
partystick,2025-01-30
sheluvvme,2025-01-30
oyiyo,2025-01-30
AppropriateSail4,2025-01-30
anglflw,2025-01-30
Rhinozz_the_Redditor,2025-01-30
Teebone1234,2025-01-30
soonergrunt,2025-01-30
NutzInMouth,2025-01-30
Lazy_Point2234,2025-01-30
girlystruggles,2025-01-30
indianapones_,2025-01-30
JackJFlash,2025-01-30
CSCI4LIFE,2025-01-30
Few_Shop_1260,2025-01-30
ksod_ksla,2025-01-30
Zuckerperle,2025-01-30
XXGodofChaosXX,2025-01-30
RabbitSalty8672,2025-01-30
samaroid0187,2025-01-30
AfanasiiBorzoi,2025-01-30
Glsbnewt,2025-01-30
Real-Work-1953,2025-01-30
Simple_Panda6232,2025-01-30
TheLastBlakist,2025-01-30
throwawayfednews,2025-01-30
Complex_Disk2501,2025-01-30
the_rewind_guy,2025-01-30
firehippie5088,2025-01-30
Ok_Cartographer4016,2025-01-30
foxtrot926,2025-01-30
JoyKillsSorrow,2025-01-30
silothetic,2025-01-30
Upper_Choice_5913,2025-01-30
Afraid-Implement6441,2025-01-30
Queasy-Drag-2328,2025-01-30
Professional-Pea359,2025-01-30
Competitive_Bank_103,2025-01-30
marian4ohio,2025-01-30
silverbait,2025-01-30
Grand_Ad_672,2025-01-30
olemiss18,2025-01-30
PriorityPrize9400,2025-01-30
FarAnxiety8684,2025-01-30
iamdre,2025-01-30
TonyPangetJax,2025-01-30
TyrionsRedCoat,2025-01-30
uscg_medic04,2025-01-30
Purple_Girl_13,2025-01-30
RoyalMushroom6202,2025-01-30
Brass_Causeway,2025-01-30
LonelyCentrist,2025-01-30
super-germane,2025-01-30
Mortars2020,2025-01-30
Commercial-Cut1703,2025-01-30
BrilliantTea133,2025-01-30
Ok_Repair_3398,2025-01-30
Elegant-Ad6670,2025-01-30
No-Brain-5728,2025-01-30
BrickOk2890,2025-01-30
justme1522000,2025-01-30
emryanne,2025-01-30
MortalEnzyme,2025-01-30
mombewbss,2025-01-30
MajorAhole87,2025-01-30
Front-Joke8471,2025-01-30
Tasty_Tip3808,2025-01-30
Fun-Gear-7297,2025-01-30
Routine_Finger_3902,2025-01-30
amb-i,2025-01-30
dancingbeanstalk,2025-01-30
Hour_Albatross1974,2025-01-30
Altruistic_Noise_765,2025-01-30
DonovanMcLoughlin,2025-01-30
Ok_Exit9273,2025-01-30
midwestblondenerd,2025-01-30
kloroxforkids88,2025-01-30
_slinky_pinky_,2025-01-30
easilyempressed,2025-01-30
VengeanceComes,2025-01-30
happyitalianman,2025-01-30
DiligentDog5686,2025-01-30
_kony2012,2025-01-30
Lost_Fold_4532,2025-01-30
everythingexpendable,2025-01-30
thesexrobot,2025-01-30
rileyrwganot,2025-01-30
Planetary_Taco,2025-01-30
PNTBTRJLE,2025-01-30
Throwaway27-4,2025-01-30
Zestyclose-Dig-5791,2025-01-30
Rude-Economist-4834,2025-01-30
YouDontKnow5859,2025-01-30
Improper-Research,2025-01-30
jasikanicolepi,2025-01-30
anon0947494792847,2025-01-30
No-Cup8478,2025-01-30
Altruistic_Image_964,2025-01-30
MIXDBAG,2025-01-30
lisabgrt8,2025-01-30
frenchkids,2025-01-30
butterglitter,2025-01-30
Hungry_Bowl1151,2025-01-30
dropping_k,2025-01-30
NinetySixBulls,2025-01-30
Realistic-Address-62,2025-01-30
grimmacewashere,2025-01-30
beerintrees,2025-01-30
EtchVSketch,2025-01-30
AlrightyAlready,2025-01-30
Hellaboveme,2025-01-30
IntelligentAd6018,2025-01-30
virtualmentalist38,2025-01-30
JustJade89,2025-01-30
Jenacase,2025-01-30
Typical-Phone-2416,2025-01-30
spoder_man6,2025-01-30
Kooky_Creme_3234,2025-01-30
Icelandia2112,2025-01-30
toocutetobethistired,2025-01-30
FotographicFrenchFry,2025-01-30
AnotherBrokenHero,2025-01-30
ninyaBOT,2025-01-30
GoddessOfCatsAndWine,2025-01-30
tngling,2025-01-30
skadi_the_sailor,2025-01-30
Just-Ad-2393,2025-01-30
tooserious13,2025-01-30
Altruistic_Space_883,2025-01-30
Parking_Dimension_27,2025-01-30
Mysterious_Employ297,2025-01-30
Caleb666,2025-01-30
Cautious_Bus7782,2025-01-30
puppysbestfriend,2025-01-30
cumsoaked666,2025-01-30
TeamDaveB,2025-01-30
MyLittleSecret73,2025-01-30
Majesty_of_Mayhem,2025-01-30
Street_Sweet_7142,2025-01-30
Large_Ad_2874,2025-01-30
kittinkills,2025-01-30
CPAin22,2025-01-30
Ok-Badger2959,2025-01-30
Puzzleheaded_Film936,2025-01-30
Forsaken-Associate55,2025-01-30
Throwaway-Win3724,2025-01-30
According_Target9890,2025-01-30
cpcville,2025-01-30
MeLikyThings,2025-01-30
mindsetfin-313,2025-01-30
Ok_Paramedic1619,2025-01-30
HumanChallet,2025-01-30
RemarkableWorms,2025-01-30
JustMeForNowToday,2025-01-30
Alternative-Milk2385,2025-01-30
mentalhealthdayc3187,2025-01-30
tricholoma-matsutake,2025-01-30
Nature_Hannah,2025-01-30
arcturusally,2025-01-30
Fine_Cat8330,2025-01-30
OkRazzmatazz1978,2025-01-30
Miserable_Bison_83,2025-01-30
AdInternational9061,2025-01-30
Global-Cellist-2416,2025-01-30
Playful_Street1184,2025-01-30
CyberMysticX,2025-01-30
DundrMiflinTrlMix,2025-01-30
Commenter9876,2025-01-30
OpeningOk6668,2025-01-30
Primary_Flight7351,2025-01-30
Fantastic_Lab4274,2025-01-30
dccub86,2025-01-30
Dull_Examination_914,2025-01-30
DenyxForget,2025-01-30
honorablenarwhal,2025-01-30
grashix,2025-01-30
Alarming-Ad1979,2025-01-30
southernpinklemonaid,2025-01-30
Restaurant-Usual,2025-01-30
utwolverine,2025-01-30
Cultural_Narwhal_299,2025-01-30
XOCoord,2025-01-30
Limp_Memory_1855,2025-01-30
dgdg33,2025-01-30
drrhr,2025-01-30
ChimpOffTheOldBlocks,2025-01-30
Fearless-Fail3292,2025-01-30
sinktheirship,2025-01-30
5u5anb,2025-01-30
ohwell63,2025-01-30
TeamOrca28205,2025-01-30
Forward_Change371,2025-01-30
catsandpizza123,2025-01-30
AECHi5,2025-01-30
paublopowers,2025-01-30
Ok_Structure_1711,2025-01-30
Character_Bicycle590,2025-01-30
seatcord,2025-01-30
RationalRage11,2025-01-30
thesearemypringles,2025-01-30
Fit-Judge7447,2025-01-30
curly_haired_tog,2025-01-30
sufinomo,2025-01-30
adult_icarus,2025-01-30
Previous_Flower_9723,2025-01-30
MizSaftigJ,2025-01-30
Logical-Succotash215,2025-01-30
polishlove,2025-01-30
akirashinigam1,2025-01-30
jradmc02,2025-01-30
Content-Dependent-64,2025-01-30
AdCareless8021,2025-01-30
step_on_legoes_Spez,2025-01-30
WarWatcher01,2025-01-30
meeplebeeps,2025-01-30
Substantial-Arm1705,2025-01-30
thepurpleclouds,2025-01-30
ShadowwKnows,2025-01-30
throwaway91082469,2025-01-30
billqs,2025-01-30
Mediocre_Auntie,2025-01-30
skankhaylsinator,2025-01-30
SincerelyIsTaken,2025-01-30
snailed_it420,2025-01-30
TheDickWolf,2025-01-30
LeSnooka,2025-01-30
scott257,2025-01-30
MoonAmaranth,2025-01-30
youforgotitinmeta,2025-01-30
DrShadowSML,2025-01-30
Think-Lab-3969,2025-01-30
ExileonFrontstreet,2025-01-30
somber_rage,2025-01-30
PowerfulTaxMachine,2025-01-30
formerdirtdart,2025-01-30
Low_Television_3801,2025-01-30
bleedorngnbrwn,2025-01-30
classyhuman1,2025-01-30
No-Recover-5181,2025-01-30
Merker6,2025-01-30
chaz_chaz_chaz,2025-01-30
NotSomethingIDo,2025-01-30
Ok-Shape-3884,2025-01-30
sonofherby,2025-01-30
meowmixalots,2025-01-30
sweetteaoverlord,2025-01-30
Several_Figure3531,2025-01-30
vindawater,2025-01-30
RegretNo738,2025-01-30
CypressThinking,2025-01-30
RonnyJingoist,2025-01-30
Flimsy-Bar4801,2025-01-30
HondaJoe2020,2025-01-30
umnyewu,2025-01-30
WelcomeNo7586,2025-01-30
Newretros,2025-01-30
Salty-Fig-99,2025-01-30
throwaway-questions9,2025-01-30
worstshowiveeverseen,2025-01-30
Leahcondit,2025-01-30
Ordinary-Shoulder-35,2025-01-30
Cute-Refrigerator119,2025-01-30
Chiochi629,2025-01-30
Taodragons,2025-01-30
westseattlekiki,2025-01-30
Mauve_Conclusion,2025-01-30
G8RGRL83,2025-01-30
North_Television_786,2025-01-30
MadamnM00n,2025-01-30
tankhuu3018,2025-01-30
Nodebunny,2025-01-30
FirmGoat8434,2025-01-30
Infamous_Ad3733,2025-01-30
ecstatic_rabbit_112,2025-01-30
19bl92,2025-01-30
DebateNo1078,2025-01-30
Tiny_Goose_5662,2025-01-30
sonny9636,2025-01-30
anstontheant,2025-01-30
MATCA_Phillies,2025-01-30
Karotree,2025-01-30
Extreme_Wind2760,2025-01-30
MilitantWorkingClass,2025-01-30
CapitalPersimmon800,2025-01-30
Quirky_Cause_3302,2025-01-30
Danomite44444,2025-01-30
weather_weenie,2025-01-30
Unlucky_Bicycle_3519,2025-01-30
_ShovingLeopard_,2025-01-30
SnooWoofers9353,2025-01-30
Admirable-Phone-5116,2025-01-30
ObjectiveDifficulty4,2025-01-30
EscherInterstate,2025-01-30
pizza_lover229,2025-01-30
to_the_moon_315,2025-01-30
SpecialReport_LIVE,2025-01-30
ClarkKentsChestHair,2025-01-30
Zen_Gaian,2025-01-30
PNWNTVE,2025-01-30
beerisall,2025-01-30
SocksR4YourFeet,2025-01-30
mitchitchell,2025-01-30
Ok-Ordinary7498,2025-01-30
Substantial_Bake3150,2025-01-30
MsRealness,2025-01-30
brain_fartus,2025-01-30
Beautiful-Sun-7559,2025-01-30
thatnextquote,2025-01-30
Sea-Meringue-4215,2025-01-30
Thriftin_Aint_Easy,2025-01-30
Excellent_Classic146,2025-01-30
UnlikelyAssignment81,2025-01-30
SC-Jumper,2025-01-30
Runit99,2025-01-30
Specialist_Ad4217,2025-01-30
Healthy_Block3036,2025-01-30
boomboomiwantyouinmy,2025-01-30
femme_mystique,2025-01-30
Agitated-Sea6800,2025-01-30
cra8z_def,2025-01-30
Cheikk_Al_Aleem,2025-01-30
RecycledHuman5646179,2025-01-30
imgoodimgucci,2025-01-30
Troubled-Penguin,2025-01-30
kobywankanobe,2025-01-30
AdnorAdnor,2025-01-30
TyeDiamond,2025-01-30
lynn_sanity4,2025-01-30
ExpensiveSandwich522,2025-01-30
thisladycusses,2025-01-30
JoLuc,2025-01-30
Delicious_Mess7976,2025-01-30
No-Tap-6088,2025-01-30
Particular_Sweet_481,2025-01-30
GinRoaming59,2025-01-30
NavyFlyHigh,2025-01-30
NootFlix,2025-01-30
alfromtoystory2,2025-01-30
Subject-Acadia-8507,2025-01-30
txbigsauce7,2025-01-30
brittaniebetch,2025-01-30
stjohnbs,2025-01-30
crimetime88,2025-01-30
Most-Ad2879,2025-01-30
afval_1729,2025-01-30
TheUknownPoster,2025-01-30
jung_gun,2025-01-30
smshngrbbb,2025-01-30
starfish226,2025-01-30
Pay2slaay,2025-01-30
ScurvyDervish,2025-01-30
righteoussness,2025-01-30
Sufficient-Run7022,2025-01-30
Expert-Contract-6938,2025-01-30
janaury2020,2025-01-30
ceaslack,2025-01-30
yourmomdotbiz,2025-01-30
ahmsid,2025-01-30
Cracked_Egg5453,2025-01-30
CapAgitated9900,2025-01-30
Valuable_Decision96,2025-01-30
govabee,2025-01-30
Idaltbear,2025-01-30
Zestyclose_Poet_82,2025-01-30
weazlefeat,2025-01-30
Acetaminimum,2025-01-30
ComfortableYou333,2025-01-30
Content_Initial_4111,2025-01-30
eeniemeenieminiemoh,2025-01-30
Tomatopatch,2025-01-30
JayAkeem,2025-01-30
Maximum_Character386,2025-01-30
lifelongnonrate,2025-01-30
JavierPutterman,2025-01-30
SelectionDue1224,2025-01-30
LowCommunication1551,2025-01-30
disequilibrium1,2025-01-30
rando-guy,2025-01-30
washing-instruction,2025-01-30
tsgatdawn,2025-01-30
bemavasi,2025-01-30
East-Atmosphere-08,2025-01-30
william_lee_colson,2025-01-30
FLjeffrey,2025-01-30
Dry_Bid7939,2025-01-30
MayorLinguistic,2025-01-30
DifficultResponse88,2025-01-30
Odd-Interaction7208,2025-01-30
IBelongInAKitchen,2025-01-30
GardenWalker,2025-01-30
nottoday5507,2025-01-30
habitualtroller,2025-01-30
Appropriate-Judge956,2025-01-30
pfrc1,2025-01-30
gs2181,2025-01-30
Total_Coyote_4789,2025-01-30
PicantePico,2025-01-30
Careless-Invite2980,2025-01-30
Head_Staff_9416,2025-01-30
StankGangsta2,2025-01-30
ArtisticCandy3859,2025-01-30
soullessoptimism,2025-01-30
Equivalent_Basis2656,2025-01-30
Expensive-Ant-5193,2025-01-30
squd_,2025-01-30
POKEYLOKEY991,2025-01-30
Anonymous_Axolotl25,2025-01-30
Any-Carpenter-2030,2025-01-30
ironlocust79,2025-01-30
ajimuben85,2025-01-30
Rolldice08,2025-01-30
OvenJaded4978,2025-01-30
NoRice7751,2025-01-30
thewishandthething,2025-01-30
New-Chemistry9852,2025-01-30
Claeyt,2025-01-30
Turbulent_Amoeba_329,2025-01-30
Neither-Ambassador18,2025-01-30
NAVYGUYMIKE,2025-01-30
ApexReign,2025-01-30
AvivatheTruth,2025-01-30
Leading_Violinist_23,2025-01-30
eodmule,2025-01-30
FootUsual6695,2025-01-30
LilPiggyTA,2025-01-30
UpbeatBarracuda,2025-01-30
Otherwise-Sundae-188,2025-01-30
BoadiceasGhost1988,2025-01-30
qarlthemaid,2025-01-30
Sp3ica1_K,2025-01-30
Complete_Fish3698,2025-01-30
Strange_Trouble8455,2025-01-30
Mountain-Syllabub817,2025-01-30
AICPAncake,2025-01-30
Macadocious40,2025-01-30
Agreeable_Many_5156,2025-01-30
Own-News-9348,2025-01-30
JURiSENiGMA,2025-01-30
ClayC94,2025-01-30
ummmwhaaa,2025-01-30
Username_0093,2025-01-30
LostCreekManticore,2025-01-30
Herosnap69,2025-01-30
CancerImmunologist,2025-01-30
webbmoncure,2025-01-30
MySillyHamster,2025-01-30
Wrong_Buffalo7118,2025-01-30
kbowiee,2025-01-30
DJThadyus,2025-01-30
Section_Warm,2025-01-30
Auntie_M123,2025-01-30
Creative_Astronomer6,2025-01-30
Ashamed_Stock_3741,2025-01-30
Unfair_Friend_1639,2025-01-30
kriskupn,2025-01-30
Western-Drama-1816,2025-01-30
AccidentSignal1777,2025-01-30
Slow-Policy-3376,2025-01-30
PublicExcuse199,2025-01-30
Leekie-31,2025-01-30
Shot-Calligrapher807,2025-01-30
BenderGenocide,2025-01-30
NickolaosTheGreek,2025-01-30
DarthRen,2025-01-30
WickyGif,2025-01-30
Fancy-Action1763,2025-01-30
Internationallegs,2025-01-30
Infinite-Loquat9805,2025-01-30
ApplicationOk764,2025-01-30
Jumper_Connect,2025-01-30
MindlessMaximum4502,2025-01-30
westtexasbackpacker,2025-01-30
Earth-Vines0079,2025-01-30
doogles,2025-01-30
Inside_Bumblebee_461,2025-01-30
Appropriate_Taro_348,2025-01-30
dirtyoldmanxxx,2025-01-30
Mark-B-Nine,2025-01-30
Money_Active317,2025-01-30
queenjigglycaliente,2025-01-30
Before_Water,2025-01-30
Manchurian_29,2025-01-31
PippilottaDeli,2025-01-31
r6grrrly,2025-01-31
Alarmed_Educator_967,2025-01-31
MoistBunch9015,2025-01-31
InternationalPast895,2025-01-31
Few_Dragonfruit_8273,2025-01-31
Liz_phairs_fucktoy,2025-01-31
JuanPabloElSegundo,2025-01-31
IssueIllustrious650,2025-01-31
Little_Ad1548,2025-01-31
MajorTap4392,2025-01-31
angel_naps,2025-01-31
Forward-Analysis-133,2025-01-31
TiredGorilla,2025-01-31
Total_Foundation902,2025-01-31
North-Tumbleweed-785,2025-01-31
Bigcolbycat,2025-01-31
Inside-outside-209,2025-01-31
deege,2025-01-31
MoneySignificant2868,2025-01-31
PWLove2,2025-01-31
Macfoo97,2025-01-31
Zakkattack86,2025-01-31
Efrum14,2025-01-31
Grand_Leave_7276,2025-01-31
Old_Bed_1711,2025-01-31
deadblackgoose,2025-01-31
Moonlight23,2025-01-31
blowupyrTV-,2025-01-31
nonintrest,2025-01-31
hdtvtoyz,2025-01-31
PositiveDonut6200,2025-01-31
aboveaverageidiot26,2025-01-31
vitality98,2025-01-31
FunLingonberry8343,2025-01-31
Barcode76,2025-01-31
JDubStep,2025-01-31
Airman4344,2025-01-31
TimeNectarine228,2025-01-31
LaGuajira,2025-01-31
Suspicious-Relief-98,2025-01-31
ManonIsTheField,2025-01-31
waterdawgkadri,2025-01-31
Low-Departure5656,2025-01-31
Infamous_Aardvark833,2025-01-31
strange_stairs,2025-01-31
Impressive-Dress-590,2025-01-31
Efficiency-myAss,2025-01-31
ok-odysseus,2025-01-31
DriftlessRanger,2025-01-31
DaringVonContra,2025-01-31
Far_Chipmunk_8160,2025-01-31
Plus-Professor5909,2025-01-31
FalseConcept3607,2025-01-31
Princess-Jennifer9,2025-01-31
nerdygrrl42,2025-01-31
BoiledForYourSins,2025-01-31
pr0me7heu2,2025-01-31
TiddlyRotor,2025-01-31
AtcJD,2025-01-31
Separate-Abalone861,2025-01-31
jetsterz,2025-01-31
Armadillocrat,2025-01-31
mtch43,2025-01-31
letstalkpublichealth,2025-01-31
turtlegeeknerd,2025-01-31
Adventurous-Luck-495,2025-01-31
Rabbidditty,2025-01-31
SeparateMastodon3477,2025-01-31
Complete_Package_385,2025-01-31
Kay-Waow,2025-01-31
Jim08bo1,2025-01-31
Noooo0000oooo0001,2025-01-31
AppealSignificant764,2025-01-31
Serious-Dig-3401,2025-01-31
Enough_Ad_559,2025-01-31
midaswili,2025-01-31
Fuzzy-Letter1605,2025-01-31
Practical_Log8353,2025-01-31
Historical_Virus2694,2025-01-31
BandicootGloomy254,2025-01-31
minigibby2212,2025-01-31
hurry_up_and_wait4it,2025-01-31
Top-Manner-1888,2025-01-31
tellul8er,2025-01-31
Realistic-Armadillo,2025-01-31
JonnyBolt1,2025-01-31
Hiranonymous,2025-01-31
jbs280,2025-01-31
jobobbooty,2025-01-31
justsomerandomname54,2025-01-31
Altruistic_Back_8868,2025-01-31
megapteranovae,2025-01-31
NiceOneMike,2025-01-31
These-Ticket-5436,2025-01-31
DennisRodmanOfficial,2025-01-31
RemoteGrocery9426,2025-01-31
annainms,2025-01-31
PM_me_veiny_arms,2025-01-31
Shot-Bodybuilder-125,2025-01-31
Secure-Truck-1762,2025-01-31
idek112358,2025-01-31
JoeCasella,2025-01-31
Tasty-Ad6800,2025-01-31
luciamama,2025-01-31
CapeGirl1959,2025-01-31
VeterinarianCute6519,2025-01-31
GoldenHandcuffs613,2025-01-31
Warjak,2025-01-31
chips_are_great,2025-01-31
aceofsuomi,2025-01-31
AverigeHumen,2025-01-31
Maraschino-Juice,2025-01-31
FriendsofFripp,2025-01-31
random_mandible,2025-01-31
lazyleech69,2025-01-31
Pawlicy_ruff_ruff,2025-01-31
Embarrassed_Role_932,2025-01-31
Midnitdragoon,2025-01-31
calmd0wn24,2025-01-31
False_Ad_5372,2025-01-31
Fluffy-Performer1704,2025-01-31
BlindChild_Robinski,2025-01-31
greenleaf010,2025-01-31
OnARoadLessTaken,2025-01-31
bluejay163,2025-01-31
endlessGrowl,2025-01-31
Familiar_Ebb_7100,2025-01-31
Legitimate_ADHD,2025-01-31
BankruptFed,2025-01-31
psycozzette,2025-01-31
ex-apple,2025-01-31
_Stephen_Falken,2025-01-31
ReneCarmille,2025-01-31
Ohayo2025,2025-01-31
Rodeo9,2025-01-31
AstronomerEntire1790,2025-01-31
Antique_Source_521,2025-01-31
cmhaml,2025-01-31
Ill-Individual2463,2025-01-31
tsampo,2025-01-31
BathroomInevitable73,2025-01-31
bainebarray,2025-01-31
NoNameLucy,2025-01-31
Eastern_Bet_8378,2025-01-31
Ok_Situation3474,2025-01-31
TaroMugen99,2025-01-31
SlackGame,2025-01-31
wastemoretime,2025-01-31
NashCp21,2025-01-31
ImpressivePrompt1671,2025-01-31
InvestigatorIll2368,2025-01-31
Significant_Track630,2025-01-31
santafe354,2025-01-31
littts,2025-01-31
chocolate-milk99,2025-01-31
RockBottomWolf,2025-01-31
Blazingstar22,2025-01-31
MetalAggravating3277,2025-01-31
cheongyanggochu-vibe,2025-01-31
Kooky-Deal5843,2025-01-31
Borgus222,2025-01-31
rusty-druid,2025-01-31
ktmae_,2025-01-31
Top-Firefighter392,2025-01-31
Responsible_Bill_513,2025-01-31
Thisisausername1021,2025-01-31
embarassingpreguntas,2025-01-31
PlayfulCombination65,2025-01-31
Round_Ad_9620,2025-01-31
gross666,2025-01-31
LegNo2962,2025-01-31
Remarkable-Pay-2463,2025-01-31
Bootstraps-nr-dr,2025-01-31
Wittyname0,2025-01-31
Mobile-Toe1820,2025-01-31
tatert0tfreak1126,2025-01-31
One_Arrival6639,2025-01-31
Future_Statistician6,2025-01-31
gggrandma321,2025-01-31
Indo2times,2025-01-31
OrdinaryFarm2333,2025-01-31
Ok-Kaleidoscope-7605,2025-01-31
Sea_Grapefruit_7443,2025-01-31
saint_nicolai,2025-01-31
yankeegentleman,2025-01-31
Emergency-Profile-42,2025-01-31
Commercial-Count-420,2025-01-31
AmbitiousBlueberry25,2025-01-31
suspicious87654,2025-01-31
Hopelesshomesteader,2025-01-31
Aggravating-Rock87,2025-01-31
darkmeatchicken,2025-01-31
entropys_enemy,2025-01-31
economical_economist,2025-01-31
Terrible_Spirit_2556,2025-01-31
d4rkc4sm,2025-01-31
DinoGambalino,2025-01-31
ProcessGal,2025-01-31
Far-Classroom2786,2025-01-31
mistymiso,2025-01-31
JaxTeller89,2025-01-31
LittleDude24,2025-01-31
Successful_Speech_59,2025-01-31
Creepy_Ad_8507,2025-01-31
Wonder_Anthro,2025-01-31
coolkev99,2025-01-31
JRVenegas3,2025-01-31
Medium-Reputation846,2025-01-31
SnowMcFlake,2025-01-31
Blueswan142,2025-01-31
bold_looker1325,2025-01-31
landrover_princess,2025-01-31
Worth_Profit4601,2025-01-31
CRX1701,2025-01-31
That-Philosophy-7743,2025-01-31
readdit1415,2025-01-31
OutrageousGuava7448,2025-01-31
fedjobseekz,2025-01-31
YourRoaring20s,2025-01-31
DisasterTraining5861,2025-01-31
RedCarpetRosters,2025-01-31
Different_Egg_6378,2025-01-31
Blue_buttons316,2025-01-31
Darnoc_QOTHP,2025-01-31
Ok-Special7096,2025-01-31
Apprehensive-Bar8248,2025-01-31
AgnusNonDeus,2025-01-31
ApatheticallyAmused,2025-01-31
Lost_in_Adeles_Rolls,2025-01-31
MyNameCannotBeSpoken,2025-01-31
Slideman21,2025-01-31
Warm_Photograph_4249,2025-01-31
Own_Relationship5047,2025-01-31
LeftAct8968,2025-01-31
I_heart_Democracy,2025-01-31
No_Hornet_1,2025-01-31
myquest00777,2025-01-31
Temporary_Length_650,2025-01-31
Historical-War-6692,2025-01-31
rivers_disguise,2025-01-31
Ok-Olive-3621,2025-01-31
trashPandaRepository,2025-01-31
ItsThatGuyIam,2025-01-31
FoxFighter1973,2025-01-31
MountainMapleMI,2025-01-31
AAS4758,2025-01-31
ModernMinutemen,2025-01-31
InnerHelp6887,2025-01-31
Therealironmantstark,2025-01-31
404Revolt,2025-01-31
Only-Tough-1212,2025-01-31
Diligent-Practice-25,2025-01-31
ComfortableRecipe144,2025-01-31
BlonkBus,2025-01-31
Shmoobydoobydoozle,2025-01-31
Fantastic_Recipe_358,2025-01-31
Senseitay_,2025-01-31
cheddar_slut,2025-01-31
rectalhorror,2025-01-31
Affectionate_Pea_243,2025-01-31
WoodworkerByChoice,2025-01-31
MayBeMilo,2025-01-31
AdviceWaste,2025-01-31
StarshipCaterprise,2025-01-31
notphishing,2025-01-31
SpecificAd5172,2025-01-31
Vhalerun,2025-01-31
Ferrite5,2025-01-31
no-one-amanda-knows,2025-01-31
Key_Monitor_2389,2025-01-31
bohmoi,2025-01-31
CalmBison3026,2025-01-31
RoadandHardtail,2025-01-31
Witchenkitsch,2025-01-31
spiritedawaywegogurt,2025-01-31
JazzVoltage,2025-01-31
SnooStories4162,2025-01-31
BonitaBCool,2025-01-31
DataScientistCat,2025-01-31
Johnny9Toes,2025-01-31
bradley2024,2025-01-31
They_Call_Me_Kudos,2025-01-31
ElStugots,2025-01-31
Snacktheef,2025-01-31
Only-Jelly-8927,2025-01-31
NiknNak,2025-01-31
No-Effect3491,2025-01-31
throwawayact98765432,2025-01-31
Safe-Equivalent3853,2025-01-31
Icey210496,2025-01-31
pigpiginsunspear,2025-01-31
Competitive-Act2053,2025-01-31
heyheycactus,2025-01-31
bnh1978,2025-01-31
Dense_Dream5843,2025-01-31
awesome920,2025-01-31
whateverbs,2025-01-31
recoveringcultmember,2025-01-31
throwaway07292020,2025-01-31
Appropriate_Owl9310,2025-01-31
dreamydragonfly,2025-01-31
Additional-Soft7411,2025-01-31
Lurker-02657,2025-01-31
dkdkfjfifirjsmsmmmm,2025-01-31
QuestionForeign2021,2025-01-31
Specialist-Debate-64,2025-01-31
A_Uniqueusername444,2025-01-31
Inside-Vegetable1800,2025-01-31
Mimi-2-5,2025-01-31
Cl0wnbby,2025-01-31
Cowfootstew,2025-01-31
Standard_King9240,2025-01-31
Sugar_and_Edge,2025-01-31
jdthewarvet,2025-01-31
CuteTouch7653,2025-01-31
ChemicalEntry7893,2025-01-31
StunningMacaroon26,2025-01-31
DCh8ter,2025-01-31
Gullible-Cat4189,2025-01-31
AbsoluteThrowAway010,2025-01-31
piincyy,2025-01-31
This_is_a_low,2025-01-31
MrsbearBP2,2025-01-31
CoolDiscoDan202,2025-01-31
dianab77,2025-01-31
Frequent-Minimum7144,2025-01-31
fabricated_spices,2025-01-31
n_edge41,2025-01-31
jugodebasura,2025-01-31
CommercialRaise9965,2025-01-31
Fluffy-Beginning-992,2025-01-31
No_Mountain122,2025-01-31
darkoleander21,2025-01-31
Jyone21,2025-01-31
CryptoTAGod,2025-01-31
PandaPandamonium,2025-01-31
AdMedical9857,2025-01-31
eternaldogmom,2025-01-31
thehalfbloodlex,2025-01-31
Acceptable-Light-882,2025-01-31
Art_School_Dropout81,2025-01-31
Superb-Ganache9576,2025-01-31
smashitandbangit,2025-01-31
Audio-luv-retired,2025-01-31
pyratemime,2025-01-31
QQueenie,2025-01-31
Bioreaver,2025-01-31
DaddyIRS,2025-01-31
No-Pressure7680,2025-01-31
Jennim5588,2025-01-31
Federal_Gazelle6075,2025-01-31
TricksterHCoyote,2025-01-31
JMeeks72,2025-01-31
Outside_Dot7565,2025-01-31
RustyShack1efordd,2025-01-31
Greeneyedblackcat,2025-01-31
kookiezandcream,2025-01-31
PretendDecision4808,2025-01-31
Commercial-Duty6279,2025-01-31
businesscasual-98,2025-01-31
Dramatic-Ebb-5909,2025-01-31
NeverGoOutOfStyle22,2025-01-31
Portrait_Landscape,2025-01-31
damnitcaesar5,2025-01-31
H4NS0L0CUP,2025-01-31
EccentricPhantom1122,2025-01-31
Grouchy_Machine_User,2025-01-31
Accomplished-Dig8091,2025-01-31
MediumCoffeeTwoShots,2025-01-31
eating_the_garbage,2025-01-31
Ok_Hat1962,2025-01-31
Luiggie1,2025-01-31
Proteustx44,2025-01-31
Then-Lifeguard9273,2025-01-31
neazwaflcasd,2025-01-31
Interesting-Bar980,2025-01-31
PrisonMike2020,2025-01-31
chevmolet,2025-01-31
RxElei,2025-01-31
AsToldByAndre,2025-01-31
Obvious-Singer1352,2025-01-31
aggie1391,2025-01-31
LocalSignificant2040,2025-01-31
MathematicianIll2445,2025-01-31
fccccktrump,2025-01-31
FaultySage,2025-01-31
WinterTemporary397,2025-01-31
Ok_Count_9838,2025-01-31
Fancyfarmer0299,2025-01-31
Hello_Apollo7,2025-01-31
IntentionOk1740,2025-01-31
-alaskan_bullworm,2025-01-31
Bitter_Grade637,2025-01-31
Emergency-Buy3829,2025-01-31
Professional-Tap8931,2025-01-31
WasabiDowntown2504,2025-01-31
MissMoomie64,2025-01-31
samaran95,2025-01-31
Quokkameow,2025-01-31
Witwer52,2025-01-31
Stanley-Jobson,2025-01-31
Duck-One-3469,2025-01-31
Only_Surprise4212,2025-01-31
TemporaryComplete749,2025-01-31
craftybirch,2025-01-31
Suzie-Skidmarks,2025-01-31
Snowarab,2025-01-31
VisualAsk4601,2025-01-31
BarrelStrawberry,2025-01-31
PutNo1591,2025-01-31
LawfulnessUnable4919,2025-01-31
simplenoteasypelo,2025-01-31
nternalfatalerror,2025-01-31
EmergencyCivil4701,2025-01-31
UnluckyDrawing3375,2025-01-31
stewie3128,2025-01-31
bugfartt,2025-01-31
Used-Cauliflower-230,2025-01-31
lucky_guy_G,2025-01-31
Glum_Statistician_84,2025-01-31
JeremyBearamy10,2025-01-31
jimmyfrankhicks,2025-01-31
usergal24678,2025-01-31
Careful-Soup2917,2025-01-31
Mrs_Splashypantz,2025-01-31
rattleandhum,2025-01-31
Great_Explanation_64,2025-01-31
Puzzleheaded_Box_194,2025-01-31
Obvious-Long-3628,2025-01-31
PissedOffPI,2025-01-31
mahoniaa,2025-01-31
SallyAnnePickens,2025-01-31
mrforgeti,2025-01-31
iUseThisToVent1010,2025-01-31
Oath_to_Constitution,2025-01-31
mayflye,2025-01-31
Shadowzdead13,2025-01-31
ne_pine,2025-01-31
Dr_Faceplant,2025-01-31
hereandnowbrowncow,2025-01-31
Ippen,2025-01-31
storm_weasel,2025-01-31
throwawaycscareerq,2025-01-31
jeffwrightjr,2025-01-31
capricious-arbitrary,2025-01-31
RadiantSky4785,2025-01-31
sheepforwheat,2025-01-31
Brave-Ice-8313,2025-01-31
Fed411411,2025-01-31
BeachBoysRule,2025-01-31
obeseshetlandpony,2025-01-31
ShaqLuvsTesla,2025-01-31
GoUrOwnWay20,2025-01-31
leeny_beanyfofeeny,2025-01-31
Educational_Order352,2025-01-31
Massive-Worker8125,2025-01-31
Southern_Grocery_127,2025-01-31
_Sweet_Spicy_,2025-01-31
Same-Present-6682,2025-01-31
stuckNTX_plzsendHelp,2025-01-31
SadEngineering5833,2025-01-31
Artistic-Quote-3478,2025-01-31
Ill_Pomegranate1573,2025-01-31
FederalThrowawayMail,2025-01-31
Famous-Access-4444,2025-01-31
Xijingping12,2025-01-31
Nearby_Sense_2247,2025-01-31
Ok_Occasion6403,2025-01-31
Lumpieprincess,2025-01-31
AcanthocephalaLive56,2025-01-31
MinimumGoose,2025-01-31
sherry5050,2025-01-31
cos,2025-01-31
Organic-Coconut-7152,2025-01-31
Dmangamr,2025-01-31
FakerBotts,2025-01-31
the-mare-bear,2025-01-31
Direct_Exchange_6407,2025-01-31
Electrical-Benefit20,2025-01-31
natmontalvo,2025-01-31
lasagnarodeo,2025-01-31
_T005_,2025-01-31
Calm_Possession_6842,2025-01-31
tacocookietime,2025-01-31
DavidBowieIs_,2025-01-31
ChubbzPeterman,2025-01-31
SummiluxAP,2025-01-31
Striking_Artist6752,2025-01-31
driftless,2025-01-31
ImportantEngineer513,2025-01-31
This_my_Burner,2025-01-31
cats_meow82299,2025-01-31
Constantly_Curious-,2025-01-31
crabblyBabbly,2025-01-31
HumbleOkra8092,2025-01-31
EatTheRich9876,2025-01-31
ToughRelative3291,2025-01-31
Toilet-paper11z1,2025-01-31
Laris_Snow,2025-01-31
kcreepygirl,2025-01-31
PickleSando,2025-01-31
yzrider22k,2025-01-31
WhiteBearPrince,2025-01-31
mtbfreerider182,2025-01-31
whistleridge,2025-01-31
dorcus_maximus,2025-01-31
Ok_Tiger5547,2025-01-31
N0NameNinja,2025-01-31
aboutthreequarters,2025-01-31
windowsealbark,2025-01-31
Adventurous-Map5002,2025-01-31
Specialist_Volume555,2025-01-31
thinkagain138,2025-01-31
brainser,2025-01-31
normie_bonker,2025-01-31
ZestyclosePromise365,2025-01-31
Fit-Substance-6270,2025-01-31
Certain-Confection69,2025-01-31
SilverBallFox,2025-01-31
kcaaase,2025-01-31
Torgenator3000,2025-01-31
FluidJackfruit,2025-01-31
MyInterThoughts,2025-01-31
espresso-martini-pls,2025-01-31
Dexdan222,2025-01-31
bluestormafrique,2025-01-31
Midnightchickover,2025-01-31
jlm45597,2025-01-31
DrTonyTiger,2025-01-31
Feeling_Poem2832,2025-01-31
Seatownstriker,2025-01-31
MissPavlova,2025-01-31
787bruha,2025-01-31
IamAlotOfMe,2025-01-31
Infinite_Narwhal_731,2025-01-31
AlternativeTicket24,2025-01-31
Go-diamond-in-paint,2025-01-31
Tyrantt_47,2025-01-31
Happy__Manatee,2025-01-31
addpulp,2025-01-31
Prestigious_Lead_967,2025-01-31
pencilpusher13,2025-01-31
the-discount-ranger,2025-01-31
thebabes2,2025-01-31
former_examiner,2025-01-31
Krillansavillan,2025-01-31
DeadPoet74,2025-01-31
Black-Raspberry-1,2025-01-31
Inner-Quail90,2025-01-31
ShutdownShana,2025-01-31
Hot-Potential2636,2025-01-31
FluffyPinkUnicornVII,2025-01-31
loyaltypurge,2025-01-31
Royal_Acantha,2025-01-31
ParticularArachnid35,2025-01-31
Scared-Bass-7679,2025-01-31
FlowerofMemory,2025-01-31
Thalesian,2025-01-31
nightowl_rn,2025-01-31
BurdBurgendy,2025-01-31
Champagne-MKultra,2025-01-31
Ok-Adhesiveness6084,2025-01-31
alp44,2025-01-31
Fearless-Bother-9171,2025-01-31
cusoman,2025-01-31
Naive-Mousse191,2025-01-31
Sharp_Parsnip2030,2025-01-31
Complex_Effort2873,2025-01-31
Perfect_score_5_of_7,2025-01-31
letitgo99,2025-01-31
WildlySkeptical,2025-01-31
Friendly-Survey1555,2025-01-31
asn87445,2025-01-31
Adept_Ear7494,2025-01-31
blmbmj,2025-01-31
GeminiMoonInJune,2025-01-31
CMao1986,2025-01-31
ASmartMint,2025-01-31
Otter_Nonsense18,2025-01-31
intouch29,2025-01-31
Informal-Print9060,2025-01-31
Designer_Star_7434,2025-01-31
calc_you_l8ter,2025-01-31
ConnectionOk6412,2025-01-31
katg913,2025-01-31
yorky24,2025-01-31
Ok-Entrepreneur-9756,2025-01-31
226644336795,2025-01-31
Classic_Fee6314,2025-01-31
vivaprincesa,2025-01-31
juxsa,2025-01-31
JuliettesGotAGun,2025-01-31
Obvious_Conflict7181,2025-01-31
Redlikemethodz,2025-01-31
Overall_Artichoke813,2025-01-31
otbvandy,2025-01-31
CableBrilliant1164,2025-01-31
Effective-Koala9614,2025-01-31
I_love_Hobbes,2025-01-31
Lyntho,2025-01-31
Altarna,2025-01-31
ProfessionalBrush587,2025-01-31
AHWVLTS,2025-01-31
RAD_Dharma01,2025-01-31
Glindanorth,2025-01-31
Ok-Grapefruit3147,2025-01-31
VeraFrost,2025-01-31
thebriss22,2025-01-31
Impossible_Pomelo460,2025-01-31
OPPALLC,2025-01-31
GeologistEmotional53,2025-01-31
Fancy-Gain3249,2025-01-31
talks_a_whole_lot,2025-01-31
advancedjr,2025-01-31
ALMiniPolitico,2025-01-31
JustADudeInTheDirt,2025-01-31
BeneficialNotice4779,2025-01-31
Dramatic_Letter_8453,2025-01-31
BriOutlaw,2025-01-31
wichita0987,2025-01-31
examingmisadventures,2025-01-31
Delicious_Spend_755,2025-01-31
The-Muffin-Crusade,2025-01-31
gwydapllew,2025-01-31
IBuildRobots,2025-01-31
DontWanaReadiT,2025-01-31
Acrobatic_Ad4602,2025-01-31
zenalmadi,2025-01-31
Business-Topic-5033,2025-01-31
NFFE_Union,2025-01-31
Both-Discount4290,2025-01-31
Muted_Confusion708,2025-01-31
Angst_Ellipsis_5253,2025-01-31
tuckedpin,2025-01-31
StrongHurry4938,2025-01-31
sleepytrinkets,2025-01-31
TemporaryAcc4Reasons,2025-01-31
Ready-Carry2705,2025-01-31
TickleMonsterCG,2025-01-31
sharpeyes11,2025-01-31
busybeaver1974,2025-01-31
silverstarlune,2025-01-31
Desperate_Bed_6381,2025-01-31
dracula_bella,2025-01-31
NorthernAvo,2025-01-31
Friendly_Gur_6150,2025-01-31
michimoby,2025-01-31
Ok_Note_7876,2025-01-31
Ishouldntbeehere,2025-01-31
Mikemtb09,2025-01-31
West-Code4642,2025-01-31
cosmicheathen,2025-01-31
Altruistic_Return615,2025-01-31
Lost-Medium-6042,2025-01-31
EmotionalCommon3245,2025-01-31
VoidPubs,2025-01-31
Square_Tap_691,2025-01-31
EqualAmazing3404,2025-01-31
ThrowAwayFedEmployee,2025-01-31
arichohan,2025-01-31
WorldlinessProper946,2025-01-31
New-Reference-2171,2025-01-31
Material-Water4153,2025-01-31
djleepanda,2025-01-31
googly_eye_murderer,2025-01-31
westsidebrian,2025-01-31
Falcon8488,2025-01-31
violetcat2,2025-01-31
Incog_Neato,2025-01-31
Doc703VA,2025-01-31
RevBT,2025-01-31
rexmons,2025-01-31
FunSherbert6883,2025-01-31
Moist-Temporary2239,2025-01-31
mypomonkey,2025-01-31
Impossible-Road-5835,2025-01-31
TedEBaire,2025-01-31
DoublePotential6925,2025-01-31
Far-Ad1823,2025-01-31
Dramatic_Cycle_9386,2025-01-31
phatsackocrap,2025-01-31
Shaynisson,2025-01-31
fordprefecture,2025-01-31
Legia,2025-01-31
Mc_Spinosaurus,2025-01-31
USAGroundFighter,2025-01-31
SirOwis,2025-01-31
AnotherUserOutThere,2025-01-31
costanza1980,2025-01-31
Spatial_Awareness_,2025-01-31
krazykid933,2025-01-31
dfolks,2025-01-31
Gnoomie,2025-01-31
PaleontologistSame27,2025-01-31
SteelCityx0,2025-01-31
Comfortable-Crew6451,2025-01-31
Still_Actuator_3660,2025-01-31
dworkinwave,2025-01-31
YeahOkThisOne,2025-01-31
Wonderful-Ear330,2025-01-31
bunnysuitman,2025-01-31
seanequinn,2025-01-31
OSUgrad73,2025-01-31
ParadoxTE,2025-01-31
Binks16,2025-01-31
Fantastic-Profit5286,2025-01-31
crabio,2025-01-31
aegis_k,2025-01-31
arb1698,2025-01-31
Mindless_Match6144,2025-01-31
annaoceanus,2025-01-31
Leading-Meaning5926,2025-01-31
Apprehensive_City_32,2025-01-31
outdoorjane,2025-01-31
Asahi-NOTP,2025-01-31
Typical_Item4199,2025-01-31
MadChiGuy08,2025-01-31
centralsquare02139,2025-01-31
spitfirephd,2025-01-31
coolfuzzylemur,2025-01-31
Friendly_Ad_3800,2025-01-31
Famous_Operation9694,2025-01-31
WittyFold8283,2025-01-31
Foot_Beginning,2025-01-31
AllThingsLegal,2025-01-31
ZbornakHollingsworth,2025-01-31
Acrobatic_Argument74,2025-01-31
AWholeMessofSpiders,2025-01-31
haley42396,2025-01-31
Anecdata13,2025-01-31
forRealLife405,2025-01-31
MortgageGood6129,2025-01-31
djlawson1000,2025-01-31
Routine-Toe-4750,2025-01-31
Spirited_Study_758,2025-01-31
gwig9,2025-01-31
Eastern-Foundation46,2025-01-31
lizard_king0000,2025-01-31
neofaust,2025-01-31
JuniorPatient797,2025-01-31
archival-banana,2025-01-31
iamgrooty2781,2025-01-31
Harpua_Nutbag,2025-01-31
Arizona-Explorations,2025-01-31
Smol_VagaBlonde,2025-01-31
citori411,2025-01-31
AskMeAboutMyHermoids,2025-01-31
Slow_Access_6031,2025-01-31
Different_because,2025-01-31
kiwi_1122,2025-01-31
Equivalent_Owl_8818,2025-01-31
Mage2023,2025-01-31
406in414,2025-01-31
Drsvamp2,2025-01-31
MementoMori29,2025-01-31
PureCauliflower6758,2025-01-31
Bill_M_Buttlicker_II,2025-01-31
Ok_Lifeguard_6592,2025-01-31
Significant-Cup-670,2025-01-31
throwaway7627635,2025-01-31
pyrohippo23,2025-01-31
Muted-Attention-6975,2025-01-31
Unfair_Gur_6672,2025-01-31
Technical_Ad5838,2025-01-31
throwaway_overrated,2025-01-31
LadyQB2006,2025-02-01
UtahDesert,2025-02-01
JuJuBee_Whoopee,2025-02-01
HereWeGo2025IRL,2025-02-01
HowDoIDefineMe,2025-02-01
showmethefunny,2025-02-01
Mysterious-Milk-8661,2025-02-01
PapaBear1-,2025-02-01
Different-Corgi9544,2025-02-01
No-Repeat-00,2025-02-01
Ring_Groundbreaking,2025-02-01
AbiesUnusual3049,2025-02-01
Tiny_Pack4056,2025-02-01
throwawayacc6487,2025-02-01
Constellation-Vela,2025-02-01
Sunkin_Sailor,2025-02-01
Jumpy_String5,2025-02-01
Consistent-Total3726,2025-02-01
not_today_mfer,2025-02-01
No-Schedule-9057,2025-02-01
Positive-Spell5546,2025-02-01
Temporary_Lab_3964,2025-02-01
Intelligent_Age_3094,2025-02-01
rebelnaturalist,2025-02-01
Kitchen-Owl-3401,2025-02-01
Own_Cantaloupe9011,2025-02-01
Main_Bag9888,2025-02-01
Budget_Assignment_11,2025-02-01
anonymousfed1,2025-02-01
Longjumping-Volume55,2025-02-01
manslvl2,2025-02-01
paultera,2025-02-01
Manofepic1,2025-02-01
cckrspnl56,2025-02-01
bamboofence,2025-02-01
KeyNo3969,2025-02-01
Professor_Science420,2025-02-01
DeaconPat,2025-02-01
pojo1666,2025-02-01
drama-the-llama,2025-02-01
tivadiva2,2025-02-01
HotTakes4Free,2025-02-01
Long_Arrival_8494,2025-02-01
Sillybeachgirl,2025-02-01
thesayke,2025-02-01
UniversityUpstairs56,2025-02-01
Economy-Cell6459,2025-02-01
Turbulent_Primary_68,2025-02-01
Swimming-Tax7486,2025-02-01
ILikeBigBooks88,2025-02-01
Klutzy_Business3585,2025-02-01
Cotton345Candy,2025-02-01
Aperol5,2025-02-01
No_Plankton2854,2025-02-01
satisampajanna,2025-02-01
RAN_65,2025-02-01
No-Connection-1819,2025-02-01
BlueFootedBooblet,2025-02-01
Embarrassed-County43,2025-02-01
geraldmaccy,2025-02-01
TheBadgerOfHope,2025-02-01
GrouchyAssignment696,2025-02-01
IClausius,2025-02-01
dkt1961,2025-02-01
thatpinesmell,2025-02-01
Puzzled_State2658,2025-02-01
Celanna192,2025-02-01
No-Mention-368,2025-02-01
theosamabahama,2025-02-01
Single_Squash7480,2025-02-01
backupjesus,2025-02-01
queenthrowawayttyl,2025-02-01
Scotchbonnet2020,2025-02-01
jillresh,2025-02-01
DC2ABQ,2025-02-01
Remarkable_Safety570,2025-02-01
lynsea,2025-02-01
WillingQuarter4022,2025-02-01
aellie919,2025-02-01
XoxoCivilServant,2025-02-01
leatherpeplum,2025-02-01
dennis1343,2025-02-01
Long_Truth_2672,2025-02-01
Stock_Highlight4224,2025-02-01
Perfect-Bus-3119,2025-02-01
Dr_Mrs_TheM0narch,2025-02-01
Dragon_wryter,2025-02-01
Apprehensive-Key1718,2025-02-01
HedgehogSongstress,2025-02-01
VirusProof23,2025-02-01
Special-Debt9393,2025-02-01
kateandralph,2025-02-01
the_agreeable_radish,2025-02-01
RickJamesBeach762,2025-02-01
Puzzleheaded-Emu-142,2025-02-01
Bramrod,2025-02-01
Agitated_Rutabaga_13,2025-02-01
Hitokiri_Novice,2025-02-01
SmallConversation00,2025-02-01
WTH4030,2025-02-01
chefboyarjabroni,2025-02-01
baekacaek,2025-02-01
Electrical_Win_3957,2025-02-01
Intelligent_Many_309,2025-02-01
Much-Writer8460,2025-02-01
StudioJaye,2025-02-01
python-requests,2025-02-01
UnintegratedArchitet,2025-02-01
Sea_Ingenuity_4220,2025-02-01
codikane,2025-02-01
Telethion,2025-02-01
NewIce285,2025-02-01
Odimus11,2025-02-01
OldLadyReacts,2025-02-01
Temporalwar,2025-02-01
Winter-Medicine-1839,2025-02-01
OpusEponymous_,2025-02-01
Much_Importance_5900,2025-02-01
PrincipleFew8724,2025-02-01
hill_staffer_,2025-02-01
TheReptilianHuman,2025-02-01
Reasonable_Fee5480,2025-02-01
g3th0,2025-02-01
crickettehkm59,2025-02-01
Dangerous-Smell-5465,2025-02-01
Blackmouse12345,2025-02-01
yourFavoriteCrayon,2025-02-01
stanerd,2025-02-01
MeltElk,2025-02-01
ReasonableDisplay351,2025-02-01
Civil_Mind2310,2025-02-01
PsychoUncle,2025-02-01
Preshesme,2025-02-01
Wooden-Archer-8848,2025-02-01
KittyKat1935,2025-02-01
PKB2727,2025-02-01
GeminiSunPiscesMoon1,2025-02-01
ExtremeMarket971,2025-02-01
First_Law_4444,2025-02-01
Dark_DoubleD,2025-02-01
devanclara,2025-02-01
Reasonable-Hyena-384,2025-02-01
Pangolin_bandit,2025-02-01
gia0330,2025-02-01
Suspicious_Water6180,2025-02-01
RequirementSalty3453,2025-02-01
DarkTrumpster69,2025-02-01
SoccerUnicorse,2025-02-01
RosetteNewcomb,2025-02-01
Wonderful-Bug2015,2025-02-01
Hoosiersihawk,2025-02-01
abucket87,2025-02-01
Lofttroll2018,2025-02-01
Witty_Manager1774,2025-02-01
LuchaLutra,2025-02-01
Walking-with-Sappho,2025-02-01
AceTheJ,2025-02-01
ScallionLonely179,2025-02-01
One-Pissed-Off-Fed,2025-02-01
NightConscious4692,2025-02-01
Dapper_Pound3197,2025-02-01
Inside_Ad_2878,2025-02-01
No-Sandwich-5510,2025-02-01
Live_Blackberry_4301,2025-02-01
MonkeyLibra,2025-02-01
that_bird_bitch,2025-02-01
Born_Refrigerator_81,2025-02-01
sleepy_blonde,2025-02-01
NotGoing2EndWell,2025-02-01
SinisterRumcake,2025-02-01
batguano64,2025-02-01
Kooljerk007,2025-02-01
PrudentHouse3149,2025-02-01
april-urban,2025-02-01
SilverBluePacific,2025-02-01
MinimumAnalysis5378,2025-02-01
Zealousideal-Box-932,2025-02-01
lab111,2025-02-01
WhatIsTheCake,2025-02-01
WOKEmeupb4yougogo,2025-02-01
gonk42,2025-02-01
A_elderly_lady,2025-02-01
West-Roll8872,2025-02-01
Original-Bison2722,2025-02-01
justanautisticguy001,2025-02-01
bubbleshell11,2025-02-01
Confusedduck19,2025-02-01
wtfidk23,2025-02-01
KickOdd3990,2025-02-01
XmockdefenseX,2025-02-01
Dry-Necessary,2025-02-01
new_life0168,2025-02-01
Nockolos,2025-02-01
immie202,2025-02-01
Merp99,2025-02-01
TxIsMyHome,2025-02-01
Silver-Fly8064,2025-02-01
Smart_Action_7812,2025-02-01
heraldtaliaw,2025-02-01
rpaul9578,2025-02-01
FuckAnxiety911,2025-02-01
McFlyGuy2,2025-02-01
HomeworkSevere3029,2025-02-01
hurley_chisholm,2025-02-01
Sufficient-Fox6215,2025-02-01
djtknows,2025-02-01
used_npkin,2025-02-01
rewindpaws,2025-02-01
MunkeCMunkeDo20,2025-02-01
Reasonable_Project72,2025-02-01
RevolutionThin7503,2025-02-01
Civil_Tip_2346,2025-02-01
moe-diddley,2025-02-01
Koi_Fish_Mystic,2025-02-01
Disastrous_Web_6109,2025-02-01
Professional-One7771,2025-02-01
Klutzy-Tumbleweed-99,2025-02-01
Witty_Introduction38,2025-02-01
take_a_hike11234,2025-02-01
bellai812,2025-02-01
Sdguppy1966,2025-02-01
Steel-211,2025-02-01
Ok_Elevator_3706,2025-02-01
beeswax_swiffer,2025-02-01
xoxomonstergirl,2025-02-01
nietzschewasright,2025-02-01
Absmom08,2025-02-01
MysteriousGuide5616,2025-02-01
Spx3200,2025-02-01
jerseyshoregurl,2025-02-01
WhoCouldThisBe_,2025-02-01
TheDivineChemist,2025-02-01
take_a_hike_,2025-02-01
Emergency-Fig8839,2025-02-01
raysfan16,2025-02-01
Human-Mammoth-4331,2025-02-01
United-Fly-9852,2025-02-01
Janetzplanet,2025-02-01
Substantial-Owl-4688,2025-02-01
GingerCliff,2025-02-01
PreparationNo2718,2025-02-01
many_splendored,2025-02-01
Winter_cat_999392,2025-02-01
Juliusmobile,2025-02-01
Inside-Resolve-3005,2025-02-01
harleychick3cat,2025-02-01
Top_Relationship3971,2025-02-01
Specialist-Bird6349,2025-02-01
CanWeJustHavePizza,2025-02-01
MJ60000,2025-02-01
H2hOe23,2025-02-01
magicmikke856,2025-02-01
Illustrious-Air252,2025-02-01
Fearless_Muffin2267,2025-02-01
PresentationFalse855,2025-02-01
hudau,2025-02-01
JoneASmith,2025-02-01
slurve-and-swerve,2025-02-01
LawfulnessLumpy1359,2025-02-01
Main_Salamander6263,2025-02-01
OG_AuburnBlue,2025-02-01
Beginning_Hospital19,2025-02-01
Ok-Background5914,2025-02-01
evilgod0086,2025-02-01
AndroAsc2,2025-02-01
Tenet_Bull,2025-02-01
Kymba_Sealyons,2025-02-01
HappyComment,2025-02-01
kennyggallin,2025-02-01
SoLaT97,2025-02-01
Icy_Impression3216,2025-02-01
ProfuseMongoose,2025-02-01
Wizardof1000Kings,2025-02-01
Efficient_Poetry_216,2025-02-01
Current-Couple-8278,2025-02-01
JennaTolls69-,2025-02-01
Correct-Enthusiasm26,2025-02-01
confused161616,2025-02-01
MathematicianSad2798,2025-02-01
Firm-Worldliness-369,2025-02-01
throwaway829104833,2025-02-01
NeitherDingo6005,2025-02-01
NegotiationVarious98,2025-02-01
No_Pen4430,2025-02-01
Old-Surprise-9145,2025-02-01
PenileElephantiasis,2025-02-01
onioncrikhick,2025-02-01
SuperStripper13,2025-02-01
Suitable-Advice623,2025-02-01
Unlucky-Routine6417,2025-02-01
Acrobatic-Party-254,2025-02-01
Internal-Bear-8944,2025-02-01
Byzantium2347,2025-02-01
Coastal_Goals,2025-02-01
SignalSun644,2025-02-01
PullTabPurveyor,2025-02-01
One_Sugar_5719,2025-02-01
No-Ad5262,2025-02-01
clearview384,2025-02-01
Kind_Earth94,2025-02-01
Deathsycte,2025-02-01
Frequent_Beach5361,2025-02-01
2theletter,2025-02-01
WPZinc,2025-02-01
Putrid-Reality7302,2025-02-01
BrilliantWeb,2025-02-01
SEBrogan,2025-02-01
Ok_Operation8669,2025-02-01
ObviousMusic1771,2025-02-01
Suspicious_Fail_1518,2025-02-01
OkayImSara,2025-02-01
Sea-Tension-8971,2025-02-01
Batman0892,2025-02-01
Hironitsbosch,2025-02-01
TheSwedishChef93,2025-02-01
throwaway92377,2025-02-01
glov0044,2025-02-01
Throwaway_User999_,2025-02-01
Mammoth-Challenge473,2025-02-01
BubuBarakas,2025-02-01
Impossible_Cover9200,2025-02-01
pinkluwink2,2025-02-01
Trashpanda2021,2025-02-01
chuskiya,2025-02-01
RangerAccording3878,2025-02-01
Unique-Awareness7652,2025-02-01
Disastrous_Book2576,2025-02-01
makiko4,2025-02-01
XxCrackenxX,2025-02-01
lukejea101,2025-02-01
JustSurviving_Iguess,2025-02-01
Most-Effective3413,2025-02-01
bdowney,2025-02-01
Ok_Virus3854,2025-02-01
Level-Swim-1984,2025-02-01
johnson_alleycat,2025-02-01
GameDuchess,2025-02-01
themolenator617,2025-02-01
zeppie,2025-02-01
Killashard,2025-02-01
Ok-Resolution6450,2025-02-01
ygg_studios,2025-02-01
drudevi,2025-02-01
nominal_defendant,2025-02-01
JoeShabatoni,2025-02-01
Legitimate-Goat9343,2025-02-01
TourEnvironmental604,2025-02-01
Reduviidaei,2025-02-01
aspophilia,2025-02-01
Odin09,2025-02-01
Firm_Chemist_2394,2025-02-01
Mean-Bad-42,2025-02-01
CerealPursuit,2025-02-01
Maximum-Comfort6557,2025-02-01
ZestycloseVolume5271,2025-02-01
Wooden-Chef233,2025-02-01
Deep_Sale_8479,2025-02-01
DrDangerPhD,2025-02-01
BowlOptimal3549,2025-02-01
jessop4566,2025-02-01
TendieRetard,2025-02-01
Informal-Pop8173,2025-02-01
cunexttacotues,2025-02-01
ExcitementNo7058,2025-02-01
Cyfa,2025-02-01
Latter-Influence4105,2025-02-01
Riddikulus_Muggle,2025-02-01
absentia_absolutio,2025-02-01
Dry_Science120,2025-02-01
albertyiphohomei,2025-02-01
OnlyGuest1214,2025-02-01
Aggressive-Bid-3998,2025-02-01
No_Poem_2169,2025-02-01
U27-lat58,2025-02-01
MessMysterious6500,2025-02-01
907AK47,2025-02-01
Cali-Doll,2025-02-01
SharpEditor5461,2025-02-01
JustAnotherGS,2025-02-01
stimulants_and_yoga,2025-02-01
Lakefishbreath,2025-02-01
Remarkable-Money675,2025-02-01
terribly_puns,2025-02-01
Sock_Sensitive,2025-02-01
hey_listin,2025-02-01
throwaway72041156,2025-02-01
ChildhoodPale5673,2025-02-01
FunnyIllustrator9662,2025-02-01
ValkWekris,2025-02-01
waltzthrees,2025-02-01
Future_Highways,2025-02-01
Unique_Influence2782,2025-02-01
Airborne_Doc501,2025-02-01
awhee066,2025-02-01
moondrinkr,2025-02-01
shortstackkk,2025-02-01
halfofthemaredumber,2025-02-01
Itchy_lingon_berry,2025-02-01
Into_the_sunset_27,2025-02-01
SparklingWaterDEIA,2025-02-01
Tricky_Parking3338,2025-02-01
sap123113,2025-02-01
EmilyAnn1790,2025-02-01
jmiker919,2025-02-01
Past-Guard-4781,2025-02-01
courtcourt222,2025-02-01
Fireblast1337,2025-02-01
Marv_Shady,2025-02-01
Willing_Salt_5318,2025-02-01
YellowRobeSmith,2025-02-01
Slight_Wind6738,2025-02-01
billpigg,2025-02-01
itisausernameiguess,2025-02-01
dunkadooballz,2025-02-01
WaterFireCat,2025-02-01
Senior_Cranberry_650,2025-02-01
TitaniumGryphon,2025-02-01
Single_Statement_712,2025-02-01
Possible-Main8932,2025-02-01
ZarfHouse,2025-02-01
BacupBhoy,2025-02-01
Connect-Dentist5569,2025-02-01
throwaway_poet_,2025-02-01
MuchAppresch,2025-02-01
heavydroprob,2025-02-01
Humble-Highlight3841,2025-02-01
Intelligent_Swing630,2025-02-01
Lonely-Recording7481,2025-02-01
Loliz88,2025-02-01
leadsandwich,2025-02-01
Outside_Squirrel6280,2025-02-01
Daisy_Bloom_blue,2025-02-01
thecastellan1115,2025-02-01
Helpful-Wolverine555,2025-02-01
ballaculish,2025-02-01
Ashamed_Parsley7019,2025-02-01
chapshawg,2025-02-01
Unlikely_Apricot_864,2025-02-01
Icy-Post5424,2025-02-01
TARandomNumbers,2025-02-01
Free_Witness_5206,2025-02-01
Time_Is_My_Enemy,2025-02-01
1877KlownsForKids,2025-02-01
SydBos,2025-02-01
latrapp,2025-02-01
Vegetable-Worry4900,2025-02-01
BlockAffectionate413,2025-02-01
Junior-Fox4213,2025-02-01
JerSeaJess,2025-02-01
InternationalHall120,2025-02-01
IntelligentCancel742,2025-02-01
Electronic-Paper3338,2025-02-01
Sad_Silver1394,2025-02-01
kaizenkaos,2025-02-01
Better_Tonight5615,2025-02-01
zestzebra,2025-02-01
you_dont_know_me_357,2025-02-01
novamaga,2025-02-01
LadyStorm1291,2025-02-01
Beginning-Tour2185,2025-02-01
ignoblegrape,2025-02-01
KetchupOnSteak,2025-02-01
PrestigiousLie2623,2025-02-01
Rocologist,2025-02-01
LAFamilies4Vaccines,2025-02-01
Evening_Chemist_2367,2025-02-01
Successful-Wolf-848,2025-02-01
trashtiernoreally,2025-02-01
FuzzyImportance,2025-02-01
girlygalqt,2025-02-01
Striking_Youth661,2025-02-01
BHanNav,2025-02-01
The_Chicago_Red,2025-02-01
peopleplacesthings27,2025-02-01
Neither_Mango_9005,2025-02-01
josephbutlerprofile,2025-02-01
Joskuee,2025-02-01
Ihugdogs,2025-02-01
I-Feel-Pretty,2025-02-01
AccountantFit44,2025-02-01
LateRabbit86,2025-02-01
MrsRBRandall,2025-02-01
a_venus_flytrap,2025-02-01
genexr-71,2025-02-01
3butts,2025-02-01
DenseYear2713,2025-02-01
nascleralic,2025-02-01
40toosoon,2025-02-01
RedMango112,2025-02-01
YouDoHaveValue,2025-02-01
Background-Jelly-920,2025-02-01
Interesting_Tune2905,2025-02-01
Extension-Size-815,2025-02-01
Fearless-Ticket2242,2025-02-01
flomflim,2025-02-01
cyboracle,2025-02-01
AKATE4SEVEN,2025-02-01
greenmtnfiddler,2025-02-01
temp4life,2025-02-01
Extra-Tip-8996,2025-02-01
Comfortable_Mind8633,2025-02-01
CuylinaryExpert,2025-02-01
Substantial-Neat4262,2025-02-01
Alarmed-Ad9617,2025-02-01
The-Monkeys-Paw,2025-02-01
beachnsled,2025-02-01
The_Weston_Esterhazy,2025-02-01
lauetal,2025-02-01
Material_Ad2825,2025-02-01
Minimum-Big-8411,2025-02-01
Odd_Turnip_277,2025-02-01
AcanthaceaeOk1575,2025-02-01
BeginAgain2Infinitum,2025-02-01
Ok_Butterscotch4491,2025-02-01
Mammoth-Usual1846,2025-02-01
Thingcoder1,2025-02-01
PicklesNBacon,2025-02-01
FluffernutterPancake,2025-02-01
Responsible-Pay-2078,2025-02-01
RussT9F,2025-02-01
silentknight111,2025-02-01
Most-Highlight1261,2025-02-01
Icy_Measurement5811,2025-02-01
i_hate_this_part_85,2025-02-01
Financial-Bid2739,2025-02-01
Anxious_Half9192,2025-02-01
Hugh_Monger,2025-02-01
iamtheperiphery,2025-02-01
LeslieHodges,2025-02-01
Ancient_Friendship36,2025-02-01
Llama_drama9,2025-02-01
get_while_true,2025-02-01
Dutch__Dooley,2025-02-01
botsgonewild,2025-02-01
SouthernPop736,2025-02-01
Low_Suit_8300,2025-02-01
stupwerd1256743,2025-02-01
No_Analysis_2170,2025-02-01
CharlotteChipmunk,2025-02-01
BobbyMcFrayson,2025-02-01
naomigoat,2025-02-01
Glittering-Scar-2549,2025-02-01
curiousitykilled2,2025-02-01
Silent-Storage-4030,2025-02-01
chaoticnoody314,2025-02-01
Lizzy68,2025-02-01
Prana555,2025-02-01
Savings_Big1842,2025-02-01
CoronaThrowaway5303,2025-02-01
smichaele,2025-02-01
SapientChaos,2025-02-01
harveysfear,2025-02-01
Wild-Harmony,2025-02-01
amihazel,2025-02-01
Norfolkislandwhine,2025-02-01
Contraryon,2025-02-01
AcceptableFudge6505,2025-02-01
delabay,2025-02-01
No-Independence-4711,2025-02-01
SliceAdditional4850,2025-02-01
No-You-5277,2025-02-01
Enough-Tap-6329,2025-02-01
Wonderful-Forever219,2025-02-01
PigletAppropriate217,2025-02-01
FastBackground658,2025-02-01
MissLittleAmerika,2025-02-01
AnonymousOpossum-451,2025-02-01
tubbstosterone,2025-02-01
malimal99,2025-02-01
Over_Marionberry9312,2025-02-01
thedreadcandiru,2025-02-01
Downtown-Smoke-272,2025-02-01
Putrid-Promotion-329,2025-02-01
STL2COMO,2025-02-01
reesepopcorns,2025-02-01
HotLibrarian790,2025-02-01
Ironbeard61,2025-02-01
HotWaterBurn,2025-02-01
maxell87,2025-02-01
SeasonAdorable3101,2025-02-01
Certain-Turn-524,2025-02-01
dontforkmeover,2025-02-01
seafoodboiler,2025-02-01
CrabTheShack,2025-02-01
granitelilac,2025-02-01
Dependent_County_223,2025-02-01
beachgirlDE,2025-02-01
International_Bet351,2025-02-01
cwricketts,2025-02-01
Agreeable_Earth_6846,2025-02-01
philjenningss,2025-02-01
OkWellAnyway,2025-02-01
OneNefariousness7945,2025-02-01
xloud,2025-02-01
CloudyDays51,2025-02-01
CrabbyConundrum,2025-02-01
PioyuTuyoiP,2025-02-01
contains__multitudes,2025-02-01
peacebot445,2025-02-01
chrizardALX,2025-02-01
No-Hunt6005,2025-02-01
cattimusrex,2025-02-01
Crafty-SciFiWeirdo20,2025-02-01
PatrioticPrince,2025-02-01
usernumber2020,2025-02-01
dillingspam,2025-02-01
dali-llama,2025-02-01
Prior_Growth4063,2025-02-01
RandomMistake2,2025-02-01
FutureConference8241,2025-02-01
cynikal_optimist,2025-02-01
weezyjay151,2025-02-01
Puzzleheaded-Bee6708,2025-02-01
whatdidijustsee11,2025-02-01
meshreplacer,2025-02-01
idkwat,2025-02-01
Richard_269,2025-02-01
scOObies_dOObies_,2025-02-01
mighty_pebble,2025-02-01
Other_Attention7684,2025-02-01
Starza,2025-02-01
Flat-Ad-7153,2025-02-01
birder3339,2025-02-01
Erinar,2025-02-01
Busy-Organization948,2025-02-01
sandwormsrule,2025-02-01
Similar-River-7809,2025-02-01
Budget_Click5793,2025-02-01
jnelparty,2025-02-01
Working-Quote5907,2025-02-01
MissedReddit2Much,2025-02-01
Tasty-Holiday663,2025-02-01
DeliciousAd3075,2025-02-01
squirrellywuirrelly,2025-02-01
just-trying-to-halp,2025-02-01
Time_Subject_852,2025-02-01
Toadchoad69,2025-02-01
StrictLetterhead5267,2025-02-01
Temporary_Present640,2025-02-01
Mr_Soul_Crusher,2025-02-01
WeimMama1,2025-02-01
jackieeeeeeeeeeeeee,2025-02-01
PCPenhale,2025-02-01
Resist62,2025-02-01
Humble-Lawfulness-12,2025-02-01
Constant_Gardner23,2025-02-01
Worried_Owl8913,2025-02-01
SpecificFun7293,2025-02-01
Delic10u5Bra1n5,2025-02-01
Fun-Drawing-1539,2025-02-01
Tthhrroowwaaawaay,2025-02-01
Routine_Spare_7974,2025-02-01
Colonel-KWP,2025-02-01
Additional_Lie8813,2025-02-01
Gibsel,2025-02-01
Burberrypickett,2025-02-01
will_98683,2025-02-01
AlexanderBrite,2025-02-01
responded,2025-02-01
BrazenAndLawless,2025-02-01
yoyobeanquiet,2025-02-01
G0dzillaBreath,2025-02-01
dasgood32447,2025-02-01
Proletariat_Rage,2025-02-01
Dear_Ad_5926,2025-02-01
denali42,2025-02-01
Revolutionary-Food71,2025-02-01
Grazer_Lady,2025-02-01
SladeXLE,2025-02-01
ClearYard2775,2025-02-01
ChanceryTheRapper,2025-02-01
Wingnut3513,2025-02-01
MammothPerception640,2025-02-01
BTTMs_Anonymous,2025-02-01
PetersWife72922,2025-02-01
ColdPlunge1958,2025-02-01
QuarterBackground,2025-02-01
MouseAngelo,2025-02-01
Quiet_Ad_4014,2025-02-01
Imaginary_Peak_616,2025-02-01
Studio_RT,2025-02-01
knoxie_evie,2025-02-01
SnooSongs1256,2025-02-01
Actual_Lifeguard5829,2025-02-01
rroselabyrinthh,2025-02-01
poilsoup2,2025-02-01
Adventurous_Gas_7774,2025-02-01
TEAwest,2025-02-01
FlakyFlatworm,2025-02-01
Ides_of_August,2025-02-01
Caesars_Side_effect,2025-02-01
ProlapseMishap,2025-02-01
johnbrownssquirrel,2025-02-01
DancingWithAWhiteHat,2025-02-01
Latica2015,2025-02-01
CompetitiveFun5247,2025-02-01
Valuable_Air_2166,2025-02-01
hedgemoe,2025-02-01
DifferentProject4400,2025-02-01
reddit-already123,2025-02-01
Griitz,2025-02-01
Rigged-D20,2025-02-01
Philooflarissa,2025-02-01
FFSBeBetter,2025-02-01
Intoxicant,2025-02-01
El_RAMbrero,2025-02-01
PerspectiveEntire376,2025-02-01
Alps_Fearless,2025-02-01
BuyandHODL2030,2025-02-01
smashem31,2025-02-01
Living-Shame-6302,2025-02-01
DarthTurnip,2025-02-01
urbanazoo,2025-02-01
Inevitable_Nobody_33,2025-02-01
Visible-Mousse-9993,2025-02-01
MercurialHooker,2025-02-01
Downtown_Piglet_8257,2025-02-01
silversnowfoxy,2025-02-01
Bubblegum_Lightning,2025-02-01
TokaKokaMocha,2025-02-01
milllo,2025-02-01
logi2222,2025-02-01
Level_Maize_7741,2025-02-01
Shot_Following_7724,2025-02-01
BrickOk8049,2025-02-01
TallOne7680,2025-02-01
TronCarterIII,2025-02-01
DueRepublic30throwaw,2025-02-01
stuffingmybrain,2025-02-01
This_Big_2458,2025-02-01
Remote-Minute-5266,2025-02-01
ninaplays,2025-02-01
pugglepapa420,2025-02-01
OriginalV8,2025-02-01
Ok-Emu-7728,2025-02-01
kobralats,2025-02-01
Fast_Couple4090,2025-02-01
Fun-Bumblebee-7260,2025-02-01
miskdub,2025-02-01
Fit-Albatross755,2025-02-01
BKKpoly,2025-02-01
musksmuskytaint,2025-02-01
Confident-Ladder-576,2025-02-01
SaintOlgasSunflowers,2025-02-01
theMoooooooooooon,2025-02-01
DogMomPhoebe619,2025-02-01
leafyveg12,2025-02-01
adc_cyberman,2025-02-01
cantthinkofxy,2025-02-01
AssistanceIcy702,2025-02-01
NuclearMystic,2025-02-01
KaylaGirl89,2025-02-01
rarelyusefulinput,2025-02-01
Stunning_Persimmonz,2025-02-01
EdCantEatEggs,2025-02-01
ConcussedAndPlussed,2025-02-01
EmbarrassedGold2630,2025-02-01
CaptainFuzzyBootz,2025-02-01
sd_rock21,2025-02-01
EnfantDesAbysses,2025-02-01
Delicious_Choice1889,2025-02-01
Nukeblast1967,2025-02-01
Ok-Airport-8053,2025-02-01
Unevenviolet,2025-02-01
nico_cali,2025-02-01
Mobile_Crow_4058,2025-02-01
ConventResident,2025-02-01
Intrepid-Divide-660,2025-02-01
Super-Stop-9049,2025-02-01
polygenic_score,2025-02-01
Deep_Spring11,2025-02-01
Xerzajik,2025-02-01
mrworldwide522,2025-02-01
Subrick,2025-02-01
Bitter_Inevitable465,2025-02-01
Large-Eye5088,2025-02-01
Ok_Kick3937,2025-02-01
Various-Ad3599,2025-02-01
ravager762,2025-02-01
LegitimateVirus3,2025-02-01
Plenty-Beginning-532,2025-02-02
Historical_Egg2103,2025-02-02
Exotic_Snow7065,2025-02-02
Boldine,2025-02-02
Krcarl,2025-02-02
michaelscharn,2025-02-02
throwaway4aita543,2025-02-02
jritenour,2025-02-02
ebnerda,2025-02-02
Pashahlis,2025-02-02
Opening_Button_4186,2025-02-02
Rare_Cream1022,2025-02-02
MAGAFOUR,2025-02-02
CreeptheJeep,2025-02-02
Economy_Swim_8585,2025-02-02
brighteyeseleven,2025-02-02
Clear-Intention-285,2025-02-02
tiredzillenial,2025-02-02
Dangerous_Ad1108,2025-02-02
el_pichon,2025-02-02
Jealous-Contract-196,2025-02-02
Tough_Side6592,2025-02-02
crimbusrimbus,2025-02-02
A_Dozen_Lemmings,2025-02-02
costconisqatsi,2025-02-02
ChickPeaClwn,2025-02-02
Slimberella,2025-02-02
pickles0618,2025-02-02
AltumFelis,2025-02-02
Dazzling_Target8683,2025-02-02
ReditVoyeur,2025-02-02
ActWonderful1373,2025-02-02
Landofdragons007,2025-02-02
Hidden_JKR,2025-02-02
objective_cheese,2025-02-02
MauriceReeves,2025-02-02
Lost-Equivalent-5419,2025-02-02
donottailgate,2025-02-02
203to401to860to865,2025-02-02
Typical_Parsley_567,2025-02-02
SuchSeries8760,2025-02-02
TheDarkDelphinium,2025-02-02
Number1Loser,2025-02-02
on3liness,2025-02-02
IllReplacement7348,2025-02-02
BestBex1,2025-02-02
PrairieRestorer,2025-02-02
ceciliastar,2025-02-02
professorstreets,2025-02-02
Kooky-Whereas-6340,2025-02-02
Used-Young-8804,2025-02-02
Special_Try_4215,2025-02-02
Green_eyed_Lass,2025-02-02
Mikhail_TD,2025-02-02
Fine_Juggernaut_8480,2025-02-02
Possible-Fan6504,2025-02-02
Nathan_Hickers22,2025-02-02
Buddylee2513,2025-02-02
miss_suzka,2025-02-02
AdLatter182,2025-02-02
No-Rutabaga-5163,2025-02-02
xitizen7,2025-02-02
AromaticUse328,2025-02-02
brocollirab,2025-02-02
build319,2025-02-02
Lucky_Sail_9133,2025-02-02
AudienceVarious3964,2025-02-02
Malahia,2025-02-02
Sure-Weird-1368,2025-02-02
antinoria,2025-02-02
Kindly_Ad_4715,2025-02-02
RevolutionaryLion384,2025-02-02
Domain2021,2025-02-02
Which-Train6007,2025-02-02
SpiritedNight2319,2025-02-02
Tikky_Tac,2025-02-02
Last_Bat_4925,2025-02-02
HoldMyBagBiyotch,2025-02-02
uggcantrelate,2025-02-02
rxt278,2025-02-02
herniter,2025-02-02
bwitch-please,2025-02-02
Glum-Anywhere-1478,2025-02-02
DCbean,2025-02-02
wordslikethewaves,2025-02-02
MikeRustyBalzich,2025-02-02
larfleeze121,2025-02-02
DevilsAdvoCaticorn,2025-02-02
CodAlternative3437,2025-02-02
marketrent,2025-02-02
No-Technology-3197,2025-02-02
thebonerkiller,2025-02-02
ThingCalledLight,2025-02-02
Wittt461,2025-02-02
Beautiful-College741,2025-02-02
treboroH,2025-02-02
xLegalEagle,2025-02-02
Scary_Bet2715,2025-02-02
Available_Smoke_9249,2025-02-02
JadedResponse2483,2025-02-02
presfenol,2025-02-02
CauseImportant755,2025-02-02
ChoiceDevelopment423,2025-02-02
themusiclober,2025-02-02
SchedF-NeezeDuts,2025-02-02
Ruatha-86,2025-02-02
ReddZealous,2025-02-02
Sammyrey1987,2025-02-02
usually-anxious,2025-02-02
Leading_Gazelle_3881,2025-02-02
Pretend-Carry-2437,2025-02-02
ConstructionSome9015,2025-02-02
ColdActuary434,2025-02-02
chirpingc1cada,2025-02-02
mustanggt50conv,2025-02-02
FlivverKing,2025-02-02
IvyDevilDog1908,2025-02-02
AltEcho38,2025-02-02
BelleHades,2025-02-02
Sufficient-Series173,2025-02-02
Fisherman244,2025-02-02
bustercaseysghost,2025-02-02
idk_wuz_up,2025-02-02
juice2blender,2025-02-02
Heart_of_Lapis,2025-02-02
hujev,2025-02-02
Money_Dig_7900,2025-02-02
CubedMeatAtrocity,2025-02-02
Jumpy_Cherry9078,2025-02-02
AccurateSite,2025-02-02
throwerqt,2025-02-02
ChucksThreeHolePunch,2025-02-02
Lysdexic_One,2025-02-02
Fatbactory,2025-02-02
Fish-lover-19890,2025-02-02
OneUnderstanding2331,2025-02-02
Inspector-Royale,2025-02-02
theuncandy,2025-02-02
Delicious_Lie7053,2025-02-02
R_Didddy,2025-02-02
Welcome_to_moes89,2025-02-02
Nardling,2025-02-02
ginandsoda,2025-02-02
Never_Comfortable,2025-02-02
TV_Tray,2025-02-02
Dcs898989throwaway,2025-02-02
tojiy,2025-02-02
Brilliant_Chain4609,2025-02-02
Book_lubber,2025-02-02
CorrectBad3250,2025-02-02
Ok_Hippo4997,2025-02-02
Perfecshionism,2025-02-02
Lascivious_Luster,2025-02-02
Barnyard-Sheep,2025-02-02
Qcconfidential,2025-02-02
virgostar222,2025-02-02
Europefan445,2025-02-02
Only_Fats,2025-02-02
Right_Signature6425,2025-02-02
Curious_Finn_Arlo,2025-02-02
Shoddy-Chance6296,2025-02-02
Temporary_Ad_4431,2025-02-02
Potato_pancakes27,2025-02-02
Final-Leg161,2025-02-02
uwuanchie,2025-02-02
19vixens,2025-02-02
Superb-Wait-3708,2025-02-02
fleurrrrrrrrr,2025-02-02
meticulouspiglet,2025-02-02
Ok-Can-7026,2025-02-02
samysavage26,2025-02-02
Maxo996,2025-02-02
apple--scruff,2025-02-02
ForestryTechnician,2025-02-02
GM_PhillipAsshole,2025-02-02
RedRidingBear,2025-02-02
Miserable-Donut9416,2025-02-02
azirelfallen,2025-02-02
True-Belt-3824,2025-02-02
SuccessfulString8228,2025-02-02
Pleasant_Photo127,2025-02-02
consultmsi,2025-02-02
Cannabun,2025-02-02
Initial_Win_1556,2025-02-02
Icy_Ability_4240,2025-02-02
JabbaTheHedgeHog,2025-02-02
LtCmdrData,2025-02-02
1StressedAccountant,2025-02-02
No_Application_1782,2025-02-02
BennificentKen,2025-02-02
Sweet_Map_8384,2025-02-02
IndependentHyena4510,2025-02-02
PMW_holiday,2025-02-02
Fed_Patriot,2025-02-02
mojolounge,2025-02-02
Fuzzy_Peach2024,2025-02-02
Spare_Handle7878,2025-02-02
farmeronthetrail,2025-02-02
Livid_sAd_7833,2025-02-02
Repulsive-Branch-740,2025-02-02
greatestsnowman,2025-02-02
star_gaze21,2025-02-02
TJsNewsFeed,2025-02-02
XxDrayXx,2025-02-02
BugNatural1478,2025-02-02
markdc42,2025-02-02
Agreeable-Fox-4272,2025-02-02
Spiders_Please,2025-02-02
Competitive_Buy5317,2025-02-02
powench000,2025-02-02
ModernGunslinger,2025-02-02
oldtwins,2025-02-02
Big_Quote_4621,2025-02-02
deluxeok,2025-02-02
J0hn-Matr1x,2025-02-02
dinosprinkles27,2025-02-02
PurpleT0rnado,2025-02-02
leoyvr,2025-02-02
VenetianGondoleria,2025-02-02
filibusterfiasco,2025-02-02
jesterman87,2025-02-02
Rhyming123,2025-02-02
thundaartheagrarian,2025-02-02
CaesarHades,2025-02-02
person11221122,2025-02-02
jimmyjamonit,2025-02-02
StretchMajor,2025-02-02
Similar-Role6306,2025-02-02
Nikkid_88,2025-02-02
videzlamer,2025-02-02
tiger-grim,2025-02-02
Cowboysfanindc,2025-02-02
warrenmcgingersnaps,2025-02-02
rollin_on_dip_plates,2025-02-02
EnvironmentalFish970,2025-02-02
LostYooper906,2025-02-02
diablo_cat,2025-02-02
megantabor1,2025-02-02
AssistantUnique8269,2025-02-02
Lucidview,2025-02-02
MahxFahn,2025-02-02
Fun_squirrel_time,2025-02-02
xboox,2025-02-02
sennalen,2025-02-02
Imbris2,2025-02-02
Outrageous_Chance995,2025-02-02
virginpinacoladas,2025-02-02
Ro-Ro-Ro-Ro-Rhoda,2025-02-02
StrainNo5029,2025-02-02
Flashy-Sherbet-4991,2025-02-02
etjan66,2025-02-02
mah927,2025-02-02
Glittering-Cat4336,2025-02-02
subUrbanMire,2025-02-02
Business_Arrival_630,2025-02-02
acutaleopard,2025-02-02
mtn_forester,2025-02-02
Desperate-Macaron225,2025-02-02
kk_joi,2025-02-02
Sudden-Table-2613,2025-02-02
Philotimo1,2025-02-02
Excellent-Squash-962,2025-02-02
Commercial-Sorbet309,2025-02-02
Man-s_best_friend,2025-02-02
slinky22,2025-02-02
TheDapperDr,2025-02-02
ReysonBran,2025-02-02
CantbelieveShit,2025-02-02
sunshineandcheese,2025-02-02
StewardNotBureaucrat,2025-02-02
mellowman688,2025-02-02
SonnySwanson,2025-02-02
InigoMontoya2725,2025-02-02
DeeperStateMaquis,2025-02-02
ZooInACircus,2025-02-02
etzel1200,2025-02-02
Altruistic_Chair_147,2025-02-02
Spiteblight,2025-02-02
Turdus__migratorius,2025-02-02
F1erceK,2025-02-02
marcush96,2025-02-02
jjmk2014,2025-02-02
pumpum2024,2025-02-02
Dramatic_Pomelo_5002,2025-02-02
Griffinhunters,2025-02-02
johnhancocklives,2025-02-02
Specialist-Tomato210,2025-02-02
somethingfox,2025-02-02
mandyy_1,2025-02-02
Jumpy-Candle-1274,2025-02-02
GardenGnomeDiplomat,2025-02-02
NervousDeer5811,2025-02-02
mattisnotclever,2025-02-02
Strict-Plane5888,2025-02-02
Flaky_Bar_8259,2025-02-02
OkMatter999,2025-02-02
Alive_Pear1246,2025-02-02
Breakfast-Spiritual,2025-02-02
SmallWombat,2025-02-02
scooterflaneuse,2025-02-02
PinkCloudSparkle,2025-02-02
Fly_Casual_16,2025-02-02
sqqq16,2025-02-02
Tommy__want__wingy,2025-02-02
itsbrittanybishhhh,2025-02-02
superfrogpoke,2025-02-02
fordfox,2025-02-02
Original-Interest639,2025-02-02
NK534PNXMb556VU7p,2025-02-02
BlankWafer8186,2025-02-02
MissKermieKarma,2025-02-02
JBrouM,2025-02-02
Extra_Performer5136,2025-02-02
-Konrad-,2025-02-02
Hungry_Ad7142,2025-02-02
Nic727,2025-02-02
keen_observer34130,2025-02-02
Gas-Drawls,2025-02-02
Head_Command4455,2025-02-02
Particular-Mouse-721,2025-02-02
oofaloo,2025-02-02
Leading-North-9524,2025-02-02
Mommie-03,2025-02-02
QuickExpert9,2025-02-02
kkklllmmm2,2025-02-02
SwirlLove2013,2025-02-02
SarcasticServal,2025-02-02
Arnold-Sniffles,2025-02-02
Govtwaste19,2025-02-02
Adorable_Bullfrog800,2025-02-02
MathematicianPez6076,2025-02-02
barefoot69contessa,2025-02-02
capitaISTEEZ,2025-02-02
sostark,2025-02-02
jiatan,2025-02-02
AdelleDeWitt,2025-02-02
quiggles_backup,2025-02-02
Sensitive_Lies,2025-02-02
run4funn321,2025-02-02
Old_Connection8772,2025-02-02
Astrocoder,2025-02-02
aerotropical_,2025-02-02
DotarSojat666,2025-02-02
AmbassadorKosh2,2025-02-02
Apprehensive-Will339,2025-02-02
SHAHFAX,2025-02-02
Delicious_Jaguar_517,2025-02-02
ramrod911,2025-02-02
bikimbap,2025-02-02
Salt_Question_5030,2025-02-02
Constant-Thought6817,2025-02-02
warfareforartists,2025-02-02
Rocannon22,2025-02-02
allthelivelong,2025-02-02
noonespecial1776,2025-02-02
copperpin,2025-02-02
Resident_Yoghurt4488,2025-02-02
saltymama252,2025-02-02
Severe-Telephone-251,2025-02-02
Super-Barnacles,2025-02-02
Massive-Inspection74,2025-02-02
See-saw-round-a-bout,2025-02-02
TotalAd1043,2025-02-02
piperpompom,2025-02-02
vs92s110,2025-02-02
DonkeyKickBalls,2025-02-02
AgitatedCatLady,2025-02-02
Zorsaurus,2025-02-02
asriel_theoracle,2025-02-02
Patient-External-986,2025-02-02
BoringImprovement721,2025-02-02
Awkward-Scene-7361,2025-02-02
tmonkey-718,2025-02-02
hypsignathus,2025-02-02
faberge_kegg,2025-02-02
Swimming-Ad-866,2025-02-02
Electrical_Day_6758,2025-02-02
khardy101,2025-02-02
Venezia1975,2025-02-02
CDS11411,2025-02-02
Responsible_Kick_896,2025-02-02
Due_Coyote_8745,2025-02-02
watermelon_0514,2025-02-02
TacticalHog,2025-02-02
Fun_Astronomer_6575,2025-02-02
Important_Lab_5366,2025-02-02
leafysnails,2025-02-02
Terrible_Mistake_954,2025-02-02
Possible-Brother7977,2025-02-02
Cytosmarts,2025-02-02
crocoduckie,2025-02-02
holzmann_dc,2025-02-02
WitchyTh0ts93,2025-02-02
nuts_1944,2025-02-02
AdEastern5000,2025-02-02
unwillingcantaloupe,2025-02-02
Unhappy_Savings_4431,2025-02-02
Far_Habit_4718,2025-02-02
governBrianKemp,2025-02-02
Excellent-Cost-1569,2025-02-02
pencilrunner,2025-02-02
haniver6,2025-02-02
Pwthrowrug,2025-02-02
Oscaroneous,2025-02-02
academicallyshifted,2025-02-02
staymadbro,2025-02-02
HankJumps,2025-02-02
bitch__hazel,2025-02-02
fizzy1317,2025-02-02
I_Will_NOHT,2025-02-02
joebobjoebobjoebob12,2025-02-02
altreporter,2025-02-02
ImportantBiscotti112,2025-02-02
Friendly-Tangerine18,2025-02-02
t4lisman25,2025-02-02
East_Sentence_4245,2025-02-02
Due-Advertising-828,2025-02-02
Environmental_Leg_74,2025-02-02
kilo_newton,2025-02-02
Decent_Ask2120,2025-02-02
CelticWolf95,2025-02-02
Interesting_Sand8455,2025-02-02
Original_Poet6712,2025-02-02
modsplsnoban,2025-02-02
Dont_Dig_Dinos187,2025-02-02
Iron-condor-6050,2025-02-02
shaoshao2022,2025-02-02
bullitt2469,2025-02-02
CMBL1106,2025-02-02
Bonespur711,2025-02-02
Future-You-7443,2025-02-02
Bulawayo1973,2025-02-02
South-Tackle6055,2025-02-02
Available_Author_98,2025-02-02
The8thCatalyst,2025-02-02
soulnova,2025-02-02
Shrink_Rae,2025-02-02
Appropriate_War_3309,2025-02-02
Livid_Version_5973,2025-02-02
Imsoscaredrn,2025-02-02
NEWLIFESTART100,2025-02-02
Busy_Square_3602,2025-02-02
hurleyvp,2025-02-02
Fragrant-Winner-3507,2025-02-02
Dillmania3,2025-02-02
Crafty_Hearing_7937,2025-02-02
No-Performance4864,2025-02-02
iwrotethedamnbill,2025-02-02
Kioskkkk,2025-02-02
AVOX8,2025-02-02
barrycompanion,2025-02-02
sinker158,2025-02-02
BigDumbDope,2025-02-02
haunted_buffet,2025-02-02
Fedtruthslinger,2025-02-02
SpecialtyShopper,2025-02-02
Additional_Wolf3880,2025-02-02
ClassicDMV202,2025-02-02
Proudparty5,2025-02-02
flaginorout,2025-02-02
Better-Lavishness861,2025-02-02
janeauburn,2025-02-02
IncidentRecent6458,2025-02-02
DesignerLunch,2025-02-02
DentistImpressive751,2025-02-02
GemmaPlatinum,2025-02-02
atallah78,2025-02-02
BelloTXGirl,2025-02-02
SprocketTheWetToad,2025-02-02
Upper-Cause-7702,2025-02-02
Unlikely-Sense-5882,2025-02-02
Tom_Girl_X,2025-02-02
sunsetpaychecks,2025-02-02
noselection12,2025-02-02
Otherwise-Shoe3413,2025-02-02
FunSignature1633,2025-02-02
SpaceForceRemorse,2025-02-02
Myhtological,2025-02-02
Beneficial-Sound-199,2025-02-02
kendricsdr,2025-02-02
lobsterroll44,2025-02-02
New-Temporary6854,2025-02-02
Odd-Equipment-678,2025-02-02
Unlikely-Sink5644,2025-02-02
MarlaHoochIsMyHero,2025-02-02
Technical_Orange_322,2025-02-02
Fast-Challenge6649,2025-02-02
Glum-Requirement4218,2025-02-02
dude_wells,2025-02-02
MBKintheCity,2025-02-02
Swimming_Database_34,2025-02-02
miso_hohny,2025-02-02
OkMud5683,2025-02-02
anamelesscloud1,2025-02-02
Responsible_Rush_521,2025-02-02
NYMinnit,2025-02-02
StrawberryOpening264,2025-02-02
IssuesOverHere,2025-02-02
df2025fedup,2025-02-02
lilmamaog,2025-02-02
mosch115,2025-02-02
ExpressiveSilence,2025-02-02
NerveEducational1707,2025-02-02
blueyondah,2025-02-02
NewbieFed,2025-02-02
No-Illustrator-6083,2025-02-02
MurmurationProject,2025-02-02
URNotHONEST,2025-02-02
NYGiants181,2025-02-02
FirstLadyEloniaMusk,2025-02-02
AttentionRelevant820,2025-02-02
philphan25,2025-02-02
Hot-Emu8036,2025-02-02
brittanymorgan88,2025-02-02
Mithic_Music,2025-02-02
king168168,2025-02-02
AwesomeEm77,2025-02-03
Anglophile56,2025-02-03
Ok-Regret-5746,2025-02-03
whiteclaws_,2025-02-03
Traditional_Can889,2025-02-03
Donutboy562,2025-02-03
ElonsuckdickOLIO,2025-02-03
Kashyyykboi69,2025-02-03
gardenandgun100,2025-02-03
Typical_Routine_414,2025-02-03
hewhothought,2025-02-03
alwaysfulloquestions,2025-02-03
Lonely_Echo_9761,2025-02-03
Dapper_Lunch_9192,2025-02-03
NeedTacosASAP,2025-02-03
ChiefsHat,2025-02-03
Low-Management-5837,2025-02-03
ladykensington,2025-02-03
Lumiafan,2025-02-03
bowlskioctavekitten,2025-02-03
jewelsofeastwest,2025-02-03
Strong_Net5096,2025-02-03
nola_sl,2025-02-03
Any-Bug-9754,2025-02-03
Objective_Canary5737,2025-02-03
rescueme57,2025-02-03
ExcellentPlantain64,2025-02-03
HistorySearcher1,2025-02-03
stratolyte,2025-02-03
Chicagogally,2025-02-03
abitchbutmakeitbasic,2025-02-03
fummyfish,2025-02-03
Motor_Culture3932,2025-02-03
indigoagogo,2025-02-03
Available_Witness_69,2025-02-03
sunsetspice2020,2025-02-03
PickleAlarmed4522,2025-02-03
usernamechecksout67,2025-02-03
ThisIsMyFedAccount,2025-02-03
RemarkableChipmunk93,2025-02-03
presque-veux,2025-02-03
Horny_wildcat,2025-02-03
nickypoods,2025-02-03
Successful_Ring_2807,2025-02-03
overachievaholicc,2025-02-03
Rare_Cobbler_5948,2025-02-03
Noir_Hex,2025-02-03
stormlight82,2025-02-03
luluthelezbo,2025-02-03
abcnewswillsteakin,2025-02-03
fireweedflowers,2025-02-03
wild-boom-thyme,2025-02-03
joethearchitect3,2025-02-03
utterlyrevolted,2025-02-03
politicalthot,2025-02-03
Mother-Raise602,2025-02-03
TinyBossHB,2025-02-03
Scranch,2025-02-03
Snoo_89085,2025-02-03
Organic_Beat1937,2025-02-03
gbbs08642,2025-02-03
fargazmo,2025-02-03
mandad159,2025-02-03
Popop2023,2025-02-03
Capital_Wishbone4847,2025-02-03
celticfife,2025-02-03
allthebacon_and_eggs,2025-02-03
Carpitis,2025-02-03
sunnythewolfbaby,2025-02-03
ImNotADummy1984,2025-02-03
DvrstyIsAnEssntlWrkr,2025-02-03
Internal-Style-581,2025-02-03
limitle333,2025-02-03
Casablanca_Cabanana,2025-02-03
BoredOfNursing,2025-02-03
ITechGeek,2025-02-03
Turbulent-Purple-585,2025-02-03
SchrodingerFermi,2025-02-03
gallopinto_y_hallah,2025-02-03
RandomTasking,2025-02-03
Kronos7,2025-02-03
mcxrazorwater,2025-02-03
Pokeponpon,2025-02-03
Itchy_Business1285,2025-02-03
Livid-Narwhal-41865,2025-02-03
Adorable-Culture-365,2025-02-03
CarryImmediate7498,2025-02-03
SquirrelsWorld,2025-02-03
throw_away_dispose,2025-02-03
Ok-Definition-2362,2025-02-03
Seneca750,2025-02-03
Notice_Afraid,2025-02-03
DavidPuddy666,2025-02-03
No-Shape-8225,2025-02-03
Loud-Chemistry-4596,2025-02-03
Feisty_Marzipan_8730,2025-02-03
rampstop,2025-02-03
ImWithTheGnomes,2025-02-03
Queasy-Show6246,2025-02-03
FreshDougy,2025-02-03
WillingSun4070,2025-02-03
Euphoric-Seesaw,2025-02-03
Random_Internet_USA,2025-02-03
yipyip888,2025-02-03
Pretty_Dance2452,2025-02-03
Solid-Progress-8867,2025-02-03
Specialist-Peach-706,2025-02-03
Acceptable-Elk9156,2025-02-03
Maverick360-247,2025-02-03
Djsinestro_techno,2025-02-03
Whyam1sti11Here,2025-02-03
TourBackground1249,2025-02-03
MrMorale25,2025-02-03
Tricky-Seat4844,2025-02-03
Lordly-Mango,2025-02-03
Margareydragonslayer,2025-02-03
Dugoutcanoe1945,2025-02-03
urbanizedmike,2025-02-03
treehiker,2025-02-03
dazedandconfused_9,2025-02-03
Ok-Judge388,2025-02-03
True_Review,2025-02-03
Dogtimeletsgooo,2025-02-03
AssumptionLive2246,2025-02-03
Kr45986,2025-02-03
bubbletang,2025-02-03
justaguy2824,2025-02-03
sher80bear,2025-02-03
murmeltier140,2025-02-03
Several-Tea-994,2025-02-03
plz_b_taken,2025-02-03
CheshireCatGrin111,2025-02-03
EmilyAndFlowers,2025-02-03
got-a-dog,2025-02-03
grabengoblin,2025-02-03
Designer_Republic_55,2025-02-03
Hatsuharu555,2025-02-03
anonPSC1,2025-02-03
gratefuljennaroo,2025-02-03
Fragrant-Platypus456,2025-02-03
Impressive_Row_3516,2025-02-03
TrailBlazer652,2025-02-03
mustytomato,2025-02-03
Birthday_Personal,2025-02-03
Independent_Set_6359,2025-02-03
BBTB2,2025-02-03
Chinaroos,2025-02-03
Objective-Dig-5940,2025-02-03
Professional_Video30,2025-02-03
birkenstockandsocks,2025-02-03
Hoopskii,2025-02-03
Codewolke,2025-02-03
paolakoala,2025-02-03
CryptoCentric,2025-02-03
Wainains,2025-02-03
dr_buttcheeekz,2025-02-03
Battle-scarredShogun,2025-02-03
InfluenceNorth2801,2025-02-03
Intelligent_Ad_6812,2025-02-03
ls4ka,2025-02-03
natansonh,2025-02-03
Tiny-Flight3515,2025-02-03
devenz,2025-02-03
mikan28,2025-02-03
mkayqa,2025-02-03
Melody11122,2025-02-03
ThinkingPharm,2025-02-03
Holicemasin,2025-02-03
escodaddy,2025-02-03
fire_n_the_hole,2025-02-03
DebitMonkey,2025-02-03
kovalkyrie,2025-02-03
Apprehensive_Gur9165,2025-02-03
JustMeAndMyKnickas,2025-02-03
Salty_Taste9826,2025-02-03
Quirky_Box_5453,2025-02-03
mirrorcatchingrat,2025-02-03
SargentBeagle,2025-02-03
Maleficent_Durian564,2025-02-03
Elfthis,2025-02-03
UnluckyWriting,2025-02-03
Southern-Stable-5089,2025-02-03
MinuteMaidMarian,2025-02-03
snakecharmersensei,2025-02-03
howdybananaa,2025-02-03
banjomousebee,2025-02-03
Fragrant-Poetry-5026,2025-02-03
Jamikell,2025-02-03
Lolapmilano,2025-02-03
Due-Negotiation-6295,2025-02-03
pixietime1,2025-02-03
narrowerstairs,2025-02-03
mjbays,2025-02-03
Direwolf-Laffy,2025-02-03
HollowLane21,2025-02-03
muchcat1742,2025-02-03
ITryFixIt,2025-02-03
Ancient-Republic2194,2025-02-03
NotTodayElonNotToday,2025-02-03
avocadosushi1,2025-02-03
bigozo54,2025-02-03
Useful-Hawk-206,2025-02-03
wittyish,2025-02-03
Obiter___Dictum,2025-02-03
YNAB_736351,2025-02-03
DevinGraysonShirk,2025-02-03
wineandheels,2025-02-03
orangeredFTW,2025-02-03
FlashGordon1590,2025-02-03
seal_82_00,2025-02-03
ragamoofin,2025-02-03
FitSeaworthiness5234,2025-02-03
amandadopp,2025-02-03
Bardas_Phocas,2025-02-03
First_Water_7956,2025-02-03
EnvironmentalWin2826,2025-02-03
MasonRy83,2025-02-03
PomegranateWild9958,2025-02-03
Different-Amoeba6192,2025-02-03
CityAlert2594,2025-02-03
DecimaTechnology,2025-02-03
aak27,2025-02-03
Professional_Pear482,2025-02-03
A_Man_Duh_Scalyboi,2025-02-03
RedditIsAGranfaloon,2025-02-03
Klikin,2025-02-03
GuapoBanana,2025-02-03
Both_Wasabi_3606,2025-02-03
wickedestmoth,2025-02-03
snakeyjoe,2025-02-03
LogEducational3351,2025-02-03
memoriesedge93,2025-02-03
Intelligent_Will3940,2025-02-03
Upbeat_Respect_3621,2025-02-03
willsmithisnotblack,2025-02-03
bawdymommy,2025-02-03
achambers44,2025-02-03
sweet3pea1588,2025-02-03
taylor914,2025-02-03
turtlewhale42,2025-02-03
Comfortable-Bad7704,2025-02-03
Actual-Marionberry16,2025-02-03
breads33,2025-02-03
bertiesakura,2025-02-03
No_usernames_left_25,2025-02-03
Financial-Special766,2025-02-03
MrMeowMeow420469,2025-02-03
Enough_Shine_9641,2025-02-03
Jo_jo_from_cocomo,2025-02-03
Golrend,2025-02-03
arguewithatree,2025-02-03
TerrakSteeltalon,2025-02-03
KnowYourOnion_,2025-02-03
Unusual-Experience61,2025-02-03
hurricanesherri,2025-02-03
flinty_hippie,2025-02-03
dewberry_photography,2025-02-03
1mheretofuckshitup,2025-02-03
MustelaNivalus,2025-02-03
nun-yah,2025-02-03
Calveeeno,2025-02-03
awesomedan24,2025-02-03
Griz6969,2025-02-03
Salt-Art4843,2025-02-03
zedextol,2025-02-03
IndependentSpirit677,2025-02-03
papagena02,2025-02-03
parkeeforlife,2025-02-03
Visual_Bluejay_7325,2025-02-03
D-DuncanWittyboat,2025-02-03
highlydisqualified,2025-02-03
Last-Something3459,2025-02-03
Perfect-Ferret-7773,2025-02-03
throway13025,2025-02-03
Uscjusto,2025-02-03
tree_on_fire2,2025-02-03
Thistle555,2025-02-03
grandpapyfoughtnazis,2025-02-03
Sad-Goose-3794,2025-02-03
heyitsmo47,2025-02-03
skeletonlady,2025-02-03
styela289,2025-02-03
AstronautNew529,2025-02-03
Character-Giraffe465,2025-02-03
mystrangebones,2025-02-03
Aromatic-Bear1689,2025-02-03
Gullible-Citron5714,2025-02-03
RustyBrassInstrument,2025-02-03
Maximum-Midnight-165,2025-02-03
Raisedturnip,2025-02-03
Marhooba96,2025-02-03
dogs0z,2025-02-03
bretlc,2025-02-03
TheAnti-BunkParty,2025-02-03
Less-Chair1552,2025-02-03
bleepitybleep2,2025-02-03
Potential_Nothing700,2025-02-03
AnitaLaffe,2025-02-03
Useful_Shoe5591,2025-02-03
Shaneaky,2025-02-03
PuzzleheadedFloor933,2025-02-03
Grab-Mother,2025-02-03
Hungry_Discipline_27,2025-02-03
ErosRaptor,2025-02-03
deepcoralreefer,2025-02-03
Relative_Ferret_6695,2025-02-03
SealSunbeams,2025-02-03
Life_Bison_7106,2025-02-03
Original-Marketing56,2025-02-03
lko310,2025-02-03
smolmaterialist,2025-02-03
Max6626,2025-02-03
TheMonstersOnMapleSt,2025-02-03
Trashbag_of_Destiny,2025-02-03
DrRedBench,2025-02-03
Worldly_Nerve_6014,2025-02-03
A_Deadly_Mind,2025-02-03
unfeatheredbird,2025-02-03
Starrrgazer197,2025-02-03
wsnqe2,2025-02-03
macman07,2025-02-03
Old_Suggestion_8616,2025-02-03
Silent_Radish_3841,2025-02-03
Bromari,2025-02-03
rdavocado,2025-02-03
goddesslal75,2025-02-03
CoryEagles,2025-02-03
RangeWalker,2025-02-03
StrikingPatience9381,2025-02-03
QuirkySound412,2025-02-03
TechnicianTop119,2025-02-03
Shot_Introduction432,2025-02-03
SEOUL-NOLA-BMORE-DC,2025-02-03
Naive-Pollution106,2025-02-03
librocubicuralist,2025-02-03
lspostal,2025-02-03
Sinfullysweet90,2025-02-03
WitchyTh0ts,2025-02-03
SecondAccountYes,2025-02-03
Malarky1993,2025-02-03
Microtitan,2025-02-03
ShinySquirrel4,2025-02-03
SonOfaSonOfaSail-r,2025-02-03
Responsible-Ad-4256,2025-02-03
AryehCW,2025-02-03
Daddy_Macron,2025-02-03
Fragrant_cheese,2025-02-03
ihatetrump-,2025-02-03
Butterbackfisch,2025-02-03
throw-away-fed,2025-02-03
Byttercup,2025-02-03
squaralyn,2025-02-03
MrSolidarity,2025-02-03
2TonCommon,2025-02-03
InternationalBus318,2025-02-03
Mudrad,2025-02-03
MarcLepidus,2025-02-03
LunarPayload,2025-02-03
Strange_Employer_583,2025-02-03
snowballsrevenge,2025-02-03
drowsydoe,2025-02-03
Trick-Potato-3688,2025-02-03
FedRCivP11,2025-02-03
Cross-Border-Advice,2025-02-03
Brief_Pass_2762,2025-02-03
General-Decision4013,2025-02-03
Own-Professional3887,2025-02-03
Eodbatman,2025-02-03
7_62mm_FMJ,2025-02-03
StopNickyValls,2025-02-03
borntorun61,2025-02-03
kusg_baba,2025-02-03
Upsetty_spagehtti,2025-02-03
blacksrule,2025-02-03
loverofallthingsself,2025-02-03
Sodak_Tiger_Fan,2025-02-03
Rockandahardplace69,2025-02-03
Own_Acanthaceae_8648,2025-02-03
pnwreporter,2025-02-03
Ok-Mess-4059,2025-02-03
LumpyRocketHead,2025-02-03
ApplicationSquare766,2025-02-03
Neither_Bobcat_8971,2025-02-03
Dependent_Aerie_9190,2025-02-03
Numerous_Highway_442,2025-02-03
rangerdangergal,2025-02-03
Pragmati_Estimat9288,2025-02-03
Mr_Pink___,2025-02-03
Colforbin1986,2025-02-03
milkgoddaidan,2025-02-03
No-Office7081,2025-02-03
wumbobulator5000,2025-02-03
Xzds,2025-02-03
Mackiewolf,2025-02-03
HostSweet1056,2025-02-03
Soft-Faithlessness84,2025-02-03
Yvertical,2025-02-03
qishibe,2025-02-03
LegitimateDrawer6065,2025-02-03
YourInsidesAreUgly,2025-02-03
grumplestiltkins,2025-02-03
shellysayswhat,2025-02-03
Better-Food-5298,2025-02-03
Content-Avocado-3987,2025-02-03
WhiteManBlackFace,2025-02-03
Ok_Appeal273,2025-02-03
No-Cheesecake5050,2025-02-03
OkBonus4255,2025-02-03
abcanderon,2025-02-03
greenkc-,2025-02-03
eyeisyomomma,2025-02-03
vivahuntsvegas,2025-02-03
RakrSirk,2025-02-03
RemarkableRaven,2025-02-03
Vegetable_Rub1470,2025-02-03
janetmps,2025-02-03
Wepo_,2025-02-03
Tinker_Grace78,2025-02-03
StayThirstyMyFriend1,2025-02-03
Suspicious-Dog851,2025-02-03
MissyDyn,2025-02-03
missflaming,2025-02-03
rftx5,2025-02-03
Unhappy_Traffic3562,2025-02-03
solarsetie,2025-02-03
Johnny_Rockers,2025-02-03
BoaterGirlKim,2025-02-03
pomona42,2025-02-03
Altruistic-Key258,2025-02-03
lolnopebye42,2025-02-03
Never2Leite,2025-02-03
kounfouda,2025-02-03
Samanth_Says_ASMR,2025-02-03
WayWise5445,2025-02-03
International_Elk854,2025-02-03
claimTheVictory,2025-02-03
Creacao82,2025-02-03
ecowriter2000,2025-02-03
FedDad1,2025-02-03
TexasPrincessA,2025-02-03
Admirable_Smell_5317,2025-02-03
jmida23,2025-02-03
msdawesome,2025-02-03
bigtoe_connoisseur,2025-02-03
SleepyGary21,2025-02-03
Ill-Breakfast2974,2025-02-03
TheHermeticLibrarian,2025-02-03
fezzik02,2025-02-03
crzy_plant_lady_,2025-02-03
YeLogan,2025-02-03
bitcht0ast,2025-02-03
AbaloneObjective2870,2025-02-03
rivzy606,2025-02-03
Own-Cryptographer499,2025-02-03
Weird_Background_955,2025-02-03
avg_grl,2025-02-03
Dry-Blueberry-1619,2025-02-03
fatmama14,2025-02-03
Vessuvius,2025-02-03
Beautiful_Leader_856,2025-02-03
OriginalPast7355,2025-02-03
LeaningLeft83,2025-02-03
Outta_Spoons,2025-02-03
Rise-and-Resist,2025-02-03
Massive_Network9994,2025-02-03
EducationalSimple817,2025-02-03
Lovelyesque1,2025-02-03
Zestyclose_Goal_9907,2025-02-03
blackds332,2025-02-03
Informal_Natural8128,2025-02-03
wasted-p0tential,2025-02-03
plainview22,2025-02-03
DR-X112,2025-02-03
stuckinPA,2025-02-03
NIHscientist,2025-02-03
Practical-Debate3032,2025-02-03
AngryWolfGSD,2025-02-03
Ashamed-Conference28,2025-02-03
__alpenglow,2025-02-03
savageiris,2025-02-03
Trees-and-stuff,2025-02-03
Quirky-Ad7585,2025-02-03
ZoomieZoomies,2025-02-03
DeepStateDan,2025-02-03
FieryVagina2200,2025-02-03
CrystalFirst91,2025-02-03
remck1234,2025-02-03
LivingDelicious1736,2025-02-03
iggly_wiggly,2025-02-03
Elevator_Situation,2025-02-03
Due_Analysis667,2025-02-03
Different_System1204,2025-02-03
BonelessPizza117,2025-02-03
Hexagram_11,2025-02-03
Natural-Young4730,2025-02-03
drbeulah,2025-02-03
Dharma_witch,2025-02-03
TanglewoodIsland,2025-02-03
sendmeyourgundams,2025-02-03
Brooklyn11230,2025-02-03
SlicePrestigious8684,2025-02-03
jbellowhite,2025-02-03
signalscope,2025-02-03
Ranbix,2025-02-03
ricincali,2025-02-03
Far-Letterhead1407,2025-02-03
Defiant-Earth8103,2025-02-03
Regime-change-now,2025-02-03
Toddler_Fight_Club,2025-02-03
KnightofCalvary,2025-02-03
Madmancity,2025-02-03
topothesia773,2025-02-03
AffectionateFact556,2025-02-03
GeneReddit123,2025-02-03
ArlingtonTrees,2025-02-03
AdministrativeArm114,2025-02-03
Popular_Smoke_4003,2025-02-03
Super-Big-1086,2025-02-04
Quick-Cod7091,2025-02-04
Overthetrees8,2025-02-04
Whole_Jeweler_2805,2025-02-04
boldstyle1,2025-02-04
marcusesses,2025-02-04
Bright-Credit6466,2025-02-04
Suspicious_Parsnip7,2025-02-04
OtterSupport,2025-02-04
JoeBidenShowerTime,2025-02-04
LeeKottner,2025-02-04
Altruistic_Screen574,2025-02-04
Apprehensive-Bit3934,2025-02-04
piddog01,2025-02-04
wisco8192,2025-02-04
makefriendswithcrows,2025-02-04
Possible_Credit_2639,2025-02-04
One-Football-1089,2025-02-04
Anxious_Disaster_317,2025-02-04
Wonderful_Log_3210,2025-02-04
asocialmedium,2025-02-04
shield-of-solidarity,2025-02-04
Well_Socialized,2025-02-04
Sphaleritee,2025-02-04
Agrilus_planipennis,2025-02-04
conturbation,2025-02-04
Silly_Season_9584,2025-02-04
andrewhobgood,2025-02-04
BroskieThunderCunt,2025-02-04
meridias-beacon,2025-02-04
Pea_Casserole22,2025-02-04
VorpalValedictus,2025-02-04
ndc4233,2025-02-04
natricsalid,2025-02-04
FeyreDarling0915,2025-02-04
No_Week_8937,2025-02-04
yosemitewaterfalls,2025-02-04
letoiledenord,2025-02-04
Due_Catch231,2025-02-04
Agrippa_The_Green,2025-02-04
cardionebula,2025-02-04
The-gaggle,2025-02-04
OwnManufacturer9789,2025-02-04
groovychick,2025-02-04
Ok-Independence-4796,2025-02-04
North_House1437,2025-02-04
EstablishmentLow3818,2025-02-04
stayjay31,2025-02-04
TraditionalPickle397,2025-02-04
rentemspoons88,2025-02-04
narrischkeit,2025-02-04
Zosynagis,2025-02-04
Kindly_Shoulder2864,2025-02-04
Euphoric_Bid3101,2025-02-04
ThatManBrou,2025-02-04
Opposite-Quarter-863,2025-02-04
petricholy,2025-02-04
Kooky_Estimate9627,2025-02-04
Historical-Tart1792,2025-02-04
fednews_ta,2025-02-04
Savings-Geologist665,2025-02-04
FueledByDutyAndSpite,2025-02-04
1Rab,2025-02-04
Emotional-Change-722,2025-02-04
snoopdoopity,2025-02-04
rcmaehl,2025-02-04
I__AmLegend,2025-02-04
Wild_Proof6671,2025-02-04
Baddaburn,2025-02-04
Travel-Kitty,2025-02-04
FriendlyBaker6062,2025-02-04
karmageddon71,2025-02-04
danny_gil,2025-02-04
Rooster_Ties,2025-02-04
Equivalent-Mind-2,2025-02-04
mentorsolitaire,2025-02-04
OwnLime3744,2025-02-04
HistoryHasEyesOnYou,2025-02-04
DJRedd352,2025-02-04
Ok-Record7153,2025-02-04
clemitorclover,2025-02-04
Dare147,2025-02-04
Tough_Salamander_778,2025-02-04
Traditional-Chicken3,2025-02-04
ViejoEnojado,2025-02-04
StayCourse4024,2025-02-04
overachievaholic,2025-02-04
desert_hearts,2025-02-04
Fern-green7,2025-02-04
Best_Luck5154,2025-02-04
jessie-000,2025-02-04
curious_one24,2025-02-04
DiligentAdvantage475,2025-02-04
Hopeful_Bathroom260,2025-02-04
TotinosPizzaBoyz,2025-02-04
The_root_system,2025-02-04
greasemonkeycoot,2025-02-04
Refnen,2025-02-04
lergx574,2025-02-04
Hopeful_Pear_4707,2025-02-04
kate915,2025-02-04
IraProctors,2025-02-04
Any-Abbreviations450,2025-02-04
PowerReports,2025-02-04
aj4ever,2025-02-04
Panda9903,2025-02-04
Slight-Ad-2497,2025-02-04
Still_Classic3552,2025-02-04
Fartchivist,2025-02-04
Awkward_Mechanic_289,2025-02-04
esetonline,2025-02-04
DawgDad808,2025-02-04
Useful_Emergency_713,2025-02-04
TheLiberalMissionary,2025-02-04
BamBamBaRoo99,2025-02-04
Less-Act-6877,2025-02-04
Verumdico2025,2025-02-04
redoctobershtanding,2025-02-04
PinkWaterBottle95,2025-02-04
Defiant_Garlic_5723,2025-02-04
ronm4c,2025-02-04
OutrageousBrick4386,2025-02-04
budderboat,2025-02-04
Conscious_Exchange82,2025-02-04
Temporary_Court5789,2025-02-04
ItsTexasRex,2025-02-04
Jealous_Plant_937,2025-02-04
Throwaway817294114,2025-02-04
Environmental-Set903,2025-02-04
Be-Courageous2025,2025-02-04
Wegwerf540,2025-02-04
FlyE32,2025-02-04
JustaFed2025,2025-02-04
Fragrant_Stock_9851,2025-02-04
baylee1234,2025-02-04
robnhood6_arizona,2025-02-04
caststoneglasshome,2025-02-04
Actual_Somewhere_115,2025-02-04
ToeOutrageous9384,2025-02-04
YnotThrowAway7,2025-02-04
LuhnForm,2025-02-04
itsmytime_2025,2025-02-04
throwawayforme123,2025-02-04
therowawayx22,2025-02-04
am_az_on,2025-02-04
ShenanigansYo,2025-02-04
SeriousCity,2025-02-04
Barbabe508,2025-02-04
Kitchen-Hearing-6860,2025-02-04
AcidTrucks,2025-02-04
Eastern_Newt356,2025-02-04
Glum-Effective-9690,2025-02-04
OceanvilleRoad,2025-02-04
Altruistic_Wall_6047,2025-02-04
Renegade-Rabbit,2025-02-04
Ok-Depth-6216,2025-02-04
everything-matterz,2025-02-04
Schwaby49,2025-02-04
Positivity312,2025-02-04
Unusual-Carry-3093,2025-02-04
Kitchen_Progress_202,2025-02-04
box-jellyfish,2025-02-04
myrrhh,2025-02-04
KeyChemistry559,2025-02-04
PrincessTreetop,2025-02-04
AngkaLoeu,2025-02-04
asdtyyhfh,2025-02-04
Far-Jello8673,2025-02-04
Alternative-Bat-5334,2025-02-04
nmrsnr,2025-02-04
Ok-Fishermanmcbass,2025-02-04
OLDSMELLYPIE,2025-02-04
Apprehensive-Bag3824,2025-02-04
fupos,2025-02-04
glittervector,2025-02-04
Nerxy1219,2025-02-04
NoIdeaHuh,2025-02-04
Secret_Web_7339,2025-02-04
goodgirlathena,2025-02-04
alxvdark,2025-02-04
Potential-Cash-6426,2025-02-04
SnooDonuts2269,2025-02-04
Carlframe,2025-02-04
Money_Concentrate_96,2025-02-04
molson87,2025-02-04
SnailLoaf,2025-02-04
AdTight140,2025-02-04
life_with_elocin,2025-02-04
Necessary_Lab_4114,2025-02-04
Miss_Anon-E-Mouse,2025-02-04
stuckonmyteef,2025-02-04
navyseal722,2025-02-04
Warrior-of-Acro,2025-02-04
TimeIsPower,2025-02-04
MikesHairyMug99,2025-02-04
Educational_Lime_678,2025-02-04
Significant_Task_961,2025-02-04
Ok-Acanthaceae-1245,2025-02-04
Antique_bookie18,2025-02-04
ilikeporkfatallover,2025-02-04
Kooky-Lawfulness8817,2025-02-04
mnazzaeo,2025-02-04
North_Wear_5883,2025-02-04
Swoozywoo,2025-02-04
semafornews,2025-02-04
Ollie_The_Magic_Bum,2025-02-04
keyjan,2025-02-04
AdAmazing3743,2025-02-04
itchy-nittens,2025-02-04
ohnooooo12345,2025-02-04
kamandamd128,2025-02-04
cupofcawfee,2025-02-04
Complete-Data-7565,2025-02-04
AnyAssumption4707,2025-02-04
NegotiationBig2477,2025-02-04
General_Organa808,2025-02-04
BluegrassBay,2025-02-04
Adventurous_Egg3869,2025-02-04
Truyth,2025-02-04
dojasnumberone,2025-02-04
legitimate_dragon,2025-02-04
BadAny3961,2025-02-04
Awk_archy92,2025-02-04
felis__cactus,2025-02-04
Ambitious-One4731,2025-02-04
Throwaway_sadcadet,2025-02-04
Hardworkerhere,2025-02-04
seastar83,2025-02-04
tejeramaxwell,2025-02-04
KindLion100,2025-02-04
Own-Pineapple-1071,2025-02-04
AThrowawayFed,2025-02-04
ctowndrummer,2025-02-04
tossaway78701,2025-02-04
piepei,2025-02-04
MiserableStudio5817,2025-02-04
Narrow_Associate654,2025-02-04
almosthuman04,2025-02-04
PotentialFox5168,2025-02-04
Stumpido,2025-02-04
giornolista,2025-02-04
twoshirts,2025-02-04
WestChapter2778,2025-02-04
starbucksfan2245235,2025-02-04
Admirable-Matter3956,2025-02-04
Thick-Connection-693,2025-02-04
lookingforanangryfix,2025-02-04
Nick2play,2025-02-04
MaxSigmaU,2025-02-04
demandavoidant84,2025-02-04
spiritualmonkey006,2025-02-04
DynamicPressure,2025-02-04
jimadams317,2025-02-04
Long-Albatross-7313,2025-02-04
alctexas,2025-02-04
Zzydeko,2025-02-04
Atactos,2025-02-04
QuillAndComet,2025-02-04
hypno_jam,2025-02-04
Gold_Contract8637,2025-02-04
Long-Marzipan-8659,2025-02-04
LynnxH,2025-02-04
rafaga_chau,2025-02-04
mail-bird,2025-02-04
OminousThey,2025-02-04
PerfectPlay8543,2025-02-04
Twosaparty,2025-02-04
Academic_Big2396,2025-02-04
Practical-Pause-8811,2025-02-04
saltcrown,2025-02-04
Fluffy-Iron-8559,2025-02-04
Sunrisa-birdchirp,2025-02-04
Curtdjs15,2025-02-04
OutLawStar65X,2025-02-04
Eluebehusen,2025-02-04
Shehan_Legal,2025-02-04
Garyarmy1,2025-02-04
Relevant_Bus3656,2025-02-04
BookkeeperLost9355,2025-02-04
cloverrace,2025-02-04
Anxious_Roll_6738,2025-02-04
ClaytonBigsby1984BWS,2025-02-04
plant103,2025-02-04
JKS808,2025-02-04
MiserableUnion8755,2025-02-04
---RAFAEL---,2025-02-04
Ok_Locksmith_1683,2025-02-04
Capable_Staff7646,2025-02-04
Forsaken_Pop_4845,2025-02-04
Rotidder007,2025-02-04
Agreeable-Fault-4518,2025-02-04
paperbeatsrock27,2025-02-04
Indiana-Irishman,2025-02-04
Diligent-Ad7271,2025-02-04
BeautifulAverage9139,2025-02-04
iquitthebad,2025-02-04
OldVagrantGypsy,2025-02-04
Far_Palpitation_8932,2025-02-04
WhereAreYouFromSam,2025-02-04
Lonely_Marsupial_994,2025-02-04
innerpeace-n,2025-02-04
usererroneous,2025-02-04
Girl_with_tools,2025-02-04
Maximum-Bee-9386,2025-02-04
32WithKidsAndDating,2025-02-04
___coolcoolcool,2025-02-04
chris_with_1a,2025-02-04
FLDad82,2025-02-04
Mobile_Ad_9808,2025-02-04
ldi1,2025-02-04
Sweet-Visual3108,2025-02-04
AtMidnight11,2025-02-04
_patsofatso_,2025-02-04
kvee13,2025-02-04
Scylla_Complex,2025-02-04
JTMadeThis,2025-02-04
_Username_goes_heree,2025-02-04
Coldatahd,2025-02-04
nbcnews,2025-02-04
Snowflake-L,2025-02-04
lli2,2025-02-04
Important-Source-593,2025-02-04
wilcofan1963,2025-02-04
Business-Cookie-1954,2025-02-04
RayJByTheBay,2025-02-04
Ridin-Hi,2025-02-04
im_rickyspanish,2025-02-04
Fliplife123,2025-02-04
roadrunner_38,2025-02-04
CarefulPut3981,2025-02-04
curcurbitae,2025-02-04
throwthemAllAway2021,2025-02-04
MolassesRelevant084,2025-02-04
Relevant_Mine_392,2025-02-04
03gade,2025-02-04
cjMe4,2025-02-04
NeedleworkerSalt897,2025-02-04
Delicious-Data5143,2025-02-04
Logical_Deviation,2025-02-04
Crazy-Pen-2698,2025-02-04
Mediocre_Dog_6369,2025-02-04
Zealousideal_Newt304,2025-02-04
No_Wedding3164,2025-02-04
NeithanUnderhill,2025-02-04
eye15lanesplitter,2025-02-04
grandiose_dexterity,2025-02-04
Majestic-Gas-4309,2025-02-04
Top-Horse2204,2025-02-04
Vegetable_Aside_2014,2025-02-04
hi_im_eros,2025-02-04
Sleepingpanda2319,2025-02-04
MoxieTrade_1218,2025-02-04
Spikely92127,2025-02-04
DC_Proud2,2025-02-04
Administrative-Gur18,2025-02-04
Agile_Role_3261,2025-02-04
No_Concentrate_9405,2025-02-05
Curious_Cow9554,2025-02-05
No-Translator9234,2025-02-05
Strong-Variation5181,2025-02-05
cheesyowl11,2025-02-05
Helly-R,2025-02-05
According-Vehicle-85,2025-02-05
WafflesAndBananas,2025-02-05
OldAbility6761,2025-02-05
New_Pause_8471,2025-02-05
smills1149,2025-02-05
Admirable-Ebb-5413,2025-02-05
AbbreviationsDue7794,2025-02-05
NoLoad1802,2025-02-05
snuffleblark,2025-02-05
madam_rosmerta,2025-02-05
AnotherStinkingIdiot,2025-02-05
BeeSouthern9897,2025-02-05
Oceania-84,2025-02-05
StatisticianHour9962,2025-02-05
Financial_Quality_35,2025-02-05
JJSpuddy,2025-02-05
Suspicious_Hat989,2025-02-05
AssistantUpstairs465,2025-02-05
michaelscat15,2025-02-05
Adorable-Roll-1837,2025-02-05
InterestingLeg93,2025-02-05
michaelkim1999,2025-02-05
bellycoconut,2025-02-05
Apart-Arachnid1004,2025-02-05
Belgriest,2025-02-05
freedomisnotachoice,2025-02-05
Iron_Phallus69,2025-02-05
Friendly_Bear5357,2025-02-05
freedomistheonlywayy,2025-02-05
dotkodi,2025-02-05
Main-Okra-1797,2025-02-05
ExplanationClassic55,2025-02-05
SadTry2262,2025-02-05
Altruistic_Door5907,2025-02-05
beatrootbird,2025-02-05
Meerkat_Mayhem_,2025-02-05
adle1984,2025-02-05
TMT555,2025-02-05
strikeaholic1,2025-02-05
So_larius,2025-02-05
xhoi,2025-02-05
Greenplayee,2025-02-05
emrules2001,2025-02-05
Known-Bet9051,2025-02-05
Airplanes213,2025-02-05
Impossible_Prize_221,2025-02-05
Kittycakeeater,2025-02-05
corteflores,2025-02-05
Matra,2025-02-05
Bulky-Bell-8021,2025-02-05
Technical-Storage-12,2025-02-05
MediumCup7259,2025-02-05
Icabod14,2025-02-05
cinereo_1,2025-02-05
keepingexcellent129,2025-02-05
JustTheWriter,2025-02-05
ThisQuietLife,2025-02-05
Kind_Solution7473,2025-02-05
value_bets,2025-02-05
Rickroush03,2025-02-05
GoldImagination4345,2025-02-05
Mobile-Kale-1590,2025-02-05
UnluckyAd4580,2025-02-05
Accurate-Inflation3,2025-02-05
Small_Pleasures,2025-02-05
StargazerCeleste,2025-02-05
Apart_Ad_8440,2025-02-05
dorsey8249,2025-02-05
Intrepid-Push-7494,2025-02-05
EggplantsForJesus,2025-02-05
Waltenwalt,2025-02-05
Deputy_doodoo,2025-02-05
poopnie1968,2025-02-05
BeeDeeBrz,2025-02-05
dd14051,2025-02-05
Counselor-Ug-Lee,2025-02-05
ProfessionalRoll7373,2025-02-05
Enphyniti,2025-02-05
bogusnot,2025-02-05
Apprehensive-Gold829,2025-02-05
Mindless_Access_7359,2025-02-05
Unhinged_Faulkner,2025-02-05
Strict-Progress-7440,2025-02-05
indenturedlemon,2025-02-05
Brew_Wallace,2025-02-05
normalskunk,2025-02-05
Asahi_Hero,2025-02-05
zenniferlynn,2025-02-05
AlphaBetaPotatah,2025-02-05
SciFiPi,2025-02-05
Puzzleheaded-Bug-128,2025-02-05
SFGal28,2025-02-05
Remarkable-Cat-3482,2025-02-05
One_Gur_3203,2025-02-05
giantyetifeet,2025-02-05
satERopl,2025-02-05
Majestic_Search_7851,2025-02-05
laborhistory4life,2025-02-05
EdouarddeLaboulaye,2025-02-05
Expensive_Shake_2627,2025-02-05
Quick_Revolution9713,2025-02-05
ScreamingCuy,2025-02-05
PleasantSurprise3700,2025-02-05
Illustrious-Hawk-136,2025-02-05
killarydrumpf,2025-02-05
throwaway041985,2025-02-05
grendev,2025-02-05
Key-Butterfly-9071,2025-02-05
Fantastic-Limit-4102,2025-02-05
TallglassOwater2,2025-02-05
funkymunkPDX,2025-02-05
Simple-Wrangler-8342,2025-02-05
UnicornDeathwish,2025-02-05
SciencePhileSmith,2025-02-05
Disastrous_Dare5807,2025-02-05
Washington-Navy-Yard,2025-02-05
Any_Study3967,2025-02-05
MelodicGovernment646,2025-02-05
FltLnRid3,2025-02-05
Muad_Dib_Spicy,2025-02-05
ceffmoney,2025-02-05
Unlucky-Mongoose-160,2025-02-05
Ambitious_Public6848,2025-02-05
adjudicateu,2025-02-05
Majestic_Ad8448,2025-02-05
DesperateSun573,2025-02-05
Orion1248,2025-02-05
JeffSimpson69,2025-02-05
392v8,2025-02-05
ataraxisquiescent,2025-02-05
lizzius,2025-02-05
Legitimate-Image-246,2025-02-05
Impressive_Sense_149,2025-02-05
National-Amount-5831,2025-02-05
CommonStrawbeary,2025-02-05
fairjournalism101,2025-02-05
DonQban,2025-02-05
FeistyMap7957,2025-02-05
ElectronicDrama5059,2025-02-05
Upset_Programmer6508,2025-02-05
AdUnlikely1915,2025-02-05
ProbablyNotStaying99,2025-02-05
sherimariewut,2025-02-05
12togo1904,2025-02-05
Inevitable_Sky_2023,2025-02-05
drjjoyner,2025-02-05
cultivatingmass,2025-02-05
Diligent_System_9074,2025-02-05
Acrobatic-Manner1621,2025-02-05
Bobcats-n-Buckeyes,2025-02-05
CourtRat123,2025-02-05
Alert-Importance-156,2025-02-05
ImpossibleLeg7721,2025-02-05
Semerella,2025-02-05
Keizersoze71,2025-02-05
WesternElk6005,2025-02-05
Both_Will_7861,2025-02-05
uni_313,2025-02-05
SlyFrauline,2025-02-05
YesSheWood,2025-02-05
Many-Builder-2805,2025-02-05
Dizzy-Sport-7051,2025-02-05
Leebeartay,2025-02-05
Musks-Red-Rocket,2025-02-05
Kain1992,2025-02-05
Reichsmarschall_Musk,2025-02-05
Bliziekdl,2025-02-05
sheherhehimtheythem,2025-02-05
azcrazy1,2025-02-05
Better_Vehicle7688,2025-02-05
whacking0756,2025-02-05
flyoverstat,2025-02-05
AdDowntown5601,2025-02-05
Routine-Republic-145,2025-02-05
NoirValley,2025-02-05
Ok-Blackberry2840,2025-02-05
Dangerous-Drink-362,2025-02-05
Res-Ipsa-Loquiter,2025-02-05
Outside_Meringue_474,2025-02-05
usatoday,2025-02-05
idkthrowaway166,2025-02-05
Former-Storage-5847,2025-02-05
throwaway84747382882,2025-02-05
Big-Environment-615,2025-02-05
Unique_Let_2880,2025-02-05
Funky_Lynx_27,2025-02-05
elgrillito,2025-02-05
goombah33,2025-02-05
republicratnation,2025-02-05
ScoobyCute,2025-02-05
Extension-Juice-2417,2025-02-05
SquawkBoxAnalyst,2025-02-05
whereisthebravo,2025-02-05
LionsCourage101,2025-02-05
Comprehensive-Ad4501,2025-02-05
Pchopz88,2025-02-05
Much_Scarcity7883,2025-02-05
Antietam_,2025-02-05
Fit-Arm2028,2025-02-05
Useful-Wishbone6518,2025-02-05
Last_Pear_8449,2025-02-05
scewing,2025-02-05
Pleasant-Run-1568,2025-02-05
acornattending,2025-02-05
ArtichokeDull3411,2025-02-05
decapitatedmoose69,2025-02-05
Slow-Platypus1148,2025-02-05
squeakzilla,2025-02-05
LeftTelephone9149,2025-02-05
Kunphen,2025-02-05
Cautious_Pear9253,2025-02-05
Recess__,2025-02-05
DazzlingSapphire918,2025-02-05
VTCalling619,2025-02-05
Animalada,2025-02-05
Zealousideal_Olive63,2025-02-05
NatlSecCnslrs,2025-02-05
minianemone,2025-02-05
chiefinhalos,2025-02-05
Zestyclose_Equal_570,2025-02-05
lost_your_fill,2025-02-05
Next_Tradition_2576,2025-02-05
Bandicoot_Weekly,2025-02-05
AlwaysAmara,2025-02-05
NetDangerous1482,2025-02-05
thombrowny,2025-02-05
Few_Fun_9774,2025-02-05
tastyweeds,2025-02-05
Internetomancer,2025-02-05
Holiday-Active3620,2025-02-05
pocketfullofsunnyD,2025-02-05
Throwaway304287326e8,2025-02-05
curiousred_13,2025-02-05
OkSoftware7371,2025-02-05
Different-Wrap-899,2025-02-05
Oracle_of_the_Skies,2025-02-05
Resist_Defend,2025-02-05
CelebrationWinter853,2025-02-05
Privacy_Is_Important,2025-02-05
Yuzusi,2025-02-05
Craneteam,2025-02-05
GloomyStore7945,2025-02-05
titcumboogie,2025-02-05
MetaHutch,2025-02-05
WasteMap8190,2025-02-05
kiran27teja,2025-02-05
cari_chan,2025-02-05
roguewarriorpriest,2025-02-05
Zealousideal-Mix-780,2025-02-05
Accomplished-Toe2145,2025-02-05
snesdreams,2025-02-05
BreadLittle9976,2025-02-05
ThatWalkingGirl,2025-02-05
Soft_Hotel_9217,2025-02-05
Total_Substance_6584,2025-02-05
Competitive_Bat7878,2025-02-05
Ok_Photograph_564,2025-02-05
raniashrdh,2025-02-05
Fedwork2025,2025-02-05
Zestyclose-Bicycle82,2025-02-05
missallaneouss,2025-02-05
OddHumanToMost,2025-02-05
King_Prawn_shrimp,2025-02-05
Potential_Starlight,2025-02-05
call_me_cris,2025-02-05
TeaRepresentative876,2025-02-05
muskrat_grinder,2025-02-05
Jumpy-Platypus-9329,2025-02-05
plantypisces13,2025-02-05
cn882,2025-02-05
Science_Writer06,2025-02-05
Ok_Couple_6235,2025-02-05
alchenn,2025-02-05
SilverDishes,2025-02-05
KookyBone,2025-02-05
jokalazambarau,2025-02-05
EnthusiasmCurrent100,2025-02-05
GyspySyx,2025-02-05
No-Bid-1465,2025-02-05
Aware-Chance3845,2025-02-05
Senior-Monk-3794,2025-02-05
Deepazur,2025-02-05
iDontLikeThisRide,2025-02-05
Top-Student5759,2025-02-05
Cooper_de_dooper,2025-02-05
Pomegranate-and-VMs,2025-02-05
Big_Year_4717,2025-02-05
Ok_Opinion_3492,2025-02-05
technolomaniacal,2025-02-05
Remade216,2025-02-05
CrazyAssBlindKid,2025-02-05
EnemysGate_Is_Down,2025-02-05
Upper-Individual-915,2025-02-05
AbsolutZer0_v2,2025-02-05
warmbeer_ik,2025-02-05
Puzzleheaded-Sir9958,2025-02-05
DanCQueen,2025-02-05
Beneficial-Trade-384,2025-02-05
Overall-History6027,2025-02-05
Competitive_Ride_943,2025-02-05
orbesomebodysfool,2025-02-05
WTF_is_PC_Load_Ltr,2025-02-05
JennaMcLaughlin,2025-02-05
Throwawayfed766612,2025-02-05
ApocalypticCake,2025-02-05
MishFed,2025-02-05
JollyBuffalo2642,2025-02-05
Ready_to_Polka,2025-02-05
NationalJeweler1961,2025-02-05
ChickieMcNuggie,2025-02-05
Familiar_Scheme_7042,2025-02-05
JackSlapster,2025-02-05
Erudite_Wayfarer,2025-02-05
WadeEffingWilson,2025-02-05
Llamapanda81,2025-02-05
thelmasfranchise,2025-02-05
Special_Row_1024,2025-02-05
IAmTotallyNotSatan,2025-02-05
Forward_Dingo_1480,2025-02-05
Automatic-Lynx7837,2025-02-05
shortstoryloong,2025-02-05
Fed-News-Update,2025-02-05
ArtistFinal3517,2025-02-05
LeDripBayless,2025-02-05
Cupcake974,2025-02-05
solonmonkey,2025-02-05
Top-Example3690,2025-02-05
petrificustortoise,2025-02-05
Independent-Reply892,2025-02-05
BigMikeBananaBlight,2025-02-05
Old_Efficiency_5983,2025-02-05
Fast-Measurement3794,2025-02-05
TerminalSunrise,2025-02-05
TenFiive,2025-02-05
HWHAProb,2025-02-05
RIPregalcinemas,2025-02-05
Dead_men_dont_rape,2025-02-05
Lokin86,2025-02-05
No_Bench5989,2025-02-05
User812777,2025-02-05
PlayfulHeart,2025-02-05
Far-Negotiation7669,2025-02-05
DanLamothe,2025-02-05
NineteenSixtySix,2025-02-05
No-Cryptographer7226,2025-02-05
tell-em-IM-the-one,2025-02-05
Consistent_Panda_186,2025-02-05
Leafs7162,2025-02-05
Lopsided-Issue-9994,2025-02-06
RedSockGreySock,2025-02-06
Horror_Ambassador_25,2025-02-06
Allboutdadoge,2025-02-06
vetfedthrowaway,2025-02-06
Big_Mood9219,2025-02-06
the_turdy_south,2025-02-06
Numerous_Voice_3949,2025-02-06
Loof_of_dread,2025-02-06
mamanem1,2025-02-06
FibonacciStar,2025-02-06
speedchick21,2025-02-06
anonymouspst,2025-02-06
EighthDuchess53,2025-02-06
maaaaaadd,2025-02-06
Slow-Opportunity5877,2025-02-06
rgrx119,2025-02-06
JunkReallyMatters,2025-02-06
Different-Ad4338,2025-02-06
AnxiousSunFish,2025-02-06
ludingtonb,2025-02-06
redditor20250101,2025-02-06
Intrepid-West1256,2025-02-06
MarriedToaALawyer,2025-02-06
Astronitium,2025-02-06
Positive_Camp_8395,2025-02-06
CumBubbleMystery,2025-02-06
Medic644_911,2025-02-06
Sufficent-Sucka,2025-02-06
Jjh09007,2025-02-06
zuluzuluzul,2025-02-06
hatepickingusrnames,2025-02-06
Lefty156,2025-02-06
Express_Following957,2025-02-06
javacatt,2025-02-06
Great_Set_2802,2025-02-06
Lostlilegg,2025-02-06
No-Summer2774,2025-02-06
SwampCabal_99,2025-02-06
oknotle,2025-02-06
savagelatte,2025-02-06
No_Emphasis7572,2025-02-06
skark1,2025-02-06
negative-nelly,2025-02-06
MainPhone6,2025-02-06
ZealousidealTitle760,2025-02-06
Silverglitteringsky,2025-02-06
Hot_Leader3740,2025-02-06
Breton_brut,2025-02-06
Minimum-Guidance6991,2025-02-06
flannelWX,2025-02-06
Orb_Is_Horse87,2025-02-06
colonelvuky,2025-02-06
Deadhawk142,2025-02-06
Alarming_Total_4081,2025-02-06
Hour-Veterinarian-89,2025-02-06
Bizarreislandind12,2025-02-06
willworkforapension,2025-02-06
NoRepublic89,2025-02-06
digital-didgeridoo,2025-02-06
AdventurousLet548,2025-02-06
Affectionate-Sock488,2025-02-06
ApproximatelyExact,2025-02-06
Dry_Argument_581,2025-02-06
Responsible-River455,2025-02-06
Frequent_Half6494,2025-02-06
RAV0004,2025-02-06
InfamousBit5295,2025-02-06
External-Frame3102,2025-02-06
Technical-Thanks-373,2025-02-06
PatLabatt111111,2025-02-06
WeeklyRelease6368,2025-02-06
chewygood,2025-02-06
Lumpy-Tennis2403,2025-02-06
Mysterious_Fact_5975,2025-02-06
AlbatrossFederal7225,2025-02-06
allanq116,2025-02-06
BeingPlastic4916,2025-02-06
SnooSeagulls3312,2025-02-06
Which-Ad-5531,2025-02-06
svenben33,2025-02-06
Stopikingonme,2025-02-06
Historical-Dinner-94,2025-02-06
IRS_ZERO,2025-02-06
LaLeggz,2025-02-06
snowcrab80,2025-02-06
OkScratch3819,2025-02-06
cc7033,2025-02-06
butterbuttergaspack,2025-02-06
lanman2025,2025-02-06
xxlaishaxx,2025-02-06
Rynin101,2025-02-06
Sweaty-Possible-3565,2025-02-06
Typical_Mortgage3129,2025-02-06
stevzon,2025-02-06
Cid_Darkwing,2025-02-06
Appropriate-Size6584,2025-02-06
whatsupbudster,2025-02-06
F-Bizz1e,2025-02-06
Real-Programmer-5836,2025-02-06
records23,2025-02-06
TheKorrupted1,2025-02-06
KindnessIsCourageous,2025-02-06
Boxman214,2025-02-06
Nomadic_Builder,2025-02-06
Priority_Witty,2025-02-06
redditAloudatnight9,2025-02-06
Kuby69,2025-02-06
DeShaun05,2025-02-06
Bonesetseed,2025-02-06
Fit_Tart7734,2025-02-06
DesignerMechanic366,2025-02-06
SnooSketches2453,2025-02-06
Reasonable_Sir2769,2025-02-06
Eastern-Influence210,2025-02-06
What-Me-Worry-2025,2025-02-06
TomAndPaula,2025-02-06
Sweaty-Impression754,2025-02-06
anglal1235,2025-02-06
Zen3week,2025-02-06
ResponsiblePaint1160,2025-02-06
RonPalancik,2025-02-06
5umm3rR0s3,2025-02-06
smit0577,2025-02-06
CaliinVA,2025-02-06
Nursepalmer123,2025-02-06
DummyBurner25,2025-02-06
Mammoth_Class_8965,2025-02-06
schizeckinosy,2025-02-06
RachelOnTheRun,2025-02-06
RioBlanco13789,2025-02-06
TrevorHobbs,2025-02-06
featherrico,2025-02-06
moechew48,2025-02-06
Own-Month163,2025-02-06
oldrepublicnurse,2025-02-06
SentientPerson-1,2025-02-06
NotRollingOver-SST,2025-02-06
manatee_2011,2025-02-06
FedPro,2025-02-06
ServiceInside7217,2025-02-06
Disease_Detective,2025-02-06
babyghidora,2025-02-06
Bendingshackle,2025-02-06
Majestic-Ship-7099,2025-02-06
Current_Yesterday_51,2025-02-06
Disastrous_Remote806,2025-02-06
scavagesavage,2025-02-06
User_McAwesomeuser,2025-02-06
Steadfast_Light,2025-02-06
FedThrowaway7476,2025-02-06
wayfaast,2025-02-06
HumDinger02,2025-02-06
Alarmed-Cat-7530,2025-02-06
JROXZ,2025-02-06
Colreb1967,2025-02-06
Electrical_Point3049,2025-02-06
bluewaterfree,2025-02-06
Mynameis__--__,2025-02-06
allyn2111,2025-02-06
Ch33r2024,2025-02-06
One_Sock6927,2025-02-06
Friendly_Taurus569,2025-02-06
a5915587277,2025-02-06
TiredSoreBruised,2025-02-06
LengthinessFit1085,2025-02-06
dark21horse1,2025-02-06
Slight-Drummer-1194,2025-02-06
ImQuestionable,2025-02-06
thetawhisperer,2025-02-06
Emergency_Toilet,2025-02-06
Any_Log_281,2025-02-06
TheRealMagul,2025-02-06
More_Snow_326,2025-02-06
Street-Field-528,2025-02-06
johntempleton,2025-02-06
M_Honey18,2025-02-06
DangerousLocksmith16,2025-02-06
No-Tradition-7666,2025-02-06
Apocalypsis_,2025-02-06
BurritosAndPerogis,2025-02-06
throwawaypersonanon,2025-02-06
SarkastikDestroyer,2025-02-06
Carerin,2025-02-06
Mystique011,2025-02-06
Even_Illustrator_325,2025-02-06
SuperSpecialAwesome-,2025-02-06
WeProwlAtDUSK,2025-02-06
Rough_Committee_4714,2025-02-06
New-Weather-8105,2025-02-06
Beautiful-Pear-990,2025-02-06
GetForkedEM,2025-02-06
everythingstardust,2025-02-06
Any-Smile-5341,2025-02-06
helpfeds,2025-02-06
KeyLime_Pie_555,2025-02-06
ab656,2025-02-06
japhia_aurantia,2025-02-06
Big_Drop_8734,2025-02-06
toss-it-acct,2025-02-06
farmetter,2025-02-06
thisstupidworld3000,2025-02-06
SeanLyngaas,2025-02-06
Dip50,2025-02-06
Intelligent-Grape137,2025-02-06
Professional_Yam8384,2025-02-06
ra3ra31010,2025-02-06
PoliticsIsDepressing,2025-02-06
Dismal-Scientist9,2025-02-06
Careful_Primary_8208,2025-02-06
lemonslime,2025-02-06
TarnishedWitcher,2025-02-06
Solarpink13,2025-02-06
No-Roof-1009,2025-02-06
Secure-Clue3220,2025-02-06
Turbulent-Pea-8826,2025-02-06
alli_oop96,2025-02-06
Nervous_Number_3939,2025-02-06
swampwiz,2025-02-06
throwaway2020nowplz,2025-02-06
manna08861,2025-02-06
Anxious_Guard_8165,2025-02-06
Tasty-Excitement9373,2025-02-06
ProfessorEsquire916,2025-02-06
hmdollarsign,2025-02-06
AdministrativeFace53,2025-02-06
EchoInTheStatic,2025-02-06
blaqbarbie_4,2025-02-06
Home_free_now,2025-02-06
PatrickStewy,2025-02-06
faprawr,2025-02-06
Desertortoise,2025-02-06
_White_Orchid_,2025-02-06
Unlucky_Fish_6839,2025-02-06
Maximum-Escape-8071,2025-02-06
schnoodlemom_,2025-02-06
stan_cartman,2025-02-06
coasterghost,2025-02-06
burgersmoke,2025-02-06
joatmon1965,2025-02-06
Leading_Demand5657,2025-02-06
LMDpoeteetsainte,2025-02-06
littlegallenhart,2025-02-06
serpents_head,2025-02-06
Strict_Commercial_60,2025-02-06
nationwideonyours,2025-02-06
MemeStonks69,2025-02-06
Rowena_Redalot,2025-02-06
_MarkMorrison,2025-02-06
SirSquatchin,2025-02-06
Tarsurion,2025-02-06
Tricky_Program_1649,2025-02-06
TinkerTailor979,2025-02-06
oncemorewith_feels,2025-02-06
moister_oyster_,2025-02-06
peteyb777,2025-02-06
Outside-Abalone-3933,2025-02-06
ProposalAncient9787,2025-02-06
CatLadyAlbany,2025-02-06
MaudeDib,2025-02-06
Most_Ad5116,2025-02-06
Plus_Imagination_234,2025-02-06
Fr1501,2025-02-06
joanofarc7102,2025-02-06
Spare_Ninja1795,2025-02-06
OBatRFan,2025-02-06
Finnoria,2025-02-06
Cat_Girl81,2025-02-06
cheaper2reaper,2025-02-06
LostDonkey565,2025-02-06
throwaway_yay_19476,2025-02-06
Ok-Particular2217,2025-02-06
AnnaBishop1138,2025-02-06
Leather_Escape5745,2025-02-06
TinkerTailor_979,2025-02-06
Alert-Society5232,2025-02-06
Practical_Visual_341,2025-02-06
redlightbandit7,2025-02-06
ClumsySunrise,2025-02-06
Careful-Aardvark-777,2025-02-06
Due-Emu-782,2025-02-06
wokemeansnotretarded,2025-02-06
Affectionate_Echo464,2025-02-06
RememberingTiger1,2025-02-06
redditor121212112,2025-02-06
InevitableSea5760,2025-02-06
per_chien,2025-02-06
DefeatKleptocracy,2025-02-06
Ordinary-Warning-521,2025-02-06
Capable_University40,2025-02-06
lady_skendich,2025-02-06
WarriorSpirit82,2025-02-06
Natural_12AB,2025-02-06
Xo_MangoLover_oX,2025-02-06
cah86,2025-02-06
dgtjen,2025-02-06
Songlines25,2025-02-06
Junior-Bluejay-4869,2025-02-06
Efficient-Pin3655,2025-02-06
Intelligent-Map-4752,2025-02-06
Bippity-Bobbity-zom,2025-02-06
CupcakeBliss276,2025-02-06
WalkInWoodsNoli,2025-02-06
Confident-Sundae-680,2025-02-06
34601,2025-02-06
ForkingMusk,2025-02-06
Entire_Drawing_8635,2025-02-06
Odd_Organization550,2025-02-06
Scrubatl,2025-02-06
furie1335,2025-02-06
Responsible_Ice_7110,2025-02-06
RMDSW,2025-02-06
Elektrogal,2025-02-06
orangeonion2746,2025-02-06
Sundae-Emergency,2025-02-06
SauceFox1791,2025-02-06
Frequent_21409,2025-02-06
Me_Hungry_1,2025-02-06
Moist_Succotash_7309,2025-02-06
MyUnitIsOhms,2025-02-06
Primary-Maximum-6087,2025-02-06
GreenSpaceGuru,2025-02-06
EntireMostly,2025-02-06
Conscious_Respect476,2025-02-06
Avg-Redditer,2025-02-06
CrescentMoonSmile,2025-02-06
romantotale,2025-02-06
Last_Tap_6027,2025-02-06
totsNtoast,2025-02-06
tambli,2025-02-06
Life_Temperature795,2025-02-06
ErksParks,2025-02-06
yescapnamerica,2025-02-06
sconsin-gorl,2025-02-06
Historical-Kiwi-7047,2025-02-06
Accomplished-Soil-81,2025-02-06
JessicaGuynn,2025-02-06
nikpopli,2025-02-06
No-Deer-8709,2025-02-06
Afraid-Risk-1303,2025-02-06
SoCalBoilerGirl,2025-02-06
Eastern-Mountain-36,2025-02-06
Intelligent-Gift295,2025-02-06
Kyfujr,2025-02-06
UnhappyJohnCandy,2025-02-06
Ok-Presentation-1739,2025-02-06
GamingWithDoritos,2025-02-06
JustAssIsBlind,2025-02-06
PalpitationSad3687,2025-02-06
Greedy_Sky6976,2025-02-06
the_d00m_song,2025-02-06
Big_Process9521,2025-02-06
Sad-Country8824,2025-02-06
ZoolanderHouseofAnts,2025-02-06
Hot-Grass-6451,2025-02-06
PrestigiousChonk,2025-02-06
LeSonDesCloches,2025-02-06
Nicetry_90,2025-02-06
cdrshepard17,2025-02-06
GurMany6053,2025-02-06
Fearless-Touch-3339,2025-02-06
Head_Register_5888,2025-02-06
Specific-Trainer3213,2025-02-06
FadingAgeist,2025-02-06
CrazyCooter0027,2025-02-06
Ok_Koala514,2025-02-06
DCspoonman,2025-02-06
Annual-Package1335,2025-02-06
tisme0,2025-02-06
morechocolate2020,2025-02-06
rememberall,2025-02-06
bmich90,2025-02-06
h_Isopod7312,2025-02-06
Effective_Promise581,2025-02-06
ittimjones,2025-02-06
Puzzleheaded_Neat_81,2025-02-06
Healthy-Target-5602,2025-02-06
F1fthColumn,2025-02-06
MartyPhelps,2025-02-06
water-cooler-news,2025-02-06
Alternative_Copy_720,2025-02-06
YUKAH63,2025-02-06
beechekin,2025-02-06
MizzMeka,2025-02-06
QuantumCanis,2025-02-06
ScreechinOwl,2025-02-06
Alexandra_utz_little,2025-02-06
HeyHeyHeyHeywood,2025-02-06
Curious-War-4121,2025-02-06
Any-Airline4864,2025-02-06
beasleycs,2025-02-06
Ruff9012,2025-02-06
OkExercise4269,2025-02-06
Mountain_carrier530,2025-02-06
BigNo8450,2025-02-06
Katrianna1,2025-02-06
Constant-Hurry-9200,2025-02-06
daddylonglegs173,2025-02-06
BanjoElk,2025-02-06
RainDownAndDestroyMe,2025-02-07
No_Ease_649,2025-02-07
carlanpsg,2025-02-07
DefinitionActive9685,2025-02-07
UseWeekly8129,2025-02-07
AlexDog_69,2025-02-07
FabFusion,2025-02-07
MinderBinderCapital,2025-02-07
TA88600,2025-02-07
Milton_Wadams007,2025-02-07
Far_Conversation3322,2025-02-07
Awkward_Brush_7907,2025-02-07
Simply_Shartastic,2025-02-07
OkSwordfish7095,2025-02-07
NeverGettingHSRd,2025-02-07
joemac42,2025-02-07
Zlove1987,2025-02-07
Mellivorian,2025-02-07
kneekneeknee,2025-02-07
Funny_Engineering580,2025-02-07
WorthHistorical4250,2025-02-07
Slight_Struggle_9361,2025-02-07
BeneficialGur2206,2025-02-07
Nikon_Enjoyer,2025-02-07
jess-western,2025-02-07
Necessary-Rock9746,2025-02-07
Critical-Chance9199,2025-02-07
ajmoore94,2025-02-07
Ok-Respond-8785,2025-02-07
LCP14215,2025-02-07
TheGreatGodNap,2025-02-07
HallFinal767,2025-02-07
8thdeadlycyn,2025-02-07
Fabulous_Forever5133,2025-02-07
takingnotes99,2025-02-07
Ok_Play9102,2025-02-07
spaghettispaceship,2025-02-07
StumpyPigeon,2025-02-07
ruby-shoes,2025-02-07
JINgleHalfway,2025-02-07
minivan-man01,2025-02-07
Ladybug252,2025-02-07
scullingby,2025-02-07
SuccessfulLet6890,2025-02-07
Strange-Monk7947,2025-02-07
kej1389,2025-02-07
imbi-dabadeedabadie,2025-02-07
evmacaru,2025-02-07
Standard_Escape_1344,2025-02-07
Substance_Ashamed,2025-02-07
ComfortableFace5233,2025-02-07
Salt-Plum4730,2025-02-07
StrongPlantain3650,2025-02-07
throwaway000089876,2025-02-07
sbeezee,2025-02-07
Willing_Tourist9665,2025-02-07
Ok_Debt3814,2025-02-07
yogidogg,2025-02-07
Adventurous-Dish-862,2025-02-07
Mamabear2206,2025-02-07
Sad-Parsley7689,2025-02-07
Affectionate-Arm2209,2025-02-07
ForkysRevenge111,2025-02-07
AsleepTomorrow4295,2025-02-07
FoShoMyUsername,2025-02-07
patsfan2004,2025-02-07
Megpembroke,2025-02-07
Inevitable_Tap_9491,2025-02-07
Plane-Housing1610,2025-02-07
Subject-Skill996,2025-02-07
Downtown_Peak_6538,2025-02-07
Aside_Dish,2025-02-07
Latter-Notice4598,2025-02-07
PlateContent5219,2025-02-07
Time_Version_6762,2025-02-07
TrumansOneHandMan,2025-02-07
Adventurous_Leg_9438,2025-02-07
Giga7777,2025-02-07
Swimming_Citron_5121,2025-02-07
BournazelRemDeikun,2025-02-07
PiratePrize1711,2025-02-07
BubzerBlue,2025-02-07
DaPurpleRT,2025-02-07
treesandsocks,2025-02-07
Objective-Repeat8688,2025-02-07
Charming_Tank_7324,2025-02-07
StatisticianBulky160,2025-02-07
Master_Winner_3106,2025-02-07
Serious-Stable-8756,2025-02-07
disc0_witch,2025-02-07
Big_Mike_RedskinsFan,2025-02-07
Bookworman3,2025-02-07
funkalways,2025-02-07
Tempstopdrop,2025-02-07
Significant_Sun_3518,2025-02-07
ThatGuy798,2025-02-07
Jane2468,2025-02-07
According-Disk-302,2025-02-07
happygirl3030,2025-02-07
CurrentlyARaccoon,2025-02-07
Wonderful_Sleep_8693,2025-02-07
beckysma,2025-02-07
MoreMeowijuana,2025-02-07
Proper_Structure950,2025-02-07
lancelotofthelake,2025-02-07
Fancy-Magazine4794,2025-02-07
DrMackoveli,2025-02-07
Mobile_Zucchini3993,2025-02-07
mustardandmangoes,2025-02-07
badgerfu,2025-02-07
popcorn_dragon009,2025-02-07
LanguageOk4753,2025-02-07
Swan-Federal,2025-02-07
JandWfor2,2025-02-07
Southern-Yak-5134,2025-02-07
Vegetable_Source_557,2025-02-07
Prior-Argument-8513,2025-02-07
Mo697,2025-02-07
InterestingPie7000,2025-02-07
naysaBlue,2025-02-07
Trex-MEG,2025-02-07
_DearestGentleReader,2025-02-07
usa_user,2025-02-07
OrdinaryLittle1871,2025-02-07
TacoCommand,2025-02-07
SilkJam_FPV,2025-02-07
SouthOfOz,2025-02-07
bv_,2025-02-07
United_Motor_3269,2025-02-07
CourtCavalier,2025-02-07
Scared-Cut6645,2025-02-07
ivanhoho1,2025-02-07
yourboy6996,2025-02-07
Abject_Ocelot_5056,2025-02-07
Louis-Campione,2025-02-07
Rewind2025,2025-02-07
Trailer_Park_Snark,2025-02-07
Odd-Teacher-2502,2025-02-07
dookiehat,2025-02-07
edelweiss198988,2025-02-07
Flimsy-Raccoon6410,2025-02-07
Azureliske,2025-02-07
throwaway041524,2025-02-07
B_Williams_4010,2025-02-07
UnitWeekly9146,2025-02-07
killzone44,2025-02-07
Aurish,2025-02-07
PhilosophyThis9339,2025-02-07
velvet_bridge,2025-02-07
jamaicangirly153,2025-02-07
Paikini,2025-02-07
AffectionateGuava986,2025-02-07
Frosty-Bake-4783,2025-02-07
Golden-chin69,2025-02-07
Tigerwing-infinity,2025-02-07
Ok_Locksmith16,2025-02-07
Fionaglenannebf,2025-02-07
Weird_Initiative_307,2025-02-07
Spirited_Stretch2591,2025-02-07
nth03n3zzy,2025-02-07
Top-Pay-1380,2025-02-07
MessyBunMomDotCom,2025-02-07
Icy-Confidence-3870,2025-02-07
kfergie1234,2025-02-07
SuzynWaldman,2025-02-07
Snoo_89241,2025-02-07
AggressiveCicada2846,2025-02-07
SubjectFar6249,2025-02-07
redditcorsage811,2025-02-07
MrL0ngSOcks,2025-02-07
BlueberryHead3135,2025-02-07
Ornery-Road-3091,2025-02-07
WarthogTime2769,2025-02-07
AvocadoSignal5752,2025-02-07
Klutzy_Assistant7988,2025-02-07
DCPHL22,2025-02-07
Fast_Government4530,2025-02-07
boxcar_plus44,2025-02-07
Bob-Loblaa,2025-02-07
dca_user,2025-02-07
SoapPump,2025-02-07
Advanced_Concern_532,2025-02-07
tiktokrefugee3783,2025-02-07
Minerva8080,2025-02-07
Obvious_Assistant793,2025-02-07
Hefty-Needleworker61,2025-02-07
apres_all_day,2025-02-07
Chris_Whaley,2025-02-07
Fancy_Village_2009,2025-02-07
sixcases,2025-02-07
MassholeLiberal56,2025-02-07
Icky-Kick2556,2025-02-07
a-brain-on-fire,2025-02-07
Choice-Fox-7918,2025-02-07
danielle71989,2025-02-07
aa472ms,2025-02-07
Straight_Drummer_705,2025-02-07
Capable-Roll1936,2025-02-07
AyeBooger,2025-02-07
NatureLess5306,2025-02-07
billclintonsbunghole,2025-02-07
bricktaticity,2025-02-07
V1ckster25_,2025-02-07
CascadeCoppertop,2025-02-07
CaligoAccedito,2025-02-07
Constant-Crew2231,2025-02-07
CrazyNurseUSA,2025-02-07
WillowPierce,2025-02-07
Super_Reindeer_548,2025-02-07
Luigi-Bezzerra,2025-02-07
interface7,2025-02-07
TemporaryDue2340,2025-02-07
furikake17,2025-02-07
MashedPotatoTornado,2025-02-07
Repulsive_Key_1259,2025-02-07
hotdiggitydog07,2025-02-07
FederalEmployee555,2025-02-07
Pitiful-Stress1312,2025-02-07
nonprofitgal,2025-02-07
Smooth_Green_1949,2025-02-07
PuzzleheadedExam4450,2025-02-07
dainomite,2025-02-07
how_droll_1,2025-02-07
Gekko8,2025-02-07
Professional_Tax2624,2025-02-07
r_shackleford32,2025-02-07
eat_drink_go,2025-02-07
toomuchcoffeeYA,2025-02-07
Trust_Baphomet,2025-02-07
d20_dude,2025-02-07
hairbear143,2025-02-07
Obvious-Memory800,2025-02-07
Sufficient-Peach2706,2025-02-07
justinc79,2025-02-07
mandolin01,2025-02-07
Parker_Hardison,2025-02-07
Cash_FlowPro,2025-02-07
Pleasant-Charity-629,2025-02-07
UsedInvestigator5307,2025-02-07
Aggressive_End_5066,2025-02-07
For_The_Love_Of_AlI,2025-02-07
Inner_Brush9324,2025-02-07
AnEns,2025-02-07
frankdufner,2025-02-07
ChitzaMoto,2025-02-07
_gooseman,2025-02-07
Nunyabiznisstime,2025-02-07
throwaway_CIO_backer,2025-02-07
Suki-Kygo,2025-02-07
mevallemadre,2025-02-07
Whats_up_Europe,2025-02-07
No_Bowl_9760,2025-02-07
jguzzle,2025-02-07
DebCCr,2025-02-07
Double-Assistance365,2025-02-07
Bronsonkills,2025-02-07
bi_polar2bear,2025-02-07
Sensitive-Permit-794,2025-02-07
nivix_zixer,2025-02-07
Numerous_Ad_1528,2025-02-07
MajorAnalysis664,2025-02-07
KlatuuBaradaFickto,2025-02-07
Ordinary144,2025-02-07
OrangeistheNewHate,2025-02-07
337737733,2025-02-07
ImpressiveSpace2369,2025-02-07
Coshposhmosh,2025-02-07
Malaquisto,2025-02-07
Aware_Razzmatazz7920,2025-02-07
sintmk,2025-02-07
thezippybooty,2025-02-07
Icy-Cook6785,2025-02-07
Competitive-Pound797,2025-02-07
Far_Interaction_78,2025-02-07
Bubbly-Comparison971,2025-02-07
CouldBeWorseLOL,2025-02-07
zerostyle,2025-02-07
Far-Fly3457,2025-02-07
RevolvingDoorProject,2025-02-07
Busy_Bus_7586,2025-02-07
Middle_Spite6309,2025-02-07
No_Salary_160,2025-02-07
Ghridaya,2025-02-07
Ok_Way_9634,2025-02-07
Fortshame,2025-02-07
s0rry_not_sorry,2025-02-07
Prize_Pie_3895,2025-02-07
Inner-Resolve7547,2025-02-07
iwantmycoffee,2025-02-07
PolychaetesAreNeat,2025-02-07
Logical-Count763,2025-02-07
lalonana,2025-02-07
SnooOwls4146,2025-02-07
mizakiwa,2025-02-07
CherryMoMoMo,2025-02-07
1ReluctantRedditor,2025-02-07
DoodleDog2880,2025-02-07
Hour-Lettuce-5656,2025-02-07
Nickels3587,2025-02-07
IndianaGunner,2025-02-07
Convict001,2025-02-07
Ok-Read333,2025-02-07
ForkYouTooo,2025-02-07
No-Effort2151,2025-02-07
AnonyFed1,2025-02-07
Savings-Bed7254,2025-02-07
CorvusTech_Samuel,2025-02-07
mekal_mau,2025-02-07
WilliamTheGamer,2025-02-07
Hot-Resolution2310,2025-02-07
OldSkooler1212,2025-02-07
Otherwise-Green3067,2025-02-07
thesearemyfaults,2025-02-07
Blessed-Be15,2025-02-07
Key_Permit_8852,2025-02-07
moosewill,2025-02-07
ShinnarEmploymentLaw,2025-02-07
falconless,2025-02-07
Independent_Meat_924,2025-02-07
Whole_Platform8354,2025-02-07
Turbulent-Kitchen-56,2025-02-07
Ok-Bag-5189,2025-02-07
the_green_monster,2025-02-07
VeePee02,2025-02-07
Smorgan06,2025-02-07
Ok-Requirement6462,2025-02-07
luna_0831,2025-02-07
EarEconomy4037,2025-02-07
TheDaily_NYT,2025-02-07
Inferna_rebel62101,2025-02-07
Yonduwink133,2025-02-07
melly1226,2025-02-07
GazelleSubstantial76,2025-02-07
Stock_Promotion_994,2025-02-07
BearNeedsAnswers,2025-02-07
RaiseRuntimeError,2025-02-07
bonnethead,2025-02-07
Apprehensive-Part903,2025-02-07
NaClH2Ogurl,2025-02-07
HRrizz,2025-02-07
BortardScar,2025-02-07
marksb29,2025-02-07
BisonConnection,2025-02-07
Practical-Release432,2025-02-07
linked2z3lda,2025-02-07
Illustrious_Rub_1776,2025-02-07
APnews,2025-02-07
HeartRocks33,2025-02-07
Own-Obligation-3784,2025-02-07
MalliableManatee,2025-02-07
MikeFromOuterSpace,2025-02-07
BlubirdMountain,2025-02-07
kpeacedude,2025-02-07
feedthehungry2021,2025-02-07
gloreli219,2025-02-07
GoSparty5800,2025-02-07
Copy-Familiar,2025-02-07
Powerful_Shoe_7333,2025-02-07
Conscious_Bowler_752,2025-02-07
Sea-City1570,2025-02-07
dukedoofyofdodge,2025-02-07
templethot,2025-02-07
LibertarianTh1nker,2025-02-07
CaptainKlamydia,2025-02-07
jsd09049,2025-02-07
Myakd,2025-02-07
Robusters,2025-02-07
Pretty-Insurance-119,2025-02-07
Same_Rise_879,2025-02-07
defconoi,2025-02-07
Real_Championship583,2025-02-07
PlantCrazyRN,2025-02-07
EnoughRanger7075,2025-02-07
thenewyorktimes,2025-02-07
Super_Nerd92,2025-02-07
colacolette,2025-02-07
NTDLS,2025-02-07
da_bone5,2025-02-07
1102_Pitcher9767,2025-02-07
WarningTiny7475,2025-02-07
Valuable-Dish-2383,2025-02-07
luckycharm015,2025-02-07
AwokenByGunfire,2025-02-07
Lower-Ad8558,2025-02-07
Imaginary-Sort-4069,2025-02-07
Civil_Storage_8543,2025-02-07
Formergr,2025-02-07
TeneLineam25,2025-02-07
GnarlsMansion,2025-02-07
Poopulation,2025-02-07
stickysubstancez,2025-02-07
Too_Many_Alts,2025-02-07
CourtneySureWould,2025-02-07
HonoredEdO1941,2025-02-07
NoParsley7566,2025-02-07
hydro_wonk,2025-02-07
Jumpy-Pizza7197,2025-02-07
dissonantprotrusion,2025-02-07
youcanshoveyourfork,2025-02-07
Dismal-Seesaw-5788,2025-02-07
Ally_Harp,2025-02-07
Ok_Order1317,2025-02-07
owainglyndyr,2025-02-07
Nejness,2025-02-07
Joe_Garibaldi,2025-02-07
Euphoria_Diarrhea,2025-02-07
HardcoreNF,2025-02-07
Imagn123,2025-02-07
yesnomaybehoe,2025-02-07
hiker_girl,2025-02-07
Soft_Excuse7228,2025-02-07
Illustrious-Level858,2025-02-07
ellemu0509,2025-02-07
Born_Cantaloupe_989,2025-02-07
bound-and-determined,2025-02-07
postpartum-blues,2025-02-07
FalkorSchmalkor,2025-02-07
No_Silver_1862,2025-02-07
KinggSimbaa,2025-02-07
TinkerTailor1979,2025-02-08
OathyTheOcelot,2025-02-08
MangoFuzzy1695,2025-02-08
MattfgclG,2025-02-08
gardengnome002,2025-02-08
PilotFluffy2319,2025-02-08
mplsangel,2025-02-08
Dry-Set7241,2025-02-08
Anymouseacc,2025-02-08
PhineasQuimby,2025-02-08
KegsForGreg,2025-02-08
Substantial_Ad_6878,2025-02-08
SomeKindOfOnionMummy,2025-02-08
catlinphd,2025-02-08
GoodGameReddit,2025-02-08
sjgokou,2025-02-08
therailroadprof,2025-02-08
Mermaid4life9,2025-02-08
Dry-Sentence-9765,2025-02-08
Melodic-Society-6685,2025-02-08
Avarath1,2025-02-08
Creepy-Lemon-7562,2025-02-08
ImpossibleBeyond6682,2025-02-08
FitExamination7475,2025-02-08
ForeverandEvr,2025-02-08
NTEU335_CFPB,2025-02-08
BrightEyedBerserker,2025-02-08
SuccessfulLow3884,2025-02-08
Repulsive-Pitch-5637,2025-02-08
Transponster82,2025-02-08
fedemploy33,2025-02-08
No-Adhesiveness-7526,2025-02-08
Additional_Shop_8982,2025-02-08
AdmirableAd3300,2025-02-08
Feisty-Breadfruit334,2025-02-08
Worldly_Extreme_8416,2025-02-08
_KMA_,2025-02-08
Aromatic_Resident568,2025-02-08
katerader,2025-02-08
parvum_opus,2025-02-08
skamatiks671,2025-02-08
throwaway34578966,2025-02-08
yasssssplease,2025-02-08
SuchaHag,2025-02-08
robot_pirate,2025-02-08
Satinsbestfriend,2025-02-08
OpinionsRdumb,2025-02-08
Eastern-Heart9486,2025-02-08
TheBoatyMcBoatFace,2025-02-08
Then-Possession-1500,2025-02-08
4eyedbuzzard,2025-02-08
mcatowleyes,2025-02-08
FlimsySituation8134,2025-02-08
Beautiful_H_burner,2025-02-08
Lucky____Luke,2025-02-08
Overall_Chance_861,2025-02-08
Affection-307,2025-02-08
Deep_Conversation122,2025-02-08
Electrical_Guest_958,2025-02-08
BattleUpbeat5819,2025-02-08
ForkOff_throwaway_,2025-02-08
Scrappyoldgal,2025-02-08
AngryBagOfDeath,2025-02-08
bb1942,2025-02-08
Sea-Neat-2997,2025-02-08
e3pants,2025-02-08
ferventtransparency,2025-02-08
I_Walk_The_Line__,2025-02-08
Marinarina26,2025-02-08
Hoosier-Daddy-78,2025-02-08
Jerjuh,2025-02-08
been__,2025-02-08
lurkian,2025-02-08
delphinusredvoyager1,2025-02-08
Eras2023,2025-02-08
Ok-Whereas7485,2025-02-08
HuckleberryNo6992,2025-02-08
GoLoveYourselfLA,2025-02-08
Moonstone2644,2025-02-08
Tigerzof1,2025-02-08
Busybody40,2025-02-08
neverneutral55,2025-02-08
Severe_Order1630,2025-02-08
Candid_Improvement89,2025-02-08
Confident_Banana_134,2025-02-08
BeachOk3573,2025-02-08
3_mLGratitude,2025-02-08
richardgutts,2025-02-08
CryptoTradingDummies,2025-02-08
kitsuneblue26,2025-02-08
RaptorFire22,2025-02-08
StraightRoom6591,2025-02-08
TheirPeaMyPod,2025-02-08
DesertedFailure,2025-02-08
Ok-Guarantee-3782,2025-02-08
Odd_Addendum_1827,2025-02-08
sunoxen,2025-02-08
ShineOn5,2025-02-08
minhv,2025-02-08
InternationalBed7168,2025-02-08
Outrageous-Club6200,2025-02-08
ssnbubblehead671,2025-02-08
1_am_not_a_b0t,2025-02-08
Dependent-Sky5784,2025-02-08
stoicsix,2025-02-08
SpecificDry,2025-02-08
frankadelic,2025-02-08
Steampunk_Willy,2025-02-08
Ok-Mushroom-2025,2025-02-08
AdreanaInLB,2025-02-08
CU-thr0waway,2025-02-08
ThrowAwayDrinker2053,2025-02-08
Acceptable_Net_604,2025-02-08
Think-Razzmatazz-40,2025-02-08
Ok_Promotion3741,2025-02-08
Trueglide,2025-02-08
66655555555544554,2025-02-08
Unexpectedstickbug,2025-02-08
SigmaTell,2025-02-08
Professional_Tap7855,2025-02-08
depaola2000,2025-02-08
govemployeeburner,2025-02-08
trevizio32,2025-02-08
R3dd1t_Us3r_M,2025-02-08
Gradicus,2025-02-08
Raterjourney,2025-02-08
Usual_Tumbleweed_598,2025-02-08
Defiant-Human,2025-02-08
Savings-Category-294,2025-02-08
BigOutrageous9741,2025-02-08
MiddleDifficult,2025-02-08
electriclady99,2025-02-08
flyinghigh92,2025-02-08
That-Working-1887,2025-02-08
TactitionProgramming,2025-02-08
jabnabbar,2025-02-08
Effective_Peak_7578,2025-02-08
dinosaurdown,2025-02-08
Pentagee,2025-02-08
SeaLagerOKcondition,2025-02-08
delendacarthagoest,2025-02-08
Ski_Desperado,2025-02-08
Chart-Sudden,2025-02-08
thebeachboys,2025-02-08
MerryMaven64,2025-02-08
climate_truth,2025-02-08
Repulsive_Contest716,2025-02-08
Embarrassed_One_1400,2025-02-08
whosurdaddybaby,2025-02-08
EducationalRound3913,2025-02-08
Jaymomo2k13,2025-02-08
frostfox_7,2025-02-08
teabellyOG,2025-02-08
yankee_fan_2025,2025-02-08
Dear-Examination7054,2025-02-08
YGBSM_36,2025-02-08
_spam_king,2025-02-08
ComparisonOpening458,2025-02-08
CleverName_TBD,2025-02-08
Short-Holiday-7590,2025-02-08
FAFLIG_RUSA_ALA,2025-02-08
GM_Jedi7,2025-02-08
Be_Good_Do_Good25,2025-02-08
NoVoicesInMyHead,2025-02-08
sierra400,2025-02-08
savefedworkers,2025-02-08
Actual_Square_8903,2025-02-08
GlumMilk5326,2025-02-08
Ok_Boat_6624,2025-02-08
moufette1,2025-02-08
Mangolandia,2025-02-08
compounddreams,2025-02-08
opulent_octagon,2025-02-08
Upset-Accountant-946,2025-02-08
Organic_Signature_99,2025-02-08
More-Principle2742,2025-02-08
Realistic-Fox6321,2025-02-08
StrikeReadyNow,2025-02-08
real_cool_chic,2025-02-08
ismellwoodburning,2025-02-08
CaptainApathy419,2025-02-08
Sad-Specialist-6628,2025-02-08
elspeth91,2025-02-08
Effective-Caramel839,2025-02-08
Imaginary-Doctor-841,2025-02-08
Scared_Ad_6491,2025-02-08
Guilty_Ant_5852,2025-02-08
Nowhammiez,2025-02-08
AlwaysGoFwd,2025-02-08
ta57809,2025-02-08
qduh,2025-02-08
SirQueasy5690,2025-02-08
jlpnes,2025-02-08
Smurphilicious,2025-02-08
winedarkindigo,2025-02-08
Shambles1257,2025-02-08
wabisabi0604,2025-02-08
SmellYaLater1024,2025-02-08
Technical_Leg_7780,2025-02-08
Neat_Calligrapher206,2025-02-08
Organic-Effect-9906,2025-02-08
Fed_JEDI_Maybe,2025-02-08
Alarming_Hedgehog854,2025-02-08
Old_Advice_8526,2025-02-08
justafednothingmore,2025-02-08
Additional-Intern831,2025-02-08
paradine7,2025-02-08
whatmeworry_1954,2025-02-08
young_dito,2025-02-08
Cakes-and-Pies,2025-02-08
Get_a_GOB,2025-02-08
Practical_Towel5913,2025-02-08
Opening_Rock4745,2025-02-08
bengoldIFLWU,2025-02-08
TravelVista,2025-02-08
Ix-kix,2025-02-08
Sufficient-Work2929,2025-02-08
Several_Fortune8220,2025-02-08
TheMinistersCat,2025-02-08
Realistic-State-4888,2025-02-08
OutcomeUpset1512,2025-02-08
Remarkable-Habit7073,2025-02-08
Chemical-Editor-7609,2025-02-08
-virglow-,2025-02-08
4thFall,2025-02-08
ThenVeterinarian3442,2025-02-08
Ok_Street_1490,2025-02-08
AgentCulper355,2025-02-08
Wild_Calendar_8520,2025-02-08
Federal-Worker-10010,2025-02-08
Beautiful_Monk_3924,2025-02-08
Impressive_Ship_6511,2025-02-08
ConversationTall9095,2025-02-08
Successful-Drink7320,2025-02-08
Slothy-Parrot75,2025-02-08
Professional_Item448,2025-02-08
Flaky-Combination293,2025-02-08
Littleplug7417,2025-02-08
atlas0210,2025-02-08
BoysenberrySignal121,2025-02-08
Puzzled_Divide6277,2025-02-08
sunriseshinin,2025-02-08
fishneagle,2025-02-08
Ok_Carpenter6536,2025-02-08
Ecstatic_Koala7498,2025-02-08
lite_salt,2025-02-08
Regan_1981,2025-02-08
Own-Baker-2841,2025-02-08
xoxo_truthseeker,2025-02-08
Reasonable-Put6503,2025-02-08
OkHeart8476,2025-02-08
Nice-Book-4757,2025-02-08
Im_falling67,2025-02-08
RevealedInADream731,2025-02-08
Dazzling_Tap_9434,2025-02-08
rypien2clark,2025-02-08
Puzzleheaded-Air7632,2025-02-08
pbear737,2025-02-08
BeginningBumblebee14,2025-02-08
1cburgerfromdisaster,2025-02-08
CocaineBearGrylls,2025-02-08
Frosty_Sprinkles_761,2025-02-08
LittleRobot4321,2025-02-08
Serious_Bend_1641,2025-02-08
wildwest74,2025-02-08
lupine-Muscovite,2025-02-08
Dropkneeseitufjxbsy,2025-02-08
DeleteLaterOkay,2025-02-08
nrsenchrg,2025-02-08
WispyLlama,2025-02-08
Jaded_Strawberry5901,2025-02-08
Earon_Esat,2025-02-08
Thin-Demand8306,2025-02-08
dcdane,2025-02-08
mtCeeGee,2025-02-08
BotanyIsGnarly,2025-02-08
OwnCause511,2025-02-08
Intelligent_Sock_659,2025-02-08
Few_Measurement_5295,2025-02-08
GemmyDee,2025-02-08
No_One_5442,2025-02-08
Professional-Web573,2025-02-08
Caterpillerneepnops,2025-02-08
CakeDayOrDeath,2025-02-08
Physical_Lifeguard_3,2025-02-08
Medium-Chemical6798,2025-02-08
Wonderful_Swim8303,2025-02-08
Particular-Agency-38,2025-02-08
caffeinated-depresso,2025-02-08
FuckYourOpinFedSimp,2025-02-08
42fy,2025-02-08
Downtown_Ad_5458,2025-02-08
TraditionOver1619,2025-02-08
h20witch,2025-02-08
Livid-Access138,2025-02-08
spudlydooright,2025-02-08
Anon-1984-,2025-02-08
Mech101Engr,2025-02-08
No-Acanthisitta7930,2025-02-08
YLSP,2025-02-08
MGSFFVII,2025-02-09
ferriswheelsmith,2025-02-09
AssistantSure5865,2025-02-09
X-otic_Life,2025-02-09
Bruff_lingel,2025-02-09
YakSingle7882,2025-02-09
Illustrious-Yam-1161,2025-02-09
2Pr0roidrager,2025-02-09
Large-Tip8123,2025-02-09
mpiccorossi,2025-02-09
Miserable-Ad-6817,2025-02-09
Due-Condition3612,2025-02-09
unionMD,2025-02-09
4r2m5m6t5,2025-02-09
anthonywayne1,2025-02-09
DScharpen,2025-02-09
adelante01,2025-02-09
International_Face41,2025-02-09
greyslacksesq,2025-02-09
ClarkKatana,2025-02-09
L3g3ndary-08,2025-02-09
Proof_Mixture_7433,2025-02-09
Chrisrap1,2025-02-09
Particular-Emu4379,2025-02-09
swanee54,2025-02-09
SrKobeBeefWellington,2025-02-09
N146K,2025-02-09
Ok_Fox6527,2025-02-09
boofles1,2025-02-09
waddleship,2025-02-09
fed_the_heck_up,2025-02-09
Brilliant_Wind_4436,2025-02-09
This_Apostle,2025-02-09
WinterBonus7585,2025-02-09
100_7TheBuzz,2025-02-09
keatonwv,2025-02-09
Remarkable_Scene5978,2025-02-09
F1rstBanana,2025-02-09
draperf,2025-02-09
a_Lad_of_Mad,2025-02-09
Sherlockflies,2025-02-09
Apprehensive-Cow4683,2025-02-09
Civilforkingservant,2025-02-09
Live_Night4576,2025-02-09
isurehopeimnotfired,2025-02-09
BeanEgg,2025-02-09
Curious_cat712,2025-02-09
nukem692,2025-02-09
AirForc3One,2025-02-09
lemony_dewdrops,2025-02-09
SilverbackIdiot,2025-02-09
Fair_Contribution386,2025-02-09
BrainPhD,2025-02-09
Proof-Bear-5067,2025-02-09
Alxndrtg1,2025-02-09
southbel,2025-02-09
BooksandWyne,2025-02-09
picklelyjuice,2025-02-09
KingRamulus,2025-02-09
Maleficent_Aerie_506,2025-02-09
No-Specific4626,2025-02-09
persevere2025,2025-02-09
Common-Breadfruit-37,2025-02-09
WaywardPatriot,2025-02-09
Stonyclaws,2025-02-09
ScipioAfricanusMAJ,2025-02-09
italljustdisappears,2025-02-09
whiskeyboarder,2025-02-09
ipickuputhrowaway,2025-02-09
vhs_sold_blank,2025-02-09
Archy88,2025-02-09
Crafty_Movie_8623,2025-02-09
here2Cthenews,2025-02-09
IndividualPiccolo373,2025-02-09
Somanycatsinhere,2025-02-09
Emotional-Sea1848,2025-02-09
ratbiscuit777,2025-02-09
sea666kitty,2025-02-09
quelepa1,2025-02-09
Key-Zookeepergame225,2025-02-09
MarciaMay54,2025-02-09
TacoWRX69,2025-02-09
WranglerNo6850,2025-02-09
Accomplished_Pay_678,2025-02-09
brunow2023,2025-02-09
lvpre,2025-02-09
Roqjndndj3761,2025-02-09
YellowFresh1298,2025-02-09
EvenDavidABednar,2025-02-09
PieSafe8565,2025-02-09
hmmsure,2025-02-09
possumrabbi,2025-02-09
SilenceDogood2k20,2025-02-09
Agreeable_Froyo_224,2025-02-09
Make_it_rain76,2025-02-09
lecreusette,2025-02-09
StarGlowPhoenix,2025-02-09
niftimuslouiemus,2025-02-09
Pitiful-Gain1421,2025-02-09
Izzy_336699,2025-02-09
Pleasant-Emu-3099,2025-02-09
cormundo,2025-02-09
Bird_Brain4101112,2025-02-09
feddykrooger,2025-02-09
zsreport,2025-02-09
jelifah,2025-02-09
zingzing17,2025-02-09
Future_Ad3328,2025-02-09
Imaginary-Safety-508,2025-02-09
Early-Laugh-9011,2025-02-09
Seera_Teodora,2025-02-09
HopingForTheBest67,2025-02-09
Whiladan,2025-02-09
ProfessionalHalf5376,2025-02-09
Change2001,2025-02-09
Spare_Emu_9958,2025-02-09
Navydevildoc,2025-02-09
Careless-Meaning339,2025-02-09
Dragon1-11,2025-02-09
Griegz,2025-02-09
jeanie_rea,2025-02-09
Smooth-Discussion-78,2025-02-09
MarcArmy2004,2025-02-09
That-Fondant-9027,2025-02-09
2025dumpsterfire,2025-02-09
disposable_0351,2025-02-09
username2022443,2025-02-09
Significant_Pay_3993,2025-02-09
throwaway_Anon_Fed12,2025-02-09
LostInTheSpheres,2025-02-09
PNWskye,2025-02-09
AngryVirginian,2025-02-09
Upper_Island_7834,2025-02-09
fearthepeasant,2025-02-09
Spicy_Comet,2025-02-09
Competitive-Mark6950,2025-02-09
BrockSquarejaw,2025-02-09
blatzballz,2025-02-09
Sleep_Dependent,2025-02-09
potuser1,2025-02-09
ResidentCzar,2025-02-09
Honest_Vermicelli_11,2025-02-09
Financial-Gap-1145,2025-02-09
ZuRcNAm,2025-02-09
Dan-in-Va,2025-02-09
Junior_South_2704,2025-02-09
htl_sos33744,2025-02-09
LawSingle6138,2025-02-09
SectorInfamous3610,2025-02-09
Naive-Bandicoot-6048,2025-02-09
SnooCakes4019,2025-02-09
No-Maize8228,2025-02-09
1MissBehave,2025-02-09
AspiringRver,2025-02-09
FunnyFox8496,2025-02-09
Acceptable-Map8399,2025-02-09
OnMyGFsPhoneRn,2025-02-09
PsychologicalFall525,2025-02-09
atcobb01,2025-02-09
SkyRaisin,2025-02-09
sunkenship61,2025-02-09
RatLabGuy,2025-02-09
stillmisshim,2025-02-09
Intelligent_Dig_7893,2025-02-09
Calm_Confidence_6494,2025-02-09
Lower-Inspector-7886,2025-02-09
Visible_Ad_309,2025-02-09
throwawayhastobeok,2025-02-09
Complete_Package6816,2025-02-09
Fun_Oil348,2025-02-09
nitrojen73,2025-02-09
12PoundCankles,2025-02-09
discarded_t0ast,2025-02-09
nlnrha,2025-02-09
Capable-Safe-5495,2025-02-09
brixboston,2025-02-09
coffeephd,2025-02-09
notsuperimportant,2025-02-09
Jazzlike_Use_8602,2025-02-09
creightt,2025-02-09
Affectionate-Egg-529,2025-02-09
moanasgrandma,2025-02-09
GrandSlamz,2025-02-09
FilmPuzzleheaded4849,2025-02-09
OkayButFoRealz,2025-02-09
Sufficient_Orange576,2025-02-09
Lower-Ad4676,2025-02-09
Ok_Confidence_1096,2025-02-10
Knot_Roof_1020,2025-02-10
BleepBloopZzz,2025-02-10
Cautious-Warning-214,2025-02-10
Immediate-Tennis-507,2025-02-10
Moocows4,2025-02-10
Enough-War-6404,2025-02-10
IllIntroduction1509,2025-02-10
dolly__sharton,2025-02-10
trags,2025-02-10
No-Bee-5354,2025-02-10
nolageek,2025-02-10
Key-Guarantee595,2025-02-10
LittleSpiderGirl,2025-02-10
snufdizzle,2025-02-10
time4nap,2025-02-10
cocoagiant,2025-02-10
VirtueOfTheViolent,2025-02-10
Weary_Artist_5717,2025-02-10
Call_the_Police_508,2025-02-10
staatspolizei_2025,2025-02-10
taekee,2025-02-10
emgorode,2025-02-10
charri95,2025-02-10
sassy_stephasaurus,2025-02-10
WhtvrCms2Mnd,2025-02-10
Einschlagen,2025-02-10
Prodigy510,2025-02-10
ApricotRemarkable388,2025-02-10
mischiefera,2025-02-10
Evening_Amphibian604,2025-02-10
vividelrose,2025-02-10
PuzzleheadedRun8232,2025-02-10
No_Contest_258,2025-02-10
MickeyGJ,2025-02-10
Busy_Tonight6026,2025-02-10
Tonigirly,2025-02-10
Green_Network9764,2025-02-10
Concise_Pirate,2025-02-10
luvme4ev,2025-02-10
rkesters,2025-02-10
carriedmeaway,2025-02-10
Horsatoo,2025-02-10
emmaline1863,2025-02-10
paloalto8969,2025-02-10
BraxxThemSklounst,2025-02-10
wonderbread789,2025-02-10
Metal-fatigue-Dad,2025-02-10
S_Diva38015,2025-02-10
officialbeancounter,2025-02-10
Sufficient-North3486,2025-02-10
Impossible_Tie_5578,2025-02-10
Putrid-Midnight1687,2025-02-10
E23R0,2025-02-10
GS2130,2025-02-10
Capital_Boat_3848,2025-02-10
sarcodiotheca,2025-02-10
66joel6,2025-02-10
Old_Farmer2561,2025-02-10
BumbleMaize,2025-02-10
FerretTuesday,2025-02-10
Hot-Examination-7224,2025-02-10
FirstFunction6354,2025-02-10
likesharkweek,2025-02-10
MaxxeDoe,2025-02-10
Usual-Mango7295,2025-02-10
Key_Significance7392,2025-02-10
ivieta1,2025-02-10
Cestialskies23,2025-02-10
Own-Grapefruit8609,2025-02-10
Spiritual-Actuary-25,2025-02-10
Drawing_Dangerous,2025-02-10
Dependent_Error3579,2025-02-10
Ill-Literature-2883,2025-02-10
Traditional_Bake917,2025-02-10
wheeljackdc,2025-02-10
duckit2907,2025-02-10
Infamous-Penalty6091,2025-02-10
Slow-Ascender,2025-02-10
Mental-Review296,2025-02-10
bigdickjenny,2025-02-10
MizDeborahWolf,2025-02-10
link2theblast,2025-02-10
Oh__Well_102986,2025-02-10
Asimovs_5th_Law,2025-02-10
TimCritcher,2025-02-10
Hungry-Persimmon-111,2025-02-10
Late-Elderberry5021,2025-02-10
BlackThiccyBB,2025-02-10
Equivalent-Novel-521,2025-02-10
MaxandMoose,2025-02-10
AmbrosiaAndSalt,2025-02-10
Gingerfromabottle,2025-02-10
FarmFrien,2025-02-10
Notamention,2025-02-10
Nearby_While_889,2025-02-10
Practical_Pie4097,2025-02-10
Jumpy-Fun-8574,2025-02-10
MacaronLife8454,2025-02-10
Bazookatier,2025-02-10
BloodFar6422,2025-02-10
ColdWarrior19k,2025-02-10
positronflux,2025-02-10
Mike0oo,2025-02-10
Status-Disk-9018,2025-02-10
Tasty-Savings7358,2025-02-10
Bro-247365,2025-02-10
InevitableFig9214,2025-02-10
collegeqathrowaway,2025-02-10
BetterinCapri,2025-02-10
4dailyuseonly,2025-02-10
ClassicTomato8617,2025-02-10
zamer159,2025-02-10
Strange-Button1355,2025-02-10
CherryElectrical2110,2025-02-10
mexicanpelican,2025-02-10
Mushroom_Flaky,2025-02-10
Lost_Clock_5805,2025-02-10
Alone_Pineapple_7443,2025-02-10
12ga_Doorbell,2025-02-10
Lonely_Replacement68,2025-02-10
prettyprettythingwow,2025-02-10
TravelSnail,2025-02-10
Flatulent_Blueberry,2025-02-10
CommonSense090,2025-02-10
JimWest92,2025-02-10
poayjay07,2025-02-10
Much_Rent_917,2025-02-10
Humanist_2020,2025-02-10
Sammy5136,2025-02-10
QuantityNo3486,2025-02-10
USNeoNationalist,2025-02-10
MammaCat22,2025-02-10
ShadowBlade615,2025-02-10
FedUpWithBeatDown,2025-02-10
erier2003,2025-02-10
LeCaveau,2025-02-10
nishac1179,2025-02-10
zeebly02,2025-02-10
Tasty-Muffin-452,2025-02-10
YoungCheazy,2025-02-10
Foodisgoodmaybe,2025-02-10
LittleJoe321,2025-02-10
Axs_7x,2025-02-10
Due_Policy9957,2025-02-10
MorningstarThe2nd,2025-02-10
rubiporto,2025-02-10
Ok_Measurement_2992,2025-02-10
Educational_Rip_5086,2025-02-10
Beneficial-Estate996,2025-02-10
a2arborite,2025-02-10
whatsabar,2025-02-10
UmweltUndefined,2025-02-10
FederalWorker15982,2025-02-10
WorkQuestions2012,2025-02-10
GeoBluejay,2025-02-10
HugeZookeepergame713,2025-02-10
hanabata_you,2025-02-10
Confident-Week6255,2025-02-10
Cherry-Pop-143,2025-02-10
thenosilla,2025-02-10
Electrical-Cause-738,2025-02-10
yannienyahum,2025-02-10
Southern_West_98,2025-02-10
NeedleworkerWild3005,2025-02-10
KeepOnCluckin,2025-02-10
Pleasant_Influence14,2025-02-10
GreatValue_Mechanic,2025-02-10
Wonderful-Pomelo-238,2025-02-10
InevitableMoose8192,2025-02-10
Few_Butterscotch7911,2025-02-10
posttruthage,2025-02-10
Outrageous_Ad_5682,2025-02-10
aliemalie,2025-02-10
throwyMcTossaway,2025-02-10
marybowes,2025-02-10
wonderwomen007DC,2025-02-10
Icy_Gas1596,2025-02-10
Zanedewayne,2025-02-10
No-Ferret-3249,2025-02-10
TragedyTurnedTriumph,2025-02-10
Ok-Carpenter-5041,2025-02-10
Candid_Document8101,2025-02-10
DivideAmazing4219,2025-02-10
mg757,2025-02-10
Direct_Blood_5551,2025-02-10
GuaranteeAcrobatic41,2025-02-10
Albin4president2028,2025-02-10
steveofthejungle,2025-02-10
EffingNewDay,2025-02-10
Flashy-Nail9515,2025-02-10
Form-Beneficial,2025-02-10
Usual_Record2251,2025-02-10
InterestingChange281,2025-02-10
NoThirdTerm,2025-02-10
hereigohereigo,2025-02-10
four2tango,2025-02-10
Shiny-And-New,2025-02-10
Puppies123123123,2025-02-10
NaduaHammerfist,2025-02-10
RunningOnEmpty1212,2025-02-10
Fickle-Butterfly-405,2025-02-10
voaw88,2025-02-10
No_Professional_8874,2025-02-10
OpeningSharp8593,2025-02-10
Fed-employee-burner,2025-02-10
redlefgnid,2025-02-10
Broad-Olive-4362,2025-02-10
ChipBoring5681,2025-02-10
Far-Fortune2118,2025-02-10
jmclauchlan,2025-02-10
Disobedient-Servant,2025-02-10
Teflontrippy,2025-02-10
jo757_,2025-02-10
MaleficentWay7516,2025-02-10
Difficult_Ad_245,2025-02-10
Outside-Badger301,2025-02-10
kelseymo,2025-02-10
counterhit121,2025-02-11
yhwer,2025-02-11
Warmwatersun,2025-02-11
Quirky-Daikon-3684,2025-02-11
Due-Ad9474,2025-02-11
HpTony396,2025-02-11
PurpleCatBlues,2025-02-11
violadrath,2025-02-11
Immediate-Rush-1042,2025-02-11
Ucfee,2025-02-11
MusicalWrath,2025-02-11
HumptyDumpty1102,2025-02-11
Demharsa,2025-02-11
Low_Football1914,2025-02-11
mishzak,2025-02-11
KennedyKKN,2025-02-11
Smart_Solid_4574,2025-02-11
Rich_Shake8828,2025-02-11
globalhealthveteran,2025-02-11
bluecrab_7,2025-02-11
Ok_Perception4568,2025-02-11
MD_burner,2025-02-11
Necessary_Goat7085,2025-02-11
TiredFed123,2025-02-11
1aanonnonaa1,2025-02-11
returnafterreading,2025-02-11
upptick,2025-02-11
stunk_funky,2025-02-11
Itchy-Gear5591,2025-02-11
blackhorse15A,2025-02-11
hornetsnest2025,2025-02-11
ThrewInAwayIn,2025-02-11
carloselcoco,2025-02-11
LengthinessNo6844,2025-02-11
Present_Ad_1300,2025-02-11
mysonalsonamedbort,2025-02-11
OokiMookeh,2025-02-11
MeRollingMyEyes,2025-02-11
beelzebee,2025-02-11
Dear_Buy3987,2025-02-11
Pissed-n-Stayin,2025-02-11
External-Art29,2025-02-11
LexiLynneLoo,2025-02-11
no_name0192,2025-02-11
Automatic-Total-8650,2025-02-11
blessedveteran,2025-02-11
WisePotatoChip,2025-02-11
DnglMaryQueenofThots,2025-02-11
cartelavalanche,2025-02-11
whassupcuz,2025-02-11
scsunshinegirl,2025-02-11
Unlikely_Youth_9040,2025-02-11
Steven_Pearce,2025-02-11
Glittering-Dig3432,2025-02-11
Ancient_Data_8141,2025-02-11
mzjolynecujoh,2025-02-11
yarmond01,2025-02-11
Odd_Plantain_3137,2025-02-11
Special_Prompt1263,2025-02-11
backyard_tractorbeam,2025-02-11
Same-Net-8256,2025-02-11
throwaway_fed8675309,2025-02-11
dcizzle12,2025-02-11
Chaotic-Goofball,2025-02-11
Left-Name-4013,2025-02-11
wildlingmomma,2025-02-11
Wiseard39,2025-02-11
Soft-Principle1455,2025-02-11
Creepy-Background-62,2025-02-11
Valuable_Pain_7582,2025-02-11
newsspotter,2025-02-11
Unlucky-Bandicoot-10,2025-02-11
Same_Cap_1989,2025-02-11
lefsgim,2025-02-11
SecretUseful4183,2025-02-11
Choice-Building4230,2025-02-11
DoingGood910,2025-02-11
Accomplished-Spot457,2025-02-11
CategoryDense3435,2025-02-11
Dunmer_Sanders,2025-02-11
bf5killstreak,2025-02-11
No-Republic-4268,2025-02-11
bshanny8080,2025-02-11
d-mike,2025-02-11
sneakyowl44,2025-02-11
BlzngSndwch,2025-02-11
hamdelion,2025-02-11
sandbox2010,2025-02-11
Interesting-Order243,2025-02-11
MagicalFrog444,2025-02-11
Life-Town8396,2025-02-11
Globinnyc,2025-02-11
PrudentReality9623,2025-02-11
Silly-Celebration-37,2025-02-11
Tarnisher,2025-02-11
college_kid6,2025-02-11
ObviousApple2341,2025-02-11
SplendaMama,2025-02-11
Mountain-Log9658,2025-02-11
euphoric_shill,2025-02-11
Illustrious-Kiwi8670,2025-02-11
Substantial-Yam-5926,2025-02-11
bleachmeblack,2025-02-11
CuriouslySleep,2025-02-11
Gold-Garbage1054,2025-02-11
dlightfuel,2025-02-11
69Ben64,2025-02-11
Live_Nebula_931,2025-02-11
Ok_Cartographer_4925,2025-02-11
riddledad,2025-02-11
Delicious-Trainer261,2025-02-11
aaronspec,2025-02-11
quiggles1,2025-02-11
ofelevenconfused,2025-02-11
Pandadin,2025-02-11
Spiritual-Bag-1443,2025-02-11
ReplySoft5421,2025-02-11
Any-Requirement2192,2025-02-11
TicketPlenty2024,2025-02-11
Galo-13,2025-02-11
AnotherLabBrat,2025-02-11
Available-Radish-864,2025-02-11
ReplyOk6720,2025-02-11
kwll35,2025-02-11
sospaghettn,2025-02-11
Ro-su07,2025-02-11
Repulsive-Box9931,2025-02-11
WhatsAspergers,2025-02-11
TumbleweedEven4285,2025-02-11
TheRealOrcus,2025-02-11
thedancingpanda2010,2025-02-11
GiraffeLivid4458,2025-02-11
Elseebee,2025-02-11
Emotional-Basket-201,2025-02-11
Alive-Sir-9719,2025-02-11
Salt_Helicopter1982,2025-02-11
sillysandhouse,2025-02-11
Fickle_Strawberry862,2025-02-11
No_Hawk_9590,2025-02-11
Buttercupness,2025-02-11
brodougal,2025-02-11
BrownPelikan,2025-02-11
shzhiz,2025-02-11
No_Engineering_8196,2025-02-11
balanceiskee,2025-02-11
uglyfed,2025-02-11
Mysterious_Rub_1801,2025-02-11
PrototypeBicycle,2025-02-11
sandy_even_stranger,2025-02-11
ConsistentLuck713,2025-02-11
XeroGee14,2025-02-11
PinoyBoyForLife,2025-02-11
No_Ask_150,2025-02-11
BatmanNANANANANANANA,2025-02-11
fyrefighter13,2025-02-11
Physical-Positive-16,2025-02-11
martysalo2239,2025-02-11
kokro13,2025-02-11
Suspicious-Tear1432,2025-02-11
GoldfishHonky,2025-02-11
squint0813,2025-02-11
Loud-Pea26,2025-02-11
National-Writer-6810,2025-02-11
EngineeringWorth98,2025-02-11
PreferenceExtension,2025-02-11
Lost-in-the-USA,2025-02-11
navyorsomething,2025-02-11
Optimal-Kitchen6308,2025-02-11
Awkward-Quality-4698,2025-02-11
Affectionate_Put7413,2025-02-11
Gutkin1127,2025-02-11
AnalystFamiliar51,2025-02-11
sumthingnyce,2025-02-11
NightOwl_103197,2025-02-11
-iamchris,2025-02-11
Inevitable-Detail223,2025-02-11
Little-Apple-8199,2025-02-11
unlimited_mcgyver,2025-02-11
waryeller,2025-02-11
Horror-Bid-8262,2025-02-11
Prior-Tea-3468,2025-02-11
Apprehensive-Crow152,2025-02-11
glazedspirits,2025-02-11
mkc4077,2025-02-11
nasorrty346tfrgser,2025-02-11
mellyjohnson11,2025-02-11
HamandPalm,2025-02-11
Ultravis66,2025-02-11
FUnisbaCK,2025-02-11
Money-Coach-0167,2025-02-11
Blacktiger1691,2025-02-11
Electrical-Cow-5462,2025-02-11
YoungDannyDeVito,2025-02-11
ahornetsnest25,2025-02-11
AnxiousNPantsless,2025-02-11
thefakebecky,2025-02-11
btokeefe,2025-02-11
Hatemyway,2025-02-11
piercesdesigns,2025-02-11
JohnHyattForbes,2025-02-11
xmountaineer,2025-02-11
Iamthepizzagod,2025-02-11
arkstfan,2025-02-11
EducationalGap7657,2025-02-11
Mother_Mae_I,2025-02-11
MST3KGuyDC,2025-02-11
Motor_Yak_5773,2025-02-11
Alassra83,2025-02-11
quantumCollapse,2025-02-11
Grand-Tax-7629,2025-02-11
johnpmacamocomous,2025-02-11
secret8gent81,2025-02-11
Rare-Blackberry-1305,2025-02-11
Practical_Set7198,2025-02-11
forkedout2025,2025-02-11
keko915,2025-02-11
Shoddy-Sun-6084,2025-02-11
Red_Ross28,2025-02-11
Fabulous-Engine-6520,2025-02-11
Scoxxicoccus,2025-02-11
BringAmericaTogether,2025-02-11
Pitiful_Click,2025-02-11
dp7571,2025-02-11
CardinalOfNYC,2025-02-11
NaziPuncher64138,2025-02-11
Sea_Bear_8214,2025-02-11
epididdymus,2025-02-11
Ill-Character-204,2025-02-11
SnowyFinch,2025-02-11
TheWhosWhoOfWhosThat,2025-02-11
caniaskthat,2025-02-11
Much_Opportunity6729,2025-02-11
arcadeliar6,2025-02-11
Subject-Main-7742,2025-02-11
nobadlinks,2025-02-11
sdia1965,2025-02-11
mplogue,2025-02-11
a_la_mode28,2025-02-11
Fun_Tumbleweed_5109,2025-02-11
retiredhawaii,2025-02-11
BarberEmbarrassed915,2025-02-11
Agitated_Passion9219,2025-02-11
Appropriate_Pilot732,2025-02-11
TMNJ1021,2025-02-11
AdmirableTwo2672,2025-02-11
CyxTheDragon,2025-02-11
alrecker,2025-02-11
riverainy,2025-02-11
Any_Comedian_2342,2025-02-11
Electrical_Hamster68,2025-02-11
postmoderns,2025-02-11
Delgattto,2025-02-11
Playful-Abalone-5972,2025-02-11
Any-Acadia-7342,2025-02-11
sumdude155,2025-02-11
Neither_Rise_6993,2025-02-11
EintrachtAdler,2025-02-11
public-hodor,2025-02-11
aiden_malecky,2025-02-11
jstucco,2025-02-12
WeeklyPrize21,2025-02-12
ThrowRA_Valency,2025-02-12
schmo18,2025-02-12
legalburner213,2025-02-12
Sea_You_8178,2025-02-12
giraffebutter,2025-02-12
ElonHatesVets,2025-02-12
dresserplate,2025-02-12
Gullible-Bog-4166,2025-02-12
Outrageous_Ticket472,2025-02-12
FutureReadyMind,2025-02-12
MisterSamtastik,2025-02-12
FreeRangeMenses,2025-02-12
Slap_Monster,2025-02-12
substanceandmodes,2025-02-12
FedsAgainstDOGE,2025-02-12
Sugababy42,2025-02-12
Obvious-Poem-8444,2025-02-12
CJ3262,2025-02-12
Alloted_Alleles23,2025-02-12
HOLDTHELINEFEDS,2025-02-12
Helpful_Fig_3160,2025-02-12
One_Box_8403,2025-02-12
circles_squares,2025-02-12
stochasticsprinkles,2025-02-12
EquivalentPhone8858,2025-02-12
Aslan_14,2025-02-12
Striking_Way_3876,2025-02-12
IB99smadre,2025-02-12
Bubbly-Confection652,2025-02-12
qwerty-game,2025-02-12
DiRT360,2025-02-12
Whoknowsanythingu,2025-02-12
Redbird1927,2025-02-12
ajohnson1590,2025-02-12
GREVTHEFAITHFUL,2025-02-12
PleaseStopTheseNazis,2025-02-12
morgan133,2025-02-12
Embarrassed-Staff639,2025-02-12
Flashy_Swim2220,2025-02-12
Outrageous-Youth-963,2025-02-12
daisy618,2025-02-12
CraftyCorgi470,2025-02-12
Current-Moment8101,2025-02-12
Skywise_Wolfrider,2025-02-12
YTap,2025-02-12
Revolutionary-Use136,2025-02-12
OpenOption1915,2025-02-12
trentsomoney,2025-02-12
millennialmoneyvet,2025-02-12
Throwaway94726214,2025-02-12
biohcr,2025-02-12
Projecting4theBack,2025-02-12
QPASMR,2025-02-12
Veteran-2004,2025-02-12
IOtterBeAsleep,2025-02-12
Kriltson,2025-02-12
Evolutioncocktail,2025-02-12
yungyell_o,2025-02-12
mekniphc,2025-02-12
Lost-Cause4,2025-02-12
PristineTutor8581,2025-02-12
OldLifeHand,2025-02-12
Sea_Formal6144,2025-02-12
Mother-Two4229,2025-02-12
Special_Signal_5864,2025-02-12
Advanced_Reindeer934,2025-02-12
Ok_Box18,2025-02-12
Beneficial-Swim-8923,2025-02-12
Dizzy-Scholar-5792,2025-02-12
Tabbehz,2025-02-12
Longjumping_Yam_6803,2025-02-12
s1s2g3a4,2025-02-12
Temporary-Fold-9466,2025-02-12
blackknight1916,2025-02-12
NoRefrigerator5102,2025-02-12
lettucetalkturkey,2025-02-12
Active-Pudding-7045,2025-02-12
Dont-remember-it,2025-02-12
Defiant_Fun566,2025-02-12
Longjumping_Area_595,2025-02-12
SloMoGro,2025-02-12
breily,2025-02-12
Kwkyo,2025-02-12
JoshMM60,2025-02-12
ForeverCoeus,2025-02-12
Flashy-Law-7195,2025-02-12
Mundane_Onion1429,2025-02-12
Secure-Medicine-1342,2025-02-12
democracytrollfarm,2025-02-12
KlappinMcBoodyCheeks,2025-02-12
Street_Blacksmith701,2025-02-12
Federal-Garage-7460,2025-02-12
Wise-Substance-744,2025-02-12
Vanity_Syx,2025-02-12
Jeff_W1nger,2025-02-12
trixiecomments,2025-02-12
Memetic1,2025-02-12
sharty_mcstoolpants,2025-02-12
misantropo86,2025-02-12
MegaManatee,2025-02-12
Bright-Fun396,2025-02-12
alw425,2025-02-12
xxxx69420xx,2025-02-12
Dizzy_Reporter_3947,2025-02-12
Zestyclose-Vast2081,2025-02-12
nymphetamine-x-girl,2025-02-12
Secure-Turnover3157,2025-02-12
jalfredosauce,2025-02-12
gostchiken,2025-02-12
bullshadow,2025-02-12
Complete_Drive_6033,2025-02-12
lyra_silvertongue92,2025-02-12
PersonalityRare1278,2025-02-12
Nice_Bluejay,2025-02-12
Patient-Run-6854,2025-02-12
AccomplishedPay7433,2025-02-12
DreamChaser1891,2025-02-12
EveyHammondXX,2025-02-12
tookool4skl69,2025-02-12
Onefoot13,2025-02-12
FancyMongoose00,2025-02-12
AdventurousHawk77,2025-02-12
deep_tiki,2025-02-12
LinuxSh3ll,2025-02-12
chaos0xomega,2025-02-12
Future-Sort-1387,2025-02-12
Livid_Twist_5640,2025-02-12
Zestyclose-Jacket498,2025-02-12
mtnchkn,2025-02-12
affogato_,2025-02-12
blueish-okie,2025-02-12
No_Mind3009,2025-02-12
ProduceLonely7441,2025-02-12
sunflowerdazexx,2025-02-12
jasonwang_ipt,2025-02-12
GypsGem,2025-02-12
CompetitiveTrash2924,2025-02-12
quasar_hat_rack,2025-02-12
RocketMoxie,2025-02-12
SAHMR,2025-02-12
FEdart,2025-02-12
Mossimo5,2025-02-12
Background_Panda8744,2025-02-12
Difficult-Flow1157,2025-02-12
Proper_Dog7006,2025-02-12
Due-Gain-4600,2025-02-12
Soft-Ground-9546,2025-02-12
Otherwise_Beat_2767,2025-02-12
Soaring_Albatross,2025-02-12
GreenObjective2937,2025-02-12
wham-bam-maam,2025-02-12
FutureFocusGrim,2025-02-12
Spirited_Canary_9495,2025-02-12
Majestika25,2025-02-12
NowonWon,2025-02-12
ForkYourPhonyBuyout,2025-02-12
staycurioustv,2025-02-12
just_keep_swimming6,2025-02-12
Puzzleheaded_Bus3573,2025-02-12
Catatafeesh1,2025-02-12
Clear_Bit4094,2025-02-12
goodgeology,2025-02-12
Regular_Activity_284,2025-02-12
Kindly-Command5277,2025-02-12
Huge_Ear_4272,2025-02-12
CousinEddie77,2025-02-12
cappymoonbeam,2025-02-12
quoth_teh_raven,2025-02-12
PersestheTitan_,2025-02-12
Kopblocer,2025-02-12
vizier2caliph,2025-02-12
AwkwardCommission,2025-02-12
Possible-Security-69,2025-02-12
NeedleworkerNo4900,2025-02-12
SientoQueMerezcoMas,2025-02-12
Illustrious_Box4080,2025-02-12
sonamata,2025-02-12
TargetSoft1246,2025-02-12
ReporterEv,2025-02-12
This_or_That24,2025-02-12
Timely-Moment417,2025-02-12
Sudden_Owl9305,2025-02-12
Catapants,2025-02-12
Outside_Sleep_2774,2025-02-12
KBilly1313,2025-02-12
Limp-Map6662,2025-02-12
captainporker420,2025-02-12
siegevjorn,2025-02-12
ryanjusttalking,2025-02-12
NoBelt4228,2025-02-12
callmestranger,2025-02-12
idkudk11,2025-02-12
SonofaSpurrier,2025-02-12
Wild_Garlic_6980,2025-02-12
NoRepresentative3913,2025-02-12
Impressive-Drink-336,2025-02-12
StrawberryHibiscuits,2025-02-12
Fat-Leonard,2025-02-12
Dense-Firefighter-51,2025-02-12
Muchwanted,2025-02-12
5N24U,2025-02-12
Insidious_Force,2025-02-12
hereticprimal,2025-02-12
Subie-,2025-02-12
FN-0824,2025-02-12
SenatorAnkitJain,2025-02-12
ecalli,2025-02-12
Osprey_Talon,2025-02-12
Pisco_Therapy_Llama,2025-02-12
Some-Copy7767,2025-02-12
vortex969,2025-02-12
WorkingElectrical846,2025-02-12
Affectionate-Tree398,2025-02-12
iKamille,2025-02-12
Sure-Blueberry4923,2025-02-12
NachoOrdinary,2025-02-12
missswissfishsci,2025-02-12
mynameisgreedy,2025-02-12
80hdis4me,2025-02-12
TARANTULA272,2025-02-12
Ready-Accountant-502,2025-02-12
GunchMaid,2025-02-12
ApprehensiveAioli191,2025-02-12
brachiosaurus_bros,2025-02-12
Raven06510xiety,2025-02-12
InformationReal6006,2025-02-12
LivLafTosterBath,2025-02-12
Small-Ninja1624,2025-02-12
Significant-Week-487,2025-02-12
Background_Pen416,2025-02-12
Chicken_chains,2025-02-12
DefiantSimple6196,2025-02-12
glee212,2025-02-12
Ok-Elderberry8797,2025-02-12
Arthudonry,2025-02-12
Ok_Investigator_3788,2025-02-12
fingernmuzzle,2025-02-12
burnjado,2025-02-12
waynesworld986,2025-02-12
jlwright1234,2025-02-12
Skeptical-Scholar222,2025-02-12
arizonatealover,2025-02-12
FunnyAd740,2025-02-12
corman78,2025-02-12
inRIFferance,2025-02-12
smcp1,2025-02-12
troutdawg89,2025-02-12
TimeNerve5598,2025-02-12
0cotillo,2025-02-12
KotoOmoidasu,2025-02-12
Cheddar56,2025-02-12
realisticandanxious,2025-02-12
Reality_check_rebel,2025-02-12
Individual_Camel5544,2025-02-12
DanasSideWife,2025-02-12
WeekendTraditional35,2025-02-12
blue_berry_bagel,2025-02-12
zuiws,2025-02-12
notmypornacc69,2025-02-12
Available-Plankton-8,2025-02-12
mustang3425,2025-02-12
Conscious_Meaning604,2025-02-12
PhelixDC,2025-02-12
epluribusunum2025,2025-02-12
TheTacoTruck13,2025-02-12
turaform,2025-02-12
777_benotafraid_777,2025-02-12
HouseObvious4681,2025-02-12
TicketSuspicious4980,2025-02-12
Possible-Pear3030,2025-02-12
Nearby_Community5937,2025-02-12
Not_High_Maintenance,2025-02-12
SnooOnions508,2025-02-12
swingingrichard84,2025-02-12
aswiththewild,2025-02-12
nobaddream,2025-02-12
Consistent-Fruit-917,2025-02-12
outerendings,2025-02-13
Avesa,2025-02-13
Less-Hat-4574,2025-02-13
What_Floats_Ur_Goats,2025-02-13
Elegant_Brief_1723,2025-02-13
Far-Ad6483,2025-02-13
Dapper-Matter6754,2025-02-13
Outrageous-Roll-7365,2025-02-13
FedMom01,2025-02-13
Adventurous-Tea-3866,2025-02-13
The5thElement_Boron,2025-02-13
intel1010,2025-02-13
juice_BX,2025-02-13
frank_690,2025-02-13
This_Razzmatazz_,2025-02-13
Mountain_Ad9541,2025-02-13
Capital_Row6048,2025-02-13
Glittering_Let_870,2025-02-13
jeterhunni92,2025-02-13
Fluffy_Let8644,2025-02-13
jdisbenn03,2025-02-13
ManFromPT,2025-02-13
Successful-Radish972,2025-02-13
silenthaz87,2025-02-13
TragicaDeSpell,2025-02-13
pcg87,2025-02-13
trinyolympia0,2025-02-13
bogartedjoint,2025-02-13
Acceptable_Rough_388,2025-02-13
BleppingCats,2025-02-13
Sassy-vet,2025-02-13
Haunting_Ad_5634,2025-02-13
MaladjustedMuppet,2025-02-13
randomhomework,2025-02-13
ageofadzz,2025-02-13
QuackersParty,2025-02-13
RoseBuddMotel1,2025-02-13
Civil_Insurance_4571,2025-02-13
General-Company,2025-02-13
Turquoiseseas,2025-02-13
Hopeful_Net4607,2025-02-13
plebewisdom,2025-02-13
BothBuffalo6022,2025-02-13
dustyapples,2025-02-13
PissedOfFed,2025-02-13
SaveOurShip1776,2025-02-13
Ok_Finger_8533,2025-02-13
Caramel125,2025-02-13
bobbysolar,2025-02-13
No-Catch151,2025-02-13
MuchPreferPets,2025-02-13
punglenhul,2025-02-13
ForkThisCoup,2025-02-13
Graybeard_Shaving,2025-02-13
Alternative-Quiet449,2025-02-13
OkSubstance2862,2025-02-13
No-Apartment-8980,2025-02-13
Democrat666,2025-02-13
nobods2021,2025-02-13
mackteo,2025-02-13
Westfiz,2025-02-13
Tiny_Arrival2934,2025-02-13
Kooky-Dimension-8530,2025-02-13
HoosierIUSB,2025-02-13
BowlerPossible400,2025-02-13
JamaalJalon,2025-02-13
Throwaway24_2,2025-02-13
Empty_Can8192,2025-02-13
NO-RIP2542,2025-02-13
Slayzplayer,2025-02-13
Several-Cucumber-495,2025-02-13
AutogeneratedbyiOS,2025-02-13
Perfect_Ad_6179,2025-02-13
TheeeJayBeee,2025-02-13
TheCliff977,2025-02-13
anonymous4891,2025-02-13
HoneyestBadger,2025-02-13
anti-depressed,2025-02-13
lncognit007,2025-02-13
HugeWealth,2025-02-13
Chowling-Washaling,2025-02-13
ConsciousOffice831,2025-02-13
Starrynight_6075,2025-02-13
Phalaenopsis_Leaf,2025-02-13
zipisy82,2025-02-13
Party-Armadillo-2872,2025-02-13
zoozledoozle,2025-02-13
nahn00m,2025-02-13
CtrlAltDel8D,2025-02-13
Time-Armadillo-5271,2025-02-13
Right_Phase7154,2025-02-13
Complete_Variety_481,2025-02-13
FedAttorney,2025-02-13
Which-Pomegranate-32,2025-02-13
No-Anything8958,2025-02-13
NCTrueLaw,2025-02-13
AznAnthonyRox14,2025-02-13
HSHernandez,2025-02-13
Both-Conversation249,2025-02-13
DormiSaul,2025-02-13
Lickadizzle,2025-02-13
LeewardLiving,2025-02-13
Travis4687,2025-02-13
treesnstuff7788,2025-02-13
No-Recognition9112,2025-02-13
mashpotatodick,2025-02-13
aspiring-pumpkin,2025-02-13
Homersson_Unchained,2025-02-13
ergzay,2025-02-13
Accurate-Bend-2314,2025-02-13
SmartFlounder,2025-02-13
Ruckit315,2025-02-13
CryReasonable8223,2025-02-13
cerseihelena,2025-02-13
Z0idberg_MD,2025-02-13
Present_Intention714,2025-02-13
Correct-Election-812,2025-02-13
Rainbow-White,2025-02-13
DevilWearsKirkland,2025-02-13
ShakeItUpNowSugaree,2025-02-13
genXfed70,2025-02-13
GravelyBike,2025-02-13
Kindly-Pass9782,2025-02-13
Signal_Emergency_961,2025-02-13
Western-River-5055,2025-02-13
akrobert,2025-02-13
MoodAdventurous7584,2025-02-13
Lost_Jello3288,2025-02-13
DogDogCat2024,2025-02-13
Guilty-Audience1315,2025-02-13
BeneficialExam6656,2025-02-13
Klmyr01,2025-02-13
Exact-Reply7492,2025-02-13
everythings-peachy-,2025-02-13
Overall-Fact3996,2025-02-13
unholyxpaladin,2025-02-13
bureaucracynow,2025-02-13
mittychix,2025-02-13
IxMeantxIt,2025-02-13
Pls9887,2025-02-13
E4MafiaOIC75,2025-02-13
spacedotc0m,2025-02-13
Owltiger2057,2025-02-13
Fork_Off7,2025-02-13
hdcase1,2025-02-13
Doener23,2025-02-13
Squall7585,2025-02-13
Substantial-Peach875,2025-02-13
catspongedogpants,2025-02-13
concernedMDfed,2025-02-13
Fit-Clue-4755,2025-02-13
Most-Huckleberry-944,2025-02-13
Actual_Challenge1338,2025-02-13
FridayEveningLights,2025-02-13
non-butterscotch,2025-02-13
GalegoBaiano,2025-02-13
Montyburners,2025-02-13
oh4heatherssake,2025-02-13
TradeoffsNews,2025-02-13
Sensible_bagel,2025-02-13
Iterata2,2025-02-13
Loaded_apathy,2025-02-13
Karyncanbefound,2025-02-13
DONkeyCONCountry,2025-02-13
probablyreadin,2025-02-13
Ok-Elk4485,2025-02-13
Ill_Conflict_5110,2025-02-13
AmangelaSteadfast,2025-02-13
Sonowhat_noworries,2025-02-13
WalrusJazz,2025-02-13
Aggravating_Start_47,2025-02-13
cmburkett92,2025-02-13
Numerous-Board836,2025-02-13
theluzah,2025-02-13
Fun_Breadfruit1548,2025-02-13
namecarefullychosen,2025-02-13
LydiaAtBloomberg,2025-02-13
Spare_Relief_7829,2025-02-13
HonestPomegranate129,2025-02-13
Past-Lavishness6314,2025-02-13
Ok-Camel3350,2025-02-13
Sea-Nothing3977,2025-02-13
Temporary_Sector993,2025-02-13
Murky-Patience-6753,2025-02-13
Old-Swimming7956,2025-02-13
Remote-Ad-2686,2025-02-13
OGPathius,2025-02-13
alphawhiskey189,2025-02-13
Lifeisaquestionmark,2025-02-13
GrandesBollas,2025-02-13
Edslittleworld,2025-02-13
StudentOk4997,2025-02-13
Fit-School1513,2025-02-13
infinitejezebel,2025-02-13
Beginning_Week_2512,2025-02-13
NiteskyNM,2025-02-13
WideAwakeWhiteRose,2025-02-13
FederalVeteran,2025-02-13
We_AreThe_People,2025-02-13
Worried-Fig-7374,2025-02-13
OtheDreamer,2025-02-13
AnxiousAssignment997,2025-02-13
No_Wrap_7541,2025-02-13
No-Requirement-8239,2025-02-13
redditor122322,2025-02-13
CattyWomPusss,2025-02-13
Humble_Emphasis7069,2025-02-13
Majestic-Surround-85,2025-02-13
SeaChef4987,2025-02-13
SlowTries,2025-02-13
marglar990,2025-02-13
Otaku-Girl28,2025-02-13
adventuregill,2025-02-13
Negative-Sugar-8039,2025-02-13
192747585939,2025-02-13
Acrobatic-Student114,2025-02-13
Ulumouse,2025-02-13
Vspeeds,2025-02-13
imspartikus,2025-02-13
No_Interaction_3166,2025-02-13
weesett,2025-02-13
Embarrassed_Act_4576,2025-02-13
Dull-Section9863,2025-02-13
stillraddad,2025-02-13
redsam86,2025-02-13
Ill-Ad456,2025-02-13
Franklyns_Tower,2025-02-13
TimeCardiologist1225,2025-02-13
sailorwerd,2025-02-13
technicolorgirl1,2025-02-13
WhereztheBleepnLight,2025-02-13
FlashyCook4976,2025-02-13
Laura-Meckler,2025-02-13
tablur3,2025-02-13
BatWest9762,2025-02-13
StateAccomplishment,2025-02-13
thefreewheeler,2025-02-13
biologyfedthrowaway,2025-02-13
blackbeltcpa,2025-02-13
slammers00,2025-02-13
Peteybells,2025-02-13
Unhappy_Edge_7669,2025-02-13
flowersbloomer,2025-02-13
leeleecowcow,2025-02-13
Smooth-Demand2701,2025-02-13
Many_Tip_4498,2025-02-13
fedthrowaway8,2025-02-13
MermaidHissyFit,2025-02-13
MoreTemporary6970,2025-02-13
masteme12,2025-02-13
Primary-Process7263,2025-02-13
Loose_Session1425,2025-02-13
DefinitelyMaybe_13,2025-02-13
laurenthemedium,2025-02-13
Mammoth-Region-4052,2025-02-13
Purple-Baseball-4854,2025-02-13
SeaRestaurant6519,2025-02-13
Rfalcon13,2025-02-13
Previous_Fennel_4901,2025-02-13
terrasusan,2025-02-13
SalamanderPossible25,2025-02-13
GeraIt-of-Rivia,2025-02-13
Ok-Imagination4091,2025-02-13
CutleryintheCuldesac,2025-02-13
DrCatalytic,2025-02-13
reddit466,2025-02-13
pattysmokesafatty,2025-02-13
outdoormovieparty,2025-02-13
Gossamer_Condor,2025-02-13
Any_Community_210,2025-02-13
Superb_Distance_9190,2025-02-13
sushihorsie,2025-02-13
Gardenbug64,2025-02-13
ChispaLatina7308,2025-02-13
Apprehensive-Gate992,2025-02-13
Sea-Somewhere6536,2025-02-13
Jaceazula,2025-02-13
tantalizingGarbage,2025-02-13
Air0r,2025-02-13
Euphoric-Sherbet6192,2025-02-13
LingonberryWrong1789,2025-02-13
Advanced-Amount7431,2025-02-13
Maleficent_Gas_8736,2025-02-13
Puzzleheaded-Mix-467,2025-02-13
MujaViking,2025-02-13
Jaded_Ad814,2025-02-13
LateBalance8926,2025-02-13
ForkInYours,2025-02-13
d0croberts,2025-02-13
Ultra_Deep_State,2025-02-13
atrush125,2025-02-13
onrock_rockon,2025-02-13
Damnitface77,2025-02-13
Ok_Bus5113,2025-02-13
Throwaway_Feddies,2025-02-13
ChainKey8341,2025-02-13
Nihilistic_Pigeon,2025-02-13
Status_Commercial509,2025-02-13
FavRootWorker,2025-02-13
Glowinthedarkboi,2025-02-13
TheSouthsMicrophone,2025-02-13
Top_Programmer_44,2025-02-13
IndexCardLife,2025-02-13
Head-Palpitation-150,2025-02-13
Solarsido27,2025-02-13
Character_Drink_5683,2025-02-13
GirlGlitched,2025-02-13
ButterscotchSuper456,2025-02-13
unrelatedwaffle,2025-02-13
Novel_Syllabub1091,2025-02-13
sodonttellscotty,2025-02-13
Fast_Event_7534,2025-02-13
WearyLunch5223,2025-02-13
forestisonfyre,2025-02-13
wolf-of-main-5t,2025-02-13
Chimgan,2025-02-13
Hot_Ad_5319,2025-02-13
Ok_State5255,2025-02-13
kanthandle,2025-02-13
SuperSaydee_28,2025-02-13
Positive-Friend8462,2025-02-13
cscan19,2025-02-13
CryptographerCold521,2025-02-13
Uncle_HD,2025-02-13
Specialist-One-5918,2025-02-13
captain_namek,2025-02-13
QueerPoodle,2025-02-13
geraldinhoe,2025-02-13
After_Challenge_307,2025-02-13
ToL_throwaway007,2025-02-13
ControlAcceptable,2025-02-13
Itwasaboutthepasta,2025-02-13
ssmoody78,2025-02-13
Secure_Fisherman_328,2025-02-13
StressPractical2228,2025-02-13
Imaginary-Dot5387,2025-02-14
DeceptiKHAAAAAN,2025-02-14
upenpaudel,2025-02-14
shoontheconsumer,2025-02-14
SchmeedsMcSchmeeds,2025-02-14
Big_Parma_,2025-02-14
Pedal4potatoes,2025-02-14
Short-Profession6054,2025-02-14
Beneficial-Squirrel2,2025-02-14
No_Perception1080,2025-02-14
Madw0nk,2025-02-14
Practical_Jelly8220,2025-02-14
Georges_Stuff,2025-02-14
JewelzFinazzo28,2025-02-14
arrow74,2025-02-14
Ohreally2025,2025-02-14
Deep_Accountant_1997,2025-02-14
Steady__Gains,2025-02-14
DogsBucolic,2025-02-14
Civicly_minded,2025-02-14
tmahawk,2025-02-14
soggycheetoee,2025-02-14
lemonsqueeeeze,2025-02-14
No-Butterscotch-932,2025-02-14
Expensive_Cattle972,2025-02-14
slagstag,2025-02-14
ExpressPlankton,2025-02-14
JoyaGirl2872,2025-02-14
Gradual_Tardigrade,2025-02-14
Vika2305,2025-02-14
yeahsotheresthiscat,2025-02-14
incensenosense,2025-02-14
acidutopia,2025-02-14
m19m85,2025-02-14
throwaway_worriedfed,2025-02-14
NoReference3721,2025-02-14
Desperate_Breath3082,2025-02-14
yoteonmyboat,2025-02-14
DeclanMoloney99,2025-02-14
onlyonedayatatime,2025-02-14
Accordian-football,2025-02-14
Free-Preference-8318,2025-02-14
Traditional-Fault456,2025-02-14
Interesting-Reply691,2025-02-14
lobhobz,2025-02-14
ASK_DATA,2025-02-14
opsec-enthusiast,2025-02-14
Account7423,2025-02-14
space_constellation7,2025-02-14
Old-Measurement-8033,2025-02-14
MotorAd703,2025-02-14
Independent-House946,2025-02-14
Sneezes-on-babies,2025-02-14
AggressiveWriting656,2025-02-14
Sunflowerf1y,2025-02-14
Vegetable-Business-8,2025-02-14
Enough_Creme1533,2025-02-14
Shesoleo,2025-02-14
labhamster2,2025-02-14
Expensive-Ninja-5210,2025-02-14
Feisty-Web5901,2025-02-14
Ok_Credit7962,2025-02-14
stock-prince-WK,2025-02-14
wherethamoneyreside,2025-02-14
jbcsworks,2025-02-14
Nexus03,2025-02-14
lavender_8497,2025-02-14
DayOk2443,2025-02-14
OIMamaLion,2025-02-14
Difficult_Honeydew30,2025-02-14
Most_Assignment6574,2025-02-14
bearposters,2025-02-14
Lazy_Push3571,2025-02-14
hashbang0,2025-02-14
Smelly_paws,2025-02-14
Existing-Tourist603,2025-02-14
CraftyProposal6701,2025-02-14
Soft_Particular6414,2025-02-14
Away-Ebb241,2025-02-14
Kale_Earnhart,2025-02-14
WanderWithIntent,2025-02-14
X1Dog,2025-02-14
Eastern_Ad6117,2025-02-14
ProfessionalBill1592,2025-02-14
ConfusedApplicant9,2025-02-14
Albino_Butterfly,2025-02-14
GardeniaRoseViolet,2025-02-14
Jazzlike_Lab2388,2025-02-14
Diligent-Band-248,2025-02-14
Unwisely_Chosen_Name,2025-02-14
Affectionate-Peanut3,2025-02-14
JustRandomJason,2025-02-14
salvofalcon,2025-02-14
Spuddle-Puddle,2025-02-14
Ambitious_Battle9161,2025-02-14
Outside_Being6786,2025-02-14
Hot_Lynx2839,2025-02-14
johnson336,2025-02-14
HolidayBowler112,2025-02-14
Jemimapuddleduck126,2025-02-14
Right_Branch1258,2025-02-14
defkatatak,2025-02-14
Klutzy_Inevitable280,2025-02-14
snickerzz,2025-02-14
GaltTaggart2028,2025-02-14
AROCAD,2025-02-14
jgwell14,2025-02-14
TA_Anon2501,2025-02-14
TheMainAlternative,2025-02-14
DisfunctionalVet97,2025-02-14
singingalltheway,2025-02-14
tazmommy,2025-02-14
LogBeautiful3527,2025-02-14
we_are_not_throwaway,2025-02-14
thatscorpioboy,2025-02-14
MtIcculus,2025-02-14
taverentuurtle,2025-02-14
NOPURSUITTODAY,2025-02-14
smalz99,2025-02-14
Mission_Crazy_6693,2025-02-14
Seaweed_893,2025-02-14
BeePsychological3601,2025-02-14
matterofFIMProse,2025-02-14
Bman282828,2025-02-14
Timely-Peak9310,2025-02-14
Head_Adeptness_3752,2025-02-14
flimsyrodeo,2025-02-14
pissesmeoff2,2025-02-14
Specialist_Sir7901,2025-02-14
AwkwardRooster2388,2025-02-14
DifferentGear9,2025-02-14
liftedmk7,2025-02-14
Large-Potential9156,2025-02-14
panadrooprincess3385,2025-02-14
Dogsandcoffee360,2025-02-14
IveNoClueWhyImHere,2025-02-14
Super_Lawyer_8820,2025-02-14
MarvelousMaizel22,2025-02-14
Character_Throat4397,2025-02-14
No-Data7853,2025-02-14
ProfessionalCrow6649,2025-02-14
Fluffy_Pass-567,2025-02-14
renegadevader,2025-02-14
indoorsnail,2025-02-14
mechamantis,2025-02-14
Local_Perception8562,2025-02-14
IamNotOK69,2025-02-14
No_Reaction_2559,2025-02-14
Surriyathebarbarian,2025-02-14
Key-Drink-6478,2025-02-14
Disastrous_Bar_6310,2025-02-14
elvarg9685,2025-02-14
Specialist_Pea_656,2025-02-14
Potential_Gap_1895,2025-02-14
Pleasant_Wallaby_955,2025-02-14
wumbologist24,2025-02-14
Mountain-doxie,2025-02-14
No_Promise_1728,2025-02-14
XLUFFX77,2025-02-14
Calm_Following_3745,2025-02-14
greatnessonlyordie,2025-02-14
SimpleEvil,2025-02-14
RoundAccomplished558,2025-02-14
datpakithunder1,2025-02-14
Future_Loss9733,2025-02-14
Mysterious_Time_9776,2025-02-14
Longjumping_Royal718,2025-02-14
pseudo-archimedes,2025-02-14
Icy-Name-1394,2025-02-14
ChipperChickadee568,2025-02-14
Dangerous-Zebra4373,2025-02-14
ynfive,2025-02-14
RangerSESE,2025-02-14
HypeKitty,2025-02-14
JulioVillaVillaLobos,2025-02-14
salty-carthaginian,2025-02-14
Responsible-Towel504,2025-02-14
matt-the-dickhead,2025-02-14
outflow,2025-02-14
easy-2,2025-02-14
notthatalice0,2025-02-14
ExaminationCool3145,2025-02-14
RIdealist345,2025-02-14
Educational_Pick406,2025-02-14
Traditional-Mess-313,2025-02-14
FoxEducational3951,2025-02-14
forwhatitsworrh,2025-02-14
Calm-Pizza6938,2025-02-14
DepressedFed,2025-02-14
ComplexEstimate860,2025-02-14
JimmyLegalTech,2025-02-14
momasana,2025-02-14
-UsernameCreated-,2025-02-14
Positive-Maize5556,2025-02-14
gnomekingdom,2025-02-14
Simple-Sound6002,2025-02-14
Wild-Education-73,2025-02-14
crazymjb,2025-02-14
RegretParticular5091,2025-02-14
GoingSomewhereRU,2025-02-14
Excellent_Treat_3842,2025-02-14
Dapshunter,2025-02-14
boofy33,2025-02-14
SweetAddress5470,2025-02-14
Few_Complex8232,2025-02-14
Ultra-Instinct-Gal,2025-02-14
Manon_Lives,2025-02-14
PTSDisorderlyConduct,2025-02-14
Due_Duck4877,2025-02-14
InterestingQuality69,2025-02-14
Glass_Cattle_3722,2025-02-14
Big_Half_516,2025-02-14
notthatfallschurch,2025-02-14
NastySavageSkates,2025-02-14
destinationdadbod,2025-02-14
Certain-Intern7096,2025-02-14
SuperDadBW,2025-02-14
WearOk4875,2025-02-14
spaghetti_nachoz,2025-02-14
pythiper,2025-02-14
Shetlan,2025-02-14
CoolBiz20,2025-02-14
UncuriousCrouton,2025-02-14
daisymoth9,2025-02-14
surfingjet,2025-02-14
Sufficient-Pool-9633,2025-02-14
Willing_Knee9679,2025-02-14
Ill_Reception_3334,2025-02-14
Due_Advisor_2011,2025-02-14
Pettingallthepups,2025-02-14
ElioEilo,2025-02-14
PearShapedBaby14,2025-02-14
knottajotta,2025-02-14
OhmFedTempAccount,2025-02-14
YamSeveral6577,2025-02-14
Glass_Bid_1877,2025-02-14
imYoManSteveHarvey,2025-02-14
throwawaydumptruck25,2025-02-14
Agitated-Cake7391,2025-02-14
NightoneSix,2025-02-14
fretlessMike,2025-02-14
Specialist_Cup9979,2025-02-14
Brave-Coffee-5203,2025-02-14
oddities_satisfy,2025-02-14
ckathleen1993,2025-02-14
MapCharacter71,2025-02-14
starlasixx,2025-02-14
96384746,2025-02-14
TransportationSea365,2025-02-14
Relative-Effect2105,2025-02-14
Dirk-LaRue,2025-02-14
Mundane-Stranger-727,2025-02-14
haleyb901,2025-02-14
No_Brother_5825,2025-02-14
Impossible_Cup_9837,2025-02-14
zaydia,2025-02-14
Rural-Camphost,2025-02-14
Dogthraki,2025-02-14
dellive,2025-02-14
Orncela2077,2025-02-14
photorganic,2025-02-14
Suspicious_Brush824,2025-02-14
AngryUpvotesOnly,2025-02-14
throwaway8472649,2025-02-14
These_Psychology4744,2025-02-14
Accomplished-Ad6217,2025-02-14
Hungry-Television-37,2025-02-14
Fedaccount123,2025-02-14
fedkyat,2025-02-14
throwaway5402039,2025-02-14
Jumpy-Coffee-Cat,2025-02-14
fedup_w_bs,2025-02-14
Samuel_Socks,2025-02-14
Top-Shop-9305,2025-02-14
rosy_fingereddawn,2025-02-14
Designer_Face_4062,2025-02-14
Thick-Researcher9270,2025-02-14
optotech0417,2025-02-14
ruttabagarubbarb,2025-02-14
biggus-nikus,2025-02-14
Extra-Snow4316,2025-02-14
german_dragoon,2025-02-14
GreenOlives1111,2025-02-14
CowFrosty6198,2025-02-14
poofgoesmyjob,2025-02-14
wikiwawa69,2025-02-14
HandJobWakeUp,2025-02-14
Olds1967,2025-02-14
Artistic_Respect2229,2025-02-14
dehdeeohs,2025-02-14
OGBRoutlaw,2025-02-14
M119tree,2025-02-14
No-Tour1147,2025-02-14
DiscombobulatedPin28,2025-02-14
Regular-Position-679,2025-02-14
ick86,2025-02-14
Famous-Adeptness-224,2025-02-14
billybadass-99,2025-02-14
bb0521,2025-02-14
Man_Behin_Da_Curtain,2025-02-14
Maximiz1ng,2025-02-14
crystalizedmidnight,2025-02-14
mjgrace002,2025-02-14
Scary_Plankton9183,2025-02-14
FrostingOutside5760,2025-02-14
Agreeable-Phrase-659,2025-02-14
Dvrgrl812,2025-02-14
Kevbucket,2025-02-14
Available_Research89,2025-02-14
unspokencoiler,2025-02-14
Impressive-Judgment3,2025-02-14
RamFan2038,2025-02-14
BirdLizardFloof,2025-02-14
KingObrien1984,2025-02-14
Interesting_Okra3038,2025-02-14
justdeanbowlyou,2025-02-14
asshatclowns,2025-02-14
Cost-Potential,2025-02-14
Feisty-Hope9260,2025-02-14
Electronic-Ad5198,2025-02-14
mnkctl,2025-02-14
mesamis2013,2025-02-14
Stupid_Minutiae,2025-02-14
Internationalgirl25,2025-02-14
pinksunset47,2025-02-14
Livid-Yam-405,2025-02-14
frydfrog,2025-02-14
brutusbuckmart,2025-02-14
Bunz-Glazing,2025-02-14
Dear_Manufacturer457,2025-02-14
Magnus_Wonderbrain,2025-02-14
BlindGirlSees,2025-02-14
Comfortable_Fig9695,2025-02-14
Opening_AI,2025-02-14
Sad_Manufacturer_,2025-02-14
anon123456789123345,2025-02-14
ConstantMuted2353,2025-02-14
Next_Mastodon_1018,2025-02-14
RecommendationOk8324,2025-02-14
ChipRepresentative67,2025-02-14
Simple_Topic_4581,2025-02-14
Ok_Effort5267,2025-02-14
transgendah_,2025-02-14
Ok_Focus_4975,2025-02-14
CandidFly1420,2025-02-14
BeneficialBamboo,2025-02-14
ravel-bastard,2025-02-14
DownvoteYoo,2025-02-14
ICanBeYourHIROOBaby,2025-02-14
Difficult_Stand8525,2025-02-14
Consistent_Spell_537,2025-02-14
No-Gold-1793,2025-02-14
GhostofKoch,2025-02-14
luke_in_geneq,2025-02-14
Round_Wasabi103,2025-02-14
JimmyCBoi,2025-02-14
TumbleweedSilver4358,2025-02-14
LeftyQK,2025-02-14
CollectionDue650,2025-02-14
StupidMinutiae,2025-02-14
Pootang_Wootang,2025-02-14
PubliusDogood,2025-02-14
sonofhelio,2025-02-14
Dante-vious,2025-02-14
Dreaa_H,2025-02-14
ShaneXtopher,2025-02-14
Hafiz_TNR,2025-02-14
UneventfulAnimal,2025-02-14
No-Customer9305,2025-02-14
shiftymom,2025-02-14
Action96,2025-02-14
BoldBeloveds,2025-02-14
Party-Smile-2667,2025-02-14
AO-Sexton,2025-02-14
Finl_Corp_Legal,2025-02-14
Absurdll,2025-02-14
Dear_Conflict_8256,2025-02-14
Crutchduck,2025-02-14
kaora77,2025-02-14
Zealousideal-Wish380,2025-02-14
Young_Hegelian,2025-02-14
MotoMoto30,2025-02-14
MoodyBlue78,2025-02-14
Uhhhhhhhh111,2025-02-14
MiddletownBooks,2025-02-14
Andorion,2025-02-14
MustyGooch34,2025-02-14
No-Kaleidoscope-493,2025-02-14
Least_Barracuda6351,2025-02-14
Probably-Important,2025-02-14
Individual_Donut99,2025-02-14
Speshulted,2025-02-14
dunebuggy1973,2025-02-14
ToastedButta,2025-02-14
InappropriateProp,2025-02-14
NWCJ,2025-02-14
what_is_a_yute,2025-02-14
Gr0guDjarin,2025-02-14
lucyktlou,2025-02-14
Elegant-Drama6756,2025-02-14
Humble_Cow59,2025-02-14
BeanSproutAK,2025-02-14
Short-Acanthisitta24,2025-02-14
mayag-axios,2025-02-14
rodentbotfly,2025-02-14
constantHeadache1,2025-02-14
Huge_Divide_2239,2025-02-14
Icy-Economy-665,2025-02-14
Accomplished-Staff32,2025-02-14
nahimgood14,2025-02-14
glaguna17,2025-02-14
KizmetChaosGoblin,2025-02-14
EmpOfTheMonth,2025-02-14
Lazy_Valuable_1805,2025-02-14
Cgamting,2025-02-14
lordofthestorm2,2025-02-14
bitnotgoodyeah,2025-02-14
Alarming_Mongoose_54,2025-02-14
tossacross9999,2025-02-14
coffeesnub,2025-02-14
50501PA,2025-02-14
No_Government_8726,2025-02-14
AnonymousHaterade,2025-02-14
8iyamtoo8,2025-02-14
Bright-Elements-254,2025-02-14
SherbetProper6094,2025-02-14
bootsthepancake,2025-02-14
ContentAppeal2445,2025-02-14
CartographerReal3168,2025-02-14
YogurtclosetWitty733,2025-02-14
Brave-Panic7934,2025-02-14
AlarmingWafer1558,2025-02-14
CrazySea2289,2025-02-14
Montanaeer,2025-02-14
PW_777,2025-02-14
riverotterpal,2025-02-14
Intelligent_Fix_485,2025-02-14
LastSpinach6705,2025-02-14
Affectionate-King366,2025-02-14
CivilPE2001,2025-02-14
DeliciousAd4139,2025-02-14
dearwhitestaffers,2025-02-14
IEatTehUranium,2025-02-14
Athlete-Unlucky,2025-02-14
CrabPerson13,2025-02-14
Desperate_Notice4731,2025-02-14
OddNastySatisfaction,2025-02-14
Slight-Recording-828,2025-02-14
Mucay,2025-02-14
NiceUD,2025-02-14
Wise-Ad2843,2025-02-14
Mikeandikeman,2025-02-14
Soft_Ad_1098,2025-02-14
artistic_vandelay,2025-02-14
ChampionCompetitive2,2025-02-14
AlwaysAskingYou,2025-02-14
Starla987,2025-02-14
switchbladecomb2,2025-02-14
lilbear0,2025-02-14
Correct_Review7697,2025-02-14
GirlMom929,2025-02-14
Great_4943,2025-02-14
Curious-List-9360,2025-02-14
Smooth-m,2025-02-14
RoboTronPrime,2025-02-14
specialfriends25,2025-02-14
shlybluz,2025-02-14
No-Interest-3755,2025-02-14
bling___,2025-02-14
Sensitive_Mission802,2025-02-14
kelbel7003,2025-02-14
Nearby-Pen-8420,2025-02-14
Friendly_Phrase7706,2025-02-14
BoringAcctThrowAwy,2025-02-14
Impressive-Crew-5745,2025-02-14
BayRunner,2025-02-14
Icy-Marionberry504,2025-02-14
i_need_a_username201,2025-02-14
CapitalDot6858,2025-02-14
rasheed3030,2025-02-14
spoopybean,2025-02-14
Personal-Wasabi4189,2025-02-14
Username_1557,2025-02-14
Busy_Highlight_6541,2025-02-14
LeaderOrnery1481,2025-02-14
somebody_elsewhere,2025-02-14
Prestigious-Egg625,2025-02-14
Stay_Good_Dog,2025-02-14
Total_Concern599,2025-02-14
Fun-Supermarket-449,2025-02-14
PublicRadioReporter,2025-02-14
Macdaddymav,2025-02-14
mnlaserguy,2025-02-14
stretchy_pajamas,2025-02-14
Accomplished-Ad4926,2025-02-14
chooseurfighter23,2025-02-14
PNWJessica,2025-02-14
berryshortcakeee,2025-02-14
RealCantaloupe6692,2025-02-14
Choppadadon,2025-02-14
Flimsy-Conference787,2025-02-14
clumsywordsescape,2025-02-14
attempted_intellect,2025-02-14
__teeheehee,2025-02-14
Objective-Orchid-206,2025-02-14
FedWorkersUnite,2025-02-14
Live_Spite_3653,2025-02-14
jeep-olllllo,2025-02-14
After-Language9518,2025-02-14
Throwaway_George58,2025-02-14
copaceticlife,2025-02-14
Stunning_Lie3453,2025-02-14
grey_shieldmaiden,2025-02-14
FragrantWaltz2879,2025-02-14
mokat13,2025-02-14
Amilliontoads,2025-02-14
landlocked_kook,2025-02-14
weather144,2025-02-14
ihavefeelings2,2025-02-14
Dr_Doctor_Doctor_MD,2025-02-14
FireIndeedHot_,2025-02-14
Khemistry067,2025-02-14
MembershipWeird3773,2025-02-14
Far_Selection4751,2025-02-14
Skrunkadunk,2025-02-14
TrunkParty,2025-02-14
idkidkidkwhatisthis,2025-02-14
Traditional-Plant706,2025-02-14
NoPersonality7889,2025-02-14
Federal-Poetry3531,2025-02-14
crimeo,2025-02-14
Other_Instruction_76,2025-02-14
PhatYeeter,2025-02-14
Cowboyhatanduggboots,2025-02-14
HIBudzz,2025-02-14
padutchranger,2025-02-14
JustTheFishGirl,2025-02-14
Significant_Window_8,2025-02-14
cewphoon,2025-02-14
Old_Nose_2224,2025-02-14
UnderHisEyeVHA,2025-02-14
throwaway563957,2025-02-14
Fighting4Rights,2025-02-14
Ok_Necessary_4022,2025-02-14
SKADOOSH_713,2025-02-14
optionalkindness,2025-02-14
Harpua-2001,2025-02-14
Strict-Cupcake-5127,2025-02-14
Ok_Design_6841,2025-02-14
smdscomics,2025-02-14
RunInitial719,2025-02-14
KrabbyPattyParty,2025-02-14
Fatwadslim,2025-02-14
Yankee-foxfan,2025-02-14
Ltheory529,2025-02-14
Twentythousandbeans,2025-02-14
Hungry-Succotash-643,2025-02-14
Thin-Acanthisitta625,2025-02-14
Status-Ad1130,2025-02-14
Silver_Unit_8960,2025-02-14
No-Condition933,2025-02-14
Born-Sun-2502,2025-02-14
Successful_Read_6272,2025-02-14
Ill_Cellist5670,2025-02-14
WinterRye,2025-02-14
Large_Television_878,2025-02-14
FedUpFed1,2025-02-14
Independent_Wind1270,2025-02-14
Successful-Command61,2025-02-14
MinimumGreedy6323,2025-02-14
Low_Confusion_7680,2025-02-14
Savings_Pear404,2025-02-14
Difficult_Soil_852,2025-02-14
Ok_Divide1257,2025-02-14
Bread_Stapler,2025-02-14
rocklover7473929,2025-02-14
UnitedFedsResistance,2025-02-14
HobbitSoldier0390,2025-02-14
kugisaki_nobaraa,2025-02-14
howanonymousisthis,2025-02-14
No-Appointment6711,2025-02-14
Altruistic_Range2815,2025-02-14
HereToStay1983,2025-02-14
Jaguar_That,2025-02-14
No-General6959,2025-02-14
Missus-Robinson,2025-02-14
OverlordActua1,2025-02-14
MLmecha,2025-02-14
fudgedup---,2025-02-14
Eat-shit-reddit-,2025-02-14
Curious_Bat3451,2025-02-14
Aggravating-Yam-9080,2025-02-14
Yumi1776,2025-02-14
Jerrell123,2025-02-14
Wonderful_Camera_401,2025-02-14
pat1usmc2,2025-02-14
PitchforkzAndTorchez,2025-02-14
Snoozin5838,2025-02-14
Wasian1022,2025-02-14
bear-killa,2025-02-14
danrachann,2025-02-14
WishIWasntHere0711,2025-02-14
unhpian,2025-02-14
mattkimsuh,2025-02-14
F-Elonfelon,2025-02-14
pccasey,2025-02-14
Different_Ask1352,2025-02-14
AdOtherwise3824,2025-02-14
unionmadewolf,2025-02-14
Spare_Scratch_5294,2025-02-14
PuzzlingPolyphemus,2025-02-14
house_of_mathoms,2025-02-14
ncnyrk,2025-02-14
Salvador19900710,2025-02-14
AwkwardAbalone6043,2025-02-14
ducknuts1,2025-02-14
BluestreakBTHR,2025-02-14
telemakos64,2025-02-14
Smart-Emu5884,2025-02-14
FedBio3,2025-02-14
War_Turtle_,2025-02-14
Dokidokipunch,2025-02-14
BaldyTheScot,2025-02-14
Powerful-Paint-4314,2025-02-14
Goldenhour1227,2025-02-14
theSoujourner144,2025-02-14
nothingandnoone1800,2025-02-14
StandardAd9028,2025-02-14
Selkirkslim,2025-02-14
No-Course-809,2025-02-14
Ok-Manufacturer-2141,2025-02-14
Deblozay2025,2025-02-14
chems4beller,2025-02-14
UpstairsElectronic46,2025-02-14
effapple,2025-02-14
brushfirefred,2025-02-14
Quiet_Bison6418,2025-02-14
researchanalyzewrite,2025-02-14
Odd_Tear_3861,2025-02-14
Th0rn_Star,2025-02-14
Ambitious_Height_201,2025-02-14
Ok-Childhood8574,2025-02-14
User_name_lame,2025-02-14
External-Yak5576,2025-02-14
mac597,2025-02-14
SuperSituation3278,2025-02-14
Impressive_Energy264,2025-02-14
Lager89,2025-02-14
Moldcultivator,2025-02-14
Ferg1210,2025-02-14
Bill_Brasky79,2025-02-14
OkJacket4155,2025-02-14
NOT_THE_DROIDS_,2025-02-14
Hungry-Flan1732,2025-02-14
Novel_Class_1063,2025-02-14
LocusChar,2025-02-14
adrianisaviking,2025-02-15
Mrhiero,2025-02-15
MdeupUsernme,2025-02-15
hoolarious,2025-02-15
Any_Equivalent_3494,2025-02-15
Ok-Wish8214,2025-02-15
Own_Swordfish_1894,2025-02-15
paxcarole,2025-02-15
quirkyfemme,2025-02-15
FarmerHuge4749,2025-02-15
Affectionate-Roof-79,2025-02-15
Own_Phone_6739,2025-02-15
CoupleIntelligent335,2025-02-15
lawstressthrowaway,2025-02-15
Friendly-Isopod2570,2025-02-15
Just-Boysenberry3861,2025-02-15
One_Caregiver_5176,2025-02-15
Sweetcheeks1814,2025-02-15
Jaded_Ad9924,2025-02-15
GroveResident,2025-02-15
Speak-Hardy,2025-02-15
ParticularOk2684,2025-02-15
Suspicious-One-1260,2025-02-15
Strange_Share2513,2025-02-15
alessa002,2025-02-15
Hypoluxa77,2025-02-15
GhostReaderDC,2025-02-15
Mediocre-Cucumber504,2025-02-15
Taliax13,2025-02-15
FreedomFridayGMan,2025-02-15
hiking_mike98,2025-02-15
Abject_Confusion_680,2025-02-15
dental282,2025-02-15
olewmd,2025-02-15
throwawayredditor145,2025-02-15
WereFlyingOverTrout,2025-02-15
Mr_Nobody010102,2025-02-15
NovaRoamer,2025-02-15
KaleidoscopeOdd2034,2025-02-15
mrkutey,2025-02-15
FreemiumMason,2025-02-15
cyberhyped,2025-02-15
Savings_Cat_7207,2025-02-15
ProfessionalBank60,2025-02-15
Difficult-Ad569,2025-02-15
knittingfun_3,2025-02-15
madame_dhhs,2025-02-15
blakebub3000,2025-02-15
Upbeat-Willow4635,2025-02-15
iceyfire3076,2025-02-15
pprincespeachh,2025-02-15
Smeargle1ChooseU,2025-02-15
Dense-Hair-9524,2025-02-15
chuckles11,2025-02-15
Rouvy4Fun,2025-02-15
hmmm4667,2025-02-15
Mundane-Reporter2578,2025-02-15
BisonRevolutionary68,2025-02-15
Upstairs-Reporter-33,2025-02-15
doggiewithabadname,2025-02-15
SavingsInterest654,2025-02-15
Cali_redhead,2025-02-15
Angry_Fed,2025-02-15
Notoriginalname84,2025-02-15
amelie190,2025-02-15
KindaLeftOfCentre,2025-02-15
FinanceNo5186,2025-02-15
Open_Implement2254,2025-02-15
MizLadyFlames,2025-02-15
Realistic-Plant3957,2025-02-15
ConfusionCritical919,2025-02-15
leathercake12,2025-02-15
No-Skill3291,2025-02-15
Eastern-Ad-1652,2025-02-15
markbbatch,2025-02-15
FireTracker2024,2025-02-15
MyLittlePoneh,2025-02-15
Conseque,2025-02-15
lankybloos,2025-02-15
woodworks1234,2025-02-15
section168,2025-02-15
Virtual_Eagle_3831,2025-02-15
Disastrous_Loss_1241,2025-02-15
Avocado_Isle,2025-02-15
sSQUAREZ,2025-02-15
lxhuggins1989,2025-02-15
Far_Eye_8217,2025-02-15
West-Good-1083,2025-02-15
Electronic-Ask3703,2025-02-15
SensitiveRip3303,2025-02-15
krantakerus,2025-02-15
SongRationing,2025-02-15
Own_Highlight_6796,2025-02-15
ladyofthedeer,2025-02-15
liveda4th,2025-02-15
LankyFace568,2025-02-15
FrostyRussian,2025-02-15
Ok_Tiger_4132,2025-02-15
Apprehensive-Bed9803,2025-02-15
bohochill,2025-02-15
I_like_kittycats,2025-02-15
ShoulderTerrible8707,2025-02-15
Jurassic_ParkRanger,2025-02-15
railroadpants,2025-02-15
Disastrous_Guava_706,2025-02-15
Iluvmypetrok,2025-02-15
AGirlGeek,2025-02-15
Smart-Win7968,2025-02-15
Neither-Picture-7421,2025-02-15
FedSpoon,2025-02-15
marshmallowsarespicy,2025-02-15
QanAhole,2025-02-15
Traditional_Sale_615,2025-02-15
Southern_Ad_5308,2025-02-15
Superb-Watch9471,2025-02-15
DownrangeSyndrome,2025-02-15
Complete-Gain-908,2025-02-15
Daetra,2025-02-15
Solid-Pride,2025-02-15
slothrock,2025-02-15
Last_Baker7437,2025-02-15
AnalogDreams-,2025-02-15
Friendly_Hotel_8022,2025-02-15
Appropriate_Item6602,2025-02-15
Ok-Pickle490,2025-02-15
Existing-Resist-9044,2025-02-15
djy887,2025-02-15
bigbear_truthordare,2025-02-15
Facilities_Throwaway,2025-02-15
apostropheees,2025-02-15
brnt00,2025-02-15
pf-learner,2025-02-15
Legal-Alarm-1981,2025-02-15
Sufficient_Deer_4626,2025-02-15
Necessary_Nobody_173,2025-02-15
OkMine1247,2025-02-15
a-soul-out-there,2025-02-15
bunsenburner0,2025-02-15
Independent_Pie_4643,2025-02-15
Defy_Donocracy,2025-02-15
spoofdittywoop,2025-02-15
Lumpy-Baseball5706,2025-02-15
Many-Rhubarb-6394,2025-02-15
ladykatie2020,2025-02-15
OptOutToday,2025-02-15
Waterpark_Enthusiast,2025-02-15
Outside_Simple_217,2025-02-15
No_Product2436,2025-02-15
hereforlulziguess,2025-02-15
Rich_Low8283,2025-02-15
mannywood8,2025-02-15
SDFprowler,2025-02-15
Pretend-Beyond3946,2025-02-15
ElectricalAmount1161,2025-02-15
thinkB4WeSpeak,2025-02-15
New_Error_2331,2025-02-15
smilingtwilight,2025-02-15
taverenturtle4,2025-02-15
Double_Engine2619,2025-02-15
Special-Shock-8721,2025-02-15
Last-Help3459,2025-02-15
nkcrown,2025-02-15
AttemptCreepy6313,2025-02-15
deliriouslyinspiring,2025-02-15
dejames52,2025-02-15
Temporary_Capital_87,2025-02-15
Extension_Answer_340,2025-02-15
Extension_Pace_6186,2025-02-15
NoEquipment1834,2025-02-15
BrutalKindLangur,2025-02-15
Fearless-Pop-1159,2025-02-15
Remote-Childhood-261,2025-02-15
endgame217,2025-02-15
No-Day7628,2025-02-15
Gold-Quarter-8536,2025-02-15
toga_hart32,2025-02-15
DueKroto,2025-02-15
WB_Wright,2025-02-15
Uhohtallyho,2025-02-15
Fair-Lingonberry-248,2025-02-15
freeasyousay,2025-02-15
nativestrongwarrior,2025-02-15
Forsaken_Nerve_1970,2025-02-15
Fretful_Squirrel,2025-02-15
AgentKirby541,2025-02-15
vetxvet,2025-02-15
CrabConscious99,2025-02-15
Throwaway921845,2025-02-15
nutslichi,2025-02-15
sourbeer51,2025-02-15
Arzhan,2025-02-15
Sea_Wheel4321,2025-02-15
Sominus,2025-02-15
TurbulentWar1679,2025-02-15
ImpossibleElk9171,2025-02-15
crazyclownman,2025-02-15
treqiheartstrees,2025-02-15
JRegerWVOH,2025-02-15
ccl01,2025-02-15
Ill-Act8642,2025-02-15
Top-Classroom3984,2025-02-15
Own_Highway_648,2025-02-15
X51_cmiguana,2025-02-15
Visible_Turnover3952,2025-02-15
RocketfuelNSweetTea,2025-02-15
imthebet,2025-02-15
Practical_Lawyer_869,2025-02-15
MisterChesterZ,2025-02-15
EphemeralSteel,2025-02-15
lokipick,2025-02-15
WorthGrouchy4960,2025-02-15
LavenderBloomings,2025-02-15
Monty-Man-X76,2025-02-15
Lazygovtemployee1776,2025-02-15
Brave-Future4125,2025-02-15
Journo_514,2025-02-15
SureObjective3241,2025-02-15
Firedog9999,2025-02-15
Unlikely-Bike-5216,2025-02-15
Historical-Team-9687,2025-02-15
HuckleberryOther5887,2025-02-15
Sad_Librarian6062,2025-02-15
Routine-Anywhere7175,2025-02-15
TheGunfighter7,2025-02-15
Unfair_Ad_6049,2025-02-15
beesintrees194,2025-02-15
lilnate112,2025-02-15
LandscapePortrait,2025-02-15
garbel1234,2025-02-15
wharfspider,2025-02-15
farfarthrown,2025-02-15
atomic_puppy,2025-02-15
Different_Fly8426,2025-02-15
Spiritual_Tell680,2025-02-15
Gogirltrish2406,2025-02-15
xtopher31131,2025-02-15
Infamous_Scar_3317,2025-02-15
Some-Combination-488,2025-02-15
Signal_Limit_1596,2025-02-15
Striking_Menu9765,2025-02-15
craigs_games,2025-02-15
doesitmatterrrally,2025-02-15
cpabound24,2025-02-15
Realistic_Rub_7330,2025-02-15
WarpSpeedWaffle,2025-02-15
Whisper1nTheWind,2025-02-15
Certain-Duck2199,2025-02-15
brodymanandts,2025-02-15
IYIyTh,2025-02-15
AspiringSquare,2025-02-15
Speaker4theDead,2025-02-15
TimYenmor,2025-02-15
Pitiful_Mastodon_270,2025-02-15
Ana_Rising319,2025-02-15
Old-Double-8324,2025-02-15
IAmThePotatoeHead,2025-02-15
pdfernhout,2025-02-15
PilgrimGirl1620,2025-02-15
jtbic,2025-02-15
Synoopy,2025-02-15
That_Citron5525,2025-02-15
Vampyreska,2025-02-15
Acceptable-Pudding41,2025-02-15
DoubleA82604,2025-02-15
curiousoryx,2025-02-15
PaleDragonfly3706,2025-02-15
ObviousBurnerNoNine,2025-02-15
Hep_C_for_me,2025-02-15
Longjumping_Track496,2025-02-15
padre_peaches10,2025-02-15
Haunting_Turnip_2692,2025-02-15
Worried_Mix5667,2025-02-15
ScaredFedScientist,2025-02-15
BuildingStriking6714,2025-02-15
janedoe1103,2025-02-15
dirty_Oil89,2025-02-15
Bulky_Recording_4171,2025-02-15
cpomeroy,2025-02-15
ihavequestionsaswell,2025-02-15
Impossible-Tomato-67,2025-02-15
throwawayranger69,2025-02-15
Intelligent-Fun-3537,2025-02-15
RollingEasement,2025-02-15
BlackedFeather,2025-02-15
LadyMadonna_x6,2025-02-15
LogzMcgrath,2025-02-15
No_Chard_4265,2025-02-15
laminatedbean,2025-02-15
Subject-Preparation7,2025-02-15
Public_Artichoke7430,2025-02-15
ConstructionOwn7497,2025-02-15
hunglikearomanstatue,2025-02-15
By_CJewett,2025-02-15
Acceptable-Bird-1066,2025-02-15
GasRod68,2025-02-15
disguised_account,2025-02-15
needadvice418,2025-02-15
Tetsuo1049,2025-02-15
Zaboomerfooo,2025-02-15
DOGEBaggins,2025-02-15
StPiMo,2025-02-15
DMagnific,2025-02-15
Plastic_Amount_7660,2025-02-15
Visit_Known,2025-02-15
Sk8erSpanky,2025-02-15
Reasonable-Photo-504,2025-02-15
Kaeldraa,2025-02-15
91361_throwaway,2025-02-15
Brief_Experience8197,2025-02-15
sirius683,2025-02-15
DarkProfessional1805,2025-02-15
DJ_Lena,2025-02-15
Aromatic-Opinion3718,2025-02-15
Content_Amoeba_3748,2025-02-15
Jessymae1984,2025-02-15
Bluecornlady,2025-02-15
Capable_Art7250,2025-02-15
CarlBusch1013,2025-02-15
mkhan095,2025-02-15
Moose_Muse_2021,2025-02-15
CivicBastard,2025-02-15
Delicious-Diamond986,2025-02-15
TheThrowAway2024,2025-02-15
Professional_Ride619,2025-02-15
Old_Suggestions,2025-02-15
Fed10972,2025-02-15
Reasonable-Finger876,2025-02-15
HokieKittens,2025-02-15
Dark-Marc,2025-02-15
They_might_all1789,2025-02-15
Infidel361,2025-02-15
weaselhorde_,2025-02-15
ResponsibilityDue87,2025-02-15
zeninimasyer,2025-02-15
Kovaladtheimpaler,2025-02-15
ChiNative1111,2025-02-15
Commercial-Clock-673,2025-02-15
BullyThePulpit,2025-02-15
Aware-Trick2637,2025-02-15
Tbone403,2025-02-15
antdetective,2025-02-15
Difficult-Pick2060,2025-02-15
dahdbngr,2025-02-15
Plastic_Community596,2025-02-15
Few-Jello4949,2025-02-15
holdtheline1933,2025-02-15
Infinite_Role8126,2025-02-15
Master_Magazine_9882,2025-02-15
adlogs2,2025-02-15
Enteroids,2025-02-15
Tall-Ad-4541,2025-02-15
Academic-Laugh8223,2025-02-15
Pitiful_Fishing3228,2025-02-15
DarkTimesRUponUs,2025-02-15
c0nfusedc0nst4ntly,2025-02-15
ParfaitSilly,2025-02-15
SpaceJam_on_VHS,2025-02-15
Suitable_Doubt3479,2025-02-15
Independent_Pain1809,2025-02-15
CriticCriticaltheory,2025-02-15
Away_Poet5591,2025-02-15
ib-hikin,2025-02-15
Zealousideal-Map6548,2025-02-15
OptimalPresent5,2025-02-15
mankindslasthope,2025-02-15
Silver_Wrongdoer_504,2025-02-15
Economy_Ratio2001,2025-02-15
Full_Molasses_87,2025-02-15
CharlestonChewChewie,2025-02-15
solimaotheelephant3,2025-02-15
Ok-Acanthisitta5601,2025-02-15
f150driver,2025-02-15
1never_odd_or_even1,2025-02-15
yohouse89,2025-02-15
WholePiccolo8081,2025-02-15
No-Jellyfish5618,2025-02-15
TurbulentCranberry20,2025-02-15
Stay_curious_1,2025-02-15
OkAnswer1619,2025-02-15
stefmari,2025-02-15
BushBBY_liny,2025-02-15
pillow_talk_00,2025-02-15
JanieandTeacake,2025-02-15
HitMePat,2025-02-16
Motor_Raccoon_6578,2025-02-16
RoseEsquivel,2025-02-16
jocular8,2025-02-16
lawgographic,2025-02-16
CompanySerious626,2025-02-16
fedup_looking4change,2025-02-16
Easy-Ad424,2025-02-16
2percentWelsh,2025-02-16
A_89786756453423,2025-02-16
flaquito27,2025-02-16
TSA_alt_account,2025-02-16
emagellan,2025-02-16
meadow0825,2025-02-16
LovelyLushLilac,2025-02-16
rex_regis,2025-02-16
AdDhBpdPtsdAndMe,2025-02-16
jscuba007,2025-02-16
GeologistTurbulent19,2025-02-16
ElectricalContact821,2025-02-16
Squishy_Calamity,2025-02-16
Guerrilla_Glue,2025-02-16
Public-Breakfast-173,2025-02-16
Adventurous-Oven7715,2025-02-16
tkgravelle,2025-02-16
stphnfwlr,2025-02-16
Zoey-Mom-18,2025-02-16
Honest-Fisherman8344,2025-02-16
cyandevil666,2025-02-16
Substantial-Gold6812,2025-02-16
flyassscientist,2025-02-16
Relevant-County8945,2025-02-16
fullydrifted,2025-02-16
isaileon1234567,2025-02-16
Adventurous_Dealer86,2025-02-16
Spare_Astronaut_5173,2025-02-16
Pear-thyme,2025-02-16
Comfortable_Owl1519,2025-02-16
ThrowRAwhatsgood,2025-02-16
ch3ss9,2025-02-16
musgt2001,2025-02-16
reaper-main,2025-02-16
ReverbedCreep,2025-02-16
ShopRepresentative42,2025-02-16
bhardy10,2025-02-16
Whitetail-Hoyt,2025-02-16
mfinan68,2025-02-16
Few_Current_8479,2025-02-16
Plastic_Ad9564,2025-02-16
Exosvs,2025-02-16
TimeToOrganize25,2025-02-16
wwglen,2025-02-16
qalpi,2025-02-16
IcyKcBlue,2025-02-16
PlatinumAero,2025-02-16
Ok-Video5299,2025-02-16
Britney_2020_Spice,2025-02-16
LengthinessSignal984,2025-02-16
master_chilln,2025-02-16
Throwaway202214__,2025-02-16
Significant-Crazy488,2025-02-16
BelugaTsuga,2025-02-16
SicSemperTyrannis25,2025-02-16
Williw0w,2025-02-16
Exciting_Abalone_382,2025-02-16
badabinged,2025-02-16
Helpful_Amphibian702,2025-02-16
houseofthereddit40,2025-02-16
ScienceKyle,2025-02-16
5tarKld,2025-02-16
ThePolymerist,2025-02-16
AffectionateStudy824,2025-02-16
Pinkhuffy129,2025-02-16
Kindly_Commercial977,2025-02-16
SuggestionPuzzled714,2025-02-16
Ok-Scheme-7841,2025-02-16
DatWay42069,2025-02-16
VisualGovernment9605,2025-02-16
MoonshineInc,2025-02-16
Daredarra,2025-02-16
adfalse9801,2025-02-16
jwhyem,2025-02-16
Ok-Cobbler-6260,2025-02-16
Necessary-Garbage-95,2025-02-16
Physical-Second5568,2025-02-16
Asleep-Outside-2386,2025-02-16
SeasoningTheAbyss666,2025-02-16
randal04,2025-02-16
Sad_War5443,2025-02-16
akaDerby,2025-02-16
Standard_Resolve_344,2025-02-16
Non_Operator,2025-02-16
AdEducational8127,2025-02-16
FederalLasers,2025-02-16
Green_While_6346,2025-02-16
Icy-Frame5720,2025-02-16
swizzlesweater,2025-02-16
bright_and_merry,2025-02-16
Emergency-Low6820,2025-02-16
brasidasvi,2025-02-16
Flimsy-Vehicle-7041,2025-02-16
Impossible_Ad3751,2025-02-16
nooffense2022,2025-02-16
unicornpajamas,2025-02-16
joule_3am,2025-02-16
noori_nutt,2025-02-16
BaginaBreath,2025-02-16
Straight-Berry6541,2025-02-16
PanicRoom9898,2025-02-16
Feather_puppy,2025-02-16
balletgirl2020,2025-02-16
New_Willow_7582,2025-02-16
ruthstoops20,2025-02-16
Afraid_Football_2888,2025-02-16
FreedomWriters25,2025-02-16
Prior_Medium_5379,2025-02-16
Caland201,2025-02-16
raeroh,2025-02-16
Fozzizam,2025-02-16
ayejayjay808,2025-02-16
Postnews001,2025-02-16
Remarkable-Flower308,2025-02-16
I_dont_comment_alot,2025-02-16
tacoandgus,2025-02-16
heathen-nomad,2025-02-16
Xophilla,2025-02-16
Legitimate_Rub_5110,2025-02-16
Dannylectro55,2025-02-16
SlowAd1856,2025-02-16
New-Rabbit3517,2025-02-16
TheNugget457,2025-02-16
MixtureFederal7946,2025-02-16
Twinmom_23,2025-02-16
5daredevil4,2025-02-16
Likely_dog_adopter,2025-02-16
mambafrver24,2025-02-16
Connect-Assist-8755,2025-02-16
DojoMojoCat,2025-02-16
Rmilhouse68,2025-02-16
TransitionMission305,2025-02-16
Infamous-Knee-2772,2025-02-16
Expatgirl2004,2025-02-16
fusionreactions,2025-02-16
obsolunatic,2025-02-16
amboy_connector,2025-02-16
No_Candidate6681,2025-02-16
AmayznGram,2025-02-16
Flashy_Database4982,2025-02-16
gayrrt,2025-02-16
Shoddy-Hat-1501,2025-02-16
pintoftomatoes,2025-02-16
Good_South_6302,2025-02-16
tikk,2025-02-16
Ordinary_Command5803,2025-02-16
HelpfulParsnip649,2025-02-16
acc7x3,2025-02-16
svelebrunostvonnegut,2025-02-16
Comprehensive-Tea-45,2025-02-16
anon52714,2025-02-16
Routine_Platform_514,2025-02-16
Firm-Smoke3132,2025-02-16
OnceAnAnalyst,2025-02-16
Worried-Suspect108,2025-02-16
ErikDrake,2025-02-16
CurrentOnly1724,2025-02-16
sadpublicaccountant,2025-02-16
Jolly-Initiative486,2025-02-16
carolyn937,2025-02-16
Caffe_Freddo,2025-02-16
Select_Bread_5808,2025-02-16
Significant-Leg-3098,2025-02-16
generalsofthememewar,2025-02-16
jrmv0698,2025-02-16
strivingforlongevity,2025-02-16
InkedDemocrat,2025-02-16
Initial_Dragonfly_92,2025-02-16
meaningOFis,2025-02-16
OpenMaster,2025-02-16
Ok-Maintenance8271,2025-02-16
-0ut1aw,2025-02-16
Govcorewan,2025-02-16
karerose,2025-02-16
48325,2025-02-16
Wild_Definition_4046,2025-02-16
Penny1592,2025-02-16
JustMe39908,2025-02-16
BrienneOfSnark7,2025-02-16
Willing_Painting3367,2025-02-16
Throw_away_Martian,2025-02-16
Annual-Actuary-5429,2025-02-16
Appropriate-Break920,2025-02-16
PricewaterhouseCap,2025-02-16
Plus_Cranberry_9598,2025-02-16
Sharp_Restaurant_311,2025-02-16
Tickly1,2025-02-16
Labradors456,2025-02-16
CallMeCraizy,2025-02-16
Grouchy_Water4002,2025-02-16
SilverrrFoxxxy,2025-02-16
Psolace,2025-02-16
Dapper-Ocelot8422,2025-02-16
gccromeo,2025-02-16
Savings-Candidate334,2025-02-16
Willing_Resident_356,2025-02-16
kevlynb,2025-02-16
lambo1109,2025-02-16
Prestigious_Mud8033,2025-02-16
Public_Ad_8425,2025-02-16
Joe771922,2025-02-16
Gilded_Possum,2025-02-16
mk_politics,2025-02-16
female_gazing09,2025-02-16
Historical_Shopping9,2025-02-16
NaughtyNaughtyFuk,2025-02-16
IntheOlympicMTs,2025-02-16
LawRuleReg,2025-02-16
RadishLife4784,2025-02-16
DiamondOfSevens,2025-02-16
TheTinyMoist,2025-02-16
Data_True,2025-02-16
No-Tart2230,2025-02-16
DanAdric,2025-02-16
Temporary_Cat_2063,2025-02-16
mothermothermutha,2025-02-16
Narrow-Celebration31,2025-02-16
Responsible-Sun6328,2025-02-16
ktr0042,2025-02-16
couthraisedby_wolves,2025-02-16
LalaPropofol,2025-02-16
OpportunityIll8426,2025-02-16
bearsfan2025,2025-02-16
AyeFreddyB,2025-02-16
natmadgal77,2025-02-16
Wrong-Reporter8912,2025-02-16
Remarkable-Dare1020,2025-02-16
olanna12,2025-02-16
gamingkevpnw,2025-02-16
No-Candidate825,2025-02-16
FattiBoombalotti,2025-02-16
UncivilServantAnon,2025-02-16
ProfessionalOwl33,2025-02-16
xxhc7,2025-02-16
Both-Kick-7968,2025-02-16
riverdave1985,2025-02-16
Educational-Lion9022,2025-02-16
penumbra-effect,2025-02-16
Whimsical_Rhino,2025-02-16
MysteriousStrangr,2025-02-16
Hungry_Recover_5282,2025-02-16
Smur_,2025-02-16
Professional-Ask6049,2025-02-16
matte_muscle,2025-02-16
pickles_for_life,2025-02-16
Senior_Diamond_1918,2025-02-16
Grand_Chemistry_2816,2025-02-16
sillyvalleyserf,2025-02-16
random_dwarf,2025-02-16
half-lyf,2025-02-16
sydneylnews,2025-02-16
QueenofHurts4,2025-02-16
CJ_NoChill,2025-02-16
buddy_cheeks2,2025-02-16
NoAdvance1104,2025-02-16
allisoniaaa,2025-02-16
throwaway98765431190,2025-02-16
Throw_Away_4785,2025-02-16
Big-Argument-1411,2025-02-16
-ThisIsAThrowaway-0,2025-02-16
AvailableChipmunk385,2025-02-16
noIwontgiveatalk,2025-02-16
Old_Comfortable6603,2025-02-16
Charming_Ice9877,2025-02-16
Time-Caterpillar9200,2025-02-16
TemporaryGold8607,2025-02-16
Connect-Trouble-1669,2025-02-16
Famous-Ask1004,2025-02-16
antique-marine,2025-02-16
hobbit_hiker,2025-02-16
Background_Fox1884,2025-02-16
AnathemaDevice2100,2025-02-16
futureformerfed,2025-02-16
grobyhex,2025-02-16
DronedAgain,2025-02-16
Due-Figure4332,2025-02-16
Cricketcat1985,2025-02-16
Background_Most_2524,2025-02-16
hope1102,2025-02-16
MikeDenya,2025-02-16
MILspomess777,2025-02-16
SunKistmeYQ,2025-02-16
H2OintheDesert,2025-02-16
fdt_fed,2025-02-16
mike_nellis,2025-02-16
Immediate_Star708,2025-02-16
AdDear4480,2025-02-16
botmol,2025-02-16
UnhappyAd2116,2025-02-16
Any_Independence8301,2025-02-16
ForkYouElon01,2025-02-16
Agreeable-You-7357,2025-02-16
Andersen0161,2025-02-16
she_makes_a_mess,2025-02-16
Bright_Weather8975,2025-02-16
Tim_e_miT,2025-02-16
Big_FernOG,2025-02-16
Necessary-Anything71,2025-02-16
Status_Struggle_,2025-02-16
FantasticBowler5933,2025-02-16
No-Line8462,2025-02-16
turnupmonster,2025-02-16
epsom317,2025-02-16
Ok-Spring-466,2025-02-16
KRO-washdc,2025-02-16
TheBankruptcyBanshee,2025-02-16
cluster_F_408,2025-02-16
vegas45swm,2025-02-16
thornyRabbt,2025-02-16
fat-inspector,2025-02-16
IMMATOOL_2,2025-02-16
beachsheet,2025-02-16
NecessaryAlgae6718,2025-02-16
Icy_Ordinary_6422,2025-02-16
InformalJeweler9560,2025-02-16
Willing_Transition48,2025-02-16
Substantial-Bet3797,2025-02-16
barcadeac,2025-02-16
Zagreb9,2025-02-16
Charming-Macaroon275,2025-02-16
StandardFold2737,2025-02-16
MostKaleidoscope77,2025-02-16
dak4f2,2025-02-16
mothermayhem72,2025-02-16
trickycurrents,2025-02-16
BlaineOfMidWorld,2025-02-16
movementpetal,2025-02-16
Short-Law5368,2025-02-16
GOA1973,2025-02-16
boneless_wings,2025-02-16
Motor-Juggernaut-621,2025-02-16
Majestic_Praline_812,2025-02-16
combatdev,2025-02-16
Low_Package_2074,2025-02-16
Beautiful-Tree-3261,2025-02-16
onetalldrinkofwater,2025-02-16
Causification,2025-02-16
Ancient_Peaces_8094,2025-02-16
SlowCup7781,2025-02-16
andrewgrabowski,2025-02-16
Green-Presentation33,2025-02-16
Plastic_Complex_7967,2025-02-16
Reasonable-Lock8266,2025-02-16
ConflictTimely3587,2025-02-16
Bright_Papaya_2615,2025-02-16
DCLance1975,2025-02-16
stealthblomber,2025-02-16
msgtaf,2025-02-16
Specialist_Mood4300,2025-02-16
Opposite_Lettuce_267,2025-02-16
GoodDan,2025-02-16
PictureOwn1935,2025-02-16
crochetwhore,2025-02-16
Black_and_Purple,2025-02-16
ssorbom,2025-02-16
gugalgirl,2025-02-16
bubbliyak4562,2025-02-16
TangeloHefty6478,2025-02-16
Few-Calligrapher9012,2025-02-16
Muckjoy2006,2025-02-17
pinkcp,2025-02-17
InkyRoadRunner,2025-02-17
mc767676,2025-02-17
Regular-Act-4539,2025-02-17
Unusual_Intention_37,2025-02-17
FedagainstFascism,2025-02-17
Famous_Ladder6486,2025-02-17
kingsla07,2025-02-17
anony_mousse64,2025-02-17
mmetheny77,2025-02-17
Ambitious_Song_9425,2025-02-17
kokoatriinii,2025-02-17
Whykn0w,2025-02-17
ThrowRAanonymouspost,2025-02-17
Ajailyn22,2025-02-17
Due_Peace8253,2025-02-17
EmperorOfTheLosers,2025-02-17
dedragonhow,2025-02-17
Conscious_Ice4545,2025-02-17
AntiqueLocation5206,2025-02-17
EG_UnderTheSea,2025-02-17
SarverusGermanicus,2025-02-17
Primary-Mud3416,2025-02-17
Ok-Cockroach-381,2025-02-17
ComparisonEither6841,2025-02-17
clevervi,2025-02-17
beardalorian,2025-02-17
AssortedSquirrel,2025-02-17
Electrical-Ground665,2025-02-17
No-Bid-4817,2025-02-17
IntelligentPlate5051,2025-02-17
Doggers1968,2025-02-17
Then_Ad8293,2025-02-17
Phamtastic_Kha,2025-02-17
Daly-0735,2025-02-17
Suspicious_Fruit_464,2025-02-17
TechnologyNew4736,2025-02-17
Impossible_Many5764,2025-02-17
JustMeBro8976,2025-02-17
GreatnPowerfulUrbo,2025-02-17
mosquito555,2025-02-17
Stibnite16,2025-02-17
Odd-Adhesiveness189,2025-02-17
Automatic-Fudge2276,2025-02-17
Special-Amphibian-67,2025-02-17
Fun-Inside7814,2025-02-17
These_Adagio_289,2025-02-17
_YoungMidoriya,2025-02-17
bobagirllover,2025-02-17
Either_Turn3786,2025-02-17
mindovermight,2025-02-17
2025blows,2025-02-17
postybee,2025-02-17
Historical-Memory393,2025-02-17
Environmental-Low792,2025-02-17
EthelHorseface,2025-02-17
lmaefield,2025-02-17
biasedpluto,2025-02-17
Fungus-Consumer,2025-02-17
olyrobb,2025-02-17
No_Muffin6149,2025-02-17
Impossible-Sea6245,2025-02-17
clemente_21,2025-02-17
Amarie0419,2025-02-17
sweetbbyraysbbqsauce,2025-02-17
Voughdemort,2025-02-17
Far_Efficiency810,2025-02-17
escapemaninnyc,2025-02-17
bowman9,2025-02-17
IronWarrir2400,2025-02-17
Reasonable-Net-5750,2025-02-17
First_Complaint_4871,2025-02-17
Mammoth-Noise3345,2025-02-17
Far-Anywhere3698,2025-02-17
Signal_Economist_414,2025-02-17
sfboogiewoogie,2025-02-17
Big_Praline_6226,2025-02-17
Ok-Tip-530,2025-02-17
New-Process9287,2025-02-17
pk_arue7777,2025-02-17
ACinKC,2025-02-17
Nomadicpainaddict,2025-02-17
edpmis02,2025-02-17
Kwhitney1982,2025-02-17
HalioBacter,2025-02-17
Initial_Ear5244,2025-02-17
InitialMouse4895,2025-02-17
Boring_Way5145,2025-02-17
radsoon2bdad,2025-02-17
undreamer1,2025-02-17
OGHOTWINGS,2025-02-17
stevenbo,2025-02-17
Grouchy_Hornet_7798,2025-02-17
artlawyer78,2025-02-17
Mental_Wishbone_4294,2025-02-17
Skeefers,2025-02-17
Effective-Jelly-9484,2025-02-17
sjciwmw,2025-02-17
FitConversation5378,2025-02-17
brg0014,2025-02-17
Low-Maintenance-7688,2025-02-17
lunadellaluce34,2025-02-17
Even_Ad_5462,2025-02-17
ibmQ9HNEBLFby6,2025-02-17
Plastic-Garlic7580,2025-02-17
_Confused_Sad,2025-02-17
huemannn,2025-02-17
boltsfist,2025-02-17
Slug7608,2025-02-17
OPM_holdtheline,2025-02-17
shellee8888,2025-02-17
whiterosefan,2025-02-17
PlentyOk9309,2025-02-17
wigglebackpack,2025-02-17
Ok-Lavishness-8711,2025-02-17
Fakiiri,2025-02-17
tha-wolf-of-main-st,2025-02-17
Prize_Net1106,2025-02-17
No-Jicama-3129,2025-02-17
nenyaskeeper,2025-02-17
Rkhand,2025-02-17
Joe-Shmo6051,2025-02-17
callme_e,2025-02-17
SingerPast,2025-02-17
FastCheetah7763,2025-02-17
baltimorerat2020,2025-02-17
Significant-Divide66,2025-02-17
Narrow-Ad6201,2025-02-17
2_FluffyDogs,2025-02-17
Fyredawwg,2025-02-17
Regular-Painting-677,2025-02-17
HadItdotcoms-Tbird,2025-02-17
RedditSuksForever,2025-02-17
Low-System-8224,2025-02-17
LOTR3135,2025-02-17
Objective-Buffalo-81,2025-02-17
EfficientWay954,2025-02-17
CodexSeeker,2025-02-17
HumbleAd4965,2025-02-17
Outrageous-Jobs,2025-02-17
spacemecha,2025-02-17
aacool,2025-02-17
zambono_2,2025-02-17
Acceptable_Cat_9886,2025-02-17
Chaos_Pixie_1789,2025-02-17
philafly7475,2025-02-17
Sensitive_Scar_1800,2025-02-17
sleemsthefifth,2025-02-17
Comfortable-Zone2756,2025-02-17
PublicServant2025,2025-02-17
SlowRaspberry9208,2025-02-17
SmilingHappyLaughing,2025-02-17
Caller87_,2025-02-17
jmdglss,2025-02-17
Worth_Laugh7691,2025-02-17
Dad-bod-flex,2025-02-17
goodpointcity,2025-02-17
BulkFPS,2025-02-17
patiencepurposefavor,2025-02-17
der_Loewe_von_Afrika,2025-02-17
Fearless_Run_4163,2025-02-17
Socialpsychphd23,2025-02-17
Dork_In_The_Road,2025-02-17
Decent-Yak3738,2025-02-17
Humble-Cod-8949,2025-02-17
SoDakTankaDog,2025-02-17
Extreme_Scene3832,2025-02-17
dohcsvt,2025-02-17
walkingslugg,2025-02-17
khlaylav,2025-02-17
chicaltimore,2025-02-17
StraightIncome1136,2025-02-17
Obvious_Swordfish_84,2025-02-17
MaleficentStress9,2025-02-17
ResortMysterious6609,2025-02-17
kagethemage,2025-02-17
Marriedtoallen,2025-02-17
Creepy-Yam-5424,2025-02-17
fluffymonsterduo,2025-02-17
WashingtonQuarter,2025-02-17
Positive-Area8520,2025-02-17
Waste-Toe3653,2025-02-17
marshgirl12,2025-02-17
Any_Needleworker_273,2025-02-17
Acesfullofkings81,2025-02-17
Party-Mousse3263,2025-02-17
Jigsaw763,2025-02-17
EducationalLie168,2025-02-17
GiftIsPoison,2025-02-17
Medical_Housing9559,2025-02-17
CoffeeAndCats9124,2025-02-17
Doc_dubs1964,2025-02-17
Cato1776,2025-02-17
Hmb42,2025-02-17
Flimsy_Influence7226,2025-02-17
linuxmel,2025-02-17
GreyhoundsAreFast,2025-02-17
Outside-Pear9429,2025-02-17
Ok_Gift_8034,2025-02-17
InterestingHome693,2025-02-17
Desk_Senior,2025-02-17
DiskTop320,2025-02-17
LevelThat3340,2025-02-17
Successful-Sand1218,2025-02-17
NoDevelopment9748,2025-02-17
wee_mayfly,2025-02-17
MulberryAutomatic690,2025-02-17
anything_so_it_works,2025-02-17
mysticrhythms,2025-02-17
Hungry_Student_,2025-02-17
Pancakes_n_wafflez,2025-02-17
gymbuddy11,2025-02-17
suq_mi_off,2025-02-17
SkyCommon3650,2025-02-17
PeaEnvironmental6317,2025-02-17
No-Yesterday-7121,2025-02-17
IItsGonnaBeANoFromMe,2025-02-17
ScorpTO,2025-02-17
According-Muscle9305,2025-02-17
AyeWahl,2025-02-17
Stardust_808,2025-02-17
EquivalentHour4313,2025-02-17
Fine-Statement4303,2025-02-17
RB42-,2025-02-17
CanDoAttitude1900,2025-02-17
Least_Impress9186,2025-02-17
Visual-Walrus-8176,2025-02-17
AravRAndG,2025-02-17
No_Gap_8722,2025-02-17
Mahuman000,2025-02-17
Careful-Comedian-333,2025-02-17
Rich-Yesterday-1893,2025-02-17
Purple-Plastic8475,2025-02-17
dizzy_gal_,2025-02-17
CollateralThrowAway,2025-02-17
Menschlichkat,2025-02-17
SearchInevitable8332,2025-02-17
Early_Bat_1126,2025-02-17
Massive_Pineapple_36,2025-02-17
Upset-Celebration231,2025-02-17
Upstairs_Roll5608,2025-02-17
Suj72,2025-02-17
Drakes_Not_Like_Us,2025-02-17
Ok-Flow-2474,2025-02-17
nobody98765432100,2025-02-17
Level_Dare2770,2025-02-17
Financial_Slide4064,2025-02-17
notpurposely_unpopO,2025-02-17
EJaneFayette,2025-02-17
nesp12,2025-02-17
Individual_Bridge751,2025-02-17
___highpriestess___,2025-02-17
the_friendly_dildo,2025-02-17
Dramatic_Monk_3043,2025-02-17
Prior_Cake_1495,2025-02-17
AgreeableIntention87,2025-02-17
le_corn_,2025-02-17
FloppySnoogles,2025-02-17
johnknoxsbeard,2025-02-17
Same_Chance_368,2025-02-17
BigAlbitrage,2025-02-17
sealedwithdogslobber,2025-02-17
MtQuist,2025-02-17
Mangeni,2025-02-17
Agitated-Skirt-9538,2025-02-17
InternationalDot733,2025-02-17
Blessedchica01,2025-02-17
holdtheline512,2025-02-17
Individual_Wafer_603,2025-02-17
NoKingsEver,2025-02-17
Just_Peach4010,2025-02-17
Ack_Ack_Jackass,2025-02-17
Diamonds1993-,2025-02-17
BallerMom85,2025-02-17
Open-Incident-3601,2025-02-17
WBTree,2025-02-17
utahpeteski,2025-02-17
Practical-Sorbet-985,2025-02-17
Stronger--Together,2025-02-17
boopbleps,2025-02-17
sim_BLISS_ity,2025-02-17
there_was_one,2025-02-17
just-vibin-326,2025-02-17
Muted-Action-4047,2025-02-17
ILLEGALFIRING,2025-02-17
Main-Agency386,2025-02-17
RagingStonedPacker,2025-02-17
winglow,2025-02-17
xena_lawless,2025-02-17
halowiz,2025-02-17
Map-Only,2025-02-17
Treehugger2525,2025-02-17
LittleBig324,2025-02-17
1johndoe1,2025-02-17
Alekzandr27,2025-02-17
FlamingDogPoop,2025-02-17
EnronMask,2025-02-17
anonareyouokay,2025-02-17
Then-Sale2782,2025-02-18
ConcernedCitizen7550,2025-02-18
Old_Fellow,2025-02-18
elduke81,2025-02-18
beeslyest,2025-02-18
random_username_222,2025-02-18
Content_Package7199,2025-02-18
SeptemberSquids,2025-02-18
Keep--Climbing,2025-02-18
skibidi_edging_gronk,2025-02-18
Adventurous_Lion7530,2025-02-18
AdSweet4904,2025-02-18
Consistent_Gate_1041,2025-02-18
OkiePoliticalMemes,2025-02-18
Priority5735,2025-02-18
veggieloaf,2025-02-18
Fun_Technology_1713,2025-02-18
u8all-my-rice,2025-02-18
Snoo-74078,2025-02-18
ThrowAwayBlueCat,2025-02-18
ElminstersBurner,2025-02-18
Beneficial-Drive766,2025-02-18
NoCommunication6164,2025-02-18
modernparadigm,2025-02-18
Inner_Orange_3140,2025-02-18
TheLiberalLover,2025-02-18
Content-Instance293,2025-02-18
Time-Winter6769,2025-02-18
FedsAndUnion,2025-02-18
Artistic-Flounder-70,2025-02-18
Fantastic_Explorer_7,2025-02-18
MichaelScottssmug,2025-02-18
loCAtek,2025-02-18
SpinachExtreme9205,2025-02-18
exfedscoaching,2025-02-18
rubygalhappy,2025-02-18
Melodic_Macaron_7042,2025-02-18
fullpattern,2025-02-18
Training_League_5241,2025-02-18
lemonpies57,2025-02-18
International_Yak315,2025-02-18
roysterino,2025-02-18
CandidateExotic9771,2025-02-18
chicagoangler,2025-02-18
Resident_Travel5045,2025-02-18
Deep_Block_2776,2025-02-18
Substantial-Smile247,2025-02-18
Old_Possibility_5015,2025-02-18
Abundant-Animal,2025-02-18
Shawnersi,2025-02-18
angusrohan,2025-02-18
ResponsibleMuffin851,2025-02-18
RecentlyFiredFFF,2025-02-18
Borinki,2025-02-18
Fabulous_Deal_2766,2025-02-18
Potential832,2025-02-18
beeeees,2025-02-18
KHansenJeremiahWeed,2025-02-18
KingKookus,2025-02-18
Alliterative_Andrew,2025-02-18
wolfchasers-12,2025-02-18
Prestigious_Laugh881,2025-02-18
Ok-Philosopher-9241,2025-02-18
Cheekyslice,2025-02-18
Don_Shaun,2025-02-18
SalishCascadian,2025-02-18
Emerald_Twilight,2025-02-18
Cattailabroad,2025-02-18
Open-Law-8019,2025-02-18
BoysenberryLow6319,2025-02-18
Royallyclouded,2025-02-18
Personal-Kiwi-5313,2025-02-18
uj7895,2025-02-18
mashleydonordog,2025-02-18
kins80,2025-02-18
Less_Smell_5204,2025-02-18
guachipuchi,2025-02-18
Successful-Letter-53,2025-02-18
AlternativePlace5024,2025-02-18
Icy_Fee_2865,2025-02-18
Tiny_Cheesecake_164,2025-02-18
Secaries,2025-02-18
AlertTeacher996,2025-02-18
genericandream,2025-02-18
Neither_Internal_261,2025-02-18
UIM_Cerebral,2025-02-18
Jlbjms,2025-02-18
AppleSnpple,2025-02-18
sylbus2019,2025-02-18
No_Distance3227,2025-02-18
KeeblerElff,2025-02-18
Striking_Syllabub151,2025-02-18
0ccamz-Penis,2025-02-18
rekligo,2025-02-18
sideways92,2025-02-18
Regular_Savings_9161,2025-02-18
Upstairs_General_121,2025-02-18
Emfhagaa,2025-02-18
itsawendything,2025-02-18
AnonyFeed,2025-02-18
VirtualJournalist541,2025-02-18
OkLingonberry9803,2025-02-18
drwhoovian,2025-02-18
Lofty_Promise,2025-02-18
2393-throwaway,2025-02-18
Positivity365,2025-02-18
Time-Apple8218,2025-02-18
jumb0shrmp,2025-02-18
SameAdministration87,2025-02-18
depressingsquash,2025-02-18
Relevant-Drop-150,2025-02-18
General_Perception76,2025-02-18
Optimal_Airline8367,2025-02-18
Character_Music_1702,2025-02-18
ISORaver42Throwaway,2025-02-18
Comfortable-Yak-5508,2025-02-18
HandicapperGeneral,2025-02-18
Moesuckra,2025-02-18
Earthcrosser_42,2025-02-18
Beckbeck23,2025-02-18
Plus_Depth6648,2025-02-18
Used-Log-8674,2025-02-18
Caesarmaz,2025-02-18
cjavi33,2025-02-18
Traditional-Win-3368,2025-02-18
Interesting_Side_880,2025-02-18
RaethanBhanneth,2025-02-18
ElectronicBroccoli40,2025-02-18
AceTrainer_Kelvin,2025-02-18
Lazy_Leadership87,2025-02-18
dawgs_n_tats,2025-02-18
stratusmonkey,2025-02-18
fastlikelava,2025-02-18
Any-Status3785,2025-02-18
RealCinderMom,2025-02-18
g_b_nuggets,2025-02-18
fat_569,2025-02-18
Operation_Hole,2025-02-18
Loud_Persimmon8121,2025-02-18
DARPAsquirrel,2025-02-18
Vivid_Quality7737,2025-02-18
Acceptable_Dealer745,2025-02-18
ConflictNo2903,2025-02-18
carlnard24,2025-02-18
Local-Consumer,2025-02-18
orejo,2025-02-18
commentsection23,2025-02-18
General_Cantaloupe30,2025-02-18
Zippered_Nana,2025-02-18
Laughing-gasser,2025-02-18
Toigboo,2025-02-18
scions86,2025-02-18
fedup-throwaway5075,2025-02-18
MenuStraight2466,2025-02-18
No_Respond_5778,2025-02-18
Fluid_Item_9439,2025-02-18
daisywondercow,2025-02-18
Daedralina,2025-02-18
Subject_Rest2512,2025-02-18
corrrby,2025-02-18
Royal-Composer2605,2025-02-18
mash5333,2025-02-18
curkel207,2025-02-18
the-mars-rover,2025-02-18
Particular_Stand_670,2025-02-18
kkapri23,2025-02-18
TurtleCostume,2025-02-18
Usual_Painter_743,2025-02-18
AdventurousGood5354,2025-02-18
Left_Bookkeeper_4948,2025-02-18
Grand_Chocolate_4405,2025-02-18
FabulousBullfrog9610,2025-02-18
Big-Asian_69,2025-02-18
SamsonG8520,2025-02-18
AssumptionImaginary1,2025-02-18
CorrectTangerine8477,2025-02-18
Goodd2shoo,2025-02-18
donstermu,2025-02-18
Inside_Luck5172,2025-02-18
Wanderlust_CG,2025-02-18
StandardNo6122,2025-02-18
UpsetFed,2025-02-18
lostboners,2025-02-18
DizzyDiet9871,2025-02-18
MMcCoughan3961,2025-02-18
WildBill-,2025-02-18
burningbirdsrp,2025-02-18
LowMidnight7871,2025-02-18
oscarvictor21,2025-02-18
Strange_Karma,2025-02-18
Southern_Theme2150,2025-02-18
SteezMcGeez69420,2025-02-18
helperpc,2025-02-18
throwaway174949,2025-02-18
yellow_rose_of_tx,2025-02-18
Visual_Equipment6389,2025-02-18
Additional-Lock-7294,2025-02-18
ghostfeelers,2025-02-18
lokismamma,2025-02-18
catartiste,2025-02-18
ShaolinsStallion,2025-02-18
pennypacker910,2025-02-18
Creamed_Puffin,2025-02-18
LetsRaidTogether,2025-02-18
Tuco_TheRat,2025-02-18
JHG0,2025-02-18
Waldenflower,2025-02-18
detroit_0,2025-02-18
WingNut81,2025-02-18
East_Guard_9325,2025-02-18
fortheloveofcats96,2025-02-18
Negative-Abroad1963,2025-02-18
Wonderful_Salad_2025,2025-02-18
Apprehensive_Chart22,2025-02-18
Common-House-1402,2025-02-18
jpm8288,2025-02-18
Pen_in_the_peehole,2025-02-18
OhHellMatthewKirk,2025-02-18
Blahahahah274838,2025-02-18
IndividualAlps9896,2025-02-18
UnlikelyArtichoke863,2025-02-18
Monkiyness,2025-02-18
StriperHerring,2025-02-18
clem0987612345,2025-02-18
gtrdig,2025-02-18
AdventurousRemote174,2025-02-18
Kannonbals,2025-02-18
Vegetable-Day-909,2025-02-18
Bubbly_Lime_7009,2025-02-18
GraphicWench,2025-02-18
vibski,2025-02-18
Known-Application-65,2025-02-18
No_Business_751,2025-02-18
RVAJournalistCyclist,2025-02-18
In-my-opnion,2025-02-18
Antique_Photograph59,2025-02-18
Aqvabeam,2025-02-18
pwin91,2025-02-18
kvolv2015,2025-02-18
MaruchanInstant,2025-02-18
workerbee323,2025-02-18
Crafty-Ability-5027,2025-02-18
Equivalent-Put-2023,2025-02-18
OverallAd6262,2025-02-18
Former_Question_1051,2025-02-18
Kiley_P,2025-02-18
jruth9876,2025-02-18
lmkirvan,2025-02-18
Strong-Sun25,2025-02-18
hapaxlegomenon2,2025-02-18
xa8lo,2025-02-18
Nosnowflakehere,2025-02-18
Timdope,2025-02-18
Sweatermeatfiesta,2025-02-18
SnooPeripherals1457,2025-02-18
New_Idea2972,2025-02-18
wait_hold-on,2025-02-18
OTFYogi,2025-02-18
reporterchelsea,2025-02-18
Triglav_OAG,2025-02-18
BIDOOF-LUVR,2025-02-18
Advanced_Ice3594,2025-02-18
Hamim-Minhas,2025-02-18
ohyezidid,2025-02-18
No-Custard-6543,2025-02-18
nonstop5000,2025-02-18
Really_Papi,2025-02-18
tippydog90,2025-02-18
RegularAlbatross7623,2025-02-18
SoulLover2020,2025-02-18
blapu-blapu,2025-02-18
Ok_Guidance_343,2025-02-18
External-Syrup-4542,2025-02-18
precordialthump_96,2025-02-18
ALaurel6,2025-02-18
autistextraordinaire,2025-02-18
LandscapeMental3067,2025-02-18
blahandblahandblah,2025-02-18
bobgeorge_23,2025-02-18
Southern-Molasses833,2025-02-18
The_Lizard_King_9,2025-02-18
throwawat12345678987,2025-02-18
Accomplished_Tie7884,2025-02-18
Admirable_Statement,2025-02-18
bravetruthteller108,2025-02-18
National-Motor1083,2025-02-18
IndoorVoice2025,2025-02-18
AlternateRobot,2025-02-18
Constant_Affect7774,2025-02-18
ReporterKime,2025-02-18
FED_employ_throwaway,2025-02-18
GravySeal45,2025-02-18
Key-Hovercraft2413,2025-02-18
FallingBackwards55,2025-02-18
2Much2Little2Late,2025-02-18
ValleyStudios,2025-02-18
Huge-Hotel-7578,2025-02-18
BeeMinimum3844,2025-02-18
No-Initiative-6184,2025-02-18
wishingskyblue,2025-02-18
Wide-Championship-37,2025-02-18
Borrowed_Stardust,2025-02-18
TheJoeCoastie,2025-02-18
ProudDragonfly0,2025-02-18
Small_Painting7875,2025-02-18
pmartin830,2025-02-18
conscious_living7,2025-02-18
ForkElmo,2025-02-18
cavaggim,2025-02-18
NoQuantity7726,2025-02-18
nodoxingme,2025-02-18
bruleed,2025-02-18
Alarming-Bass4300,2025-02-18
WortWort_,2025-02-18
MoneyEmphasis6792,2025-02-18
dangitbobby83,2025-02-18
tdillontx1,2025-02-18
HappyQuail10,2025-02-18
Unlikely_Pay_9009,2025-02-18
alexviveroswrites,2025-02-18
steveballser29,2025-02-18
EliseMedTechDive,2025-02-18
Plus_Tap_8141,2025-02-18
wasteofspacefed,2025-02-18
JustARedStapler,2025-02-18
Front-Type7237,2025-02-18
CopprDuckElectric,2025-02-18
Single-Low6748,2025-02-18
dravas,2025-02-18
joe_lane6818,2025-02-18
biograf_,2025-02-18
Severe_Bee_1938,2025-02-18
SevenEco,2025-02-18
Tiny-Photograph6510,2025-02-18
Zombie_dropkicker,2025-02-18
JackfruitUpset451,2025-02-18
DesperateEar9718,2025-02-18
AdventurousEnd1117,2025-02-18
burnbabyburnr,2025-02-18
BuffJannaRito,2025-02-18
notExactlyOK,2025-02-18
One-Hand3454,2025-02-18
Key-Today-6096,2025-02-18
Wooden_Switch1838,2025-02-18
Nette1346,2025-02-18
UnbreakableeBroken,2025-02-18
jascentros,2025-02-18
that_70_show_fan,2025-02-18
bruhlmaocmonbro,2025-02-18
LauraPalmerRisen,2025-02-18
Nice_Equipment_2913,2025-02-18
HI808SF,2025-02-18
That_Amount_3756,2025-02-18
Heckle_Jeckle,2025-02-18
theMercedian,2025-02-18
tenorclef,2025-02-18
Financial-Effective5,2025-02-18
PraetorianStarship,2025-02-18
LifeRepublic9,2025-02-18
finding-zen,2025-02-18
toxicmasculine,2025-02-18
Rockyandsammy,2025-02-18
shaggydax,2025-02-18
WoodsRLovely,2025-02-18
Appropriate_Bar_2958,2025-02-18
No-Community7786,2025-02-18
benitoblanco888,2025-02-18
SeaWaterCreature,2025-02-18
Penniesand,2025-02-18
Over_Hovercraft_8307,2025-02-18
texawesome,2025-02-18
jues39503,2025-02-18
nyknitter,2025-02-18
RepresentativeMap759,2025-02-18
moneyballin22,2025-02-18
incirlik99,2025-02-18
Capital_Accident8928,2025-02-18
Away-Wolverine-8756,2025-02-18
Some-Mine-4158,2025-02-18
Beneficial_Bus5067,2025-02-18
18April1775,2025-02-18
hopeful_rent_6758,2025-02-18
swkennedy1,2025-02-18
SnooBunnies437,2025-02-18
Think_Discount2852,2025-02-18
leapingcow,2025-02-18
Red_Rabbit_Blue,2025-02-18
mikespur,2025-02-18
Actual-Cockroach-243,2025-02-18
2010_12_24,2025-02-18
Shadowboxed1234,2025-02-18
ryathell,2025-02-18
Confident_Frame1684,2025-02-18
FestiveFox202,2025-02-18
greenhawk7,2025-02-18
Muted-Writing6364,2025-02-18
Pleeex,2025-02-18
kahner,2025-02-18
softlover1,2025-02-18
churlisher,2025-02-18
CyberSecurityZaddy,2025-02-18
GrouchyBee3495,2025-02-18
MammothComparison0,2025-02-18
geospatialg,2025-02-18
Shawaii,2025-02-18
No_Limit5915,2025-02-18
MassLiveReporter,2025-02-18
f3breeze,2025-02-18
Lost_Astronaut8688,2025-02-18
Flat_Yak_7285,2025-02-18
tbb235,2025-02-18
vjmatty,2025-02-18
casualtea96,2025-02-18
Big_Policy_7826,2025-02-18
YaakovZinberg,2025-02-18
ForwardKaleidoscope2,2025-02-18
Repulsive_Ad3366,2025-02-18
breadstarches,2025-02-18
Majano57,2025-02-18
sodiumbigolli,2025-02-18
swagnasty19,2025-02-18
Fragrant-Anywhere489,2025-02-18
SJcouple4u,2025-02-18
Medium-Dimension-428,2025-02-19
PedestrianBlueSocks,2025-02-19
Yuri7-,2025-02-19
huffpost,2025-02-19
Kodiakke,2025-02-19
Kasyx709,2025-02-19
atreeofnight,2025-02-19
joshys_97,2025-02-19
Confident-Baker-5466,2025-02-19
DTrickle77,2025-02-19
princess_peach7,2025-02-19
ua19,2025-02-19
Alert_Delay_2074,2025-02-19
Reluctantfans05,2025-02-19
Solid-Ad-3595,2025-02-19
Polka_Bird,2025-02-19
AndelHactur,2025-02-19
ceddton,2025-02-19
thiccychicky,2025-02-19
ksdiggity,2025-02-19
ricorican073,2025-02-19
Previous_Round6237,2025-02-19
becoming_becoming,2025-02-19
catmom1194,2025-02-19
Necessary_Jacket_470,2025-02-19
kyle2018_,2025-02-19
charlieg4,2025-02-19
Fit-Meringue-9493,2025-02-19
Puzzleheaded_Wear319,2025-02-19
Public_Morning_8696,2025-02-19
TheRangerSteve,2025-02-19
Individual_Curve4018,2025-02-19
ThrowAwaaY8769,2025-02-19
Strong_Singer_5075,2025-02-19
couchjock,2025-02-19
NMSfan1981,2025-02-19
mmaarrrggoo,2025-02-19
Apprehensive_Watch25,2025-02-19
marshall15072,2025-02-19
Feeling-Second-2204,2025-02-19
AirPuzzleheaded2428,2025-02-19
Expert-Gur-7030,2025-02-19
Substantial-Run3367,2025-02-19
Recent-Revenue-4997,2025-02-19
pick_me246,2025-02-19
Nervous-Willow-9879,2025-02-19
ConstitutionFirst_,2025-02-19
No-Scientist-8217,2025-02-19
Bexters__Lab,2025-02-19
byPlatosBeard,2025-02-19
Enthusiasm_Foreign,2025-02-19
Catperson5678,2025-02-19
Match000,2025-02-19
Automatic_Poet_9255,2025-02-19
Master_Tension_474,2025-02-19
PasaDenaSally1982,2025-02-19
trevlamar,2025-02-19
prettylittlebrat33,2025-02-19
Itchy-Athlete974,2025-02-19
Romper_11,2025-02-19
RenFL,2025-02-19
One-Raspberry6633,2025-02-19
Admirable_Fix_7976,2025-02-19
Fearless-Review-2744,2025-02-19
CryptoChardonnay,2025-02-19
Fast_Engineer3288,2025-02-19
Small_Impact_6751,2025-02-19
PuzzleheadedHoney304,2025-02-19
Street-Fan-94,2025-02-19
Responsible_Sea_6091,2025-02-19
Odd-Purpose9313,2025-02-19
4ndr0med4,2025-02-19
VAwatchdog,2025-02-19
polkadot_polarbear,2025-02-19
Yourstruly75,2025-02-19
Similar-Trout,2025-02-19
Icy-Memory-6391,2025-02-19
SnowmanPlanB,2025-02-19
hopefulfed123,2025-02-19
Existing-Ad8879,2025-02-19
ExtremeBitter504,2025-02-19
Lonely_Feed_1588,2025-02-19
CrabbieHippie,2025-02-19
GrasshopperGRIFFIN,2025-02-19
Stock_Construction99,2025-02-19
First_Shame_8200,2025-02-19
ResponsibleCelery670,2025-02-19
NoInternal5812,2025-02-19
3rdItemOnList,2025-02-19
kaylai,2025-02-19
DragonfruitNo4063,2025-02-19
0trundle_berry,2025-02-19
backgroundN015e,2025-02-19
iammbg,2025-02-19
aliceoutofwonderland,2025-02-19
WaitingOnAStar,2025-02-19
AllTheseRivers,2025-02-19
No-Job-5470,2025-02-19
Shelbelle4,2025-02-19
Potential-Signal1710,2025-02-19
Bellamy-3,2025-02-19
mavtrik,2025-02-19
Adorable-Weight1207,2025-02-19
Call911WeAreFucked,2025-02-19
No_Anteater8899,2025-02-19
InkyBlacks,2025-02-19
Designer-Candy5421,2025-02-19
HikingBob_CO,2025-02-19
que-sera2x,2025-02-19
OddSecurity7851,2025-02-19
Scared_Barnacle6268,2025-02-19
Confident-Ground8364,2025-02-19
Diocletian_Tactitus,2025-02-19
ZoomieVet,2025-02-19
ApprehensiveSpeed544,2025-02-19
AccomplishedFocus495,2025-02-19
Few_Mango_1018,2025-02-19
Chris40004,2025-02-19
Ghost_Of_Democracy,2025-02-19
pushingdaisies58,2025-02-19
IloveMotorboatin,2025-02-19
sarcatholicscribe,2025-02-19
codinggoal,2025-02-19
detpho2131,2025-02-19
emilyanthes,2025-02-19
USMC_RVXAF03,2025-02-19
CharacterSpecific408,2025-02-19
wendy1050,2025-02-19
Unable_Answer_179,2025-02-19
No-Cattle6333,2025-02-19
No-Passage-7624,2025-02-19
Jen_rex,2025-02-19
Unlikely_Fishing_490,2025-02-19
Odd_Equal_1091,2025-02-19
Character-Singer-147,2025-02-19
Positive-Shoe-8490,2025-02-19
Dutchbags,2025-02-19
1102bot,2025-02-19
Vorsmoke,2025-02-19
lobsterp0t,2025-02-19
Which-Bat-498,2025-02-19
PossessionNo7431,2025-02-19
Cantdrownafish,2025-02-19
OnePreparation616,2025-02-19
pubgnoob93,2025-02-19
RIF-d,2025-02-19
Conscious_Yellow2470,2025-02-19
kathrynthenotsogreat,2025-02-19
PublicWorker6132,2025-02-19
nmarttt,2025-02-19
Weak-Faithlessness-2,2025-02-19
LongjumpingTurnip25,2025-02-19
DigMiddle5728,2025-02-19
NoVegetable8079,2025-02-19
bluespoobaroo,2025-02-19
rfgordon,2025-02-19
redditplight,2025-02-19
beegeetee,2025-02-19
buffalo171,2025-02-19
Giovanni54111,2025-02-19
leftistliberal,2025-02-19
MDJR20,2025-02-19
fedmamamanddapapas,2025-02-19
Remarkable-Ad-7163,2025-02-19
Bitter_Emu_633,2025-02-19
Ok_Chemistry_660,2025-02-19
youngboyup,2025-02-19
NoYouTryAnother,2025-02-19
Icy-Employment-3483,2025-02-19
FedUpFed2025,2025-02-19
fitthescript,2025-02-19
Background_Chip_559,2025-02-19
Extension_Piece_6114,2025-02-19
pissed_off_fed,2025-02-19
Illustrious_Pie_5641,2025-02-19
SeriousInspector2889,2025-02-19
Icy-Purple5789,2025-02-19
devilscut76,2025-02-19
Blue-Tempesta,2025-02-19
ReasonableNatural908,2025-02-19
CuriousReaderK,2025-02-19
muskisatoad,2025-02-19
Ordinary_Green_6181,2025-02-19
SleepyBearSquad,2025-02-19
CrazyConfusedScholar,2025-02-19
Front-Computer6844,2025-02-19
Primary-Balance-4470,2025-02-19
coldbeeronsunday,2025-02-19
tired_of__it,2025-02-19
Tradinguy,2025-02-19
TykTik,2025-02-19
SD_Joe,2025-02-19
Swimming-Figure437,2025-02-19
welovegv,2025-02-19
LouziphirBoyzenberry,2025-02-19
Lower_Cookie3440,2025-02-19
Acceptable-Bench1386,2025-02-19
Significant-Camp5411,2025-02-19
randomfedprobie,2025-02-19
Fed-up-fed,2025-02-19
magenta_melon808,2025-02-19
Unique_Classroom_531,2025-02-19
GuaranteeFlat5366,2025-02-19
lilcow317,2025-02-19
Celestial_Innovator,2025-02-19
DAciv,2025-02-19
BinjiShark,2025-02-19
Turbulent_Table3917,2025-02-19
Suitable-Stage7040,2025-02-19
TH156UY,2025-02-19
Initialskoolaidcar,2025-02-19
the-move,2025-02-19
Unable_Computer_3151,2025-02-19
danwin,2025-02-19
Love3216,2025-02-19
OPM2018,2025-02-19
DryDeparture4577,2025-02-19
throwaway_fed_firing,2025-02-19
stoneswiftie,2025-02-19
Dramatic_Muffin1340,2025-02-19
Known-Explorer2610,2025-02-19
bodakhello,2025-02-19
LWY007,2025-02-19
I_POOPED_MYSELF1,2025-02-19
beastierocker2,2025-02-19
Pretty-Sign-9133,2025-02-19
Melodic-Bee9033,2025-02-19
pluckymarmot,2025-02-19
TropicalAirborne,2025-02-19
Great-Spring-1315,2025-02-19
Pretty_Equipment_185,2025-02-19
Aimless_Alder,2025-02-19
werty6223,2025-02-19
WyoFileNews,2025-02-19
basilgrimmpitch,2025-02-19
BamSamicle,2025-02-19
AlexLavelle,2025-02-19
kymcheee,2025-02-19
Existing-Pack9599,2025-02-19
Mewnicorns,2025-02-19
PotomacDuck70,2025-02-19
TengoKahn,2025-02-19
Additional_Plenty_81,2025-02-19
Zestyclose_Voice_279,2025-02-19
This-Speech4659,2025-02-19
RichNigerianBanker,2025-02-19
Legen_unfiltered,2025-02-19
_etsk_,2025-02-19
WholesaleMemes,2025-02-19
Dismal_Structure,2025-02-19
SukOnMaGLOCKNastyBIH,2025-02-19
MODERNRYAN,2025-02-19
bagsandpipes,2025-02-19
needcoffee82,2025-02-19
Upsidedown-23,2025-02-19
co-operate,2025-02-19
Flying_Chipmunk546,2025-02-19
daydinker0626,2025-02-19
BadgerInteresting189,2025-02-19
Narrow-Ad-5431,2025-02-19
Remote-Border9971,2025-02-19
Mindful_Resistance,2025-02-19
Fit-Respect363,2025-02-19
Ill_Ebb_9874,2025-02-19
Sad_Way_4588,2025-02-19
jaxxrose529,2025-02-19
Zhani_Nuhkwah,2025-02-19
Appropriate-Car-487,2025-02-19
Dense_Butterfly_1308,2025-02-19
likesureyeahiguess,2025-02-19
dcjr45,2025-02-19
Own-Try-6811,2025-02-19
officel4dy,2025-02-19
Mysterious_Newt_9305,2025-02-19
MissionPitch6569,2025-02-19
Brilliant_Scallion67,2025-02-19
Personal_Bread_130,2025-02-19
ThrownAwayFeds,2025-02-19
aspell17,2025-02-19
PoliticallyPwned,2025-02-19
Altruistic-Band9620,2025-02-19
HereForTheSnark75,2025-02-19
forever-18,2025-02-19
aWittyTwit-2712,2025-02-19
Tree-Luvr-999,2025-02-19
Sudden_Fishing_8637,2025-02-19
Roscoe104,2025-02-19
bethanyromance,2025-02-19
throwaway5698741,2025-02-19
Throwaway60417,2025-02-19
LogansBeastmaster,2025-02-19
Busy-Loquat-4806,2025-02-19
Junior-Commission728,2025-02-19
qtbrenz7,2025-02-19
evolutionista1859,2025-02-19
Vivid-Welder-7693,2025-02-19
maynizzy51,2025-02-19
Ill-Image-883,2025-02-19
Temporary_Most_5330,2025-02-19
Ambitious-Ideal-8269,2025-02-19
ferrettaxi,2025-02-19
Difficult_Term_3867,2025-02-19
kilrein,2025-02-19
Stryker7391,2025-02-19
Izzy-Abby,2025-02-19
MudLong3309,2025-02-19
No_Skirt3393,2025-02-19
ChelseaHotelTwo,2025-02-19
Retrogeek7609,2025-02-19
After-Comedian-3210,2025-02-19
StickyEyesReaders,2025-02-19
Dangerous-Lunch-2296,2025-02-19
l0R3-R,2025-02-19
hnl0129,2025-02-19
amleella,2025-02-19
MostRepresentative77,2025-02-19
Strict_Watercress_28,2025-02-19
RaisePsychological94,2025-02-19
TelessaTrue,2025-02-19
Beginning_Art_212,2025-02-19
Neat-Challenge368,2025-02-19
StretchRemarkable904,2025-02-19
Quotidian_Void,2025-02-19
AnonymousBio,2025-02-19
the_bagel_warmonger,2025-02-19
StrictChest6171,2025-02-19
Physical-Pop-5437,2025-02-19
More-Biscotti-6281,2025-02-19
382958277295,2025-02-19
tragicallyohio,2025-02-19
KANA__97,2025-02-19
Mission-Homework-119,2025-02-19
stere0cum,2025-02-19
QuestionDirect4864,2025-02-19
Disastrous_Day_5690,2025-02-19
Martian53684,2025-02-19
refusefailures,2025-02-19
New_Dingo69,2025-02-19
Muted-Event4936,2025-02-19
WoodenAstronomer2246,2025-02-19
Kevokie,2025-02-19
SirJohnFalstaff,2025-02-19
cazique,2025-02-19
Creepy_Signature_434,2025-02-19
Trick_Try_1389,2025-02-19
stressedwhilesad,2025-02-19
thatolddanielbrown,2025-02-19
No-Appointment9807,2025-02-19
Lazy-Rabbit-5799,2025-02-19
Chestnut_Puree,2025-02-19
UnableAppeal5211,2025-02-19
thekansascitystar,2025-02-19
Few_Priority7554,2025-02-19
Seperror,2025-02-19
Awkward-Detective312,2025-02-19
Independent_Gur4460,2025-02-19
Fun-Journalist-9735,2025-02-19
Ole_Red_36,2025-02-19
Cautious-Welcome6386,2025-02-19
thepoliticalorphan,2025-02-19
Weak_Locksmith6017,2025-02-19
WhattheHELL_2025,2025-02-19
Alarming-Way4101,2025-02-19
AccomplishedTwo4080,2025-02-19
samwell_10,2025-02-19
TruskOpposition,2025-02-19
Important_Addendum13,2025-02-19
JamesCRainey,2025-02-19
EmotionalSmile6990,2025-02-19
smellbeforerain09,2025-02-19
MannerAppropriate820,2025-02-19
Deuxduo,2025-02-19
Practical-Pilot-8425,2025-02-19
Aggravating-Bus7883,2025-02-19
Ok_Foundation5635,2025-02-19
Adventurous-Ad8356,2025-02-19
FedNoteApp,2025-02-19
Subject_Alps_3072,2025-02-19
EitherShirt9324,2025-02-19
GeneralSandwich,2025-02-19
McLusty,2025-02-19
yyellowbanana,2025-02-19
Sea-Biscotti8918,2025-02-19
Positive_Plane_3372,2025-02-19
jg4president,2025-02-19
Different-Brick-1212,2025-02-19
Swimming-Rough-9514,2025-02-19
Electrical_Effort22,2025-02-19
SalmonJumpingH20,2025-02-19
Flipamexinese,2025-02-19
jobes1967,2025-02-19
NotePitiful4580,2025-02-19
Finnegan_Rex,2025-02-19
GSunyabidness,2025-02-19
Beginning_Celery3489,2025-02-19
Successful-Medicine9,2025-02-19
Effective-Art-2145,2025-02-19
Alarming-Memory-8586,2025-02-19
SadHistorian4081,2025-02-19
Dancin_in_the_rain,2025-02-19
Educational_Rub168,2025-02-19
In_Lymbo,2025-02-19
Rye_Bread_Man_,2025-02-19
JB_smooove,2025-02-19
bigfoot11296,2025-02-19
rwhelser,2025-02-19
Thirsty-Pilot-305,2025-02-19
I-have-PHD-in-idiocy,2025-02-19
LocalCryptidTM,2025-02-19
NoBedroom2756,2025-02-19
Jolly_Examination227,2025-02-19
Organic-Second2138,2025-02-19
Icy-Bed-2975,2025-02-19
Visual-Clue598,2025-02-19
Ok-Humor4007,2025-02-19
Charming_Emu_4660,2025-02-19
Zestyclose_Muscle_55,2025-02-19
CBA5151,2025-02-19
AcanthisittaBig7929,2025-02-19
radica1,2025-02-19
Ok-Project5756,2025-02-19
M_Scaevola,2025-02-19
kstatefan40,2025-02-19
sericito_,2025-02-19
DakotaGreyHendrix,2025-02-19
Frosty_Group_5242,2025-02-19
war_weasel,2025-02-19
Aharrison021584,2025-02-19
OblivionX10,2025-02-19
1215seann,2025-02-19
AssignmentDue2158,2025-02-19
Unhappy-Pineapple407,2025-02-19
RoKhannaUSA,2025-02-19
Logical_Career,2025-02-19
Plankton_was_right,2025-02-19
Prestigious-Bee7411,2025-02-19
kenhold23,2025-02-19
DowntownSquirrel1894,2025-02-19
NicholasNehamas_NYT,2025-02-19
Roy_Volt,2025-02-19
AlphaSquared24,2025-02-19
Infinite_Ad8472,2025-02-19
Lolitanloli1,2025-02-19
HappyWeedGuy,2025-02-19
cryptlord69,2025-02-19
FrankLaPuof,2025-02-19
Gold-Guidance-6044,2025-02-19
WranglingBitty,2025-02-19
atlgreer,2025-02-19
GregHorse,2025-02-19
CallMeMoon2,2025-02-19
Severe-Chain-4508,2025-02-19
FighterRiseUp,2025-02-19
lillakieah,2025-02-19
Resident_Map4534,2025-02-19
Own-Researcher726,2025-02-19
NoFunction9134,2025-02-19
Bog-of-Eternal-Wench,2025-02-20
CuteWorld1979,2025-02-20
IllegitimiNonCarbo25,2025-02-20
FreshOffTheBoeing,2025-02-20
IRSprobie,2025-02-20
Little_Property5405,2025-02-20
Prior-Owl98,2025-02-20
StrikingSet4004,2025-02-20
Far-Teacher-7127,2025-02-20
No_Plane_5084,2025-02-20
Normal-Salary-9322,2025-02-20
Groundoggy,2025-02-20
Available-Honey3954,2025-02-20
Beneficial-Degree108,2025-02-20
Speakhappiness,2025-02-20
TheDragonLord-Menion,2025-02-20
CivicChossPile,2025-02-20
RogueSoldier10012,2025-02-20
AccordingShower369,2025-02-20
cbark11,2025-02-20
Revolutionary-Arm975,2025-02-20
Boo_Boo82,2025-02-20
Critical_Ad8931,2025-02-20
OriginalKey326,2025-02-20
Impossible_Clock5837,2025-02-20
Federal-Math-7285,2025-02-20
Background_Bass_2686,2025-02-20
Bubbly_Double4731,2025-02-20
Lanky-Fun-2871,2025-02-20
Hour-Negotiation-176,2025-02-20
knockingatthegate,2025-02-20
OnProbation2025,2025-02-20
Icy-Sock3013,2025-02-20
Popular_Loss5855,2025-02-20
Fragrant-Chef-2398,2025-02-20
CamposChange,2025-02-20
MarioPartyRiot,2025-02-20
Brainandauterus,2025-02-20
Willing-Square-4847,2025-02-20
ybquiet,2025-02-20
RudeCartoonist727,2025-02-20
Asleep-Dingo-4984,2025-02-20
Material_Sand_4487,2025-02-20
Strong-Trouble-4144,2025-02-20
Clean-Surround113,2025-02-20
Careless-Acadia1504,2025-02-20
unserious-dude,2025-02-20
SuccessfulWafer2450,2025-02-20
Cordwaining,2025-02-20
pineapplemom-77,2025-02-20
No-Attorney7594,2025-02-20
Electrical-Spite-140,2025-02-20
Hungry-Comment-8528,2025-02-20
True-Captain-6347,2025-02-20
jakefromthefuture,2025-02-20
Beneficial_Coffee661,2025-02-20
Complete-Tomorrow280,2025-02-20
S_Teeter,2025-02-20
Complete_Ratio2128,2025-02-20
Full_Owl_9839,2025-02-20
Mysterious-Radio6006,2025-02-20
Complete_Post_8059,2025-02-20
Strange-usernam,2025-02-20
OddImpression4786,2025-02-20
seedlinggal,2025-02-20
ventingfednews,2025-02-20
Maximum_Second1552,2025-02-20
Melissaincognito,2025-02-20
HarborViewConsulting,2025-02-20
Rainshine93,2025-02-20
texas__wolf,2025-02-20
resistor2025,2025-02-20
Miss_Bluebonnet,2025-02-20
a_user_with_no_name,2025-02-20
Level_Sleep,2025-02-20
FedBurner911,2025-02-20
Agent_Orange_Otto,2025-02-20
13curseyoukhan,2025-02-20
Rusty_Ferberger,2025-02-20
paflyfish,2025-02-20
kittenfosteraddict,2025-02-20
dizzymorningdragon,2025-02-20
SinisterPaperclip,2025-02-20
PoppaMo,2025-02-20
pixeybird,2025-02-20
downwithllc,2025-02-20
Luvthedawgs,2025-02-20
Dry_Structure5806,2025-02-20
AwarenessUnited7390,2025-02-20
wandering_dex,2025-02-20
Historical_Glove9642,2025-02-20
Space_man111111,2025-02-20
honey_1312,2025-02-20
biblicalballsack,2025-02-20
Fast_Ostrich_4128,2025-02-20
Voodoopython,2025-02-20
RespectAgreeable672,2025-02-20
Nis541,2025-02-20
Potential_Winner7404,2025-02-20
dumper514,2025-02-20
BesouroPreito,2025-02-20
Johntheson7729,2025-02-20
Manteqas,2025-02-20
SainikJr,2025-02-20
Desperate_Froyo6842,2025-02-20
WeezyFAddy,2025-02-20
Weird-Friend-2631,2025-02-20
Strict-Month-375,2025-02-20
Ok_Taro_4393,2025-02-20
Brief_Helicopter_747,2025-02-20
ServiceFuture6112,2025-02-20
fishakira,2025-02-20
CrabInternational715,2025-02-20
ArtistExciting5744,2025-02-20
Pleasant-Lie-9053,2025-02-20
AdHistorical5346,2025-02-20
Marchanh,2025-02-20
Secure_Astronaut2554,2025-02-20
juangico,2025-02-20
Desdemonasrocket,2025-02-20
WaytheisThiss,2025-02-20
klovessoil,2025-02-20
IllStick7242,2025-02-20
PreviousFlatworm7147,2025-02-20
thisthrowawayisthroq,2025-02-20
Wooden_Version_1337,2025-02-20
urbiodadd,2025-02-20
Miserable_Result9436,2025-02-20
struct_iovec,2025-02-20
LegitimateChapter991,2025-02-20
K0nchis,2025-02-20
souvenirpictures,2025-02-20
Resilient_Hart_67610,2025-02-20
Patient_Guard2603,2025-02-20
Huehuecoyotl_78,2025-02-20
Critical-Pen1978,2025-02-20
fuingi,2025-02-20
CaptainE3896,2025-02-20
Betrayed32,2025-02-20
LessEvilBender,2025-02-20
pirtlawwerdna,2025-02-20
jstapfinator,2025-02-20
tastygnar,2025-02-20
Maedeuggi,2025-02-20
truthteller-v,2025-02-20
Educational_You4164,2025-02-20
BlahBlahOkWhatever,2025-02-20
Broad_Sea_3132,2025-02-20
Icharus41096,2025-02-20
anxiousnafraid14,2025-02-20
DatArdilla,2025-02-20
Otherwise-End-3700,2025-02-20
entropy919,2025-02-20
yosoyambz,2025-02-20
ElegantMixture3891,2025-02-20
BeUnique4Me,2025-02-20
Dijonase1,2025-02-20
Realistic-Bowler-747,2025-02-20
sufferingfed,2025-02-20
Jenniferjay47,2025-02-20
SMLRavensFan,2025-02-20
GullibleHovercraft4,2025-02-20
musticomply,2025-02-20
Sensitive_Peach_849,2025-02-20
No_Variation_9675,2025-02-20
EmberrCat,2025-02-20
allbow,2025-02-20
advice_appreciated24,2025-02-20
LostSoul671,2025-02-20
tired_fed_worker,2025-02-20
BigAct5223,2025-02-20
LeopardZestyclose155,2025-02-20
Neat_Necessary7555,2025-02-20
Own_Salary_991,2025-02-20
welp-here-we-r,2025-02-20
Aware-Army512,2025-02-20
First_Dimension_5473,2025-02-20
FlipFlopingFlounder,2025-02-20
CelebornIdentity,2025-02-20
JohnWickKillsTTV,2025-02-20
Most-Dish9208,2025-02-20
Accomplished-Leg3657,2025-02-20
fiddlesticks_stones,2025-02-20
alshival,2025-02-20
Dry-Parsnip-4206,2025-02-20
Perfect_Tax_3094,2025-02-20
original-mountaingrl,2025-02-20
ImpossibleSwimmer207,2025-02-20
Upvotes4theAncestors,2025-02-20
ToeJamTom,2025-02-20
East-Complaint-5761,2025-02-20
Diligent_Nerve_6922,2025-02-20
FedIdea,2025-02-20
ap_org,2025-02-20
Prestigious-Key9732,2025-02-20
ProfessorNo1747,2025-02-20
-goodtrouble-,2025-02-20
casperzero,2025-02-20
Joy_Rabbit88,2025-02-20
Terrible_Curve_6016,2025-02-20
Asleep-Buffalo1,2025-02-20
SoMd_Prince_51,2025-02-20
Powerful-Elevator153,2025-02-20
WaitKind9552,2025-02-20
Striking_Ad9284,2025-02-20
FlintHipshot,2025-02-20
lemonsqzzz,2025-02-20
Fireant992006,2025-02-20
Silver-Leading927,2025-02-20
RevolutionSoft2366,2025-02-20
appl36,2025-02-20
UnpoeticAccount,2025-02-20
dfitz001,2025-02-20
Accomplished-Act5264,2025-02-20
forensicdude,2025-02-20
Jamrock_Whalawala,2025-02-20
thrw4642,2025-02-20
Recent-Anywhere-1857,2025-02-20
Local_Produce_4278,2025-02-20
theologi,2025-02-20
I_like_baseball90,2025-02-20
LeadingAd2342,2025-02-20
sugarroxs,2025-02-20
Icy_Subject7080,2025-02-20
MalignedTyrannosaur,2025-02-20
MinimTomato,2025-02-20
bloomberggovernment,2025-02-20
AwarenessMaleficent8,2025-02-20
Odd_Warning_2788,2025-02-20
Professional-Pin-767,2025-02-20
D4visMom,2025-02-20
OnwardForScience,2025-02-20
ForagerDyke,2025-02-20
Different-Phone-7654,2025-02-20
RebelNoir,2025-02-20
DickDover,2025-02-20
SensibleRex,2025-02-20
FlightlessAviator,2025-02-20
kelpmeshoutagain,2025-02-20
OperationBluejay,2025-02-20
miss_lonely_heart,2025-02-20
grilldude73,2025-02-20
big_damn-heroes,2025-02-20
Naive-Giraffe990,2025-02-20
This-Is-A-Fed-Burner,2025-02-20
Tricky-Confection-35,2025-02-20
HippoQuirky4402,2025-02-20
ThatFold9071,2025-02-20
PeasPorridgeHot22,2025-02-20
noideawhatimdoing75,2025-02-20
OtraAcct,2025-02-20
magwort3,2025-02-20
Silent-Law-4883,2025-02-20
Aromatic_Reading,2025-02-20
Linneavd,2025-02-20
TrumpIsMusksPet,2025-02-20
localvotingmatters,2025-02-20
HeadFlamingo6607,2025-02-20
DrunkOffMyAssets,2025-02-20
locfully_yours,2025-02-20
Budget_Bluebird_3267,2025-02-20
TheSpiritedMan,2025-02-20
BeneficialLunch3851,2025-02-20
joy_7614,2025-02-20
JHandey2021,2025-02-20
Interesting_Pay_3505,2025-02-20
StockPuzzleheaded977,2025-02-20
maybenotquiteasheavy,2025-02-20
bunnnygorl,2025-02-20
arthuruscg,2025-02-20
Key-Diet6203,2025-02-20
UnbornHeretic,2025-02-20
jimmy_c_korn,2025-02-20
Apprehensive-Edge235,2025-02-20
dtraw_,2025-02-20
viciousheeler,2025-02-20
Key-Industry3884,2025-02-20
ManifestingMilf,2025-02-20
TrustBustTeddy,2025-02-20
hexcodehero,2025-02-20
FellKnight,2025-02-20
Crafty-Wolf-9996,2025-02-20
Away-Slice7935,2025-02-20
Icy_Moose_5901,2025-02-20
Dismal_Thanks_5849,2025-02-20
Stage-Extra,2025-02-20
NonSequitur25,2025-02-20
Bert-Tino,2025-02-20
insatiable_labrador,2025-02-20
Autosaveme,2025-02-20
jrlabare,2025-02-20
MrPlushT,2025-02-20
2freakingtired,2025-02-20
PreparationDry3577,2025-02-20
Suspicious_Feed5912,2025-02-20
Blooming_onion92,2025-02-20
Inevitable_Service62,2025-02-20
Upstairs_Sail_9658,2025-02-20
Eagles50,2025-02-20
DowntownPhilosophy93,2025-02-20
heyhayhay84,2025-02-20
vandersnipe,2025-02-20
itzyaboyrj,2025-02-20
Suitable_Ad2570,2025-02-20
brkndrmr,2025-02-20
Top_Estimate_8201,2025-02-20
ToterOfGoats,2025-02-20
Conqueeftador6942O_,2025-02-20
Fun_Yak_98,2025-02-20
knitzypixie,2025-02-20
Suitable-Taro-362,2025-02-20
bellino13,2025-02-20
Zestyclose-Foot1921,2025-02-20
Careful_Locksmith713,2025-02-20
No-Fill-817,2025-02-20
spicyntiny,2025-02-20
Brave-Doge207,2025-02-20
W1nterW0lf75,2025-02-20
baltimorebanner,2025-02-20
Reasonable_Feeling35,2025-02-20
Kristen-ngu,2025-02-20
StandingStill2003,2025-02-20
IrishStarUS,2025-02-20
GreenPerspective8073,2025-02-20
InterestingPear8824,2025-02-20
CBSnews,2025-02-20
dayvancowgirl,2025-02-20
Rocket_Law,2025-02-20
Sea_Car_4309,2025-02-20
Heed50501,2025-02-20
DevilryAscended,2025-02-20
iLL-Egal,2025-02-20
ThaZiggurat,2025-02-20
SolutionNo5891,2025-02-20
ThrowRA10231022,2025-02-20
ActTurbulent6737,2025-02-20
Livid-Program-9684,2025-02-20
BedPuzzleheaded8417,2025-02-20
Pale-Dependent1692,2025-02-20
Hart-M-Boyd,2025-02-20
Old-Tangerine-7983,2025-02-20
controlsminds,2025-02-20
anxietylemons,2025-02-20
Comprehensive_Arm_68,2025-02-20
zydeco997,2025-02-20
blupblupps,2025-02-20
New-Improvement3903,2025-02-20
East_Debate6321,2025-02-20
Appropriate_Yak8544,2025-02-20
Fed-Fam,2025-02-20
atxbogart,2025-02-20
X9374,2025-02-20
sinisterspud,2025-02-20
Commercial_Top_7022,2025-02-20
ps8110,2025-02-20
LongSuccess691,2025-02-20
Prudent_Wishbone_522,2025-02-20
purple-tomato-05,2025-02-20
GroundedBirdSong,2025-02-20
Ok-Machine-6464,2025-02-20
multifamilyoffice,2025-02-20
HandOfHephaestus,2025-02-20
Lisa_E_092028,2025-02-20
Forsaken-Moment-7763,2025-02-20
Successful-Cow-3528,2025-02-20
multifamilyofficeres,2025-02-20
Glittering-Try9600,2025-02-20
Royal-Quail1169,2025-02-20
shockjor12,2025-02-20
Hefty_Inevitable6092,2025-02-20
Careful_Value_2724,2025-02-20
Suspicious_Ant_7038,2025-02-20
Admirable-Sector4594,2025-02-20
OIFjarhead,2025-02-20
SSAslave,2025-02-20
Green_Werewolf_7344,2025-02-20
alexeands,2025-02-20
LinneaLurks,2025-02-20
slothy-mcslow,2025-02-20
movendaso,2025-02-20
rabumoo,2025-02-20
hugelkult,2025-02-20
Affectionate_Field51,2025-02-20
No-Blueberry9442,2025-02-20
HuckleberryDazzling3,2025-02-20
Cheap-Masterpiece167,2025-02-20
Baseballbourbon,2025-02-20
Huge_Employee_3264,2025-02-20
Cautious-War-6272,2025-02-20
No_Royal_471,2025-02-20
FarHome2194,2025-02-20
tiredasf739,2025-02-20
lamboel,2025-02-20
M0chi2712,2025-02-20
primadonnaa_girl,2025-02-20
checkpuzz,2025-02-20
Unlucky-Resolve3402,2025-02-20
ReasonableGreen25674,2025-02-20
No-Illustrator1913,2025-02-20
Quirky-Goal3576,2025-02-20
LameBicycle,2025-02-20
taxcpasun,2025-02-20
NewControl2097,2025-02-20
AdDependent2339,2025-02-20
NinaAlbieMommy20,2025-02-20
Contribution-Radiant,2025-02-20
Soapbox,2025-02-20
neuraatik,2025-02-20
Striking_Strategy664,2025-02-20
Krackeness,2025-02-20
my_sad_alt_account_,2025-02-20
Rohan1221UC,2025-02-20
Deanna2020,2025-02-20
walkitback86,2025-02-20
PuzzledVolume1599,2025-02-20
B3PKT,2025-02-20
Mindless_Lie138,2025-02-20
Mikepierce93,2025-02-20
jdash54,2025-02-20
JKELL23,2025-02-20
Equal-Appearance-221,2025-02-20
jetcitywoman92,2025-02-20
SecondNo1546,2025-02-20
Burner-profile-,2025-02-20
Imaginary_Fishing667,2025-02-20
KTrinlay,2025-02-20
principessa1180,2025-02-20
A_isnt_A,2025-02-20
ApprehensiveWait889,2025-02-20
Korok_Obama,2025-02-20
Weeping_Sleepwalker,2025-02-20
scivga,2025-02-20
Acrobatic_Might7778,2025-02-20
Glittering-Walk-842,2025-02-20
Mytiredfeet,2025-02-20
thallium205,2025-02-20
ReceptionAshamed9784,2025-02-20
Commercial-Today949,2025-02-20
Technical_Scale6398,2025-02-20
cb-1090,2025-02-20
dm_me_cute_dog_pics,2025-02-20
iGotLuv4me,2025-02-20
Lost-Bell-5663,2025-02-20
Forkyou47,2025-02-20
Forsaken_Expert6182,2025-02-20
Jellobeanhoyseinside,2025-02-20
FoxPuzzleheaded4507,2025-02-20
cpamiller,2025-02-20
Coach-Mike-Bobo,2025-02-20
EnvironmentalWear626,2025-02-20
screwy22,2025-02-20
Stable_Jeanious,2025-02-20
LindaBabyJane,2025-02-20
Science4Life-95,2025-02-20
Life_Veterinarian292,2025-02-20
Immediate_Scar2089,2025-02-20
Secret_Cat_2793,2025-02-20
C_Happiness_168,2025-02-20
PartyEntertainment89,2025-02-20
yallcaps,2025-02-20
Sea-Peach8811,2025-02-20
Important_Oil_6840,2025-02-20
jenjabear,2025-02-20
No-Lavishness9691,2025-02-20
Ancient_Sympathy5631,2025-02-20
Creative-World-4932,2025-02-20
Beautiful_Donkey7048,2025-02-20
Ok_Personality_9917,2025-02-20
MotherSurvey1396,2025-02-20
dawnenome,2025-02-20
HMouse65,2025-02-20
Exotic-Blacksmith715,2025-02-20
Rebel0130,2025-02-20
TemporaryGrass698,2025-02-20
jurassicaparque,2025-02-20
Exciting_Rope_3271,2025-02-20
Evlwolf,2025-02-20
Familiar_Spinach_335,2025-02-20
ConfidenceElegant301,2025-02-20
BizarroBenes,2025-02-20
NoDisaster8082,2025-02-21
GotGRR,2025-02-21
throwRAesmerelda,2025-02-21
PossessionThis9795,2025-02-21
Klutzy_Beyond_371,2025-02-21
Public-Servant-2025,2025-02-21
That_Fed,2025-02-21
BeerMagic,2025-02-21
Sad-Cucumber-2798,2025-02-21
downvotethiscontent,2025-02-21
Optimal-Paper2881,2025-02-21
LE818,2025-02-21
Square-Side-6713,2025-02-21
Peak_Dantu,2025-02-21
FSOhopeful2017,2025-02-21
Electrical-Bug-723,2025-02-21
thefemininelady,2025-02-21
Prestigious_Ad_8931,2025-02-21
Independent_Fold1075,2025-02-21
IllDig1997,2025-02-21
whotheheckarewetoday,2025-02-21
jmac49346,2025-02-21
domino7860,2025-02-21
lushieluie,2025-02-21
IWantPizza555,2025-02-21
Jumanji2017Fan,2025-02-21
FukTrumpersUpTheAss,2025-02-21
OG_Goblin,2025-02-21
Infinite_Maize7917,2025-02-21
One-Pain5886,2025-02-21
Opposite-Shame352,2025-02-21
Murky_Donut5972,2025-02-21
PositionUnlikely9295,2025-02-21
Mazarin221b,2025-02-21
Conscious_Panda7578,2025-02-21
WarriorForever123,2025-02-21
BeanrShnitzel,2025-02-21
Powerful-Lime-857,2025-02-21
Dominican_P,2025-02-21
PrestigiousRisk3729,2025-02-21
Temporary_Suspect101,2025-02-21
Mida_King,2025-02-21
OkBend6988,2025-02-21
the_yawning_dog,2025-02-21
L4nthanus,2025-02-21
Character_String_459,2025-02-21
Vexer77,2025-02-21
Upsidedownkangaroo,2025-02-21
WildernessFlyer108,2025-02-21
Outside_Character928,2025-02-21
erints24,2025-02-21
marianyaklis,2025-02-21
spdustin,2025-02-21
UniqueAssUsername,2025-02-21
red0ct0ber,2025-02-21
PickleLeft6386,2025-02-21
FingernailToothpicks,2025-02-21
powerlifter3043,2025-02-21
NannaDi,2025-02-21
rayne_beldrulf,2025-02-21
mikemacrn,2025-02-21
parity_violation,2025-02-21
Lopsided-Eggplant322,2025-02-21
Altruistic-Sand-4731,2025-02-21
SeelessJohnson,2025-02-21
kanagavel656,2025-02-21
HoldMyCatIGotThis,2025-02-21
Maya-2025,2025-02-21
ARealPotatoWhisper,2025-02-21
Over_Individual7095,2025-02-21
Dry-Run-8274,2025-02-21
West-Effective-3887,2025-02-21
zekerton_94,2025-02-21
GeneralDisarray333,2025-02-21
Fartikus,2025-02-21
itsyo4444,2025-02-21
patchhappyhour,2025-02-21
Massive-Term1405,2025-02-21
RealPhinsFan,2025-02-21
appletreeii,2025-02-21
Outrageous-Remote862,2025-02-21
StatusAssist1080,2025-02-21
ThrowRAglowinthedark,2025-02-21
Sufficient_Muscle670,2025-02-21
Top_Pomegranate_2600,2025-02-21
Mian-forever,2025-02-21
Warm_War_3600,2025-02-21
poutine_26_,2025-02-21
Muted_Pangolin_9599,2025-02-21
No_Masterpiece8354,2025-02-21
frostu21,2025-02-21
theexpendable_1776,2025-02-21
WalkSad6094,2025-02-21
iamthedanger11,2025-02-21
whatisbest2025,2025-02-21
zoozoo216,2025-02-21
Snoo84860,2025-02-21
no_sloths,2025-02-21
Mediocre_Cup_7492,2025-02-21
Sun-Shine-2025,2025-02-21
ClarenceJBoddicker,2025-02-21
siriussly_,2025-02-21
Serendipityyy,2025-02-21
end_of_discussion,2025-02-21
Dangerous_Thought417,2025-02-21
yeetordie1,2025-02-21
devoinregress,2025-02-21
Kay-Protests,2025-02-21
Fantastic_Delulu_723,2025-02-21
Affectionate_Bite115,2025-02-21
theomegathealpha,2025-02-21
whif42,2025-02-21
melloncollie1126,2025-02-21
Texocereus_yall,2025-02-21
MysteriousLecture283,2025-02-21
No-Distribution238,2025-02-21
Pariah702,2025-02-21
Cantmakethisup15,2025-02-21
Patriot_Unbroken,2025-02-21
hazychief,2025-02-21
zdevlor,2025-02-21
kululi87,2025-02-21
TheRealDeJoy,2025-02-21
-_CtrlAltDefeat_-,2025-02-21
One_Candidate_4240,2025-02-21
AmericanTravelsto,2025-02-21
ashsmith1997,2025-02-21
MobileGirlMim1,2025-02-21
New-Tear4774,2025-02-21
SaltedAndSmitten,2025-02-21
burgernoisenow,2025-02-21
WoodenFish5,2025-02-21
topGWagon,2025-02-21
Patient-Finger4050,2025-02-21
ComplexPaleoCat,2025-02-21
South-Leopard6680,2025-02-21
perlimpinpined,2025-02-21
MaxTheCritic,2025-02-21
According_Security62,2025-02-21
Pretend_Parking_7373,2025-02-21
OneTrueKram,2025-02-21
Clear_Task_2423,2025-02-21
BrutusGray,2025-02-21
Personal_Wolf7641,2025-02-21
Mr_Pink_Eyez,2025-02-21
grey_and_glitter,2025-02-21
WarmCupofPee,2025-02-21
Throwaway_Dodge202,2025-02-21
Practical-Trifle-687,2025-02-21
Revolutionary-Law382,2025-02-21
Altruistic-Owl-2923,2025-02-21
Wubwom,2025-02-21
Wide_Impression_7824,2025-02-21
welpthiswasfun,2025-02-21
Sad-Cardiologist-461,2025-02-21
boatstrings,2025-02-21
No-Bumblebee6228,2025-02-21
ConversationOdd2467,2025-02-21
Dazzling-Cabinet6264,2025-02-21
ScaredyFedThrowaway,2025-02-21
Busy-Presence5958,2025-02-21
Lost_Ad3414,2025-02-21
Confident-Tour-5164,2025-02-21
External_Aioli_6104,2025-02-21
TroyMcClure10,2025-02-21
Ok-Purchase4431,2025-02-21
No_Tradition_5520,2025-02-21
kokoisland,2025-02-21
innersanctum44,2025-02-21
Picklepunky,2025-02-21
RecognitionOne2822,2025-02-21
DiamondRiley627,2025-02-21
heart-of-dalion,2025-02-21
elspankooo,2025-02-21
Otaku_Chaplain,2025-02-21
Consistent-Orchid166,2025-02-21
Capital-Service-8030,2025-02-21
bakland17,2025-02-21
Fossilhog,2025-02-21
Ok-Boot1796,2025-02-21
Fantastic-Fall1417,2025-02-21
mon2day0mor2ning2,2025-02-21
Choice-Basis2157,2025-02-21
ryuka88,2025-02-21
Puzzlegal960,2025-02-21
One_Phase_1357,2025-02-21
Candid_Ad_9836,2025-02-21
IcyGrapefruit7093,2025-02-21
karaokekey,2025-02-21
freegoose13,2025-02-21
Crafty-Cost-781,2025-02-21
Rodg08,2025-02-21
hobobobobb,2025-02-21
Good-Knowledge-9979,2025-02-21
KamikazeRusher,2025-02-21
ahealingartist,2025-02-21
WhatsMyNameAgain1701,2025-02-21
Centrist808,2025-02-21
ChiliDogYumZappupe,2025-02-21
DeepRed1976,2025-02-21
tacutary,2025-02-21
Fantastic_Hurry_9988,2025-02-21
PizzaDeliveryBoy3000,2025-02-21
FeistyNectarine4207,2025-02-21
SandIllustrious5435,2025-02-21
Mother_Vacation_18,2025-02-21
MakeItYourself1,2025-02-21
BlueEyedIrishGal,2025-02-21
pandada_,2025-02-21
t4cothursday,2025-02-21
Theunknownembed007,2025-02-21
liminalrabbithole,2025-02-21
Ok-Patient2858,2025-02-21
WallabyFrequent9947,2025-02-21
Broad_Position_4995,2025-02-21
Deadpoolssistersarah,2025-02-21
D-FENS_93,2025-02-21
Ordinary_Crab2977,2025-02-21
beepboop648392,2025-02-21
Nut_one,2025-02-21
LUlGIMangione,2025-02-21
coffee_and_seagulls,2025-02-21
Timsierramist,2025-02-21
Any_Chocolate_6809,2025-02-21
Time_Presentation_97,2025-02-21
Lego-Freak-,2025-02-21
2-b-mee,2025-02-21
TrevorPlantagenet,2025-02-21
gsh_126,2025-02-21
Fish_Slaps,2025-02-21
Professional-Love-30,2025-02-21
notsure_33,2025-02-21
RobLach,2025-02-21
Comprehensive_Load90,2025-02-21
TopAcanthaceae911,2025-02-21
AV_Reports_1991,2025-02-21
Turbulent_Search4648,2025-02-21
ParticularWitty1384,2025-02-21
northernsouthernbell,2025-02-21
ApprehensiveDingo350,2025-02-21
Pretend_Mountain,2025-02-21
danidougpost,2025-02-21
nairb3650,2025-02-21
Strange_Moose9172,2025-02-21
Smithersandburns6,2025-02-21
pcmen93,2025-02-21
BoringThePerson,2025-02-21
Quirky_Chicken_1840,2025-02-21
DragAdministrative23,2025-02-21
Far_Vermicelli1950,2025-02-21
HalaciousDude,2025-02-21
bedstvie,2025-02-21
TraditionalFlight684,2025-02-21
MeatNo3615,2025-02-21
dr_chim_,2025-02-21
LiviasFigs,2025-02-21
Sp4ceh0rse,2025-02-21
Caattos,2025-02-21
kramdenyards,2025-02-21
ILLEGAL_FIRING_FKDGE,2025-02-21
Icy-Way-9094,2025-02-21
Jump_Master82,2025-02-21
rowanasgard,2025-02-21
Grouchy-Ice2342,2025-02-21
Normal_Puppet,2025-02-21
Accidently8027,2025-02-21
KeyManufacturer8,2025-02-21
Journo_02,2025-02-21
Megahshortfuse,2025-02-21
M8r1xx,2025-02-21
Rbtk11,2025-02-21
Own_Ring_5376,2025-02-21
waitingintheholocene,2025-02-21
InformationLess9886,2025-02-21
Infamous-Ad605,2025-02-21
Long_Entrance_4060,2025-02-21
Dependent_Mix5354,2025-02-21
Ornery_Finance_3297,2025-02-21
Realistic-Ad-6798,2025-02-21
punkwtf,2025-02-21
Consistent_Teach_239,2025-02-21
NoPlaceForTheDead,2025-02-21
Upbeat_Initiative_77,2025-02-21
CalmWrangler1583,2025-02-21
DonkeyConsistent7896,2025-02-21
OopsIForgotLol,2025-02-21
Dizzy-Fishing-5953,2025-02-21
Same_Land_7282,2025-02-21
Smooth-Ebb2211,2025-02-21
Artwire,2025-02-21
angry_trash_panda_,2025-02-21
Klutzy_Positive_8918,2025-02-21
meal_w0rm,2025-02-21
Elegant_Usual_4638,2025-02-21
imgrownupenough,2025-02-21
Mysterious_Bridge668,2025-02-21
Jumpy-Peace-4029,2025-02-21
Lala1989,2025-02-21
Impossible_Dance5963,2025-02-21
Imaginary_Matter_143,2025-02-21
Brilliant-Berry9031,2025-02-21
NeighborhoodFar341,2025-02-21
Big-Measurement-6553,2025-02-21
RationalRations2,2025-02-21
tthhaattss,2025-02-21
anneonenemy,2025-02-21
tossit1234566789,2025-02-21
TreatComprehensive61,2025-02-21
Remarkable-Remote858,2025-02-21
DreamPrudent9715,2025-02-21
doggomama123,2025-02-21
brooklyngersh,2025-02-21
Active_Concentrate72,2025-02-21
ProfessionalAide4006,2025-02-21
Cowicidal,2025-02-21
Wish_4_Peace,2025-02-21
cgerbzz,2025-02-21
wimccall,2025-02-21
lauranyc77,2025-02-21
Jen_Solis_NVCurrent,2025-02-21
Wilderydude,2025-02-21
andreagonram,2025-02-21
ExactStep3484,2025-02-21
2020blowsdik,2025-02-21
WillCookAsmonBrisket,2025-02-21
TorontoPolarBear,2025-02-21
General-Influence933,2025-02-21
KindPixelBarbie,2025-02-21
Own-Lab-3612,2025-02-21
ill_fail_thats_ok,2025-02-21
awkwardandaware2,2025-02-21
mosaiclife14,2025-02-21
mad-madam_mim,2025-02-21
DepartmentCivil8871,2025-02-21
Wsamuels526,2025-02-21
SuspiciousTone1118,2025-02-21
Duncan026,2025-02-21
Designer_Parsnip_738,2025-02-21
Early-Show8996,2025-02-21
Best_Ad_9603,2025-02-21
Ok_Top_2118,2025-02-21
Write_Resist_911,2025-02-21
DiasCrimson,2025-02-21
BaBaBoey4U,2025-02-21
Aggravating-Youth990,2025-02-21
UA2010,2025-02-21
kimmy2621,2025-02-21
Similar-Pear-5052,2025-02-21
throwaway19931251,2025-02-21
kddemarchia,2025-02-21
teeenabobeeena,2025-02-21
AdThick8850,2025-02-21
Itsgrandma2226,2025-02-21
Tuxtla888,2025-02-21
ayoseankingston,2025-02-21
LeftieMusic,2025-02-21
BitteredFed,2025-02-21
ParsleyLogical5148,2025-02-21
throwaway_fedciv,2025-02-21
74Confidence74,2025-02-21
ErielleDelzer,2025-02-21
pippinsfolly,2025-02-21
selau77,2025-02-21
b3277b2249d8b,2025-02-21
Informal_Lobster_588,2025-02-21
gacoug,2025-02-21
Unfair-Artichoke3535,2025-02-21
Ashamed-Book-9830,2025-02-21
Mrfrundles86,2025-02-21
kidsrntalright,2025-02-21
thatchyfern,2025-02-21
Few_Shop7305,2025-02-21
WrongdoerBroad1714,2025-02-21
shh_thefiremanscomin,2025-02-21
Living-Information65,2025-02-21
Purple-Drama4135,2025-02-21
FAH1223,2025-02-21
e0sin,2025-02-21
DungBeetle26,2025-02-21
Budget_File7377,2025-02-21
Additional_Fall8832,2025-02-21
Majestic-Sense-4,2025-02-21
YT_JRGRAND,2025-02-21
Adventurous-Alps-950,2025-02-21
Mylight55,2025-02-21
NoncombustibleFan,2025-02-21
CandleLong3765,2025-02-21
WorthBreath9109,2025-02-22
SemperForward,2025-02-22
SaltyHold7336,2025-02-22
Dry-Combination-1410,2025-02-22
potentialhire12345,2025-02-22
HodorTheAutist,2025-02-22
Autistic_Jimmy2251,2025-02-22
SeekingSerotonin21,2025-02-22
King_J13,2025-02-22
Specific-Name1503,2025-02-22
marclar1104,2025-02-22
Alternative_Heart_16,2025-02-22
Double_Zebra188,2025-02-22
lamppostinchicago,2025-02-22
ProfessionSilent7165,2025-02-22
music4life6661,2025-02-22
SaltySistah,2025-02-22
Straight-Doughnut829,2025-02-22
Big-Gear4269,2025-02-22
Dervrak,2025-02-22
Boring-Egg-4472,2025-02-22
LastBrainCellStandin,2025-02-22
selesnyaTroll,2025-02-22
okgermme,2025-02-22
Accomplished-Toe3256,2025-02-22
Professional-Grape44,2025-02-22
ONEcrazyHINDU,2025-02-22
pantheon_prince99,2025-02-22
Affectionate-Ebb9009,2025-02-22
Downtown_Chemical629,2025-02-22
Effective_Swimmer396,2025-02-22
_4uk4a_,2025-02-22
Great_Section1435,2025-02-22
Dry-Quality1683,2025-02-22
FarrisAT,2025-02-22
Efficient_Deer_5198,2025-02-22
AMG-2012,2025-02-22
Bagel_Blaster,2025-02-22
Acceptable-East-5898,2025-02-22
kim1219,2025-02-22
zinna17,2025-02-22
MashedPotato_03,2025-02-22
mjsteinkamp,2025-02-22
Butterfly_Kiss_8102,2025-02-22
This-Theory8399,2025-02-22
Nukelearpoptart,2025-02-22
Pin564,2025-02-22
External-Loquat-1477,2025-02-22
ArchangelLBC,2025-02-22
Personal_Wasabi_9801,2025-02-22
pin59599,2025-02-22
Accomplished_Tea2429,2025-02-22
Necessary-Bet3539,2025-02-22
Lanky_Friendship8187,2025-02-22
killerclownfish,2025-02-22
xx_no_name_given_xx,2025-02-22
TMMQB,2025-02-22
everyone_is_a_moon,2025-02-22
HolyShitCandyBar,2025-02-22
Thickone211,2025-02-22
xanmar95,2025-02-22
kinkgirlwriter,2025-02-22
Top_Disk6344,2025-02-22
shoobedoobee,2025-02-22
StickaFORKinMyEye,2025-02-22
ButtercupinCA1,2025-02-22
Deezy1414,2025-02-22
Pine_Fuzz,2025-02-22
EliteDarkseid,2025-02-22
Beneficial_Oil_3683,2025-02-22
ActualEmu1251,2025-02-22
404E1324FE274A,2025-02-22
ForsakenOrchid6025,2025-02-22
MSPBLaw,2025-02-22
mycatzorro,2025-02-22
agenbite_lee,2025-02-22
Mo-Zelda,2025-02-22
made-u-look,2025-02-22
l00gl,2025-02-22
SporkUP_plz,2025-02-22
No-Branch2522,2025-02-22
Merl1nsGh0st,2025-02-22
Sardonik,2025-02-22
katzen2011,2025-02-22
Boring-Tie9317,2025-02-22
yellodello1221,2025-02-22
BurtonToThisTaylor24,2025-02-22
onebiggnocchi,2025-02-22
ScarVirtual8605,2025-02-22
emperornext,2025-02-22
Affectionate_Iron564,2025-02-22
Ok_Assistant_234,2025-02-22
Tough-Release6872,2025-02-22
dismayedandconfused,2025-02-22
Tasty_Instance_4197,2025-02-22
Sea-Incident3428,2025-02-22
Sad_Ad9908,2025-02-22
indorock,2025-02-22
Impressive_Pea7847,2025-02-22
ChubbyB22031,2025-02-22
Content_Half_4472,2025-02-22
Ceezle,2025-02-22
CodeCrusher_21,2025-02-22
semperpickelus,2025-02-22
NoComfort4576,2025-02-22
Accomplished_Fun6481,2025-02-22
curiona,2025-02-22
Fit-Accountant-157,2025-02-22
Disastrous-Remote756,2025-02-22
NeedleworkerLeast122,2025-02-22
Jaded_Extreme_5284,2025-02-22
Motor_Government_729,2025-02-22
JaneyTheDoe,2025-02-22
Content_Hamster_9854,2025-02-22
TwoDashDee,2025-02-22
samson_695,2025-02-22
Public_Tree_8713,2025-02-22
EmotionalSeesaw1300,2025-02-22
Sufficient-Button-44,2025-02-22
Ob-EWAN-Kenobi,2025-02-22
Concert_Opening,2025-02-22
Rude-Amphibian-7320,2025-02-22
Plastic_Donkey841,2025-02-22
Annual-Relief-2902,2025-02-22
Heavy_Resolution_572,2025-02-22
StarsapBill,2025-02-22
JohnMoon777,2025-02-22
volerider,2025-02-22
Searchinme,2025-02-22
Straight-Invite5954,2025-02-22
Haunting_Hotel_4675,2025-02-22
fuckoff_reddit99,2025-02-22
Sudden_Peace513,2025-02-22
rcv_hist,2025-02-22
CakeEffective7940,2025-02-22
ciginmacys,2025-02-22
Itchy_Bunch8660,2025-02-22
drewdog173,2025-02-22
bigdkyle903,2025-02-22
ChickensRtheBest,2025-02-22
chilcutt23,2025-02-22
casinhaazul,2025-02-22
sloowhand,2025-02-22
Interesting_Car_7250,2025-02-22
Opinions_R_Us,2025-02-22
Arcox5498,2025-02-22
KCMO_9999,2025-02-22
International-Key244,2025-02-22
AllDogsAreGoodDogs89,2025-02-22
Bitter_Jump_6344,2025-02-22
Longjumping-Dog4477,2025-02-22
excitingpotato11,2025-02-22
BeeRevolutionary9457,2025-02-22
Herodotus647,2025-02-22
judgementbarbie,2025-02-22
Unlucky-Property8850,2025-02-22
brebelcher23,2025-02-22
marcus9384,2025-02-22
Intelligent_Car_1851,2025-02-22
plantmasterfunk,2025-02-22
Affectionate_Ear3330,2025-02-22
WWJReallyDo,2025-02-22
throwaway56789854,2025-02-22
Accomplished_Horse41,2025-02-22
PuzzleBag2554,2025-02-22
Fired_Fedworker,2025-02-22
director828,2025-02-22
govygirl,2025-02-22
EquivalentOwl4898,2025-02-22
RC_Ace888,2025-02-22
Intelligent-Pop-541,2025-02-22
Abject-Seat3816,2025-02-22
federalandproud,2025-02-22
salty_greek,2025-02-22
No-Flamingo-4450,2025-02-22
SlighlyShadedGE,2025-02-22
Allygator24,2025-02-22
KeeterMan,2025-02-22
This-Height4262,2025-02-22
UniqueDragonfly13,2025-02-22
Happy-Flatworm6815,2025-02-22
Either_Print4817,2025-02-22
Alternative_Turn_484,2025-02-22
Round_Advertising968,2025-02-22
Nobody_XInParticular,2025-02-22
TCSoCalGal,2025-02-22
coldsophie,2025-02-22
pollyanna15,2025-02-22
OGcumBoi,2025-02-22
Siamecho,2025-02-22
Tricky-Outcome-6285,2025-02-22
hmepstein,2025-02-22
TracyRockville,2025-02-22
OldButNotDead22,2025-02-22
StringHistorical3970,2025-02-22
Clarent16,2025-02-22
h8ste36,2025-02-22
treeloh,2025-02-22
logicalconflict,2025-02-22
MarxmeetRobinhood,2025-02-22
Confident_Badger1561,2025-02-22
SnooPets9342,2025-02-22
anony_moms,2025-02-22
Eustis_Bell_USAF,2025-02-22
According-Orchid9011,2025-02-22
staffnasty25,2025-02-22
Ran455,2025-02-22
Hiendung,2025-02-22
Ok_Mission6604,2025-02-22
Lohnsklave,2025-02-22
Difficult-Donkey-722,2025-02-22
Devilishly_Fine,2025-02-22
angeleometamor,2025-02-22
FedVets,2025-02-22
HamdyFati,2025-02-22
Zealousideal-Run4243,2025-02-22
CustardIsGreat,2025-02-22
Extreme_Sherbert_967,2025-02-22
PrussianFederalist1,2025-02-22
Familiar-Abies-1694,2025-02-22
tictoctick,2025-02-22
ChillKittyCat,2025-02-22
7v1essiah,2025-02-22
SubstantialFedParty,2025-02-22
Feisty_Grapefruit_45,2025-02-22
idkwhathappenedyall,2025-02-22
BobRossColors,2025-02-22
cocofolio,2025-02-22
polaris381,2025-02-22
andcrypt0,2025-02-22
eastcoastleftist,2025-02-22
InvestmentDue2548,2025-02-22
shartson,2025-02-22
CaptchaClicker,2025-02-22
towanda_rox,2025-02-22
ZookeepergameThin866,2025-02-22
ContentFarmVictim,2025-02-22
NueroBoi,2025-02-22
Feeling-Donut5891,2025-02-22
Sweaty_Ad4296,2025-02-22
SpotLast,2025-02-22
500CSTNW,2025-02-22
thegawkster,2025-02-22
Informal-Bandicoot84,2025-02-22
Effective-Drawing614,2025-02-22
Educational-Buy-5738,2025-02-22
Cycadophyta,2025-02-22
Aware_Roof_9210,2025-02-22
putanadaseatbeltz,2025-02-22
GroundbreakingNail44,2025-02-22
Eviltwin27,2025-02-22
WitchcraftandNachos,2025-02-22
Silence-Dogood2024,2025-02-22
Anon20dotdot3-6,2025-02-22
Murky_Voice3023,2025-02-22
QueenBlackmore,2025-02-22
RealAlDrone,2025-02-22
Critical-Square-419,2025-02-22
Massive_Concept_7464,2025-02-22
ContinuedContagion,2025-02-22
Mobile-Walrus9145,2025-02-22
Imaginary-Emotion631,2025-02-22
Ready_Ingenuity_8052,2025-02-22
TheBroboat,2025-02-22
ModusMan,2025-02-22
Remote_Pea970,2025-02-22
LargeCokeNoIce,2025-02-22
FortuneCookieDreamer,2025-02-22
Zero_Sum_Malarkey,2025-02-22
Evening_Sun2757,2025-02-22
Floridaflamingo21,2025-02-22
TheRedCuddler,2025-02-22
DirtyFake,2025-02-22
cupojoe666,2025-02-22
Fantastic-Brief-3525,2025-02-22
Sufficient_Video_371,2025-02-22
powderpuff808,2025-02-22
Cock_RingOfFire,2025-02-22
AgreeableComposer588,2025-02-22
Shel-Camino,2025-02-22
Fuzzy-Homework8879,2025-02-22
curb-stomp-elon,2025-02-22
GranolaChique,2025-02-22
tropicalvolcano,2025-02-22
D-ckMOSS,2025-02-22
Sufficient_Page_2867,2025-02-22
ToBrewOrNotToBrew,2025-02-22
American-Patriot_76,2025-02-22
GusCrenshaw,2025-02-22
hmmmarvel,2025-02-22
IndividualChart4193,2025-02-22
MrBootsie,2025-02-22
GhostDraft,2025-02-22
foreverspeculating,2025-02-22
halp_mi_understand,2025-02-22
BreadBags,2025-02-22
jamintime,2025-02-22
Mean-Badger-4357,2025-02-22
No-Impression-3453,2025-02-22
AccomplishedCry5873,2025-02-22
macisadyinwhy,2025-02-22
kn1f3party,2025-02-22
IlliniRevival,2025-02-22
mrs_jolly_on_reddit,2025-02-22
Bobble_Heads,2025-02-22
bossybossybosstone,2025-02-22
GrayCat2021,2025-02-22
xoxtinaa,2025-02-22
radioshannon,2025-02-22
IllustriousWar101,2025-02-22
MotorImagination7665,2025-02-22
user-Bishop,2025-02-22
TeslaFan88,2025-02-22
blg-_-,2025-02-22
AcrobaticEdge5907,2025-02-22
finite52,2025-02-22
Feisty-Procedure4807,2025-02-22
Intrepid-Second-7882,2025-02-22
Mr-Incredible-,2025-02-22
RegularEmergency4834,2025-02-22
kk4yel,2025-02-22
Labbyears77,2025-02-22
Throwaway_DOGER,2025-02-22
Castorias,2025-02-22
Forward-Peak,2025-02-22
Certain-Savings394,2025-02-22
Astroloan,2025-02-22
MaritimeDisaster,2025-02-22
AndrewLloydCakeBoss,2025-02-22
SookMaNuts,2025-02-22
SchoolNo8183,2025-02-22
mellowwhales,2025-02-22
adenasyn,2025-02-22
throwaway92749274927,2025-02-22
IsentropicExpansion,2025-02-23
meeeemooooo,2025-02-23
DisposibleFed445988,2025-02-23
srikbe,2025-02-23
avoxx87,2025-02-23
LuvMyLabradors,2025-02-23
Neither-Gur-640,2025-02-23
bohica1245,2025-02-23
Sensitive-Stable-426,2025-02-23
throwaway92749274928,2025-02-23
Capri-Blue-,2025-02-23
Acceptable_State1193,2025-02-23
Old-Rain3230,2025-02-23
topogillo69,2025-02-23
CommonExamination416,2025-02-23
ididntevensaybitch,2025-02-23
Intrepid_Progress_58,2025-02-23
TalentedStriker,2025-02-23
Substantial_Earth443,2025-02-23
Amathoro,2025-02-23
FedResistance,2025-02-23
rwhart,2025-02-23
Appropriate_Hat_1267,2025-02-23
Ok_Drawer_4389,2025-02-23
HappyJimmyMonkey,2025-02-23
Familiar_Director_12,2025-02-23
ATL_Guy90,2025-02-23
MommaBD,2025-02-23
TakeBackThePower1776,2025-02-23
3atbutt,2025-02-23
ChemicalAd121,2025-02-23
wontsettle,2025-02-23
MBrad029,2025-02-23
Objective_Mix_4172,2025-02-23
mgjhammer,2025-02-23
jammin1j,2025-02-23
HomeStarDLucks,2025-02-23
throw_away_gambler,2025-02-23
wildsharky,2025-02-23
Hadley825,2025-02-23
RainIndividual441,2025-02-23
CivisVigilans,2025-02-23
Legal_Skin_4466,2025-02-23
Green-Lawyer2674,2025-02-23
WinterExisting5076,2025-02-23
ShTXMo,2025-02-23
Advanced-Philosophy5,2025-02-23
Dangerous-Reference1,2025-02-23
DVTexas,2025-02-23
saanadc,2025-02-23
False_Swimming_2780,2025-02-23
ovrwrkdundrpaid,2025-02-23
WatchTheBoom,2025-02-23
Yumyan-ammerpaw,2025-02-23
Visible_Trash9754,2025-02-23
sdelehan,2025-02-23
Intelligent_Date1041,2025-02-23
ColAngus80,2025-02-23
Strict-Tomorrow-7780,2025-02-23
day_tripper,2025-02-23
LandSharkPNW,2025-02-23
WhereDidAllTheSnowGo,2025-02-23
danielledotgif,2025-02-23
SloppyFloyd,2025-02-23
throwaway3482734987,2025-02-23
Forward_Airline_8797,2025-02-23
OberstBahn,2025-02-23
Constant_Maybe_4591,2025-02-23
ant_astra,2025-02-23
Mister-Devil,2025-02-23
UnlikelySafetyDance,2025-02-23
International-Pin-32,2025-02-23
RoleFizzleBeef,2025-02-23
Fork_This_2025,2025-02-23
shion713,2025-02-23
MaryMoonMandolin,2025-02-23
Visual_Finding4378,2025-02-23
ashotusn,2025-02-23
Alone-King4139,2025-02-23
Birdytaps,2025-02-23
RockChalk9799,2025-02-23
VillainizedFed,2025-02-23
No-Razzmatazz-6242,2025-02-23
silent_thinker,2025-02-23
owl_b_there4u,2025-02-23
SeaAdministrative571,2025-02-23
DeepAdhesiveness4890,2025-02-23
Full_Abies_7374,2025-02-23
Historical_Adagio144,2025-02-23
Few_One_2358,2025-02-23
Weak_Eagle4969,2025-02-23
Necessary-Apricot443,2025-02-23
soad101,2025-02-23
IndependentCare7432,2025-02-23
LongBreakfast4536,2025-02-23
nimbusdimbus,2025-02-23
Avi8rMAO,2025-02-23
Electronic_Glass9755,2025-02-23
NanananaUcantmakeme,2025-02-23
Imaginary_Coast_5882,2025-02-23
meialne2,2025-02-23
Impossible_Cat8642,2025-02-23
almostbobsaget,2025-02-23
othrow88,2025-02-23
deterrent-sha256,2025-02-23
JustBath291,2025-02-23
Icy_Yogurtcloset5920,2025-02-23
Phony-Stark123,2025-02-23
BlueRose1985,2025-02-23
PissedOffFedEmployee,2025-02-23
Any_Instance4583,2025-02-23
SelectCap877,2025-02-23
No-Jackfruit-3947,2025-02-23
TacticalStrength,2025-02-23
AdComprehensive1944,2025-02-23
WickhamAkimbo,2025-02-23
jroadsreal,2025-02-23
oliver0716,2025-02-23
Alive-Entrance5914,2025-02-23
Silver_Spot_2423,2025-02-23
Kamarandi,2025-02-23
BeccaW-F,2025-02-23
ThrowRAj2827,2025-02-23
gf_lehitnaged,2025-02-23
WallyMD,2025-02-23
Lumpy_Caramel_7984,2025-02-23
United_Juggernaut973,2025-02-23
richempire,2025-02-23
WindUpTurdChronicle,2025-02-23
3dddrees,2025-02-23
CreamCheeseJuulPod,2025-02-23
Ordinary-Hospital-63,2025-02-23
Ashamed_Cheesecake57,2025-02-23
Specialist-Drop656,2025-02-23
Ostentatious_Kilroy,2025-02-23
NCRDoSomething,2025-02-23
Patriotjack123,2025-02-23
Key-Board-9099,2025-02-23
Consultant_In_Motion,2025-02-23
blackmomba9,2025-02-23
IceColdRage_0000,2025-02-23
Unlikely-Dot7138,2025-02-23
Zumaki,2025-02-23
OppositeConcordia,2025-02-23
bipanpoly,2025-02-23
Important-Bill7568,2025-02-23
MimiTheMemi,2025-02-23
dishonored_2_,2025-02-23
DetectiveFantastic83,2025-02-23
Ohayo1965,2025-02-23
Inside_Swimming_8611,2025-02-23
SpyroTheDraygon,2025-02-23
creegomatic,2025-02-23
Mammoth_Wolverine_69,2025-02-23
modest-pixel,2025-02-23
CivilStratocaster,2025-02-23
Wonderful_Title_341,2025-02-23
Suspicious-Pen-4370,2025-02-23
OldVet-Ricter,2025-02-23
JessieCDz,2025-02-23
phil1937,2025-02-23
ZonaDesertRat,2025-02-23
Legitimate-Cat-5777,2025-02-23
Peculiar_Moonwort,2025-02-23
Eastern_East_3866,2025-02-23
thekennethmoon,2025-02-23
Superb_Ad_1966,2025-02-23
CornerGlittering7354,2025-02-23
Total_Way_6134,2025-02-23
midworldpopkin,2025-02-23
SimmentalTheCow,2025-02-23
Impossible-Habit-760,2025-02-23
generalgdubs1,2025-02-23
Infinite-Path5653,2025-02-23
TheRestlessArtist413,2025-02-23
HiHeyThrow,2025-02-23
Cautious-Necessary61,2025-02-23
JamesDrak61,2025-02-23
TSEPodcast,2025-02-23
Forks-Down411,2025-02-23
Tieravi,2025-02-23
barticcus,2025-02-23
CreedRocksa22,2025-02-23
cleverusernameistook,2025-02-23
circuitsodality,2025-02-23
Interesting-Dust7895,2025-02-23
Opening-Chain3520,2025-02-23
Hanger75,2025-02-23
Affectionate_List129,2025-02-23
Girlygirl5280,2025-02-23
Plenty_Paint520,2025-02-23
Warmastr,2025-02-23
ElderberryHoney,2025-02-23
name_1-2-3,2025-02-23
somaji13,2025-02-23
SeaAroundUs,2025-02-23
Prior-Till2718,2025-02-23
Wild_Tie2589,2025-02-23
Davidkelv,2025-02-23
FuzionG2X,2025-02-23
Internal-Tailor2390,2025-02-23
Significant_Willow_7,2025-02-23
AnonSpy,2025-02-23
owlbynight,2025-02-23
Ok-Commercial-3549,2025-02-23
PresentClear8639,2025-02-23
Moist-List-3902,2025-02-23
No_Summer_4288,2025-02-23
Physical_Airport_180,2025-02-23
tiptophiphopbeebop,2025-02-23
Key-Fig-4998,2025-02-23
Ordinary-Bee-6351,2025-02-23
RedditUSA62,2025-02-23
Emotional-Cherry-665,2025-02-23
Critical-Delivery-17,2025-02-23
V_For_Vitriolic,2025-02-23
morganlashelle,2025-02-23
FunkyFunkasaurus,2025-02-23
kingiam45,2025-02-23
FunkyFunkadactyl,2025-02-23
atxcomputer,2025-02-23
eggo_pirate,2025-02-23
Several_Secret2561,2025-02-23
Inside_Chemist_4350,2025-02-23
ArrowDel,2025-02-23
Alchemy_Seeker,2025-02-23
Rav4gal,2025-02-23
Eco_789,2025-02-23
SereneJulie,2025-02-23
QueenArchi,2025-02-23
Still-Nothing3037,2025-02-23
MidwesternBlueCollar,2025-02-23
No-Ladder-8053,2025-02-23
Legal_Kick_7698,2025-02-23
QuantumBobb,2025-02-23
Beefy-Bake,2025-02-23
PurplePorcupine8,2025-02-23
Yodels_with_yeti,2025-02-23
WeeklyGuess6274,2025-02-23
Kindly_Raspberry_352,2025-02-23
General-Concern1752,2025-02-23
ouisierlee,2025-02-23
swisscoffeeknife,2025-02-23
mywifestvshowsstink,2025-02-23
enthusiast100,2025-02-23
Rogue_Aesthetic,2025-02-23
Dad_Shepherd,2025-02-23
Barrkeeper,2025-02-23
Ok-Entertainer982,2025-02-23
EntireCare9078,2025-02-23
CaseyJones37,2025-02-23
JSON_T_Bourne,2025-02-23
ProfessionalAny5527,2025-02-23
1bensopinion,2025-02-23
One_Action_9296,2025-02-23
aja0226,2025-02-23
4TY-63,2025-02-23
Thomas_Jefferson4321,2025-02-23
Warthorne81,2025-02-23
Jangonett1,2025-02-23
Aromatic-Camera4193,2025-02-23
horrorclown,2025-02-23
Franck_Costanza,2025-02-23
turtle24932,2025-02-23
cssandy,2025-02-23
Unfair-Access2044,2025-02-23
Legitimate-Employ164,2025-02-23
OximoronsUnite4Truth,2025-02-23
SuddenlySilva,2025-02-23
No-Mathematician7625,2025-02-23
frankncense,2025-02-23
DepartureGood4989,2025-02-23
Brookersaurus,2025-02-23
17yearFed,2025-02-23
Realistic-Praline223,2025-02-23
DuhImDave,2025-02-23
Alternative-Line-168,2025-02-23
Evening_Apricot_7039,2025-02-23
2398476dguidso,2025-02-23
Acrobatic_Path_227,2025-02-23
Important-Stress-597,2025-02-23
SpecialistListen5317,2025-02-23
LetsRedditItUp,2025-02-23
Responsible-Pace-344,2025-02-23
EveningWrong,2025-02-23
Lower_Foundation_645,2025-02-23
Ronville,2025-02-23
HistoricalArugula430,2025-02-23
LesMarguerites,2025-02-23
myikeadryingrack,2025-02-23
Shua_33,2025-02-23
Brilliant_Panda5508,2025-02-23
tuner007,2025-02-23
Educational-Sense914,2025-02-23
PsychologicalFact424,2025-02-23
Far_Palpitation769,2025-02-23
Objective-Rule-3980,2025-02-23
jeanbean2355,2025-02-23
wonderbreadofsin,2025-02-23
Mightytoad70,2025-02-23
Subject-Common-1567,2025-02-23
Training-Put9114,2025-02-23
FarRub2924,2025-02-23
itsjustme7988,2025-02-23
mystikdisko,2025-02-23
Ok-Wall-6643,2025-02-23
Zestyclose-Sand-1703,2025-02-23
tplanding,2025-02-23
PuzzleheadedGrand469,2025-02-23
AutomaticCockroach32,2025-02-23
Homeskill,2025-02-23
mrstarkifeelgreat,2025-02-23
thehookdingo,2025-02-23
trev_mastaflex,2025-02-23
jtsauce,2025-02-23
SilentDig250,2025-02-23
Hot-Demand-8747,2025-02-23
Manlydell76,2025-02-23
12ofnever,2025-02-23
Izabus,2025-02-23
Best-Lengthiness-114,2025-02-23
Sharp_Letter_2583,2025-02-23
Independent-Mark-335,2025-02-23
Dorkynipz,2025-02-23
Ok_Pirate7041,2025-02-23
WildlifePhysics,2025-02-23
Fair-Wing5577,2025-02-23
AdExpert6004,2025-02-23
ZaffrefireOwl,2025-02-23
DirtyFloorHotDogs,2025-02-23
97catsinatrenchcoat,2025-02-23
Darkwing-Duck-1472,2025-02-23
hummingbirdhi,2025-02-23
Accurate-Guava-3337,2025-02-23
Shamex552,2025-02-23
zuckerbergmush,2025-02-23
demgoldencoins,2025-02-23
fed-throwaway-30404,2025-02-23
Same-Dragonfruit2557,2025-02-23
AutisticChemTeacher,2025-02-23
feickus,2025-02-23
HM3APE,2025-02-23
Pretty_Bullfrog5516,2025-02-23
Babu1022,2025-02-23
tracker1130,2025-02-23
bruin396,2025-02-23
FelonSkum1776,2025-02-23
Substantial_Jury_752,2025-02-23
redditnobodys,2025-02-23
BronteMoorWitch,2025-02-23
littlebearforce,2025-02-23
Ok-Mobile7863,2025-02-23
dam_straight_1010,2025-02-23
Flat-Lion-5990,2025-02-23
Federal_employee1033,2025-02-23
RednaxNewo,2025-02-23
AnalysisHelpful9662,2025-02-23
Professional_Text418,2025-02-23
Royal-Hedgehog4215,2025-02-23
West_Flamingo1827,2025-02-23
n3hemiah,2025-02-23
8koh,2025-02-23
thegree2112,2025-02-23
DRZ_WaPo,2025-02-23
Adventurous-Milk-713,2025-02-23
Ok_Student832,2025-02-23
184809812094809821,2025-02-23
PaulF7777,2025-02-23
Psychological-Tip689,2025-02-23
lilfaerie04,2025-02-23
No_Cow5624,2025-02-23
Academic-Macaron-746,2025-02-23
RelevantConfusion400,2025-02-23
Leading_Leader9712,2025-02-23
Charming-Plenty-6322,2025-02-23
bkpriceiwug,2025-02-23
Massive-Pollution756,2025-02-23
Icy-Year993,2025-02-23
Curious-Law2519,2025-02-23
Ok-Nefariousness3670,2025-02-23
Bird_8119,2025-02-23
Marine7733,2025-02-23
Federal_Anywhere_405,2025-02-23
Niners_girl420,2025-02-23
unicornslayer4,2025-02-23
AdSelect6918,2025-02-23
Additional_Equal4900,2025-02-23
TwinCityThrowAway,2025-02-23
WorkerAmongWorkers,2025-02-23
NoZoupForYou,2025-02-23
Prudent_Screen_6696,2025-02-23
BBQBeefWhistle,2025-02-23
jsscjsm,2025-02-23
Spade701,2025-02-23
ITSTOSHI,2025-02-23
FragrantBullfrog4691,2025-02-23
Archaeologist89,2025-02-23
Nick802CF,2025-02-23
Hungry_Apartment_615,2025-02-23
DansAdvocate,2025-02-23
Delicious_Adeptness9,2025-02-23
Upbeat-Serve-2696,2025-02-23
Fuckerland,2025-02-23
teachernat26,2025-02-23
__Celeste___,2025-02-23
pberenz,2025-02-23
SmashingMorons,2025-02-23
Interesting_Sir7520,2025-02-23
Weak_Profession_1960,2025-02-23
NewAlexandria,2025-02-23
NateBooogie,2025-02-23
Elmofiredus,2025-02-23
shit_lord_elmo,2025-02-23
BiocentricHeavens,2025-02-23
Hamster_Splash,2025-02-23
Fantastic-Potato-942,2025-02-23
N0NameN1nja,2025-02-23
tl_red,2025-02-23
Creative-Anybody7112,2025-02-23
artefakt2013,2025-02-23
SaraAmis,2025-02-23
THROWRAseal21,2025-02-23
Fast-Maintenance-550,2025-02-23
beasoforreal,2025-02-23
lizzieismydog,2025-02-23
Secret_Gain3359,2025-02-23
MrMirth,2025-02-23
ever-the-fool,2025-02-23
JohnnyABC123abc,2025-02-23
BrocialCommentary,2025-02-23
pinelands1901,2025-02-23
New-Leopard2307,2025-02-23
TheNumbersWitch,2025-02-23
ProtectedByFire,2025-02-23
Imaginary_Teacher_34,2025-02-23
beeper-snooper,2025-02-23
Motor_Commercial1030,2025-02-23
Frequent-Industry884,2025-02-23
ElderFlower911,2025-02-23
Admirable_Formal5178,2025-02-23
Blue_Sox1114,2025-02-23
SecretSquirrel90210,2025-02-23
malcompliance25,2025-02-23
MMQContrary,2025-02-23
Scared-Beyond4298,2025-02-23
No-Strength8717,2025-02-23
TheChrisSuprun,2025-02-23
TA06113,2025-02-23
Opening_Kangaroo6003,2025-02-23
f3ryl5tre3p,2025-02-23
Fancy-Commercial2701,2025-02-23
Maraging_steel,2025-02-23
NoCheesecake1741,2025-02-23
LifeIsAHiwayToHell,2025-02-23
Puzzleheaded-Map2064,2025-02-23
txyesboy2,2025-02-23
Limp_Dragonfly5938,2025-02-23
TimeSandwich1670,2025-02-23
DrFeelGood703,2025-02-23
NahDudeFr,2025-02-23
lil_squeeb,2025-02-23
Money-Librarian-1776,2025-02-23
Brilliant-Active7660,2025-02-23
ThaBeezKnees,2025-02-23
Expert_Perception_24,2025-02-23
Educational-Bug-6099,2025-02-23
MountainVibesForever,2025-02-23
Fragrant_Menu1104,2025-02-23
Sensitive-Tip8620,2025-02-23
WhatHappenedYestrday,2025-02-23
vsv2021,2025-02-23
CaseApprehensive6767,2025-02-23
No-Pianist6464,2025-02-23
blackbird24601,2025-02-23
DorianGreyhound,2025-02-23
lOWA_SUCKS,2025-02-23
PoundThaSnooch,2025-02-23
Interesting_Green_41,2025-02-23
Pretend_Win_8406,2025-02-23
circleofnerds,2025-02-23
These-Warthog4596,2025-02-23
Maguas_Markets,2025-02-23
Believe_Imagine_2702,2025-02-23
HauntingDinner6067,2025-02-24
NVDAFANBOY11111,2025-02-24
ForwardRoom2989,2025-02-24
kcjnz,2025-02-24
PersonalityNo5395,2025-02-24
Longjumping_Tax_6828,2025-02-24
firstnewsentry,2025-02-24
Key_Satisfaction4127,2025-02-24
atcburner_,2025-02-24
DDuck57,2025-02-24
Brilliant-Habit9337,2025-02-24
VA_SW_so_fork_off,2025-02-24
Stock_Scheme_2869,2025-02-24
Immediate_Morning447,2025-02-24
PointRelevant5759,2025-02-24
catlady4life4,2025-02-24
RepresentativePie70,2025-02-24
JelloSaladMonster,2025-02-24
Wonderful-Pension-50,2025-02-24
Historical-Passage-8,2025-02-24
Agreeable-Bee1679,2025-02-24
S152090c,2025-02-24
QuantumWaffle01,2025-02-24
Altruistic-Double-98,2025-02-24
Soft-Disaster-733,2025-02-24
ShockSuperb3321,2025-02-24
ChartMurky2588,2025-02-24
htsmo,2025-02-24
SelectionMiddle8305,2025-02-24
Commentess,2025-02-24
Odd_Term_4512,2025-02-24
Trick_Advertising185,2025-02-24
noocdpls,2025-02-24
RevolutionaryWay3978,2025-02-24
True_Adeptness7712,2025-02-24
bluewebull,2025-02-24
Automatic_Run_8735,2025-02-24
GitDoc,2025-02-24
hater1717,2025-02-24
LifeOnEnceladus,2025-02-24
peevyrj,2025-02-24
Casa_de_neglecta,2025-02-24
Jealous-Associate-41,2025-02-24
Business_Sun9579,2025-02-24
GOLDFISH_99,2025-02-24
AsleepRelationship12,2025-02-24
Snoo-21861,2025-02-24
strawberrymeowww,2025-02-24
Stunning_Release908,2025-02-24
looking4fun0000,2025-02-24
Efficient-Debate-487,2025-02-24
uvipulyadav,2025-02-24
nedraeb,2025-02-24
Trapped-in-nightmare,2025-02-24
user_user9-,2025-02-24
ExFed57,2025-02-24
JeffwithnoFs___given,2025-02-24
Protods,2025-02-24
furlaughs24,2025-02-24
Dear-Corner-310,2025-02-24
Life_Pineapple_3545,2025-02-24
foggybottom545,2025-02-24
Disastrous_Ear6599,2025-02-24
Abject_Doctor1448,2025-02-24
Agent_SwaggaMan,2025-02-24
PumpsRubberGlove,2025-02-24
lilymafu,2025-02-24
dresoccer4,2025-02-24
Creepy-Werewolf1738,2025-02-24
Substantial_Pop9878,2025-02-24
peacelily2014,2025-02-24
Sidney_Frenger,2025-02-24
Ntxguy2011,2025-02-24
TrevorHikes,2025-02-24
PeteyMcPetey,2025-02-24
somberredditor,2025-02-24
Leather_Passage891,2025-02-24
Fabulous-Annual5982,2025-02-24
SmellySweatsocks,2025-02-24
Odd_Manufacturer_591,2025-02-24
krivwe,2025-02-24
TomatoLongjumping364,2025-02-24
Late-Proposal9987,2025-02-24
AccordingTree8427,2025-02-24
burquechick,2025-02-24
Spare_Antelope_4481,2025-02-24
RevolutionaryExit363,2025-02-24
manifesting_sunshine,2025-02-24
Rachel2039,2025-02-24
Human_Horror_4752,2025-02-24
StatisticianRude8404,2025-02-24
Fluffy-Ad5030,2025-02-24
spamed-revolt,2025-02-24
FedSpouse,2025-02-24
Significant-Grape254,2025-02-24
mikareno,2025-02-24
ChickenHelpful8372,2025-02-24
No_Evening5890,2025-02-24
Yokota-JP,2025-02-24
Accomplished_Rise146,2025-02-24
MindlessNacho,2025-02-24
Jabrawler,2025-02-24
andreaska1,2025-02-24
Hot-Tap123,2025-02-24
SimpleReflection6598,2025-02-24
theorem21,2025-02-24
DrSilverworm,2025-02-24
General_Tea_1986,2025-02-24
PongoInTheBayou,2025-02-24
Electrical_Basket_71,2025-02-24
anomalisticrocket,2025-02-24
ChefVortivask1,2025-02-24
DontYuno,2025-02-24
National-Lime-5300,2025-02-24
Richard_Trickington,2025-02-24
pugmaster7,2025-02-24
Soft-Engineering1603,2025-02-24
cwjbrownict,2025-02-24
Historical-Run1409,2025-02-24
Effective-Reward5522,2025-02-24
swervo05,2025-02-24
BlueSpaceHorse,2025-02-24
3p0h0p3,2025-02-24
jabberw0ckee,2025-02-24
hawken50,2025-02-24
datsdaddy,2025-02-24
Complex_Upstairs_1,2025-02-24
roastchicken44,2025-02-24
AlexDotHam,2025-02-24
Nearby_Ad_9682,2025-02-24
FirsoutG,2025-02-24
PermissionExtreme717,2025-02-24
unHealthyBus,2025-02-24
MaximusRegardus,2025-02-24
Radiant-Ad9359,2025-02-24
FrostingOk8911,2025-02-24
Obizzle9,2025-02-24
AK_VonAtlas,2025-02-24
UndercoverRepublic,2025-02-24
Important-Topic4369,2025-02-24
raven_apollo,2025-02-24
Agreeable_Goat3859,2025-02-24
Key-Mix4151,2025-02-24
puzzyfotato,2025-02-24
CaptainAwwsum,2025-02-24
Cardinoodle,2025-02-24
Powerful_Ad_5507,2025-02-24
hopetheycanttrackme,2025-02-24
Odd-Tart-3517,2025-02-24
TacosyCerbeza,2025-02-24
BananaBagholder,2025-02-24
StickyWicket_11,2025-02-24
Bright-Chef-6587,2025-02-24
kestrel1332,2025-02-24
leonarbutus,2025-02-24
nightim3,2025-02-24
Submarine_Vet,2025-02-24
GreatMoney6540,2025-02-24
Icy_Interaction8553,2025-02-24
Previous_Photo_7063,2025-02-24
Obvious_Weather_7584,2025-02-24
xxdinolaurrrxx,2025-02-24
hairymonkeyinmyanus,2025-02-24
modeans4,2025-02-24
Electrical-Shift1897,2025-02-24
throw667,2025-02-24
AtlasHatch,2025-02-24
Shoddy-Judge7098,2025-02-24
LibraryParticular235,2025-02-24
h0rn3t_0x007,2025-02-24
Glad-Window3906,2025-02-24
SouthAvocado8200,2025-02-24
Cloud2822,2025-02-24
Spiritual_Poem8,2025-02-24
TrifleRoutine3728,2025-02-24
rizlyan,2025-02-24
Zaftygirl,2025-02-24
Chemical-Pudding-275,2025-02-24
FartingTacos,2025-02-24
SeaweedFirst339,2025-02-24
Striking-Society1482,2025-02-24
cpt2snipe,2025-02-24
Chopstick_Reality77,2025-02-24
Separate-Parsley6673,2025-02-24
Sleepy-Reader-28,2025-02-24
VeronicaTash,2025-02-24
Any-Bumblebee-7867,2025-02-24
ifartpillows,2025-02-24
tomallis,2025-02-24
iLoveyouchen,2025-02-24
Silver-Increase-7200,2025-02-24
randombrain,2025-02-24
Socially_Employed,2025-02-24
LASlog991,2025-02-24
AdMammoth2462,2025-02-24
FewAmbassador3884,2025-02-24
giddyuphorses,2025-02-24
Alboucqd,2025-02-24
here108,2025-02-24
sallys-ugly-supply,2025-02-24
yourfriendgeoff,2025-02-24
UniqueIndividual3579,2025-02-24
Anonymous-Fed-365,2025-02-24
DefinitelyMaybeBeige,2025-02-24
ZDVcanuk,2025-02-24
Scrappy_101,2025-02-24
Final_Inevitable_211,2025-02-24
Lost-Archivist,2025-02-24
EasyCelebration5099,2025-02-24
ConsiderationOk5585,2025-02-24
SV467,2025-02-24
parkjake50,2025-02-24
Determinedandfierce,2025-02-24
fatbear992,2025-02-24
Ponyo0nthecliff,2025-02-24
ImmediateRip6495,2025-02-24
KCUR893,2025-02-24
TimeBandit-5809,2025-02-24
Venus_the_Bull,2025-02-24
ab2greedy,2025-02-24
CrJ418,2025-02-24
HoldTheLine696969,2025-02-24
DueHovercraft2609,2025-02-24
Diligent_Coffee_5746,2025-02-24
raven88noir,2025-02-24
Beneficial_Elk_9136,2025-02-24
DonQuixote371,2025-02-24
sewcrates52,2025-02-24
Spoonful-uh-shiznit,2025-02-24
Melodic_Voice_9072,2025-02-24
stressedandtired1,2025-02-24
Shofo1,2025-02-24
CowComprehensive7418,2025-02-24
sileo009,2025-02-24
No_Owl_7380,2025-02-24
CodeX000,2025-02-24
IxayaOri,2025-02-24
Geo_Anonymous,2025-02-24
CantThnkDoingHomewrk,2025-02-24
Active-Persimmon-87,2025-02-24
Signal-Lab4598,2025-02-24
indyindyindyoyoyoy,2025-02-24
diopsideINcalcite,2025-02-24
Backtothebaysoon,2025-02-24
Ordinary_Ostrich_451,2025-02-24
KristopherJC,2025-02-24
thazcray,2025-02-24
TallguyUS82,2025-02-24
Any-Lavishness-6059,2025-02-24
garden-247,2025-02-24
Morgoddess_711,2025-02-24
Electrical_Goal5267,2025-02-24
Keep-Grace-10-22,2025-02-24
BuckeyeGuy1021,2025-02-24
ConnectionFit2219,2025-02-24
Ok_Match9012,2025-02-24
MuCallsfreemoney,2025-02-24
Spikey-Bubba,2025-02-24
dc_joker,2025-02-24
Trick-Boysenberry816,2025-02-24
Chasee89,2025-02-24
BrontoRancher,2025-02-24
holding-the-line_,2025-02-24
shea_butter96,2025-02-24
sngibbs,2025-02-24
schmoobacca,2025-02-24
Born_Dealer_8157,2025-02-24
scrollgirl24,2025-02-24
PayTaxMindBiz,2025-02-24
Sad-West3316,2025-02-24
Abraham_linken,2025-02-24
Fun-Beginning1,2025-02-24
Dull_Solution9544,2025-02-24
willboby,2025-02-24
Emergency-Road7126,2025-02-24
flyinhippo,2025-02-24
SaltFar1899,2025-02-24
StankyLobster_69,2025-02-24
annoyinglyanonymous,2025-02-24
Any_Customer_9159,2025-02-24
Grandevil,2025-02-24
ima_stranger,2025-02-24
Specialist-Emu-5250,2025-02-24
testing_new_1,2025-02-24
ForeignSecond6679,2025-02-24
brewalicious,2025-02-24
nm4343,2025-02-24
RiotMoonMoon,2025-02-24
dfriedman_fnn,2025-02-24
OddsRatioInYourFavor,2025-02-24
Prize_Rooster3822,2025-02-24
Particular_Debt_5766,2025-02-24
sneezywolf2,2025-02-24
Maleficent_Engine528,2025-02-24
wildestchampagne,2025-02-24
princesbiva,2025-02-24
Federal-Quality6530,2025-02-24
PARKSAEROYI_IC,2025-02-24
JazzlikeAdeptness392,2025-02-24
Thin-Disaster4170,2025-02-24
Objective-Grand-2640,2025-02-24
Qu33nofmyhome,2025-02-24
Cautious_Notice_3565,2025-02-24
Special_Trick5248,2025-02-24
Alive-Hunter-8442,2025-02-24
FeistyStrength3414,2025-02-24
CauldronFire,2025-02-24
Additional_Year_3614,2025-02-24
Valuable-Essay2831,2025-02-24
FORK-U-ELON,2025-02-24
No_Match_5106,2025-02-24
amicus20,2025-02-24
ChamdisPlace,2025-02-24
Responsible_Sir_5210,2025-02-24
AlliScott7,2025-02-24
Professional-Yak8213,2025-02-24
EconMastersMan,2025-02-24
centreparrot,2025-02-24
Wise_Worldliness5017,2025-02-24
Champion_stargazer,2025-02-24
Such-Trust3509,2025-02-24
Much-Purple9815,2025-02-24
headbanginhersh,2025-02-24
Icy-Hike4182,2025-02-24
goddamnbitchsetmeup,2025-02-24
x_ironichipster_x,2025-02-24
Honest-Cobbler-8321,2025-02-24
SxintPxtter,2025-02-24
Mandiz0409,2025-02-24
ShinobiMusashi,2025-02-24
Save_us_mothman,2025-02-24
helen_bug_lady,2025-02-24
SharkCoochie69,2025-02-24
Sea_Awareness1501,2025-02-24
AgThrowaway224,2025-02-24
salteesoundguy,2025-02-24
Choice-Plantain199,2025-02-24
NorthAngle3645,2025-02-24
thenyoushouldnttalk,2025-02-24
Negative_Rich4458,2025-02-24
sad_boy_848474,2025-02-24
emcee_pee_pants,2025-02-24
hesitant_nomad,2025-02-24
Leather-Toe-2449,2025-02-24
Timely-Still706,2025-02-24
Synger91,2025-02-24
Willypete72,2025-02-24
sharpeed,2025-02-24
WheelyWheelyBad,2025-02-24
Negative_Spinach2014,2025-02-24
user431780956,2025-02-24
EMTitties,2025-02-24
dcrump28,2025-02-24
Ancient_Animator4271,2025-02-24
clarryelli,2025-02-24
alspaz,2025-02-24
Upbeat-Rope6662,2025-02-24
Anon_102938,2025-02-24
yolklesseggs,2025-02-24
AcidBathIsLife,2025-02-24
Crewslug,2025-02-24
kicker203,2025-02-24
medusnea,2025-02-24
vyceroy,2025-02-24
NevilleChamberpot,2025-02-24
Ed_Roland,2025-02-24
Accomplished-Monk178,2025-02-24
Small_Note5370,2025-02-24
RevolutionaryHeat318,2025-02-24
DonPepperoni587,2025-02-24
Natural-Ostrich-8912,2025-02-24
m3hole,2025-02-24
Vee-Gee-Z,2025-02-24
swccman,2025-02-24
MousseRelevant4357,2025-02-24
Mysterious-Device261,2025-02-24
PerytonPersuasion,2025-02-24
WolfsburgAcres,2025-02-24
SavageHoodoo,2025-02-24
elmomuskratisacoward,2025-02-24
Calico-Shadowcat,2025-02-24
livvy4176,2025-02-24
Paulie_Walnuts1984,2025-02-24
nickel0325,2025-02-24
PJBOO7,2025-02-24
Demonizedfed,2025-02-24
Yawanoc,2025-02-24
Benni2012,2025-02-24
Grungepup2,2025-02-24
BasketSuspicious1433,2025-02-24
Bright_Service_2606,2025-02-24
CilantroJoe,2025-02-24
Significant_Day_6015,2025-02-24
ggroverggiraffe,2025-02-24
Select-Grapefruit-71,2025-02-24
gayroma,2025-02-24
StayOk2206,2025-02-24
MarkXIX,2025-02-24
New-Eggplant128,2025-02-24
Positive-Feedback-lu,2025-02-24
wtfchilly,2025-02-24
SnooCapers701,2025-02-24
AThrowaway897,2025-02-24
26mrcrowley,2025-02-24
Secret_Mind_8658,2025-02-24
missusfictitious,2025-02-24
WalktheWalk2,2025-02-24
Historical_Pop_9664,2025-02-24
Mockingbird_1234,2025-02-24
HeathrJarrod,2025-02-24
Deep_Atmosphere_4435,2025-02-24
StrangerMysterious1,2025-02-24
woazah,2025-02-24
BasisDry797,2025-02-24
Utahzio,2025-02-24
Avlawyer,2025-02-24
Conscious_Nerve2607,2025-02-24
Low-Aioli149,2025-02-24
ThrowawayFedAcct,2025-02-24
Frequent_View6286,2025-02-24
throwawayaccount123p,2025-02-24
feiryz,2025-02-24
Flat_Draw_5070,2025-02-24
Koko_25,2025-02-24
ib33,2025-02-24
tired_govie,2025-02-24
Traditional_Bit3117,2025-02-24
rudd_fuckers,2025-02-24
Plus_Manager9669,2025-02-24
I_laughandupvote,2025-02-24
logbiter,2025-02-24
BlondeMommy1921,2025-02-24
Fair_Ad_2910,2025-02-24
Type1_TypeA,2025-02-24
Strange_Item_4329,2025-02-24
Candid_Anxiety_5216,2025-02-24
Outside-Link-6608,2025-02-24
WiseAd1353,2025-02-24
sleepspiral,2025-02-24
CombinationGreen8983,2025-02-24
Krg26944,2025-02-24
georgenradar,2025-02-24
fritterlooper,2025-02-24
professional_poptart,2025-02-24
ughcapitalism,2025-02-24
deadHORSEhead,2025-02-24
No-Owl-9747,2025-02-24
Yulienner,2025-02-24
honestthrowaway59,2025-02-24
PriznMikesDementors,2025-02-24
Inryha,2025-02-24
ZestyPyramidScheme,2025-02-24
Ordinary-_-Joe,2025-02-24
DekaFish,2025-02-24
Turbulent_Math_1681,2025-02-24
Rally_For_Feds2025,2025-02-24
WarriorWayMaker,2025-02-24
Dilftator,2025-02-24
Own_Comfortable7346,2025-02-24
mostly_myself,2025-02-24
StarkBell,2025-02-24
CombatVet_Therapist,2025-02-24
Childofgraceandfavor,2025-02-24
Independent-Drag-486,2025-02-24
ConfidentCitron9019,2025-02-24
Heavy-University-460,2025-02-24
AwkwardSuperhero4,2025-02-24
Overall-Garbage-254,2025-02-24
AgentEmployee24601,2025-02-24
Delvin_Mallory13,2025-02-24
Lanky-Event-2611,2025-02-24
inland-sea-oats,2025-02-24
Advanced_Routine4821,2025-02-24
catandpanda,2025-02-24
Collection_Similar,2025-02-24
PrinceFortinbras,2025-02-24
REbORniNFiRE5,2025-02-24
WrongSprinkles8927,2025-02-24
No-Try-4411,2025-02-24
hdj7,2025-02-24
Dr_Redhead98,2025-02-24
Unlucky-Royal-3131,2025-02-24
Thin-Salamander6401,2025-02-24
Fun_Sympathy3508,2025-02-24
ShotRefrigerator6277,2025-02-24
runnerguy007,2025-02-24
mylegendarylegacy,2025-02-24
pinetreelumber,2025-02-24
ConstitutionalistXXV,2025-02-24
Shoddy-Solution5393,2025-02-24
LuckyMe_13,2025-02-24
Bobcat81TX,2025-02-24
BooksPlantsWhales,2025-02-24
Fearless-Rule-8129,2025-02-24
Jacked1703,2025-02-24
Dry-Seat8033,2025-02-24
Feeling-Forked,2025-02-24
Kind_Banana_1309,2025-02-24
jokersvoid,2025-02-24
NASAretkubda,2025-02-24
Alternative_Eye_1725,2025-02-25
Serious_Thing9350,2025-02-25
Original_Astronaut_6,2025-02-25
lookingupnow1,2025-02-25
JESpitz,2025-02-25
boringtired,2025-02-25
Accomplished_Bad5181,2025-02-25
LowBalance4404,2025-02-25
strappyblues,2025-02-25
Beneficial-Engine-75,2025-02-25
One_Cauliflower_6408,2025-02-25
Aware_Acanthaceae_36,2025-02-25
jroc6869,2025-02-25
Select-Pie6558,2025-02-25
s0calsir3n,2025-02-25
Crimson_Penman,2025-02-25
IheartPokemon4lyf,2025-02-25
reactor_raptor,2025-02-25
Necessary-Ad3451,2025-02-25
Cavane42,2025-02-25
NitenDoraku168,2025-02-25
reddi4reddit2,2025-02-25
Minimum_Appeal,2025-02-25
ZoomerFruit,2025-02-25
Particular_Being9811,2025-02-25
WorkerBee42507,2025-02-25
Tecumseh1015,2025-02-25
RubberDuckie86,2025-02-25
SpiritOf1968,2025-02-25
Acrobatic_Concern664,2025-02-25
2InfinityAndBeyond8,2025-02-25
InternationalBear949,2025-02-25
BombasticNarwhal,2025-02-25
VinnyVegasBeachLover,2025-02-25
LoveMyDog19,2025-02-25
Nootherids,2025-02-25
aimee_reddit,2025-02-25
Upbeat-Presence5335,2025-02-25
Interesting_Plant889,2025-02-25
Intrepid_Bluejay3546,2025-02-25
Gold_Outside_5283,2025-02-25
SilverOwl321,2025-02-25
milguy1,2025-02-25
Sufficient-Tea3874,2025-02-25
Melancholy_Fed,2025-02-25
CountrCapable,2025-02-25
Born_Original_4113,2025-02-25
Awkward-Aspect-1389,2025-02-25
Fine_Union_8813,2025-02-25
Eatyuca,2025-02-25
Spikey1212,2025-02-25
Crafty_Ad1431,2025-02-25
fedexitnetwork,2025-02-25
chasing_birds,2025-02-25
SnooPredictions2106,2025-02-25
fuck15eagle,2025-02-25
klsmith0807,2025-02-25
taytop_anik,2025-02-25
ImAPotato1775,2025-02-25
Hazegrey1993,2025-02-25
IndependentStand5344,2025-02-25
kingfishm,2025-02-25
No-Amoeba-6542,2025-02-25
Enough-Construction5,2025-02-25
NoZookeeperok,2025-02-25
These_Mood_7303,2025-02-25
ExpressionNo4489,2025-02-25
Squid_0123,2025-02-25
Pitiful-Bowler-8155,2025-02-25
Sooth_kindness43560,2025-02-25
Trick-Literature-926,2025-02-25
LettuceTomato4540,2025-02-25
Milpoooooooooool,2025-02-25
VFairlaine,2025-02-25
Due-Mud-4725,2025-02-25
Tx_0,2025-02-25
Southern-Drive1973,2025-02-25
Nullordo,2025-02-25
EducationalHold8268,2025-02-25
powderpuffsodaspread,2025-02-25
HopefulConcern2848,2025-02-25
fzhuster,2025-02-25
Competitive-Brush635,2025-02-25
KarmaCafeRenee,2025-02-25
TheDamDog,2025-02-25
DeckApe35,2025-02-25
GAMA_2025,2025-02-25
MilaRose82,2025-02-25
Complete-Bus-8117,2025-02-25
Lutesie,2025-02-25
Regulus_753,2025-02-25
Easy_Photograph_2538,2025-02-25
Life-Sprinkles-7585,2025-02-25
Rich-Spinach4087,2025-02-25
Stressy_Pineapple,2025-02-25
ElonsCockImplant,2025-02-25
stekraut,2025-02-25
induxflame,2025-02-25
Inside-Somewhere-705,2025-02-25
chimichanga_minion,2025-02-25
cocconutpen,2025-02-25
--_Anubis_--,2025-02-25
KyleAP13,2025-02-25
Alternative_Sale_247,2025-02-25
BigChaseUSA,2025-02-25
holding_the_line_99,2025-02-25
hurricanes2244,2025-02-25
Sorry_Tank1078,2025-02-25
South_Letter_652,2025-02-25
Out_of_Darkness_mc,2025-02-25
Zealousideal_Low3498,2025-02-25
alt-ranger,2025-02-25
brahmingurl,2025-02-25
MundaneAd4743,2025-02-25
typicalamericantrash,2025-02-25
Mayaalterego1692,2025-02-25
FullEstablishment598,2025-02-25
AliVista_LilSista,2025-02-25
RoyalCautious3238,2025-02-25
Arm_chair_gawd,2025-02-25
Efficient-Raise-9217,2025-02-25
hippie1031,2025-02-25
redjack63,2025-02-25
BFandFC,2025-02-25
This-Impression2342,2025-02-25
Quiet-Advantage8667,2025-02-25
Honest-Internet-2763,2025-02-25
landbasedpiratewolf,2025-02-25
socialde,2025-02-25
ChaoticSea83,2025-02-25
snackcakez1,2025-02-25
AccordingTable5630,2025-02-25
NoNatural7052,2025-02-25
nbhale1804,2025-02-25
Many-Employer2610,2025-02-25
Vast-Effective1770,2025-02-25
average_schmoe,2025-02-25
DaliTzerni,2025-02-25
Ok_Big_7238,2025-02-25
Ok-Elderberry-4283,2025-02-25
sparky984,2025-02-25
Unsophisticated-one,2025-02-25
CaptBillyBowles,2025-02-25
mityaprangya,2025-02-25
skylilly89,2025-02-25
Special_Spread_543,2025-02-25
No-Host2440,2025-02-25
Both-Following9917,2025-02-25
anonssauser,2025-02-25
IsThisAJoke1969,2025-02-25
PersimmonOk9367,2025-02-25
BrightCosmos,2025-02-25
Unusual-Fix-5748,2025-02-25
IsaacStanley-Becker,2025-02-25
Spiritual-Ad6254,2025-02-25
rockshox11,2025-02-25
Straight_Part_7979,2025-02-25
boxerdog24,2025-02-25
dc_dom_dom,2025-02-25
Soft-War-4709,2025-02-25
No-Cobbler6300,2025-02-25
WanderingHippie17,2025-02-25
Usual_Grocery1222,2025-02-25
Beneficial_Sox,2025-02-25
fezha,2025-02-25
Bloskirock,2025-02-25
tequilaXtechno,2025-02-25
woodsmith262,2025-02-25
spankleberry,2025-02-25
throwaway5everr,2025-02-25
DocBeetus,2025-02-25
freshjewbagel,2025-02-25
ShoddyPizza5439,2025-02-25
ChiefHippoTwit,2025-02-25
Hungry-Ambition5001,2025-02-25
certified_building,2025-02-25
AudienceNo5353,2025-02-25
Tyler_Cryler,2025-02-25
bartsimpsonshotuncle,2025-02-25
JoylsNotatrick,2025-02-25
CulturalTackle8534,2025-02-25
snafu2922,2025-02-25
setsukounchained,2025-02-25
AmericasHomeboy,2025-02-25
beatle42,2025-02-25
Creative-Peace1811,2025-02-25
Sensitive_Trip1527,2025-02-25
YouJustSaidWhat,2025-02-25
Exciting_Cat730,2025-02-25
Difficult_Balance994,2025-02-25
PokeScientistRoss,2025-02-25
f-Z3R0x1x1x1,2025-02-25
unomanias,2025-02-25
5Series_BMW,2025-02-25
Xderas,2025-02-25
-azuma-,2025-02-25
Shareyourstory1717,2025-02-25
Progolferwannabe,2025-02-25
GolpherZed,2025-02-25
lilykiller,2025-02-25
squirrelsploot,2025-02-25
MotownCatMom,2025-02-25
Pleasant_Basil_797,2025-02-25
Financial-Rhubarb954,2025-02-25
stylish_xennial,2025-02-25
MaksimusFootball,2025-02-25
ConcentrateSea4997,2025-02-25
Coldfusion19,2025-02-25
TreesoftheEast1979,2025-02-25
More_Kangaroo3068,2025-02-25
Gunner_Romantic,2025-02-25
kbfollmer,2025-02-25
According_Print9947,2025-02-25
newreddituser947,2025-02-25
Leihaj4,2025-02-25
Mpango87,2025-02-25
WeTheBuilders,2025-02-25
SkeetSquad69420,2025-02-25
Milkmaddness,2025-02-25
Outfield14,2025-02-25
Late_Cause336,2025-02-25
SChavkin,2025-02-25
ResponsibleAbies1991,2025-02-25
Wyntermaple5319,2025-02-25
Gullible-Bowler-8269,2025-02-25
ExtensionPresent7033,2025-02-25
Balzmcgurkin,2025-02-25
CassowaryCrow,2025-02-25
Embarrassed_Room2790,2025-02-25
RiverDry4566,2025-02-25
blurred-horizons,2025-02-25
jazzy0352,2025-02-25
Sacred_psyche,2025-02-25
StuffedOnAmbrosia,2025-02-25
dissociativedays,2025-02-25
TheGreaseGorilla,2025-02-25
DizzyGirl2004,2025-02-25
-Joseeey-,2025-02-25
Limp_Till_7839,2025-02-25
Important-Jackfruit9,2025-02-25
ReadingToFish,2025-02-25
SickofTrollHypocrisy,2025-02-25
vulpine_89,2025-02-25
Sendogetit,2025-02-25
steelwilly23,2025-02-25
Bob_Loblaw_Law_Blog1,2025-02-25
rachealmitchell,2025-02-25
nardowickk,2025-02-25
Winter_Business_612,2025-02-25
hoodoo_haus,2025-02-25
Wyvern_king,2025-02-25
aalexy1468,2025-02-25
TakeBeerBenchinHilux,2025-02-25
NoFaithlessness8062,2025-02-25
here_forthelolz,2025-02-25
CaptinMurica24,2025-02-25
Jolly_Parsnip981,2025-02-25
GoldNefariousness1,2025-02-25
Capable-Neck9438,2025-02-25
juanjing,2025-02-25
Itsajourno,2025-02-25
ExperienceOpen7783,2025-02-25
fallen1011,2025-02-25
Odd_Recipe_101,2025-02-25
One-Permission-1811,2025-02-25
Randomperson123580,2025-02-25
necrotisingveteran,2025-02-25
CanYouCanACanInACan,2025-02-25
nitpicker,2025-02-25
Intrepid-Couple7319,2025-02-25
BurnerAcct222619,2025-02-25
Own_Win3330,2025-02-25
IndependenceLazy9306,2025-02-25
tbonehollis,2025-02-25
Similar_North_100,2025-02-25
Mon-T,2025-02-25
Professional_Run7297,2025-02-25
ShortUSA,2025-02-25
BambooRama,2025-02-25
Consistent-Tap306,2025-02-25
Famous-Ear-8087,2025-02-25
Key_Homework8345,2025-02-25
alwayssummer90,2025-02-25
AdDizzy3031,2025-02-25
Horror-Start3809,2025-02-25
Sufficient_Freedom80,2025-02-25
SyntaxErrorLine1,2025-02-25
Incognito4771,2025-02-25
That-Spinach-7872,2025-02-25
Startingon11-25,2025-02-25
Spare-Cat-8866,2025-02-25
Frood_Dude_42,2025-02-25
Worldly-Addendum-511,2025-02-25
Zealousideal-Yard-20,2025-02-25
Abject-Campaign397,2025-02-25
SwordfishHot7330,2025-02-25
feelingmywaythrough,2025-02-25
Hobolint8647,2025-02-25
maldita_ka,2025-02-25
BrotherMan999,2025-02-25
Ill-Situation-6014,2025-02-25
Louis_A_Devil,2025-02-25
Accomplished-Key5214,2025-02-25
Life_Tangerine_47,2025-02-25
Bright_League_7692,2025-02-25
Editengine,2025-02-25
Jumpy_Reputation_405,2025-02-25
Several_Ad_3106,2025-02-25
DibsMine,2025-02-25
MalibuGQ,2025-02-25
NoMoreD0ge,2025-02-25
Sssurri,2025-02-25
Fancy-Map1515,2025-02-25
spooked-deer123,2025-02-25
Longjumping_Dog_4219,2025-02-25
SammySlimCock,2025-02-25
snorday,2025-02-25
Regular_Cat5493,2025-02-25
HeyItsBillJohnson,2025-02-25
OldSchoolBubba,2025-02-25
GetOffMe20,2025-02-25
KleptocracyNot,2025-02-25
the_real_krausladen,2025-02-25
NoFascismForUS,2025-02-25
Academic-Travel-4661,2025-02-25
Brilliant-Sugar-2989,2025-02-25
txrunner262,2025-02-25
uber07,2025-02-25
Best-Performance-849,2025-02-25
The_uber,2025-02-25
rumplesmoothskin444,2025-02-25
Overall-Wear-8562,2025-02-25
American-pickle,2025-02-25
Pretend-Ad-7774,2025-02-25
LetBeginning3353,2025-02-25
ThrowRA234244,2025-02-25
Ranger-6752,2025-02-25
Cawalker26,2025-02-25
Mr_Groundhog_,2025-02-25
Desjardinii,2025-02-25
blahblahjob,2025-02-25
Powerful_Meringue_38,2025-02-25
JustBrowsing858,2025-02-25
ToughPut1428,2025-02-25
Key-Dentist4499,2025-02-25
high-jinkx,2025-02-25
Working5daysaWeek,2025-02-25
Gahunter9,2025-02-25
hiker16,2025-02-25
oliverpasta,2025-02-25
Musulman,2025-02-25
Schradykat,2025-02-25
Glittering_Fan_1000,2025-02-25
Kind-Author-8817,2025-02-25
cascadianpatriot,2025-02-25
KendricksTherapist,2025-02-25
EmergencyThought9063,2025-02-25
malgesso,2025-02-25
redditor409,2025-02-25
anonymous-67890,2025-02-25
PlentyFun7936,2025-02-25
justme1031,2025-02-25
BrokenPickle7,2025-02-25
Potential-Anybody765,2025-02-25
Part1O7,2025-02-25
Adventurous-Door-898,2025-02-25
ReasonableKiwi89,2025-02-25
Mission-Tooth7206,2025-02-25
PuddingMaterial9347,2025-02-25
netwalker00,2025-02-25
deertalus,2025-02-25
SpaceChase28,2025-02-26
Impossible-Entry-809,2025-02-26
HimsPuppyCat,2025-02-26
17mph18a,2025-02-26
Apprehensive-Mode341,2025-02-26
Randomusingsofaliar,2025-02-26
Sarissa32,2025-02-26
Grand_Second_2441,2025-02-26
stinkypinky0213,2025-02-26
Valis_Monkey,2025-02-26
wompus1010,2025-02-26
Character-Fennel5846,2025-02-26
Muppet3DForever,2025-02-26
Bongwater-Mermaid,2025-02-26
fireplaceandabeer,2025-02-26
RoamAmbie,2025-02-26
Plenty_Addition5373,2025-02-26
ddonuts,2025-02-26
MangoAlone9125,2025-02-26
jbabyfresh,2025-02-26
GneissSmonker,2025-02-26
Fork-of-Doom,2025-02-26
UnicornCypher,2025-02-26
RoyalCalligrapher333,2025-02-26
League-Ill,2025-02-26
jakeyjakeypizza,2025-02-26
No-Golf7372,2025-02-26
ShoddyNetwork4839,2025-02-26
Meechgalhuquot,2025-02-26
Rosie3450,2025-02-26
Long_Bit8328,2025-02-26
New_Hat_5076,2025-02-26
AgrippaDaYounger,2025-02-26
Ok-Grand-3828,2025-02-26
WaywardDino,2025-02-26
SkilledTongue4U,2025-02-26
BolivianMeatMissile,2025-02-26
Beginning-Low4903,2025-02-26
Inevitable-Ad-52,2025-02-26
AppropriateEgg1064,2025-02-26
stopthefork,2025-02-26
NickaTNite1224,2025-02-26
Due-Gazelle-9693,2025-02-26
Last-Butterscotch-85,2025-02-26
elonisacuck,2025-02-26
Previous-Case7206,2025-02-26
Mindless-Cook-3187,2025-02-26
authorized_sausage,2025-02-26
SaltLife182,2025-02-26
Basic-Hall-7984,2025-02-26
Soggy-Cookie-4548,2025-02-26
laxman2428,2025-02-26
legal_bagel,2025-02-26
FitResearcher1916,2025-02-26
Call_Me_Pigpen,2025-02-26
RPDC98,2025-02-26
PKDickLover,2025-02-26
Significant_Roll_551,2025-02-26
Top-Hurry-8684,2025-02-26
Any_Cartographer4188,2025-02-26
nakedcokeparty,2025-02-26
Turbulent_Program484,2025-02-26
Spacewoman2020,2025-02-26
Charsv1,2025-02-26
carelesssh,2025-02-26
LouisRochat,2025-02-26
Specialist-Egg3706,2025-02-26
Helpful_Minute4019,2025-02-26
Whisperingi,2025-02-26
Resident-Disk-6413,2025-02-26
Zumuru,2025-02-26
Jump-In_Gonzo,2025-02-26
madmcconnell,2025-02-26
leadingbombshells,2025-02-26
FelonMurskHater,2025-02-26
nayviblue,2025-02-26
seeing_stone,2025-02-26
Revanator724,2025-02-26
masielaika,2025-02-26
Ncpirategirl_80,2025-02-26
fedattorneythrowaway,2025-02-26
Complex-Razzmatazz36,2025-02-26
Entire-Bluebird4201,2025-02-26
fwillia,2025-02-26
Zatarra_USArt,2025-02-26
notmytortoise,2025-02-26
dudleylabs,2025-02-26
Quiet_Sign_2160,2025-02-26
---Lazarus---,2025-02-26
Severe_Camera_2735,2025-02-26
AdvisorDelicious5964,2025-02-26
galactickoifish,2025-02-26
AwayOutsideAgain,2025-02-26
Gomalago26,2025-02-26
Strong-Cup8923,2025-02-26
Repulsive_Pen1047,2025-02-26
Ok-Reaction-5276,2025-02-26
Southern_Art9934,2025-02-26
PauliePaws,2025-02-26
Affectionate-Loan592,2025-02-26
Thin_Night1465,2025-02-26
instantlightning2,2025-02-26
Far-Side-593,2025-02-26
TwoGroundbreaking199,2025-02-26
Consistent_Move_3029,2025-02-26
akiraszone,2025-02-26
FarOrdinary7287,2025-02-26
Specialist_Jello_688,2025-02-26
Superb_Bluejay_7318,2025-02-26
Individual_of_Reddit,2025-02-26
Ok-Bumblebee-8440,2025-02-26
SatoriFound70,2025-02-26
Astreeter12,2025-02-26
IcyDetective6396,2025-02-26
SToTheGr,2025-02-26
Jmackdaddyupinyoface,2025-02-26
Happy_Rutabaga_8599,2025-02-26
lionthebrian,2025-02-26
Visible-Ordinary-720,2025-02-26
Awkward_Cockroach277,2025-02-26
ShakaWNTWallsFell,2025-02-26
Sweet-Radish28,2025-02-26
CertainAbroad5310,2025-02-26
Kind_Marionberry_481,2025-02-26
hotmallll,2025-02-26
Qxvr1,2025-02-26
WildBillMarat,2025-02-26
NoSquash7647,2025-02-26
Bitter-Square-1192,2025-02-26
DOGE-Fear-Smeller,2025-02-26
Big_Victory_2133,2025-02-26
CommunicationSad2817,2025-02-26
Cautious_Salary_2625,2025-02-26
Harperstone_universe,2025-02-26
Ihavestandards-pudel,2025-02-26
MiddlePirate4968,2025-02-26
capnbreezzyy,2025-02-26
No-Fox-1400,2025-02-26
stay_stubborn,2025-02-26
buttoncode,2025-02-26
Holiday_Mud_9481,2025-02-26
LowApprehensive1077,2025-02-26
LiquidBedrock_1998,2025-02-26
TRUMP_SHAKER_,2025-02-26
cultivatehealthMI,2025-02-26
Rpark888,2025-02-26
randomvowelsounds,2025-02-26
Fancy-Philosophy8072,2025-02-26
Financial_Brush_1918,2025-02-26
SweetestP15,2025-02-26
hmm2003,2025-02-26
2025FedBS,2025-02-26
Federal-Doctor7553,2025-02-26
MRWWWWWWW,2025-02-26
bradabroad,2025-02-26
ShookethNotStirred18,2025-02-26
Anon50649,2025-02-26
MrDKoser13,2025-02-26
Big_Audience1254,2025-02-26
Patient-Advisor-2352,2025-02-26
Could_be_cats,2025-02-26
NthDimensionTraveler,2025-02-26
DiamondFearless3713,2025-02-26
DaMuggah88,2025-02-26
Upset_Permit_8671,2025-02-26
Due_Code_5427,2025-02-26
Celebration-433,2025-02-26
Dear_Secret7489,2025-02-26
Successful-Way3641,2025-02-26
TheRealMegMurry,2025-02-26
Aggravating_Kale9788,2025-02-26
BreauxTime,2025-02-26
eich0146,2025-02-26
sublimegumline,2025-02-26
OkRevolution3563,2025-02-26
potato_baby2032,2025-02-26
cosensnow,2025-02-26
momoussa81,2025-02-26
Informal_Figgity,2025-02-26
Poohmon02,2025-02-26
Ultimateeffthecrooks,2025-02-26
Opposite_Sign6250,2025-02-26
ditzychick123,2025-02-26
Far-Force3045,2025-02-26
RecentMatter4923,2025-02-26
NxtChpter,2025-02-26
bornsinner6891,2025-02-26
ninjazx7r,2025-02-26
Legitimate_Story_166,2025-02-26
Additional-Base2082,2025-02-26
Aggravating_Part2814,2025-02-26
Party-War-6631,2025-02-26
LightningSparkle,2025-02-26
AmbassadorOutside345,2025-02-26
Correct_Victory5824,2025-02-26
JasonChe1986,2025-02-26
CarefulKaleidoscope,2025-02-26
AdAble8000,2025-02-26
Curious-Year-5444,2025-02-26
MarquishaMoMo,2025-02-26
HotSchoolDinner,2025-02-26
BmoreGoodie,2025-02-26
Sea-Mycologist9811,2025-02-26
New_Ind_Red_Fe,2025-02-26
dietitian-el,2025-02-26
ApartmentMother2317,2025-02-26
Huge_Preparation_787,2025-02-26
Grimwohl,2025-02-26
Independent-Trick-99,2025-02-26
xx_sasuke__xx,2025-02-26
Ok_Balance2289,2025-02-26
Hobobo2024,2025-02-26
ParentalUnit42069,2025-02-26
Exciting-Guide-5773,2025-02-26
Alternative_Pop_5558,2025-02-26
Sentence_Electrical,2025-02-26
OkRecommendation3595,2025-02-26
Best-Theory-330,2025-02-26
Ill-Arm3489,2025-02-26
Bean0115,2025-02-26
JJB_PM1198,2025-02-26
ItsDAlpha,2025-02-26
doloresgrrrl,2025-02-26
Sea_Resource9038,2025-02-26
East_Relationship722,2025-02-26
SkyMightFall22,2025-02-26
Greystone_86,2025-02-26
More-Soup-9166,2025-02-26
Ok-Geologist1162,2025-02-26
FunAttitude8844,2025-02-26
Qtatum74,2025-02-26
HeatherBoerner,2025-02-26
No_Data7661,2025-02-26
msnbc,2025-02-26
ldb2019,2025-02-26
wastedseastar,2025-02-26
lucyparsons123,2025-02-26
SpecificFinger5253,2025-02-26
Tft_ai,2025-02-26
MercedesPetronas,2025-02-26
convincing-backstory,2025-02-26
Frustrated_fighter,2025-02-26
springr00,2025-02-26
cor_autem_stellae,2025-02-26
Novel_Apricot1386,2025-02-26
BLM_anon1946,2025-02-26
LuckyFindFigures,2025-02-26
Natural-Degree-1091,2025-02-26
Manofmail,2025-02-26
DolphinsLuvJesus,2025-02-26
No_Childhood_3863,2025-02-26
Obstinate1066,2025-02-26
Impossible_Bobcat_21,2025-02-26
hermione44,2025-02-26
theirongiant_5-7,2025-02-26
LingonberryFlimsy642,2025-02-26
new-who-two,2025-02-26
Ritter1096,2025-02-26
Few_Macaron_968,2025-02-26
RandomUltraViolence,2025-02-26
DinoJunior_1986,2025-02-26
Tequila_Kitty,2025-02-26
Minute_Boysenberry19,2025-02-26
No-Trick-92,2025-02-26
CottonCandy707,2025-02-26
Disastrous_Year_6572,2025-02-26
_TidePodsTasteGood,2025-02-26
phraxos,2025-02-26
Left_Tie1390,2025-02-26
Hefty-Research-55,2025-02-26
sammiesam2244,2025-02-26
TheBaa200,2025-02-26
whoopgangcutsup,2025-02-26
ohineedascreenname,2025-02-26
Investor_cmz,2025-02-26
BillClintonsSister,2025-02-26
SnoopsModerateFan,2025-02-26
44Actual,2025-02-26
UpstairsLocal858,2025-02-26
GoodGuyGlocker,2025-02-26
bhghrt,2025-02-26
Infinite_Turnip_192,2025-02-26
randomjennerator,2025-02-26
Front-Contribution91,2025-02-26
togetic271,2025-02-26
Hold_The_Line_2025,2025-02-26
crabcakes110,2025-02-26
ClearWaves,2025-02-26
TacoBlutarski,2025-02-26
Party_Molasses_2946,2025-02-26
Optimal_Zucchini_467,2025-02-26
oothespacecowboyoo,2025-02-26
Forsaken-Bug-7078,2025-02-26
ZombieDannnny,2025-02-26
Other_Ant3747,2025-02-26
Cat_man_34578,2025-02-26
Particular-Knee-5590,2025-02-26
Beedor,2025-02-26
Throwaway-51862,2025-02-26
DSiggg,2025-02-26
Own-Significance5456,2025-02-26
WarmAd4226,2025-02-26
aldrinjaysac,2025-02-26
Aggravating_Lion4662,2025-02-26
TheWalkindude_-,2025-02-26
Health_Hazard_85,2025-02-26
nhdav006,2025-02-26
Accurate_Train_2489,2025-02-26
HazardKiller,2025-02-26
Watertrail,2025-02-26
elephantsmerf,2025-02-26
Cautious-Sir7191,2025-02-26
blacktartarian,2025-02-26
SmallieBigs56,2025-02-26
Acceptable_War_1265,2025-02-26
LateBenefit4802,2025-02-26
This-Discipline8891,2025-02-26
PoisonedCheeto28,2025-02-26
Right-Bumblebee-3343,2025-02-26
surethisworks5,2025-02-26
Giant-Unicorn,2025-02-26
Dangerous_Ad_8726,2025-02-26
Feeling-Ladder-8780,2025-02-26
barryjordan586,2025-02-26
Vast_Tank3416,2025-02-26
poppingandlockin,2025-02-26
Express-Ingenuity-11,2025-02-26
General-File-6974,2025-02-26
Grouchy_Shake_8926,2025-02-26
there_is_no_pie,2025-02-26
Consistent-Ad-1584,2025-02-26
Psychological_Sea425,2025-02-26
Ok-Response8498,2025-02-26
CoPilotTurtle,2025-02-26
Majestic_Prize5403,2025-02-26
atomicthrowaway239,2025-02-26
Honestly405,2025-02-26
Ok-Clothes-2850,2025-02-26
FerniceFernston,2025-02-26
EcstaticMeet5730,2025-02-26
FlyL0rd,2025-02-26
Honest-Transition752,2025-02-26
Roofantastic22,2025-02-26
OnlyMyNameIsBasic,2025-02-26
Metamorpholine,2025-02-26
seacity2025,2025-02-26
hardball162,2025-02-26
Substantial-East7887,2025-02-26
RemoteDisaster943,2025-02-26
aelxnervo,2025-02-26
Aquatic-8,2025-02-26
Think-Entertainer-48,2025-02-26
SheetsResume,2025-02-26
Vegetable_Seat_1207,2025-02-26
CPA_IRS,2025-02-26
EShop5985,2025-02-26
Dracus365,2025-02-26
SippinBourbon1920,2025-02-26
Status-Ad8411,2025-02-26
Substantial_Top4735,2025-02-26
Ghostpants52,2025-02-26
k81st1010,2025-02-26
Funny-Emu-6972,2025-02-26
Chemical_Ad_1181,2025-02-26
QuietTime77,2025-02-26
Beneficial-Pirate-10,2025-02-26
Whyndhamma,2025-02-26
Purple_Active962,2025-02-26
walking_panda-bear,2025-02-26
bennet0213,2025-02-26
Admirable-Buddy9882,2025-02-26
Barber_Successful,2025-02-26
Pretty-Ad6166,2025-02-26
Left_Ambassador_4090,2025-02-26
HorrorFlamingo1985,2025-02-26
Former_Mortgage4493,2025-02-26
matt_the_dayman,2025-02-26
meeraffe1,2025-02-26
Potential_Painter204,2025-02-26
UpstairsWeakness845,2025-02-26
PristinePhone5436,2025-02-26
retiredfed2022,2025-02-26
Striking_Bat_7062,2025-02-26
_TossIt,2025-02-26
CombinationFree6151,2025-02-26
cpava97,2025-02-26
ThrowawayOMC2020,2025-02-26
peepeepoopooinmyshoe,2025-02-26
RKScouser,2025-02-26
UpperPeninsula31,2025-02-26
cj0586,2025-02-26
ButtersHound,2025-02-26
Grandville93,2025-02-26
VeraRif25,2025-02-26
PuzzledPotato6585,2025-02-26
scarier-derriere,2025-02-26
GD_American,2025-02-26
Scary_Risk_5120,2025-02-27
Silent-Ad-1811,2025-02-27
ResponsibleFerret655,2025-02-27
bundles89,2025-02-27
J_Sto,2025-02-27
Due-Pepper6478,2025-02-27
Bitter-Atmosphere435,2025-02-27
jauntygoat,2025-02-27
ahboomboomboomboom,2025-02-27
muzingmuz,2025-02-27
PassionateProtector,2025-02-27
AbsolutelyAbsolom,2025-02-27
anticrom2,2025-02-27
Repulsive_Passage645,2025-02-27
Global-Meringue-6747,2025-02-27
RobertaELee,2025-02-27
Electronic-Bank9445,2025-02-27
NotesApplication,2025-02-27
Leftatgulfofusa,2025-02-27
older_dude85,2025-02-27
Imagination-Few,2025-02-27
baribigbird06,2025-02-27
Culpa_Hansen,2025-02-27
DrillingerEscapePlan,2025-02-27
HappyBlis,2025-02-27
Ok_pA_4323,2025-02-27
LabRat_X,2025-02-27
Beautiful-Paper-1990,2025-02-27
SnooPears734,2025-02-27
tortillachipluv,2025-02-27
Chance-Employer-7534,2025-02-27
fear_less_folks,2025-02-27
TheWonAndOnly2,2025-02-27
Fit-Frosting-9537,2025-02-27
Mysterious_Ad_2057,2025-02-27
Natural-Gur40,2025-02-27
browsandbeers,2025-02-27
cgg41_,2025-02-27
IWasAFirefughter,2025-02-27
Hot-Lion-7995,2025-02-27
ThrowawayConLawFight,2025-02-27
SomeKindofRed,2025-02-27
swright444,2025-02-27
RedHopstermail,2025-02-27
stampy0101,2025-02-27
Fedemp2028,2025-02-27
VegetableMechanic948,2025-02-27
VA_Murse,2025-02-27
phil96744,2025-02-27
Langdailyupdates,2025-02-27
Life-League-6300,2025-02-27
ElectronicGap394,2025-02-27
EmergencyExact1588,2025-02-27
Duckthatpurrs,2025-02-27
EnthusiasmMurky742,2025-02-27
spite_fuels_me,2025-02-27
Anita-gg,2025-02-27
cjvphd,2025-02-27
TemporaryPlace5986,2025-02-27
mumble1969,2025-02-27
TheDollyPartonDiet,2025-02-27
Acrobatic_Finish310,2025-02-27
Frosty-Magazine-917,2025-02-27
Glad_Celebration_999,2025-02-27
seabit70,2025-02-27
BeneficialFood6607,2025-02-27
Fancy-Sprinkles-5213,2025-02-27
myheadhurts_more,2025-02-27
2BeBornReady,2025-02-27
Nautiwow,2025-02-27
TinySub4833,2025-02-27
Intelligent_Garlic82,2025-02-27
Green_Pirate9417,2025-02-27
VictoryDense3354,2025-02-27
lukewines,2025-02-27
Less-Elderberry9468,2025-02-27
tragedycandy,2025-02-27
amoly101,2025-02-27
Negative_Hearing_184,2025-02-27
Rydawg5143,2025-02-27
Organic_Camp_5005,2025-02-27
Burnthisaccount24,2025-02-27
4est_for_Tress,2025-02-27
subprimesenpai,2025-02-27
sandy_dunes1,2025-02-27
zombiecattle,2025-02-27
Which_Savings5783,2025-02-27
Future-Act1229,2025-02-27
Weekly_Ad8775,2025-02-27
Naruto-D-Kurosaki,2025-02-27
Party-Path5700,2025-02-27
SamdechEuv,2025-02-27
Royal_Honeydew_1240,2025-02-27
Wiplide2982,2025-02-27
Careful-Rich2759,2025-02-27
PhoneUnfair1727,2025-02-27
Yourteararedelicious,2025-02-27
Significant_Rush_989,2025-02-27
ImperfectCele,2025-02-27
not_entireleigh_,2025-02-27
Snorkington78,2025-02-27
UnhingedWaffler,2025-02-27
Live-Organization912,2025-02-27
outlaw5418,2025-02-27
Middle_Adeptness_323,2025-02-27
nocap30469,2025-02-27
iamajesty61,2025-02-27
mdibrahimhossain615,2025-02-27
WorkOld9191,2025-02-27
Shimi43,2025-02-27
WashPractical9026,2025-02-27
OkPossibility9976,2025-02-27
PaintingConsistent23,2025-02-27
Frankandbeans1974v2,2025-02-27
Obvious-Pie-1249,2025-02-27
Wonderful_Document77,2025-02-27
Curious-Asparagus621,2025-02-27
Foreign-Garlic-8100,2025-02-27
Icy-Possibility9083,2025-02-27
BlonddiWildNFree,2025-02-27
Far-Passenger69420,2025-02-27
Defiant-Window-807,2025-02-27
Valuable_Exchange_30,2025-02-27
anxiousfedxo,2025-02-27
Advanced-Resort1821,2025-02-27
tocabocagames,2025-02-27
Legitimate_Region492,2025-02-27
SaltNetwork7813,2025-02-27
TechnicalJuggernaut6,2025-02-27
shayrod88,2025-02-27
PRRLegend4800,2025-02-27
Infinite-Adagio-2739,2025-02-27
Badre19,2025-02-27
NeedMoreAmor,2025-02-27
ComprehensiveCup7104,2025-02-27
thummer,2025-02-27
Lopsided-Recipe6021,2025-02-27
Decent_Jello_2229,2025-02-27
Double-Hamster-6477,2025-02-27
ParkingHorrorRTO,2025-02-27
FastAd4876,2025-02-27
DEAD1nsane,2025-02-27
Intrepid-inquiry,2025-02-27
TheDougmeister,2025-02-27
Jolly-Ad-2769,2025-02-27
BornFruit9627,2025-02-27
Some-Civil-Servant20,2025-02-27
Background_car_13,2025-02-27
pathos8,2025-02-27
VegetaIsSuperior,2025-02-27
thenewguydownthehall,2025-02-27
Pacino-57,2025-02-27
rainbow_bright_,2025-02-27
Due_Lychee_3090,2025-02-27
ThinkTransition4934,2025-02-27
Mn_astroguy,2025-02-27
nottoouniqueusername,2025-02-27
MDSooner,2025-02-27
BOOZCHZZ,2025-02-27
ResponsibleSlip8389,2025-02-27
JennyTinDC,2025-02-27
Stunning-Road8145,2025-02-27
icyh2000,2025-02-27
cidfsme,2025-02-27
mealyapple86,2025-02-27
No_Employ683,2025-02-27
instantcoffee69,2025-02-27
Mrdoza88,2025-02-27
Content_Ground8500,2025-02-27
interestingomelette,2025-02-27
WhyAlwaysMe_1,2025-02-27
Icy_Dog730,2025-02-27
HyenaOne2825,2025-02-27
ohyouNISTy,2025-02-27
Mommalvs2travel,2025-02-27
TechnicalSmile165,2025-02-27
OKCannabisConsulting,2025-02-27
Girlw_noname,2025-02-27
Odd_Rest788,2025-02-27
tigerman9803,2025-02-27
TotalAutarky,2025-02-27
bluehairtime,2025-02-27
tweakingashley,2025-02-27
Ok_Mastodon_1007,2025-02-27
amortized-poultry,2025-02-27
Sad_Sultry_02,2025-02-27
Big_Conference1574,2025-02-27
IndependenceLonely27,2025-02-27
Responsible_Ad3560,2025-02-27
ManitouWakinyan,2025-02-27
Pony-boystonks,2025-02-27
VeryTiredTurtle,2025-02-27
gshennessy,2025-02-27
Downtown-Company-372,2025-02-27
Crafty-Strawberry-65,2025-02-27
ssgtsilerZ,2025-02-27
wtfisgoingon_smh,2025-02-27
BetterThanAFoon,2025-02-27
FriendlyInitiative95,2025-02-27
happy_camper_64,2025-02-27
Tmlb01,2025-02-27
Feisty-Pomelo1104,2025-02-27
Whispering_LoudMouth,2025-02-27
Old-Detective1452,2025-02-27
Emotional-Tart-1353,2025-02-27
ThrowRA-isthiswhoiam,2025-02-27
beetsky,2025-02-27
Pleasant_Ad_5264,2025-02-27
SnooSeagulls8661,2025-02-27
Vicious_Tiger_4,2025-02-27
Anusblaster28,2025-02-27
emceebiscuit69,2025-02-27
BoysenberryOk722,2025-02-27
nopickles888,2025-02-27
Professional_Dog5023,2025-02-27
Desperate-Airline445,2025-02-27
cheekorita621,2025-02-27
Ella_Gene,2025-02-27
grey_cel_green,2025-02-27
Justiceservedwrice,2025-02-27
peg51b,2025-02-27
Drbessy,2025-02-27
ReasonableSecond5770,2025-02-27
Next-Coconut8461,2025-02-27
Realistic_Arm199,2025-02-27
hay-dar-mat,2025-02-27
Jackieagui,2025-02-27
l8bloomr13,2025-02-27
Chemical-Yoghurt1571,2025-02-27
EeeeEeeeOoo,2025-02-27
riveranddesert,2025-02-27
kadiez,2025-02-27
Agitated-Composer886,2025-02-27
Which-Window-1718,2025-02-27
Mreyes53,2025-02-27
maybeBrenda,2025-02-27
Rich-Cantaloupe340,2025-02-27
rosesuds,2025-02-27
Dramatic-Mistake-582,2025-02-27
PortManDAJOJO,2025-02-27
Opening_Foundation73,2025-02-27
DragonfruitRoyal3504,2025-02-27
Temporary_Ad469,2025-02-27
professor_max_hammer,2025-02-27
ofmonstersandmoops,2025-02-27
Dry-Preparation-5704,2025-02-27
ALttN,2025-02-27
stemandall,2025-02-27
Ok-Seesaw-1446,2025-02-27
Some-Concentrate-124,2025-02-27
CountryInevitable998,2025-02-27
Antique_Body6715,2025-02-27
MaybeMaryPoppins,2025-02-27
DefJeff702,2025-02-27
drummer820,2025-02-27
Eichtoss,2025-02-27
atmostatux,2025-02-27
divinemsn,2025-02-27
Unusual_Reaction420,2025-02-27
Persef-O-knee,2025-02-27
TheWendigo18,2025-02-27
Upper-Difficulty-264,2025-02-27
CheesyEngineer,2025-02-27
Get_off_my_lawn_77,2025-02-27
ReachResponsible696,2025-02-27
BurtasaurusRex,2025-02-27
Educational-War6032,2025-02-27
Same-Document-6461,2025-02-27
kerfufflehooligan,2025-02-27
jprl10,2025-02-27
Ok_Location4835,2025-02-27
Fit_Pirate_3139,2025-02-27
JonSnowDoesKnow,2025-02-27
mrhatneb,2025-02-27
xboydavidx,2025-02-27
InevitableOccasion40,2025-02-27
Frosty-Objective-794,2025-02-27
Liz-P-DogMom,2025-02-27
South_Coat_3383,2025-02-27
aquatic_kitten19,2025-02-27
Chemical-Ad-6392,2025-02-27
305expat,2025-02-27
RosCre57,2025-02-27
RedBaron121969,2025-02-27
urbutt1225,2025-02-27
Resist_Do_Not_Comply,2025-02-27
jeff_kaiser,2025-02-27
WatchIndependent5763,2025-02-27
Marsh54971,2025-02-27
doogie_hoog,2025-02-27
TerribleLeadership82,2025-02-27
brainscraps,2025-02-27
J_David_McSwane,2025-02-27
655321_CRM114,2025-02-27
AnxiousMama2,2025-02-27
Clean-Ad-1880,2025-02-27
New_Proof_9515,2025-02-27
Fit-Fan5079,2025-02-27
bombastic-side-eye91,2025-02-27
PurplePassCDA,2025-02-27
I_Can_Be_Purple,2025-02-27
Flimsy-Ad5651,2025-02-27
Anxious-Opposite-459,2025-02-27
IndependentEdge6841,2025-02-27
Positive-Look-8100,2025-02-27
ixion00x,2025-02-27
tactical_potatoo,2025-02-27
DOGETREADONME,2025-02-27
generic_3996,2025-02-27
Helpful-Astronomer40,2025-02-27
Past-Distance-496,2025-02-27
avelleo,2025-02-27
Dosunos,2025-02-27
Beehive37,2025-02-27
Soft-Ad4590,2025-02-27
marinepilot1,2025-02-27
pensivebadger,2025-02-27
UndiscoveredNeutron,2025-02-27
AromaticNutz,2025-02-27
Mundane_Comedian_754,2025-02-27
Legitimate-Crab4121,2025-02-27
Soft_Dingo_4023,2025-02-27
misterhappy88,2025-02-27
Raider_3_Charlie,2025-02-27
Bacon_Giant,2025-02-27
Joeyd16779,2025-02-27
cn0feusd,2025-02-27
OlderGrowth,2025-02-27
FousHikes,2025-02-27
desertshibas66,2025-02-27
MarbledCrazy,2025-02-27
EnvironmentalGold,2025-02-27
thymecuresallwounds,2025-02-27
Proud_Alternative_97,2025-02-27
Aleventen,2025-02-27
jdanl89,2025-02-27
baramut75,2025-02-27
cutiexopatootie,2025-02-27
No_Kale_4128,2025-02-27
Think_Sector_7313,2025-02-27
Son_of_York,2025-02-27
PenZealousideal3078,2025-02-27
JimmyMcGinty24,2025-02-27
Illustrious_Ad2045,2025-02-27
Fun_Celery3228,2025-02-27
chicagosuntimes,2025-02-27
Robespierre_1776,2025-02-27
MaxLo85,2025-02-27
Secret_Leading3966,2025-02-27
NDenvchemist,2025-02-27
Then-Statement-5871,2025-02-27
HovercraftSilent4310,2025-02-27
Rebel_Rachel,2025-02-27
mchurchw1,2025-02-27
Bluetinfoilhat,2025-02-27
52-Candles,2025-02-27
Bright-Swan-6995,2025-02-27
Embarrassed-Ideal712,2025-02-27
butthed89,2025-02-27
Possible_Switch_6413,2025-02-27
junkdrawer37,2025-02-27
choosing-a_name,2025-02-27
Gracesette,2025-02-27
thegreenlorac,2025-02-27
FireWindEarthWater,2025-02-27
KillaBeJeezus,2025-02-27
Div_dummy,2025-02-27
PassengerEast4297,2025-02-27
JackStrawSugaree,2025-02-27
girthchungus,2025-02-27
Left-Bee777,2025-02-27
EmbarrassedBit441,2025-02-27
Beautiful_Figure6640,2025-02-27
JakeVT2021,2025-02-27
jesslr22,2025-02-27
KingNo9774,2025-02-27
brokentr0jan,2025-02-27
freeride732,2025-02-27
-calvin,2025-02-27
airbear13,2025-02-27
NamelessEmployee,2025-02-27
Ok-Table6300,2025-02-27
GreatAugret,2025-02-27
Icy_Section130,2025-02-27
unhingedlemmywinks,2025-02-27
LonelyButterfly1223,2025-02-27
Apart-Western6764,2025-02-27
SharkTank-ChinUps,2025-02-28
solaroutthere,2025-02-28
PathGroundbreaking82,2025-02-28
genghis_Sean3,2025-02-28
MuddyHorror,2025-02-28
Informal_Echo_7924,2025-02-28
Stick_Alarming,2025-02-28
Visible_Ambassador95,2025-02-28
PartExternal4526,2025-02-28
Icy_Insurance_952,2025-02-28
Foxy_heart,2025-02-28
Entire_Asparagus_337,2025-02-28
Negative-Bee-3012,2025-02-28
Ok-Guarantee2296,2025-02-28
gideonidoru,2025-02-28
Beautiful-Editor2338,2025-02-28
loco1989,2025-02-28
Aggressive_Product14,2025-02-28
Repulsive_Pop4771,2025-02-28
Most-Truck9271,2025-02-28
DaniMart5,2025-02-28
Obvious-Agency-3597,2025-02-28
Silly_Mongoose4276,2025-02-28
Holiday_Donut_3912,2025-02-28
TinSoldiersAndNixon,2025-02-28
PotentPotions73,2025-02-28
Legitimate-Fortune20,2025-02-28
Sure_Ad3328,2025-02-28
_just_here_for_tacos,2025-02-28
No_Designer_1823,2025-02-28
Overall-Bell6482,2025-02-28
donniequixote,2025-02-28
doctor359,2025-02-28
Joe-Camel00,2025-02-28
ChardCapable780,2025-02-28
Outrageous-Sorbet-52,2025-02-28
Snoo84229,2025-02-28
lolmonsterlol,2025-02-28
CmonRoach4316,2025-02-28
incucrash83,2025-02-28
Ok-Survey-9252,2025-02-28
PM_ME_YOUR_SCHNAUS,2025-02-28
RebelLady89,2025-02-28
mike101279,2025-02-28
Maximum-Vehicle4923,2025-02-28
angrytumbleweeds,2025-02-28
AfternoonOld7627,2025-02-28
adsbar,2025-02-28
Ill-Sign9958,2025-02-28
0220_2020,2025-02-28
Acrobatic_Curve_6077,2025-02-28
DoGoodAF,2025-02-28
suomynona36,2025-02-28
johnvoights_car,2025-02-28
Important_Bass_7032,2025-02-28
Aelun3,2025-02-28
WholePriority8943,2025-02-28
Due_Introduction4392,2025-02-28
Misterman191,2025-02-28
TableStraight5378,2025-02-28
mrMeeseeks_113,2025-02-28
Constant_Jicama_8856,2025-02-28
Positive_Lychee5245,2025-02-28
neverhoweverjk,2025-02-28
InsanityOfPigs,2025-02-28
Halloqween,2025-02-28
h007x,2025-02-28
Crazy-Assist56,2025-02-28
JellyfishThen9706,2025-02-28
coral-goddess,2025-02-28
Soggy_Astronaut_2663,2025-02-28
Faccuracy,2025-02-28
Bumberpuff,2025-02-28
PersephonesPot,2025-02-28
kindofcuttlefish,2025-02-28
Difficult_Echo_945,2025-02-28
Educational-Hold-559,2025-02-28
One-Pomegranate-3197,2025-02-28
BH3333333,2025-02-28
burritosrgewd,2025-02-28
Independent_You_2025,2025-02-28
The_Aesthetician,2025-02-28
Different-Spray-8806,2025-02-28
OlderActiveGuy,2025-02-28
Expert-State-5124,2025-02-28
IVSBMN,2025-02-28
Physical-Spare3337,2025-02-28
your_grandmas_FUPA,2025-02-28
Agreeable-Oil-7877,2025-02-28
Euphoric-Box-9506,2025-02-28
Less-Mongoose-2054,2025-02-28
Alexandria1201,2025-02-28
Mountain-Seesaw-8570,2025-02-28
T0nkaChuck,2025-02-28
Hairy_Tank_7212,2025-02-28
DropDead-DeadDrop,2025-02-28
cnb28,2025-02-28
another_anon_story,2025-02-28
Much_Fox_4964,2025-02-28
OP_fluffypuppt,2025-02-28
JC_Nomad,2025-02-28
Certain-Original-506,2025-02-28
mr3000gtsl,2025-02-28
worriedRIFer,2025-02-28
Neko_Maia,2025-02-28
Ok-Sale3150,2025-02-28
Ok-Illustrator2950,2025-02-28
khnlet,2025-02-28
RecoverLate9905,2025-02-28
NapoleonDolomite,2025-02-28
SatisfactionNo893,2025-02-28
Background-Taro-573,2025-02-28
Physical_Avocado_431,2025-02-28
richardaber,2025-02-28
Schnitzel_dog,2025-02-28
Virtual-Repeat1633,2025-02-28
Candid_Visit_39,2025-02-28
CoconutSips,2025-02-28
Regular_Eye_3529,2025-02-28
AggravatingStay3076,2025-02-28
TexGirl8,2025-02-28
Science_Fair,2025-02-28
FitText8873,2025-02-28
Twokids87,2025-02-28
HaystackTornado,2025-02-28
KevCor360,2025-02-28
Old-Blackberry-2058,2025-02-28
Fed-Up-FedGuy,2025-02-28
Tired_Overworked,2025-02-28
charlie_monk,2025-02-28
SnooCauliflowers6555,2025-02-28
adhoffmaster,2025-02-28
Economy_Implement757,2025-02-28
Good-Internal5436,2025-02-28
Primary-Cucumber-740,2025-02-28
DrStrategicMonk,2025-02-28
kilroy7072,2025-02-28
_Publius_1776,2025-02-28
HeavilyMeditated84,2025-02-28
OptimisticNihilist79,2025-02-28
PuzzleheadedShoe7820,2025-02-28
eallen1121,2025-02-28
trash_bae,2025-02-28
Individual_Whole_119,2025-02-28
otherworldly11,2025-02-28
Ok-Muffin-9923,2025-02-28
clue_keeper2010,2025-02-28
AccomplishedYak4391,2025-02-28
Over_Debate_7763,2025-02-28
SoSDMV,2025-02-28
Hopeful_Positron,2025-02-28
Ok_Detail_9805,2025-02-28
H2ohyea,2025-02-28
WavyTesseract,2025-02-28
Low_Producer_Fed,2025-02-28
why_am_I_here_47,2025-02-28
benjig7,2025-02-28
Original-Age-4720,2025-02-28
New_Loan_459,2025-02-28
lzbossliving0425,2025-02-28
Educational_Yak_5455,2025-02-28
Effective_Respect564,2025-02-28
Flashy-Cover-3436,2025-02-28
Important_Role_7953,2025-02-28
Im_Out_Of_Tolerance,2025-02-28
ThrowRABiohazard,2025-02-28
freakparty,2025-02-28
Jaded-Statement-7393,2025-02-28
Traditional_Owl9320,2025-02-28
loo-ook,2025-02-28
wildpolymath,2025-02-28
DaBirdsSBLII,2025-02-28
Fisk77,2025-02-28
DiADozen9,2025-02-28
Easy-Examination-724,2025-02-28
Technical_Cancel_116,2025-02-28
bmn111111,2025-02-28
imnotsurewhatsgoingo,2025-02-28
D-WinsChampionships,2025-02-28
Soft-Village-721,2025-02-28
No_Egg8214,2025-02-28
theworstrunner,2025-02-28
Possible_Evening_918,2025-02-28
Jomolungma,2025-02-28
JustAGirl19777,2025-02-28
Sensitive_Pie_5451,2025-02-28
PerfectAccident69,2025-02-28
BuyerBubbly2674,2025-02-28
Wandering_Squirrel25,2025-02-28
IBNicoleC1854,2025-02-28
JeweledPhoenixKat,2025-02-28
c_losr,2025-02-28
VineyardLuver,2025-02-28
WOW_BADOINKEY,2025-02-28
A_Bear9677,2025-02-28
Whole-Grass6080,2025-02-28
twistingfate1403,2025-02-28
timelesslords,2025-02-28
Jolly_Skirt_7639,2025-02-28
PracticalRooster2721,2025-02-28
Benjamin_Titus,2025-02-28
DanMandango,2025-02-28
Commercial-Ad-8315,2025-02-28
JoeMontana995,2025-02-28
TommyShelbyPFB,2025-02-28
Globewanderer1001,2025-02-28
Gold-Air-49,2025-02-28
Encogcheeto,2025-02-28
SmoreCoat,2025-02-28
Interesting-Vast-531,2025-02-28
Infinite_Guest4106,2025-02-28
Street-Racoon,2025-02-28
Helluo_Liborum,2025-02-28
MyLastAcctGotMeFired,2025-02-28
GoldSprinkles3983,2025-02-28
PseudeOriginosa247,2025-02-28
VRisNOTdead,2025-02-28
Red-Copper,2025-02-28
Constant_Big2763,2025-02-28
Professional-Hat7243,2025-02-28
fed-exit-network,2025-02-28
chrondotcom,2025-02-28
powerpistachio,2025-02-28
Forward-Visit4777,2025-02-28
Aymr-Flame-555,2025-02-28
Strict_Forever5596,2025-02-28
EffectiveElderberry_,2025-02-28
JDSmith533289,2025-02-28
fosaces,2025-02-28
DepressoFed,2025-02-28
Candid-Yak-8100,2025-02-28
wildcat6612,2025-02-28
soapyay,2025-02-28
Automatic_Season5262,2025-02-28
ExaminationFuzzy4009,2025-02-28
No-Function-7576,2025-02-28
Obvioustaway8675123,2025-02-28
Tybaltr53,2025-02-28
HillsScienceDiet,2025-02-28
disgruntledfed69,2025-02-28
Dismal_Ad_462,2025-02-28
Icy_Parsley_3442,2025-02-28
Hjordis77,2025-02-28
Heidi_PB,2025-02-28
ryanlaxrox,2025-02-28
Icy-Draw-5671,2025-02-28
JNMNR24,2025-02-28
Xxxpookey,2025-02-28
Good_Recognition7189,2025-02-28
Frosty_Lime8584,2025-02-28
fuzziekittens,2025-02-28
AdventurousBowler870,2025-02-28
Fantastic_Team_7460,2025-02-28
Ok-Link823,2025-02-28
joemc72,2025-02-28
nofattyacid,2025-02-28
Ok-Cod3537,2025-02-28
MyzzEarl1217,2025-02-28
Homedepotdeweller,2025-02-28
will_take_bribes,2025-02-28
108beads,2025-02-28
Icy_Commission_5893,2025-02-28
United-Divide713,2025-02-28
SignificanceDry4259,2025-02-28
Disastrous_Rate4431,2025-02-28
Novajade6,2025-02-28
srf5067,2025-02-28
Lonely-Fisherman5098,2025-02-28
MountainOpposite513,2025-02-28
HaloArchive,2025-02-28
nereid_8,2025-02-28
terrypteranodon,2025-02-28
Look_over_that_way,2025-02-28
Superzero543,2025-02-28
mazy_star_,2025-02-28
Silent-Speech8162,2025-02-28
Hopeful_Concept_1704,2025-02-28
rmb0825,2025-02-28
BMHun275,2025-02-28
Capital-Coast1224,2025-02-28
LCPMommy,2025-02-28
JPS678,2025-02-28
belladonna519,2025-02-28
Dry_Sail_8928,2025-02-28
Fluffy_Ring9699,2025-02-28
anitalianairport,2025-02-28
Formal-Advance-8482,2025-02-28
SoupBeneficial2460,2025-02-28
jason-avery,2025-02-28
bouhrame,2025-02-28
politico,2025-02-28
WalrusExternal1847,2025-02-28
Jazzlike-Wing2366,2025-02-28
Al1veL1keYou,2025-02-28
Status_Ad_7063,2025-02-28
warhols_,2025-02-28
RyanRyvo,2025-02-28
PeaceJoy25,2025-02-28
Smooth_Gold1954,2025-02-28
ParoxysmAttack,2025-02-28
BSP1913,2025-02-28
29MS29,2025-02-28
kasrkin519,2025-02-28
Imaginary_Twist_9112,2025-02-28
This_Freggin_Guy,2025-02-28
Outrageous-Pianist-8,2025-02-28
This-Wallaby2670,2025-02-28
dianam9,2025-02-28
Wide_Classroom_7163,2025-02-28
vessva11,2025-02-28
Level_Ambassador_836,2025-02-28
Abalyn,2025-02-28
FeatureConsistent708,2025-02-28
ThatsGenocide,2025-02-28
ObligationOk7670,2025-02-28
ResistMAGA47,2025-02-28
Not_A_Specialist_89,2025-02-28
Syenadi,2025-02-28
illusions_5150,2025-02-28
MelodicRepeat1951,2025-02-28
PandaRyuk,2025-02-28
nahfam2013,2025-02-28
LorianGundyr69,2025-02-28
Imaginary-Dress-1373,2025-02-28
rob7713,2025-02-28
Minute-Culture-3098,2025-02-28
FineSatisfaction802,2025-02-28
Remote_One_4284,2025-02-28
Economy_Patient_4535,2025-02-28
Sekmet19,2025-02-28
memory--,2025-02-28
justjosh666,2025-02-28
Surviving_Fed_9523,2025-02-28
prevknamy,2025-02-28
AnyUnderstanding6849,2025-02-28
Alex_andriaaa,2025-02-28
Snoo_59894,2025-02-28
Top-Bottle7941,2025-02-28
wangnih888888,2025-02-28
shibdonkey85,2025-02-28
Even-Tune-8301,2025-02-28
Dear-Culture-1973,2025-02-28
JosiesYardCart,2025-02-28
tech_wookie,2025-03-01
Grouchy-Ad-7898,2025-03-01
bungh0ul,2025-03-01
Ecstatic-Respect-858,2025-03-01
Mystic_Cornflake,2025-03-01
BuyTheDip_,2025-03-01
talkstoaliens,2025-03-01
Stonecoldshanny,2025-03-01
Specialist-Plate-695,2025-03-01
SwanPristine5448,2025-03-01
Possible-Ad-3468,2025-03-01
JonathanMurray272,2025-03-01
Fcheetohead,2025-03-01
Ratz_Regent,2025-03-01
Vireo49,2025-03-01
Mental_Youth_3606,2025-03-01
MeowMixMorgan,2025-03-01
PsychologyTrue8696,2025-03-01
Maytulip32,2025-03-01
cherriechise,2025-03-01
RageYetti,2025-03-01
4000weeks,2025-03-01
Cann2219,2025-03-01
Particular_Tell1411,2025-03-01
tattedcatlady22,2025-03-01
oaksandpines1776,2025-03-01
mhoney188,2025-03-01
AIBYTEHUBB,2025-03-01
Not-a-Scav,2025-03-01
FeistyFedUp,2025-03-01
Sea-Hurry-3046,2025-03-01
bryan01031,2025-03-01
CountryRoads555,2025-03-01
sallyfisherprice,2025-03-01
gunnersnappa,2025-03-01
All_on_fire,2025-03-01
macguyv3r,2025-03-01
Broad-Resist-1284,2025-03-01
Different-Platform52,2025-03-01
Far-Imagination-7392,2025-03-01
saintdog13,2025-03-01
510pacifist,2025-03-01
jchar2085,2025-03-01
Much-Toe4671,2025-03-01
Working-Strength-627,2025-03-01
Advanced_Mine_3733,2025-03-01
Jaded_Ladder_2849,2025-03-01
throwawayqw3st10n,2025-03-01
ExpensiveAd5569,2025-03-01
Phiffe75,2025-03-01
FMPhoenixHawk,2025-03-01
AlteredEGGOS,2025-03-01
Local_Scheme4108,2025-03-01
wickedawesomealt,2025-03-01
Hot_Selection846,2025-03-01
we-are-all,2025-03-01
Sea-Implement6718,2025-03-01
chillz2021,2025-03-01
randomperson507,2025-03-01
New-Wave-4914,2025-03-01
Plane-Detective-809,2025-03-01
Dapper-Calendar-6259,2025-03-01
Ordinary_Musician_73,2025-03-01
ParsnipFragrant4867,2025-03-01
Working-Upstairs6683,2025-03-01
Dr-Venture,2025-03-01
Discontinued27,2025-03-01
Competitive-Day4554,2025-03-01
Pristine_Penalty516,2025-03-01
EatMooseSoup,2025-03-01
wifey_317,2025-03-01
Total_Ad_389,2025-03-01
Opening-Cancel-2973,2025-03-01
Possible_Evening6750,2025-03-01
Educations-Critical,2025-03-01
Rekjavik,2025-03-01
Plastic_Discman5589,2025-03-01
ProbieFED2025,2025-03-01
cronquillo777,2025-03-01
Jhern93,2025-03-01
Comfortable_Bit2877,2025-03-01
FredSanford4trash,2025-03-01
Witty_Ad4494,2025-03-01
Inevitable-Two2721,2025-03-01
Time-Education-1518,2025-03-01
No_Manufacturer_4537,2025-03-01
Designer_Beginning_6,2025-03-01
Frequent-Effect733,2025-03-01
Ok_Fun148,2025-03-01
anxiousmama39,2025-03-01
FedRevolution365,2025-03-01
Tr0nzzz,2025-03-01
Shoddy_Divide6156,2025-03-01
CryptographerSafe457,2025-03-01
thisshitsucks27,2025-03-01
Pretend-Weakness1776,2025-03-01
Studio-Gek,2025-03-01
needshelp558,2025-03-01
jaytrainer0,2025-03-01
ADisappointingLife,2025-03-01
Ms-UnderstoodUnicorn,2025-03-01
Inside-Basil-4758,2025-03-01
arx77777,2025-03-01
fighterpilot248,2025-03-01
PaddysPubBarfly,2025-03-01
Wise-Candidate-8704,2025-03-01
AsianCyberGuy,2025-03-01
haha-hehe-haha-ho,2025-03-01
Intelligent-Air-3057,2025-03-01
Lumpy_Ad8864,2025-03-01
Icy-Package-2783,2025-03-01
SomeInfluence2617,2025-03-01
indigovibes13,2025-03-01
Wonderful-Alps1260,2025-03-01
tumshie63,2025-03-01
Runsforxake,2025-03-01
pmiller4949,2025-03-01
chacheeliya,2025-03-01
Powerful_Sea4850,2025-03-01
RangersUnited99,2025-03-01
Historical-CafeLatte,2025-03-01
pcmduncan,2025-03-01
Brahma__,2025-03-01
Dazzling-Hall9470,2025-03-01
Classic-Milk-9492,2025-03-01
PastCollege9927,2025-03-01
Horror-Quantity-2728,2025-03-01
Arrotti4,2025-03-01
Mr_Tigerland_72,2025-03-01
DeauxDeaux,2025-03-01
Pineapple2023_,2025-03-01
Ok_Needleworker_9537,2025-03-01
alglatter,2025-03-01
jrcvirginia,2025-03-01
Leather_Ad_2124,2025-03-01
Infamous-Farmer8177,2025-03-01
BaneOfArthropod,2025-03-01
Sea-Design2379,2025-03-01
United_Size_5335,2025-03-01
Upset_Cap_844,2025-03-01
Proof_Rain_8837,2025-03-01
Apprehensive_Duty563,2025-03-01
Simple_Ad_6186,2025-03-01
StockFox7304,2025-03-01
Any-Mouse-1992,2025-03-01
veteranblueberry,2025-03-01
Toby_Petrolia,2025-03-01
AgroFed,2025-03-01
mobial,2025-03-01
DAMN_Fool_,2025-03-01
Wise_Ad3757,2025-03-01
SunnyBlue2025,2025-03-01
RubberGuardGame,2025-03-01
diemos09,2025-03-01
DoverBoys,2025-03-01
mokeynme,2025-03-01
Dexius72,2025-03-01
Green_Mail_1446,2025-03-01
Content-Grape47,2025-03-01
ElWxMD,2025-03-01
ExtensionLaw1315,2025-03-01
ZacharyCohn,2025-03-01
SunDense1457,2025-03-01
Weak_Helicopter_7344,2025-03-01
Pretend-Ideal8322,2025-03-01
Own_City_8781,2025-03-01
Illustrious-Row7986,2025-03-01
Royal_Environment_75,2025-03-01
Accomplished_Aide_61,2025-03-01
Fantastic_Goose_7025,2025-03-01
ok_yougotmethere,2025-03-01
AlternativeLong9095,2025-03-01
Clear-Feedback4945,2025-03-01
SeaPerspective8912,2025-03-01
Contrary-Mary-9876,2025-03-01
Casco900,2025-03-01
wildwildwhitlex,2025-03-01
FairHous24,2025-03-01
knuckboy,2025-03-01
Sudden_Juju,2025-03-01
Original-Koala-1644,2025-03-01
SuperTeacherStudent,2025-03-01
canwenotargh,2025-03-01
Brilliant_Badger8043,2025-03-01
Agitated-Bid-9474,2025-03-01
Proper-Breakfast-754,2025-03-01
ezitherese,2025-03-01
Dry-Tutor-2524,2025-03-01
PlentyShot1963,2025-03-01
ECEXUTIVE-ORDER,2025-03-01
pythonicfed,2025-03-01
staring_at_keyboard,2025-03-01
Master_Photograph_21,2025-03-01
JackedUpViewpoint,2025-03-01
TehBootybandit,2025-03-01
SoftwarePitiful3083,2025-03-01
DolemiteJenkins1980,2025-03-01
UmMaybeDontBeADick,2025-03-01
Sound_Ideas_Captured,2025-03-01
tortoise2022,2025-03-01
Tasty-Geologist8285,2025-03-01
ConfectionFew6059,2025-03-01
Joy0902,2025-03-01
Infinite-Salary5861,2025-03-01
Puzzled-Sir371,2025-03-01
World-Roses,2025-03-01
Apprehensive_Bug1554,2025-03-01
kb19799,2025-03-01
info_boot,2025-03-01
Critical_Pause_7259,2025-03-01
quietriot21,2025-03-01
No_Dragonfruit_9277,2025-03-01
FreeFederalWorkers25,2025-03-01
DJPaqman,2025-03-01
Funkybunch2000,2025-03-01
okokokok78,2025-03-01
Signal_Nectarine_674,2025-03-01
ladyjag820,2025-03-01
FloridaArtist60,2025-03-01
Icy-Kaleidoscope3038,2025-03-01
NotBettyAgain,2025-03-01
KrptoKoyel,2025-03-01
ImaginaryLie3,2025-03-01
525-USERNOTFOUND,2025-03-01
this_kitten_i_knew,2025-03-01
Ill-Discussion3547,2025-03-01
Bettrrnotice,2025-03-01
Legitimate-Leading72,2025-03-01
chans010,2025-03-01
No-Baby-8349,2025-03-01
Fununuuuuu,2025-03-01
sheisster,2025-03-01
Itchy-Winter-1549,2025-03-01
Aimless_Nobody,2025-03-01
ThisIsFine69696969,2025-03-01
No_Huckleberry_9192,2025-03-01
alpinejustice,2025-03-01
Admara,2025-03-01
Sea_Reflection_7963,2025-03-01
Walk_Sea,2025-03-01
SpecificFabulous5844,2025-03-01
Apprehensive-Ad9647,2025-03-01
IncomeNecessary3130,2025-03-01
No_Cucumber_1963,2025-03-01
Few_Video7911,2025-03-01
schoolofperch,2025-03-01
savage_613,2025-03-01
idontknowanythingfr,2025-03-01
owlbearextraordinare,2025-03-01
longtimefed92,2025-03-01
Effective-Plenty-425,2025-03-01
Chemical-Boot-5683,2025-03-01
frenchburner,2025-03-01
Impressive-Love6554,2025-03-01
x4central,2025-03-01
Affectionate-Lock780,2025-03-01
Emperor_Orson_Welles,2025-03-01
Sure_Ad_3490,2025-03-01
lwfj9m9,2025-03-01
justtoosilly,2025-03-01
Express_Note1429,2025-03-01
Jaded-Mortgage-9156,2025-03-01
reddeadhead2,2025-03-01
SarahSarah777,2025-03-01
EntireBasis6399,2025-03-01
ResidentAd4933,2025-03-01
KantianRegister,2025-03-01
Rocket_Fuel_1993,2025-03-01
Izzyd3adyet,2025-03-01
Pherlock27,2025-03-01
labonneprof,2025-03-01
SnooChocolates1198,2025-03-01
NonPropterGloriam,2025-03-01
GregWilson23,2025-03-01
Awestruckt,2025-03-01
NunyaBizz_88,2025-03-01
TTTTgunner,2025-03-01
SadFace421,2025-03-01
Agitated_Pudding7259,2025-03-01
These_Librarian_5597,2025-03-01
SharoneJames,2025-03-01
Rusty_Shacklechevy,2025-03-01
lah5,2025-03-01
Witty_Heart1278,2025-03-01
nickinhawaii,2025-03-01
Beartholomew_Gaming,2025-03-01
dianthus-amurensis,2025-03-01
tucanbrown,2025-03-01
Tiny-Refrigerator366,2025-03-01
Affectionate-Milk27,2025-03-01
underdeterminate,2025-03-01
kdub1611,2025-03-02
steggun_cinargo,2025-03-02
pleasestaychill,2025-03-02
Ace1313,2025-03-02
Safe-Confusion4502,2025-03-02
ArizonaPete87,2025-03-02
kjmartin1,2025-03-02
BuildsWithWarnings,2025-03-02
MainSpeaker6823,2025-03-02
NoLake8215,2025-03-02
Aggressive-Sky7681,2025-03-02
LocalLog4492,2025-03-02
vsadge,2025-03-02
Big_Conclusion_3053,2025-03-02
Beginning-Case-2955,2025-03-02
_holyspokes,2025-03-02
maestro_curioso,2025-03-02
PaleEmployment8995,2025-03-02
Swimming-Mine-5415,2025-03-02
3arrows-white_rose,2025-03-02
NojobthankstoTrump,2025-03-02
Dejin75,2025-03-02
MasterMoira,2025-03-02
Technical_Bag4926,2025-03-02
rsphoto79,2025-03-02
Nometu,2025-03-02
Infamous_Lie_4381,2025-03-02
Key_Image_8097,2025-03-02
Flat_Football1644,2025-03-02
itzmashy,2025-03-02
Either_Warning_3545,2025-03-02
llamez,2025-03-02
Fire-dragon555,2025-03-02
dave54athotmailcom,2025-03-02
ms_dkbtt,2025-03-02
throwawaymuskrat25,2025-03-02
Heavy-Profession-375,2025-03-02
GenXSlkr,2025-03-02
Puzzleheaded_Bed1952,2025-03-02
Expensive-Copy-2482,2025-03-02
WiffleballHero,2025-03-02
Exact_Willingness_70,2025-03-02
isuckatreaper29,2025-03-02
PurpleRaptor3,2025-03-02
Existing_Respond_405,2025-03-02
EstablishmentFirm683,2025-03-02
Vegetable_Nebula_817,2025-03-02
Shino561,2025-03-02
lyonnotlion,2025-03-02
moonstarsocean6,2025-03-02
GirlX0h,2025-03-02
Ill_Bench_8949,2025-03-02
xkape,2025-03-02
No-Lime-9066,2025-03-02
rottendiploid84,2025-03-02
BurnBabyBurn1874,2025-03-02
MariaDV29,2025-03-02
ChpaRealtor,2025-03-02
SlytherinHolland,2025-03-02
Electronic-Track5523,2025-03-02
BasicBookkeeper6969,2025-03-02
OkGain7778,2025-03-02
cc4295,2025-03-02
ActuatorLogical2861,2025-03-02
citizensparrow,2025-03-02
Magnolia1616,2025-03-02
Witty-Associate29,2025-03-02
Strange_sympathy1095,2025-03-02
Ok_Room_1667,2025-03-02
WhoIsJolyonWest,2025-03-02
dcmom14,2025-03-02
legendary-il,2025-03-02
East-Magazine-4806,2025-03-02
JieSpree,2025-03-02
somelurker001,2025-03-02
Traditional_fox2,2025-03-02
MBMAN-5056,2025-03-02
calpianwishes,2025-03-02
Intrepid_Leopard3891,2025-03-02
Ok-Pianist-3183,2025-03-02
radarchief,2025-03-02
YogurtclosetOk6511,2025-03-02
Sea-Celebration2906,2025-03-02
AdWitty6626,2025-03-02
Reasonable-Draft-183,2025-03-02
RootEscape,2025-03-02
tmp_ceeyaye,2025-03-02
AgitatedEngine4933,2025-03-02
languagejones,2025-03-02
Extension_Thought956,2025-03-02
_get_,2025-03-02
BoswellsBestie,2025-03-02
Not-yet-fired,2025-03-02
Background-Roof-112,2025-03-02
MightyMightyHal,2025-03-02
digsome,2025-03-02
FullWallaby6971,2025-03-02
DedicatedFedEmployee,2025-03-02
eclecnic,2025-03-02
pinkshirtandy,2025-03-02
leeohleeohlee,2025-03-02
Popular_Berry_5436,2025-03-02
Interloper4983,2025-03-02
darthjude,2025-03-02
arctic_gangster,2025-03-02
bubba2222222222,2025-03-02
Lone_Eagle017,2025-03-02
DPS_Cupcake0407,2025-03-02
plumzer0,2025-03-02
Odd_School_8833,2025-03-02
marlasandiego,2025-03-02
Different_Seesaw1119,2025-03-02
Opening-Barber113,2025-03-02
LNSU78,2025-03-02
Canuck854,2025-03-02
Shoddy-Holiday8635,2025-03-02
LostParkie,2025-03-02
Atte71,2025-03-02
Live-Caterpillar-629,2025-03-02
Low_Illustrator7203,2025-03-02
Busy_Lightnin_Bug,2025-03-02
Middle_College_376,2025-03-02
Checked_Out_6,2025-03-02
404DogMom,2025-03-02
Nothing-Relevant-0,2025-03-02
big_miniwheatz,2025-03-02
Wolf_Pup_Griffin,2025-03-02
Ok-Vegetable-6355,2025-03-02
Bestoftherest222,2025-03-02
crmsnprd,2025-03-02
Spiritual-Hat1282,2025-03-02
No-Independent2505,2025-03-02
Humble_Seaweed_1759,2025-03-02
hildeboggles,2025-03-02
carlyjaneeee,2025-03-02
RiverLvr,2025-03-02
1984NotOnMyBingoCard,2025-03-02
nfoxww,2025-03-02
No-Significance3713,2025-03-02
0neR1ng,2025-03-02
PrizeCarpenter9823,2025-03-02
Ok-Philosopher8888,2025-03-02
Lets-get-smart,2025-03-02
xojulietinvaxo,2025-03-02
Junior-Listen3067,2025-03-02
HoldThe___L_i_n_e___,2025-03-02
Rollo8888-,2025-03-02
Disastrous-Ad-5713,2025-03-02
Strange-Flamingo-450,2025-03-02
Beneficial-Quail-940,2025-03-02
Former-Leadership174,2025-03-02
LanguageDangerous536,2025-03-02
Material_Design7884,2025-03-02
Top_Cranberry_7918,2025-03-02
messymyrine,2025-03-02
THEMooreCookiesPls,2025-03-02
No_Position7453,2025-03-02
Negative_Age_6152,2025-03-02
Key-Yogurtcloset6916,2025-03-02
SeveralCobbler5719,2025-03-02
Me_be_Artful_Dodger,2025-03-02
Vegetable_Draw_9191,2025-03-02
Much_Ideal9252,2025-03-02
Hot-Ambassador6208,2025-03-02
BirdsArentReal22,2025-03-02
Inevitable_Box_6958,2025-03-02
Old_Krusty,2025-03-02
TW_esur,2025-03-02
No_Moose_8766,2025-03-02
Effective-Try6208,2025-03-02
jaydenkirtawn,2025-03-02
botactlol123,2025-03-02
birdlawbighands,2025-03-02
VermilionSillion,2025-03-02
moocowe21,2025-03-02
tDubsRKV,2025-03-02
alpinewalker,2025-03-02
t8stymoobz,2025-03-02
JonDoweJunior,2025-03-02
Gullible-Scholar3388,2025-03-02
Bad0din,2025-03-02
jeanjeanvaljean,2025-03-02
ciabatta1980,2025-03-02
AlrightThereMargie,2025-03-02
Different-Cup2277,2025-03-02
damnthemanstan,2025-03-02
Mediocre_Isopod_3953,2025-03-02
Tigger2026,2025-03-02
ThePlanner,2025-03-02
Cosmo_886,2025-03-02
Big-Nerve2957,2025-03-03
Shortbus-doorgunner,2025-03-03
Double-Shallot-1291,2025-03-03
ERTBen,2025-03-03
on_a_mission47,2025-03-03
SnooOranges3403,2025-03-03
Popular-Hall1945,2025-03-03
SavingsEntrepreneur2,2025-03-03
AbsoSmurfly,2025-03-03
Acrobatic_Second9891,2025-03-03
SkippytheBanana,2025-03-03
Bubblesdisco,2025-03-03
wallflower765,2025-03-03
First_Web5587,2025-03-03
Nearby_Collar_1333,2025-03-03
Bella-289,2025-03-03
Equivalent_Concept37,2025-03-03
ComprehensivePipe389,2025-03-03
Fork-Deeze7833,2025-03-03
pistachiobuttercream,2025-03-03
dadburgers,2025-03-03
Organic_Proof_8769,2025-03-03
wildlandff98,2025-03-03
aakaakaak,2025-03-03
StatisticianBusy3051,2025-03-03
Longjumping-Mail1137,2025-03-03
dupabrown,2025-03-03
Wonderful-Monk4831,2025-03-03
Anxious_Health9365,2025-03-03
BigBangBuccaneer,2025-03-03
Youkai-no-Teien,2025-03-03
New-Award8694,2025-03-03
They_Call_Me_Horse,2025-03-03
Electrical_Arm9847,2025-03-03
LittlestJackie,2025-03-03
GreyBush_09S,2025-03-03
Mabathon,2025-03-03
Fun_Ability_6939,2025-03-03
Remarkable-Mood-9186,2025-03-03
zaddy,2025-03-03
Salty-Chemist401,2025-03-03
Far-Percentage8434,2025-03-03
Wahchang,2025-03-03
jeepinfreak,2025-03-03
brady376,2025-03-03
DirectCommercial5089,2025-03-03
BlackberryHaunting38,2025-03-03
FSXdreamer22,2025-03-03
SuperBethesda,2025-03-03
Fryman35,2025-03-03
Round-Offer-5108,2025-03-03
Urnotme23,2025-03-03
RowdyAndDorky,2025-03-03
hi_cissp,2025-03-03
whatamidoing71,2025-03-03
Early-Evening-8057,2025-03-03
Square_Opposite_1472,2025-03-03
DiffractedLens,2025-03-03
Adorable-Strategy-94,2025-03-03
ModernSputnikCrisis,2025-03-03
Dr_Hotd06,2025-03-03
hatskipolski,2025-03-03
0hshits0rry,2025-03-03
megbaker789_,2025-03-03
Important-Taro3656,2025-03-03
PleasantIdeal1749,2025-03-03
tovias,2025-03-03
Practical_Owl744,2025-03-03
Visible_Ad5872,2025-03-03
Anonymous_85642,2025-03-03
Background-Task-6271,2025-03-03
PrizeMonk3899,2025-03-03
idylliclustres,2025-03-03
nls051818,2025-03-03
AntiqueConstant9273,2025-03-03
jaythesongwriter,2025-03-03
Negative_Morning9728,2025-03-03
Kitchen_Elk_8866,2025-03-03
bignel81,2025-03-03
Brilliant_Train7276,2025-03-03
DutyFailed,2025-03-03
Strength-InThe-Loins,2025-03-03
CallMe_B-Rad,2025-03-03
Glittering_Noise_532,2025-03-03
Unlikely_Medicine7,2025-03-03
RighteousGenZone,2025-03-03
clarke11235,2025-03-03
FalconEducational260,2025-03-03
Purple_Rainstorm99,2025-03-03
shit_magnet-0730,2025-03-03
Clown_Lamp,2025-03-03
Tmwtxs,2025-03-03
federal-baitNswitch,2025-03-03
SeoulBrothaJ,2025-03-03
xkcdlvr,2025-03-03
Even_Rise9985,2025-03-03
Ok_Beyond5503,2025-03-03
Ok_Education_6577,2025-03-03
BeautyInTheStruggl3,2025-03-03
TransitionAble9823,2025-03-03
taxhellFML,2025-03-03
YinzerScribe,2025-03-03
MuffledScreamsSA,2025-03-03
abigbagofjillybeans,2025-03-03
drakothamako,2025-03-03
sand_media1,2025-03-03
Tricky_Quantity5475,2025-03-03
2w0sl,2025-03-03
harpie19,2025-03-03
SteamyDeck,2025-03-03
PrettyWildnCute,2025-03-03
Tight-Dark-6497,2025-03-03
windintheaspengrove,2025-03-03
Impressive-Mix-1662,2025-03-03
TOMALTACH,2025-03-03
Key_Elephant_2466,2025-03-03
No-Reserve2026,2025-03-03
Glittering_Poem8488,2025-03-03
greatgregx,2025-03-03
Salt_Mirror8468,2025-03-03
DextersMom1221,2025-03-03
ProfessionalPool8000,2025-03-03
Capable_Strength_837,2025-03-03
TeslaGuy-2030,2025-03-03
morbid_junkii,2025-03-03
newguytowatch,2025-03-03
Blackstone46,2025-03-03
Original-Extent-5897,2025-03-03
Certain-Land932,2025-03-03
See-kirk,2025-03-03
SpecialistAd7211,2025-03-03
LillianRose24,2025-03-03
PapaRora,2025-03-03
RedYellowHoney,2025-03-03
Any-Signature6028,2025-03-03
Mammoth-Peach9510,2025-03-03
FriedaKilligan,2025-03-03
Born_Acanthisitta395,2025-03-03
NegativeEbb8208,2025-03-03
saints55va,2025-03-03
kuriositease,2025-03-03
kittymeowxcore,2025-03-03
Chherhalsall,2025-03-03
Grammarnotceee,2025-03-03
CalligrapherFirm5804,2025-03-03
savemylife001,2025-03-03
killdoge1,2025-03-03
Lonely_Rise1862,2025-03-03
tomsc33,2025-03-03
ms_nyreezy,2025-03-03
DenverFuturist,2025-03-03
IcyCucumber6223,2025-03-03
bubba_lexi,2025-03-03
DryEntrance1094,2025-03-03
Exciting-Card-1024,2025-03-03
RainbowMama2B,2025-03-03
its_a_burnerx,2025-03-03
PositiveSilver5428,2025-03-03
Friendly_King_1546,2025-03-03
JenkinsJoe,2025-03-03
forsnaken,2025-03-03
A_Lost_Desert_Rat,2025-03-03
EntertainerFit7821,2025-03-03
Blorg74,2025-03-03
silverud,2025-03-03
Good_Basis2659,2025-03-03
Purple_Tip217,2025-03-03
Ronroneli29,2025-03-03
moggylovesthumbs,2025-03-03
Future_Piece1287,2025-03-03
PinkCloudsOrangeSky,2025-03-03
Global-Media-6242,2025-03-03
BriansWhovian,2025-03-03
Windtheycall,2025-03-03
Ok_General_7132,2025-03-03
SirOwn2456,2025-03-03
hazaro11,2025-03-03
Spirited_Rough7184,2025-03-03
Butternades,2025-03-03
New_Acanthisitta_445,2025-03-03
Bombast1ca,2025-03-03
rydietz,2025-03-03
navfam46,2025-03-03
Proud_Cheesecake2161,2025-03-03
Tall_Instruction5070,2025-03-03
Bingbongfyl92,2025-03-03
Accomplished_Sea8232,2025-03-03
Gonzorado,2025-03-03
IamAEfficientPucker,2025-03-03
d4nkle,2025-03-03
jacksnyders,2025-03-03
joecamp3432,2025-03-03
chrysocolla_burnout,2025-03-03
engineer831,2025-03-03
reincarnateme,2025-03-03
Similar-Recording710,2025-03-03
trulyasquash,2025-03-03
MiserableAd3759,2025-03-03
BiscottiOk5629,2025-03-03
etabagofdix,2025-03-03
hannah0banana,2025-03-03
Professional-Arm-37,2025-03-03
ImpossibleAd6492,2025-03-03
Correct-Pause-4283,2025-03-03
Free_Paramedic_6351,2025-03-03
Perfect_Fail_200,2025-03-03
Your_Auntie_Maim,2025-03-03
Puzzled_Package_7249,2025-03-03
mangocakepop,2025-03-03
HeloWendall,2025-03-03
TSS-221B,2025-03-03
Extra_Name6615,2025-03-03
MachineInteresting13,2025-03-03
NervousInitial5926,2025-03-03
DreamsOfNour,2025-03-03
Annual_Finding8286,2025-03-03
Effective_Surround27,2025-03-03
WolfMom2017,2025-03-03
_pepo__,2025-03-03
Mepahstophilis-6,2025-03-03
dietc0kedrinker,2025-03-03
VariousPage8424,2025-03-03
MeowAnna628,2025-03-03
fourfox65,2025-03-03
BackgroundGrass429,2025-03-03
Accomplished-Ad-2379,2025-03-03
Tough-Bear5401,2025-03-03
Infinite-Food6107,2025-03-03
GlitteringActive6069,2025-03-03
SirGolan,2025-03-03
dietzan,2025-03-03
chillybean77,2025-03-03
duffy62,2025-03-03
Previous-Button-2656,2025-03-03
Cautious_Lifeguard40,2025-03-03
Endari1127,2025-03-03
Wonderful_Map9773,2025-03-03
Pimp_Master_Flex,2025-03-03
Salt_Zebra6503,2025-03-03
No_Cheesecake8387,2025-03-03
SpaceGuerrilla,2025-03-03
Tired248,2025-03-03
ArtSteve7,2025-03-03
Delicious_Metal9604,2025-03-03
asianlivesmatters88,2025-03-03
sojourn-discotheque,2025-03-03
Chance_Delay_294,2025-03-03
GreenEggs438,2025-03-03
Adept-Aardvark-7257,2025-03-04
stinky_wet_dog,2025-03-04
conFEDeratedInc,2025-03-04
ohfuckamiscrewed,2025-03-04
AppearanceSome6023,2025-03-04
jm420a,2025-03-04
lovensincerity,2025-03-04
ProtectionOk5641,2025-03-04
aIaska_thunderfuck,2025-03-04
Shaker5678,2025-03-04
Hopeful__Swing,2025-03-04
jjjbarry,2025-03-04
rebamelt82001,2025-03-04
Brave-Specialist-542,2025-03-04
TheConcernedOn3,2025-03-04
OkCan6884,2025-03-04
Sgt_Diddly,2025-03-04
History-Lady,2025-03-04
Natural-Computer7301,2025-03-04
Kaosism,2025-03-04
CreativeSlip4531,2025-03-04
0__0mapuser,2025-03-04
GardenPeep,2025-03-04
apudgypanda,2025-03-04
mockcarniv0r3s,2025-03-04
Quirky_Ad1604,2025-03-04
VegetableHotel8226,2025-03-04
nooneyouknow892,2025-03-04
SecretAstronaut9921,2025-03-04
Illustrious-You3687,2025-03-04
Specialist-Group6488,2025-03-04
mec287,2025-03-04
despondent_opossum,2025-03-04
One_Channel_6708,2025-03-04
ALbakery,2025-03-04
TaleSlinger,2025-03-04
ballsackmuncher,2025-03-04
Ok_Feature5525,2025-03-04
Arlosambear,2025-03-04
LoveFishing1,2025-03-04
Ok-Assistant2773,2025-03-04
andrewportland334,2025-03-04
Pepita09,2025-03-04
CaitlinFBallard,2025-03-04
bisondipper,2025-03-04
Secure-Clerk2500,2025-03-04
springsblossom8,2025-03-04
FennelDeep1348,2025-03-04
S1rcornholio1,2025-03-04
SalomeMoreau,2025-03-04
Altruistic-Orchid551,2025-03-04
lyutyy42,2025-03-04
Weasel-Bacon,2025-03-04
EducatorExcellent136,2025-03-04
Both-Examination-691,2025-03-04
bichaci,2025-03-04
TazMed,2025-03-04
Technical-Basket9742,2025-03-04
TurbulentStock6692,2025-03-04
Material-Log5833,2025-03-04
Plane_Temperature172,2025-03-04
ReasonableOwl6868,2025-03-04
Expensive_Change_443,2025-03-04
MathematicianShot901,2025-03-04
scorpy1978,2025-03-04
McGinty0,2025-03-04
Suitedspark,2025-03-04
Real-Celebration1231,2025-03-04
SurferRosa715,2025-03-04
Many_Try_8897,2025-03-04
Tired_Turtle99,2025-03-04
Johnsmitlo,2025-03-04
Competitive_Note_206,2025-03-04
pretzelphysicist,2025-03-04
PuzzledSquirrel1477,2025-03-04
Mtjacq,2025-03-04
Obvious-Difficulty11,2025-03-04
StickyDinosaurWalk,2025-03-04
VamanosPest991,2025-03-04
dutybranchholler18,2025-03-04
oatchick,2025-03-04
ravenscar37,2025-03-04
TotallyAdoracle,2025-03-04
MasterpieceThink5717,2025-03-04
Normal_Key_1452,2025-03-04
Brown1004,2025-03-04
tasimm,2025-03-04
Broad-Cup-3508,2025-03-04
Responsible_Moose404,2025-03-04
BernardAcount,2025-03-04
Suspicious_Poet_9166,2025-03-04
Fuckinglovedmb,2025-03-04
chocobridges,2025-03-04
Spiritual_Lime2686,2025-03-04
Beneficial-Meat7238,2025-03-04
Free-Ad-4938,2025-03-04
ElectricalEmu6926,2025-03-04
Street_Lemon_4707,2025-03-04
schmennings,2025-03-04
InnerLight_S5E25,2025-03-04
Embarrassed_King9378,2025-03-04
Mediocre_Drink_5584,2025-03-04
Big-Anywhere-797,2025-03-04
BuddhaBA,2025-03-04
TurbulentStyle4615,2025-03-04
AmosBurton_Yep,2025-03-04
Alive_Night_7749,2025-03-04
searcher2explore,2025-03-04
North_Seat_9400,2025-03-04
Silent-Comparison539,2025-03-04
AD5038,2025-03-04
Few-Oaks-Live,2025-03-04
roguegoodgirl,2025-03-04
ImpossibleAd5959,2025-03-04
PathOther3382,2025-03-04
Unicide,2025-03-04
Professional-Run9432,2025-03-04
sithdi,2025-03-04
Woodden-Floor,2025-03-04
V1CER,2025-03-04
Main-Wall-2710,2025-03-04
ZRed-Stapler,2025-03-04
WorldlinessReady1311,2025-03-04
superginseng,2025-03-04
Fun-Environment643,2025-03-04
kmsurf17,2025-03-04
texas-red-1836,2025-03-04
-LazyEye-,2025-03-04
BearKey7682,2025-03-04
RockHoppaBeratna,2025-03-04
DJLearns,2025-03-04
Emeraldcake1234,2025-03-04
Impossible_Rope_4760,2025-03-04
chlosterx,2025-03-04
demoslider,2025-03-04
ModeIndividual4644,2025-03-04
irondoor33,2025-03-04
Deepestblue921,2025-03-04
0F404,2025-03-04
UrSunRae,2025-03-04
Critical_Ad7321,2025-03-04
KhyberPlunk,2025-03-04
ArmIntelligent648,2025-03-04
Familiar_Beach_1392,2025-03-04
BreakMaleficent2508,2025-03-04
No-Obligation4310,2025-03-04
Duplicate_Recessive,2025-03-04
Current_Program_Guy,2025-03-04
AnonymousFed100,2025-03-04
Smart_Helicopter8937,2025-03-04
VegetablePrudent1613,2025-03-04
Anna_nana22,2025-03-04
Taelasky,2025-03-04
mwil2525,2025-03-04
GoodPsychological494,2025-03-04
pressureIGCN,2025-03-04
efloat,2025-03-04
Still_just_want_soup,2025-03-04
cuckthepatriarchy,2025-03-04
CDRSkywalker1991,2025-03-04
Ok-Operation2160,2025-03-04
jgirl555,2025-03-04
C0lonelMustard,2025-03-04
letsbefriendsChuck,2025-03-04
griffie21,2025-03-04
CombinationFine3805,2025-03-04
JuracekPark34,2025-03-04
Civil_Exchange1271,2025-03-04
Medium_Ad2376,2025-03-04
Signal_Daikon_5830,2025-03-04
catpeee,2025-03-04
Choice-Wrongdoer-832,2025-03-04
truehoax,2025-03-04
DownTheRabbitX,2025-03-04
ConceptEconomy3486,2025-03-04
jkblc,2025-03-04
Soft-Weekend3777,2025-03-04
rachelberleigh,2025-03-04
Sector9Cloud9,2025-03-04
lovely_DK,2025-03-04
SueSylvester101,2025-03-04
Needy_Fire33,2025-03-04
gator12,2025-03-04
Zestyclose_Tea_3731,2025-03-04
Beautiful_Stuff8905,2025-03-04
Fair_Amphibian9146,2025-03-04
twitch_delta_blues,2025-03-04
Specialist_Sky8487,2025-03-04
Solrelari,2025-03-04
HeftyStranger3808,2025-03-04
lethalslaugter,2025-03-04
Resume555,2025-03-04
mamawoman,2025-03-04
Background-Phone8546,2025-03-04
Agreeable_Shift7298,2025-03-04
burneraccounthouseVA,2025-03-04
WorldBeeFr33,2025-03-04
noturavgm,2025-03-04
Beachside1111,2025-03-04
Competitive-Ant2233,2025-03-04
Alarming_Issue42,2025-03-04
Shoddy-Glass-5450,2025-03-04
alt_elon_musk,2025-03-04
silentotter65,2025-03-04
Happy_Turn9784,2025-03-04
seriousspoons,2025-03-04
racer150,2025-03-04
LostInTheSauce_54321,2025-03-04
sorting_thoughts,2025-03-04
BusinessCivil5052,2025-03-04
Brazensage,2025-03-04
Kachow412,2025-03-04
WhumpieGirl,2025-03-04
partisticday,2025-03-04
AgentMonkee,2025-03-04
Dangerous_Mall_4951,2025-03-04
98Saman,2025-03-04
BarfyOBannon,2025-03-04
Koren55,2025-03-04
Penn_Phan,2025-03-04
MeasureforMeasure2,2025-03-04
RoninDetroit,2025-03-04
rangerwizard11,2025-03-04
No-Courage232,2025-03-04
Fair_Escape5101,2025-03-04
LetterheadCorrect276,2025-03-04
PCVox27,2025-03-04
Opposite-Panic-9816,2025-03-04
Big-Difference-9453,2025-03-04
Nearby-Key8834,2025-03-04
IndicationDecent1683,2025-03-04
Stars-Stripes-Gripes,2025-03-04
ShithouseMauz,2025-03-04
slk_thor9,2025-03-04
Maleficent-Sink-2858,2025-03-04
maliawco1856,2025-03-04
The_Yeti_Man_88,2025-03-04
MayliGuarabia,2025-03-04
giraffeboner1,2025-03-04
uhfiore,2025-03-04
Creative-Amphibian10,2025-03-04
churros4burros,2025-03-04
sweetpeacmu,2025-03-04
robtheprogrammer,2025-03-04
SpecialKat8588,2025-03-04
matninjadotnet,2025-03-04
LivingDrive6240,2025-03-04
brickout,2025-03-04
MoonFlower1988,2025-03-04
Janetsvoid,2025-03-04
MrNovember36,2025-03-04
Greekcoffee1995,2025-03-04
New2Investing1969,2025-03-04
runningmensch,2025-03-04
BeachesAreOverrated,2025-03-04
PoopJr_da_Turd,2025-03-04
NYTimes-Sullivan,2025-03-04
genbc247,2025-03-04
Agreeable-Dish1485,2025-03-04
Linnea_borealis3,2025-03-04
Intelligent_Leg_5352,2025-03-04
KAMSmith1963,2025-03-04
JazzyPhotoMac,2025-03-04
JustConversation7433,2025-03-04
GreenHills289,2025-03-04
Beautiful-Meal,2025-03-04
Pragmatic20,2025-03-04
Alternative-Name-778,2025-03-04
OneAnxiousMother,2025-03-04
hbauman0001,2025-03-04
khaelen333,2025-03-04
tired_fed,2025-03-04
XNonameX,2025-03-04
Budget-Inflation-700,2025-03-04
Dakota_Plains,2025-03-04
misanthropic1010,2025-03-04
No_Shelter7583,2025-03-04
Worried_Ranger1292,2025-03-04
bebop923,2025-03-04
Most_Significance528,2025-03-04
Different_Lab_1577,2025-03-04
Business_Video_4382,2025-03-04
Pale_Anywhere_4891,2025-03-04
Patient-897,2025-03-04
1955KingJ,2025-03-05
Electrical_Rise_8916,2025-03-05
Electronic-Brother-8,2025-03-05
Radiant-Cherry1332,2025-03-05
Junior-Education8608,2025-03-05
DrawingAmbitious4547,2025-03-05
Direct-Rub7419,2025-03-05
LOGaaanN,2025-03-05
nieuwsjunkie,2025-03-05
Tanya20love,2025-03-05
RoyalRelation6760,2025-03-05
VisualYellow255,2025-03-05
Good-Stock-5670,2025-03-05
Itchy_Training6584,2025-03-05
TellAdventurous6745,2025-03-05
keltron,2025-03-05
Miserable-Rain-7732,2025-03-05
Intelligent-War5446,2025-03-05
Specific-Lifeguard31,2025-03-05
Nervous_Specific1420,2025-03-05
Vamaglex,2025-03-05
Cold-Gap-6728,2025-03-05
MzSuthernFryd,2025-03-05
_Ned_Ryerson,2025-03-05
Majestic-Permit9682,2025-03-05
Old-Lingonberry3546,2025-03-05
The-puzzler-6,2025-03-05
Jolly-Nail-4774,2025-03-05
Business_Beat_3457,2025-03-05
SummerSpecialist8842,2025-03-05
Necessary-Junket-243,2025-03-05
Jaludus85,2025-03-05
Any_Possibility_8108,2025-03-05
Fednewsguy01,2025-03-05
mixedtickles,2025-03-05
Astramentis_,2025-03-05
Secret_Skwerle,2025-03-05
nwl568,2025-03-05
SaintFrancesPerkins,2025-03-05
Stay_Strong_Forever,2025-03-05
Woodysadog,2025-03-05
typeojunkie,2025-03-05
mashatheicebear,2025-03-05
Oskigirl949,2025-03-05
Working-Level7707,2025-03-05
SmokeAgreeable8675,2025-03-05
gonere01,2025-03-05
ELONK-MUSK,2025-03-05
Zombeavers2-Dam_Good,2025-03-05
Euphoric-Fix-1610,2025-03-05
JesusPleaseSendTacos,2025-03-05
WorryFree7085,2025-03-05
thewitchthatwasnt,2025-03-05
Cablab123,2025-03-05
207_Mainer,2025-03-05
The_Golden_Image,2025-03-05
Creative-Kangaroo423,2025-03-05
bihippywitch,2025-03-05
neverreallyover95,2025-03-05
Imaginary-Culture-40,2025-03-05
chiropteran_expert,2025-03-05
Dcbargirl4,2025-03-05
Defiant_Progress_694,2025-03-05
221_B_Baker_Street,2025-03-05
tfabthrowaway4016,2025-03-05
biznatcherizer,2025-03-05
PracticalList4876,2025-03-05
External-Sea-7327,2025-03-05
PolarPlatitudes,2025-03-05
Iluv2lrn,2025-03-05
Optimal-Yard,2025-03-05
Anxious_Foot876,2025-03-05
No_Sun_8604,2025-03-05
NCD_anon,2025-03-05
Remarkable_Tap1980,2025-03-05
Tough_Invite6498,2025-03-05
TheReckoningMonkey,2025-03-05
Civil-Soup4213,2025-03-05
pickausername88,2025-03-05
Adventurous_Star503,2025-03-05
seancoleman07,2025-03-05
OregonGrownOG,2025-03-05
JacobSoboroffNBC,2025-03-05
kuss_imak,2025-03-05
peoples17,2025-03-05
puribezos,2025-03-05
YesNo_Maybe_,2025-03-05
Fail_whale2010,2025-03-05
Music987123,2025-03-05
LocusofZen,2025-03-05
Constant_Scheme5540,2025-03-05
Bestnotthelast,2025-03-05
Deplorable_XX,2025-03-05
New-Difference5356,2025-03-05
fedguadalupe,2025-03-05
mindless_tx_blondie,2025-03-05
Successful_Web3196,2025-03-05
peacetractor,2025-03-05
Important-Forever455,2025-03-05
SetConstant783,2025-03-05
Elegant_Taco_7882,2025-03-05
DaTaco,2025-03-05
North-Treacle8060,2025-03-05
lexraed,2025-03-05
jfleyden,2025-03-05
emmalegs,2025-03-05
Do0mAt11,2025-03-05
Illustrious_Hat_408,2025-03-05
dookie_shooter,2025-03-05
Healthy-Witness3774,2025-03-05
Clerk-Intelligent,2025-03-05
Xuspula24,2025-03-05
ScaredBike2371,2025-03-05
SexyTriangulum,2025-03-05
cbackification,2025-03-05
Stock_Audience7138,2025-03-05
HeyItsYourCoach-1,2025-03-05
Faceisbackonthemenu,2025-03-05
supercalico,2025-03-05
No_Contribution5161,2025-03-05
The_kid_laser,2025-03-05
Fickle-Ad1539,2025-03-05
eibrahim,2025-03-05
DarkMental111,2025-03-05
seshults,2025-03-05
FilthyNorm,2025-03-05
Devvyfromthebrock,2025-03-05
ThrowAway_770495,2025-03-05
Traditional_Two_4074,2025-03-05
notnutts,2025-03-05
Old_Independent_9756,2025-03-05
BumbleB003,2025-03-05
Afraid-Vacation6645,2025-03-05
Hokerash,2025-03-05
Hiro_Pr0tagonist_,2025-03-05
hanon_314,2025-03-05
MidnightDisastrous66,2025-03-05
kruz237,2025-03-05
Maleficent-Bug7998,2025-03-05
papamillie20,2025-03-05
John_Smith_DC,2025-03-05
Peachy_Keen_89,2025-03-05
me-2b,2025-03-05
Better_Bet_418,2025-03-05
karfkarfkarf,2025-03-05
sadsongplaylist1,2025-03-05
Mapuches_on_Fire,2025-03-05
Ginger_Wrath,2025-03-05
WhichSpite2607,2025-03-05
Miserable-Pear-2289,2025-03-05
DatgirlwitAss,2025-03-05
Ok_Coconut2632,2025-03-05
PrivateDetectiveWork,2025-03-05
Opposite_Object_8867,2025-03-05
Chakalaka234,2025-03-05
Little-Quail-4541,2025-03-05
Economy-Brother-3509,2025-03-05
hobbyman41,2025-03-05
LegalCelebration6141,2025-03-05
Azure_Reign,2025-03-05
NeuroSci_fan-1953,2025-03-05
PrincessWendyOKoopa,2025-03-05
-micha3l,2025-03-05
MobileTechnician1249,2025-03-05
coupthereitis,2025-03-05
ImaginationOk1068,2025-03-05
General-Quantity-61,2025-03-05
Boredofisolation,2025-03-05
Enough-Finding-4475,2025-03-05
bigbrainhero,2025-03-05
Whufito,2025-03-05
Affectionate-Try5967,2025-03-05
DogSaysFeedMe,2025-03-05
Big_Definition_6732,2025-03-05
createbirmingham,2025-03-05
Humbled_by_it,2025-03-05
gingergeologist,2025-03-05
Environmental-Yam343,2025-03-05
Apprehensive-Card552,2025-03-05
Mountain_Natural4056,2025-03-05
Critical_Lawyer_9624,2025-03-05
jm0214,2025-03-05
Redditandforgetit8,2025-03-05
Shmaccckin,2025-03-05
General-Fig7936,2025-03-05
Feathers_Forever,2025-03-05
Ok_Candidate_7376,2025-03-05
nmurray90,2025-03-05
bfelBR,2025-03-05
IllegitimateTrump,2025-03-05
Worried_Theme_4321,2025-03-05
lezbih0nest,2025-03-05
Helpful-Baker-9396,2025-03-05
Jasondonand,2025-03-05
LavishnessAncient460,2025-03-05
Emotional-Eye4299,2025-03-05
PossibleWest9384,2025-03-05
Key-Bug9439,2025-03-05
Aware_Fox_6289,2025-03-05
Oskrrreeeerrrrt,2025-03-05
couchtomatopotato,2025-03-05
Wise_Blacksmith_6434,2025-03-05
Front_Insurance_2673,2025-03-05
VulpesRex97,2025-03-05
p0is0nkitty,2025-03-05
Basic-External9938,2025-03-05
Inevitable-Relief236,2025-03-05
The_Sinking_Belle,2025-03-05
Huge_Excitement4465,2025-03-05
Top-Ad-409,2025-03-05
Own-Treacle-1827,2025-03-05
One-Razzmatazz888,2025-03-05
Some_Reason7744,2025-03-05
Legitimate-Ad-9724,2025-03-05
Ill-Ad-1303,2025-03-05
Consistent-Winter375,2025-03-05
NMTSWD,2025-03-05
CordisHead,2025-03-05
Substantial_Rub6899,2025-03-05
dUB_W,2025-03-05
lawandcars,2025-03-05
Euphoric_Mud_9723,2025-03-05
Stephanee17,2025-03-05
Confident_Frosting32,2025-03-05
Master_Splinter_69,2025-03-05
EfficientCabbage2376,2025-03-05
wp_bear,2025-03-05
AideElectrical2320,2025-03-05
GennyBYourForestLove,2025-03-05
tdsinfo,2025-03-05
Ok_Face8380,2025-03-05
koolkid331,2025-03-05
yoyo182406,2025-03-05
supersoaker511,2025-03-05
ZookeepergameDry9326,2025-03-05
Worried-News-8952,2025-03-05
SweetlySpiced,2025-03-05
SpiritualCopy4288,2025-03-05
bkbroil,2025-03-05
petraviva,2025-03-05
copyblueleader,2025-03-05
Photog2985,2025-03-05
Snapdragon_4U,2025-03-05
mickeyt13,2025-03-05
Public-Steward,2025-03-05
cacs114,2025-03-05
Sad_Rough_1861,2025-03-05
AbbreviatedArc,2025-03-05
Retiring_fed,2025-03-05
VegetableExtreme7150,2025-03-05
One_Leading4386,2025-03-05
Joekers_wild,2025-03-05
AshamedClub2842,2025-03-05
mesterb18,2025-03-05
timaroosky,2025-03-05
N8Pbing,2025-03-05
Rightletsgettowork,2025-03-05
New_Opinion9726,2025-03-05
Significant-Ant-94,2025-03-05
Possible_Concept_256,2025-03-05
7thpostman,2025-03-05
MinuteMysterious5938,2025-03-05
kuietstorm22,2025-03-05
Savings_Wish_7620,2025-03-05
Prior-Needleworker26,2025-03-05
Feisty_Apartment_764,2025-03-05
Mundane-Guarantee928,2025-03-05
Oxfordillington,2025-03-05
FinesseFin,2025-03-05
xSarahx2932,2025-03-05
Luna_Violet52,2025-03-05
Crafty_Tip3558,2025-03-06
h8trswana8,2025-03-06
Reddit_Username35,2025-03-06
Evening_Ingenuity865,2025-03-06
Sami-magic,2025-03-06
bemyhoneybadger,2025-03-06
Nealm568890,2025-03-06
No_Turnip_8088,2025-03-06
wtfisdisting,2025-03-06
First_Snow730,2025-03-06
i3ond,2025-03-06
Alarmed_Flamingo8928,2025-03-06
CardiologistGloomy85,2025-03-06
SilentIngenuity9035,2025-03-06
Pharmers_Tan,2025-03-06
Independent-Fall-466,2025-03-06
No-Evening-5119,2025-03-06
AlphaSentry,2025-03-06
kilaintl,2025-03-06
subtle_goldfinch,2025-03-06
Tocareforthem,2025-03-06
P33PEEP0OP00,2025-03-06
Local_Air4794,2025-03-06
Lingeringhangnail,2025-03-06
StarryNight6075,2025-03-06
SaucySaul,2025-03-06
Specific_Cattle_4334,2025-03-06
AgentDoggett,2025-03-06
OkDocument6474,2025-03-06
Car369blue369,2025-03-06
Educational-Car1610,2025-03-06
Serne9,2025-03-06
TrueConservative001,2025-03-06
AccomplishedTill9341,2025-03-06
Favlatinamami,2025-03-06
meinhoonna,2025-03-06
NotYourSteppin-Stone,2025-03-06
barfity,2025-03-06
No_Relationship_1898,2025-03-06
Material-Antelope985,2025-03-06
HunterHanzz,2025-03-06
drjay945,2025-03-06
fireside_blather,2025-03-06
meanderingt,2025-03-06
LessGovIntrusion,2025-03-06
AmbitionUpstairs8215,2025-03-06
p1ot,2025-03-06
Firegrl,2025-03-06
Easy-Alps-208,2025-03-06
newcomer1990,2025-03-06
CuyahogaRiver,2025-03-06
Coppery_Dakota,2025-03-06
3xdxdx1x3,2025-03-06
Stu762X51,2025-03-06
JimmyJaxed,2025-03-06
1847usa,2025-03-06
ObjectiveCorrect2649,2025-03-06
ExistingPosition5742,2025-03-06
darthsnakeeyes,2025-03-06
ClearAd9027,2025-03-06
sargon3444,2025-03-06
No_Permit5919,2025-03-06
FedupFed462,2025-03-06
Either-Tear9104,2025-03-06
Tate_0_tot,2025-03-06
CultureWatcher,2025-03-06
contribution-society,2025-03-06
Sista70s,2025-03-06
snarkle_and_shine,2025-03-06
GermanSwede,2025-03-06
wenger17,2025-03-06
JayEmmGee,2025-03-06
space_oisin,2025-03-06
TaxIcy2122,2025-03-06
Alternative-Pin5760,2025-03-06
materialcultur3,2025-03-06
Muppet_Fitzgerald,2025-03-06
Pale-Total-4694,2025-03-06
SubstantialSort5878,2025-03-06
mook32540,2025-03-06
Heyyitskayleee,2025-03-06
Reisner1040tax,2025-03-06
podkayne3000,2025-03-06
NoVa_Hokie,2025-03-06
DressProfessional910,2025-03-06
Anyotherdayy,2025-03-06
New_Anxiety5562,2025-03-06
Wise-End-5903,2025-03-06
Direct_Librarian_639,2025-03-06
crythinklaugh,2025-03-06
dase1n_,2025-03-06
Rare-Elderberry-6695,2025-03-06
jewellef04,2025-03-06
Poptarts7474,2025-03-06
pointblankperiodsis,2025-03-06
Ejdj6223,2025-03-06
Which-Jackfruit5796,2025-03-06
noidntplybasketball,2025-03-06
alkaram,2025-03-06
downfind,2025-03-06
Soft_Inspector45,2025-03-06
ChrisThompsonTLDR,2025-03-06
worldestroyer,2025-03-06
Haunting_Zebra_8628,2025-03-06
Open_Force7247,2025-03-06
stonedecology,2025-03-06
Other-Classic6584,2025-03-06
chemicalalchemist,2025-03-06
Formal_Appeal_5977,2025-03-06
muffinformatt,2025-03-06
ecstubblebine,2025-03-06
PrettymuchAnybody,2025-03-06
Lower-Guarantee1939,2025-03-06
notFidelCastro2019,2025-03-06
ZoneWombat99,2025-03-06
mcub66,2025-03-06
M-I--T-M,2025-03-06
Grouchy-Meal-3762,2025-03-06
GaryLawlor,2025-03-06
Round_Anteater_3276,2025-03-06
DovahAcolyte,2025-03-06
sryan3531,2025-03-06
waynep712222,2025-03-06
BlacktopD,2025-03-06
TimWhatleyDDS,2025-03-06
giverodz,2025-03-06
Normal_Ad_615,2025-03-06
StrongAd9172,2025-03-06
Hairy_Dot178,2025-03-06
Consistent_Active165,2025-03-06
PlaneMaintenance5149,2025-03-06
yisthismylife,2025-03-06
ProofNo9183,2025-03-06
Illustrious_Double41,2025-03-06
Apprehensive-Fig5599,2025-03-06
Starseeker2019,2025-03-06
Kelsier-Hathsin,2025-03-06
Persnickety-One-1717,2025-03-06
BurlinghamBob,2025-03-06
Sama3000,2025-03-06
Accomplished-Back865,2025-03-06
cmillhouse,2025-03-06
WzaWayne,2025-03-06
ButterEmailz,2025-03-06
baconator1988,2025-03-06
allthesleepplease,2025-03-06
notdobbyjones,2025-03-06
SnooChickens4752,2025-03-06
Oothoon63,2025-03-06
8heist,2025-03-06
Such-Perspective3342,2025-03-06
Significant-Pie5367,2025-03-06
Dull-Sugar-5966,2025-03-06
bad_pussy_69,2025-03-06
Neither-Explanation9,2025-03-06
WhichAsk322,2025-03-06
Junior_Apartment_428,2025-03-06
WarezWhisperer,2025-03-06
gfunkmartin,2025-03-06
Phyuntez,2025-03-06
OtherwisePossible444,2025-03-06
Some_Grapefruit_4186,2025-03-06
Automatic-Mention326,2025-03-06
KingofFractions,2025-03-06
No_Emotion_6908,2025-03-06
KittensOnToast,2025-03-06
Flaky-Information522,2025-03-06
No_Leadership_9055,2025-03-06
DrillPress1,2025-03-06
Aggravating-Cap9060,2025-03-06
krendyB,2025-03-06
Beer_Bubba,2025-03-06
Curious-Winter-7051,2025-03-06
NotMyRealAcct1990,2025-03-06
Couldthisnamebetaken,2025-03-06
Bright_Concern_3084,2025-03-06
MasterpieceOdd9459,2025-03-06
prancypantsallnight,2025-03-06
Tuesday2sday,2025-03-06
DustOk3093,2025-03-06
Historical-Pizza1302,2025-03-06
dice-enthusiast,2025-03-06
Please_help_225,2025-03-06
Chrandev,2025-03-06
ev6464,2025-03-06
Training-Power-8911,2025-03-06
needabra129,2025-03-06
Electrical-Search818,2025-03-06
Competitive_Soil3729,2025-03-06
girlsocrox,2025-03-06
Typical-External3793,2025-03-06
Comfortable-Owl-3511,2025-03-06
BlondieWag86,2025-03-06
Any-Usual9027,2025-03-06
Left_Button_5655,2025-03-06
gargoylin,2025-03-06
Intelligent_Plum257,2025-03-06
4ScreamTea4,2025-03-06
TejasEngineer,2025-03-06
SacredLily229,2025-03-06
Adept-Birthday3168,2025-03-06
Ancient_Swan3496,2025-03-06
purrfectstormzzy,2025-03-06
Upbeat-Soil-4743,2025-03-06
gibbojab,2025-03-06
Witty_Egg2918,2025-03-06
Altruistic_Visual479,2025-03-06
FakeRider,2025-03-06
ResponsibilityNo9858,2025-03-06
Southern-Position-91,2025-03-06
winterberryfog,2025-03-06
IllustriousIdea1075,2025-03-06
tarheel2020,2025-03-06
milagro303,2025-03-06
Necessary_Ad_2286,2025-03-06
Potential_Steak2381,2025-03-06
tee441978,2025-03-06
scientistinmind,2025-03-06
Quick-Access-5659,2025-03-06
GovernorDonut,2025-03-06
Basic_Squash_8877,2025-03-06
Scandinavianbeibe,2025-03-06
Powerful_Set_471,2025-03-06
ebop1234,2025-03-06
olive_rae1,2025-03-06
tiredbird13,2025-03-06
Hotonee-2000,2025-03-06
No-Meeting-4024,2025-03-06
Scotchandsplenda13,2025-03-06
Chemical-Ad-7502,2025-03-07
Shiny_buck,2025-03-07
Dangerous-One-3834,2025-03-07
Illustrious-Tea-130,2025-03-07
MPBCS,2025-03-07
FantomDrive,2025-03-07
seattlesonics87,2025-03-07
ThrowAwayFed1102,2025-03-07
Select-Sale2279,2025-03-07
GravityPat,2025-03-07
theamiabledumps,2025-03-07
OkSlice5841,2025-03-07
APr1nce,2025-03-07
Ok-Situation-3107,2025-03-07
lookAtData15,2025-03-07
ApparentlyAiden,2025-03-07
Best_Ad3856,2025-03-07
VenutianFryCook,2025-03-07
Patient_Extension763,2025-03-07
bob_builder1962,2025-03-07
Awkward-Cash-9621,2025-03-07
selgaraven,2025-03-07
Psychological-One274,2025-03-07
-cpb-,2025-03-07
AdTight2167,2025-03-07
BlackGirlWithCoils,2025-03-07
LetsGetPhisycal,2025-03-07
Ok_Moose9016,2025-03-07
admode1982,2025-03-07
Cottonwood1435,2025-03-07
Snoo-18951,2025-03-07
Sea_Word_5549,2025-03-07
Substantial_Nobody28,2025-03-07
Dull_Anything_8116,2025-03-07
N0tAnIRSAgent,2025-03-07
Strict-Wind-9881,2025-03-07
AdOnly3059,2025-03-07
jasperval,2025-03-07
Fun_Monitor_939,2025-03-07
PithouLibertes,2025-03-07
goblinstout-1004,2025-03-07
RepeatKey5579,2025-03-07
Got_Goose22,2025-03-07
Buckeye_Country,2025-03-07
GoCards2011,2025-03-07
LadyBeBop,2025-03-07
CardiologistNew7686,2025-03-07
Forky_Pig,2025-03-07
Miserable_Author4076,2025-03-07
Scary-Analysis-7277,2025-03-07
schnoogums,2025-03-07
sarcasm_expert7,2025-03-07
Diligent-Narwhal,2025-03-07
Tight_Strain9296,2025-03-07
FuriousFed2760,2025-03-07
ShadowLilly11,2025-03-07
401breaks,2025-03-07
ErebusInPassing,2025-03-07
dcnative-x5,2025-03-07
WaterBoyFanSCLSU,2025-03-07
sk8505,2025-03-07
territory_ranger,2025-03-07
Wormin-Shilliam,2025-03-07
Artistic_Bumblebee17,2025-03-07
Lopsided-Tie-5061,2025-03-07
govloop,2025-03-07
RadiantPay9377,2025-03-07
spartannugget,2025-03-07
AKCTONKA,2025-03-07
BeautifulCrew3540,2025-03-07
Neaubodi,2025-03-07
RMF-SCA,2025-03-07
Constant_Vanilla1807,2025-03-07
Trick-One-2120,2025-03-07
Various_Newspaper234,2025-03-07
Terrible-Pride2307,2025-03-07
Putrid-Bee-7352,2025-03-07
Antique-Glove960,2025-03-07
ProposalCautious7802,2025-03-07
Alternative_Soup_718,2025-03-07
worstpartyever,2025-03-07
digitalmarket081,2025-03-07
mantooth,2025-03-07
Cloudkid122,2025-03-07
ironshackle,2025-03-07
_MisterLeaf,2025-03-07
goalconscious4,2025-03-07
GrabFancy5855,2025-03-07
blueeyes811,2025-03-07
Vegetable_Science249,2025-03-07
DismalElderberry7731,2025-03-07
NoLime6926,2025-03-07
Lucky-Anything-2747,2025-03-07
Sad_Following8356,2025-03-07
nonlazyfed,2025-03-07
freeedeee,2025-03-07
Naive_Stop_5139,2025-03-07
exhaustingtimes,2025-03-07
Renegadin,2025-03-07
Key-Ambition-7792,2025-03-07
adalos2,2025-03-07
Salty-Escape7911,2025-03-07
TheDarthSnarf,2025-03-07
5Bullets_4Ur_PieHole,2025-03-07
Nature-Heifer,2025-03-07
MotorCityWarrior,2025-03-07
MaximumForeign4995,2025-03-07
InternationalBike227,2025-03-07
Klutzy-Art8561,2025-03-07
CancerBabyJokes,2025-03-07
Apprehensive-Sea6482,2025-03-07
Smooth_Action_1468,2025-03-07
No_Boysenberry3859,2025-03-07
Ok_Cap3302,2025-03-07
BeefCaper,2025-03-07
Internal_Rain3818,2025-03-07
Few-Departure-9557,2025-03-07
Routinely_,2025-03-07
Overall_Vacation6135,2025-03-07
Illustrious_Emu_6282,2025-03-07
AngeryLizard,2025-03-07
Agreeable-Win2322,2025-03-07
FreeChickenDinner,2025-03-07
Salt_Acanthaceae1310,2025-03-07
molbryant,2025-03-07
CapableCampaign2802,2025-03-07
dimsum-41,2025-03-07
_triangle_of_bermuda,2025-03-07
Wonderful_Leopard_84,2025-03-07
TheEvilBlight,2025-03-07
lazerfocus2025,2025-03-07
AznCarGal,2025-03-07
fresca85,2025-03-07
FRONTowardsEnemy,2025-03-07
Crocodilepuppy,2025-03-07
PATRIOTICSTANDARD,2025-03-07
GitmoGrrl1,2025-03-07
According_Count2011,2025-03-07
toucanofaman,2025-03-07
xheatmiserx,2025-03-07
topheavy321,2025-03-07
worldtraveller113,2025-03-07
GestaltWitch,2025-03-07
RepublicanShet,2025-03-07
garnetgoggles,2025-03-07
FicklePickle_21,2025-03-07
fit-fam-826,2025-03-07
Latter-News9776,2025-03-07
bcrivranger,2025-03-07
alephsef,2025-03-07
yamiinterested,2025-03-07
JessePINCCman,2025-03-07
cgn-38,2025-03-07
Blulizrd,2025-03-07
Dry-Doughnut-362,2025-03-07
TheWineElf,2025-03-07
Worried-Arachnid3526,2025-03-07
EmergencyDriver1261,2025-03-07
rosedition,2025-03-07
Ordinary_Tomato2730,2025-03-07
NonStickyStickyNote,2025-03-07
Equal-Abroad-6345,2025-03-07
spmaniac,2025-03-07
unabin,2025-03-07
Prestigious_Dig9526,2025-03-07
ohherroeeyore,2025-03-07
samalam-26,2025-03-07
Anonymous_Moose28,2025-03-07
IcyDepartment9343,2025-03-07
Jealous-Ad8084,2025-03-07
Short_Yam_3167,2025-03-07
dylanurbaked,2025-03-07
ECNIV321,2025-03-07
Slate,2025-03-07
Jolly-Sea3955,2025-03-07
Meli1378,2025-03-07
starstruckkt1989,2025-03-07
NewtStrange4787,2025-03-07
apicultrice,2025-03-07
ABPlanetEarth,2025-03-07
totomecca1,2025-03-07
0828,2025-03-07
Wild_Style_4881,2025-03-07
Confident-Tonight852,2025-03-07
TheyCallMeLotus0,2025-03-07
Seraphi89,2025-03-07
Financial_Respect207,2025-03-07
Ok_Sheepherder_5397,2025-03-07
bluemasonjar,2025-03-07
fruitl00ps19,2025-03-07
lytrok,2025-03-07
nosecohn,2025-03-07
Carrotsnpeace,2025-03-07
Sorry_Active2782,2025-03-07
Playful-Inspector207,2025-03-07
BalancePillar,2025-03-07
DeepSpirit8474,2025-03-07
typicaljim,2025-03-07
tossit97531,2025-03-07
MercenaryAngel,2025-03-07
Velo50,2025-03-07
Expert-Patient-1601,2025-03-07
Suspicious_Education,2025-03-07
bossfight1,2025-03-07
SnooOpinions2713,2025-03-07
Eastern_Community_82,2025-03-07
mothergreenthumb,2025-03-07
CasidheSionnach,2025-03-07
radar_contact_lost,2025-03-07
nfshakespeare,2025-03-07
Anterograde001,2025-03-07
LiL_TOPO_91950,2025-03-07
Quirky-Sport2958,2025-03-07
Responsible-Film9153,2025-03-07
Organic_Jelly_2507,2025-03-07
BeartholomewTheThird,2025-03-07
nevergonnashutmeup79,2025-03-07
YogurtclosetNo5923,2025-03-07
PyrophyticPonderosa,2025-03-07
Rare_Outcome_9173,2025-03-07
S3ConsultingLLC,2025-03-07
unkn0wngurl,2025-03-07
me_jayne,2025-03-08
vivalrps,2025-03-08
QuestionLarge9772,2025-03-08
Notyetsir34,2025-03-08
Greekgirl8,2025-03-08
Jazzlike_Cow7688,2025-03-08
COCPATax,2025-03-08
realTArthur,2025-03-08
dukiero,2025-03-08
_fedme,2025-03-08
Puzzleheaded_Act3968,2025-03-08
Creative_Depth_3804,2025-03-08
Prestigious_Cup8129,2025-03-08
top_dickhead,2025-03-08
WearAdept4506,2025-03-08
NPhikerphotographer,2025-03-08
donttrackmeok,2025-03-08
MandoGardener,2025-03-08
amberisnursing,2025-03-08
STMM09,2025-03-08
Equivalent-Kick163,2025-03-08
BriefAddiction24-7,2025-03-08
Jumpy_Sock_2261,2025-03-08
New-Yesterday-4799,2025-03-08
Shattenkirk,2025-03-08
Inevitable-Cat-2765,2025-03-08
SBCSWDC,2025-03-08
Physical_Tax2532,2025-03-08
s_x_nw,2025-03-08
Twilight_Tarantula,2025-03-08
hicksnumber3,2025-03-08
319065890,2025-03-08
Evening-Funny-4173,2025-03-08
grown1914,2025-03-08
ryry_28,2025-03-08
socal1959,2025-03-08
Healthy-Advertising5,2025-03-08
jr_skankhunt_17,2025-03-08
Low_Might4664,2025-03-08
Wonderful-Buy1676,2025-03-08
sokka_irl,2025-03-08
Wide_Negotiation_319,2025-03-08
Affectionate_Emu767,2025-03-08
oIIIIIIlo,2025-03-08
SherrysBerrys74,2025-03-08
Mediocre-School-2086,2025-03-08
IntrovertedMango8,2025-03-08
Consistent_Chart1084,2025-03-08
Complex_Cup_2248,2025-03-08
Traveledfarwestward,2025-03-08
cybexexim,2025-03-08
rolyoh,2025-03-08
Not2Late4U,2025-03-08
Round_Discussion9592,2025-03-08
Throwawayfedsacct,2025-03-08
Alarmed_Ad2152,2025-03-08
Dry-Introduction2425,2025-03-08
Maximum-Departure738,2025-03-08
WittyNomenclature,2025-03-08
MitchAintNoBitch,2025-03-08
NeverForget0106,2025-03-08
Which-Afternoon-2374,2025-03-08
Good_Requirement2998,2025-03-08
Rough-Community-234,2025-03-08
Nimbian,2025-03-08
justheretogroomdogs,2025-03-08
LatterDetective3511,2025-03-08
FlyingSquirrelDog,2025-03-08
Educational_Virus264,2025-03-08
Dependent-Pen-8174,2025-03-08
Ready_Designer_2627,2025-03-08
freedomfed15,2025-03-08
ihaveabigtruck,2025-03-08
Sea_Dragonfruit_4592,2025-03-08
EvanStephensHall,2025-03-08
angrymamabearr,2025-03-08
SnowKal01,2025-03-08
MembershipArtistic19,2025-03-08
bouncingbet,2025-03-08
Ancient_Context9448,2025-03-08
RedditBrowser_001,2025-03-08
Gigabidze,2025-03-08
jonnybeme,2025-03-08
TemporaryAstronaut28,2025-03-08
boz_bozeman,2025-03-08
sweatyalpaca26,2025-03-08
ScottieG59,2025-03-08
Cite-Checker2100,2025-03-08
visitswater,2025-03-08
Icy-Area877,2025-03-08
Holiday_Seaweed_3670,2025-03-08
Existing_Mousse7960,2025-03-08
Accomplished_Chef500,2025-03-08
imaconnect4guy,2025-03-08
Cayde-6699,2025-03-08
Designer-Ebb-3620,2025-03-08
Stand-Up8993,2025-03-08
RepresentativeSwan83,2025-03-08
Upbeat-Meal-9557,2025-03-08
IyanYachaazah,2025-03-08
_nailbunny,2025-03-08
Aggravating_Fee_5536,2025-03-08
AgentBluelol,2025-03-08
Marigold_Wanderfoot,2025-03-08
Ok-Fortune-1169,2025-03-08
Archivist_mom,2025-03-08
JustAnotherLurker95,2025-03-08
alimsmith,2025-03-08
KimberleyC999,2025-03-08
Subject_Reward3978,2025-03-08
necky_bstd,2025-03-08
Pure-Mammoth-6253,2025-03-08
Aggravating_Food4010,2025-03-08
Wooden-Feeling-2232,2025-03-08
SpareProgram5961,2025-03-08
MassMan5150,2025-03-08
Ok-Taste3535,2025-03-08
Impressive-Rabbit413,2025-03-08
curteck1234,2025-03-08
Higby-Sam,2025-03-08
Fun_Technology_6831,2025-03-08
Unusual-State1827,2025-03-08
NFiligree,2025-03-08
Blue_Kaz00,2025-03-08
neutronspin,2025-03-08
Future-War9793,2025-03-08
Purple-Function1149,2025-03-08
Starsaligned742,2025-03-08
Eudaemon74,2025-03-08
Funsideoftherainbow,2025-03-08
Mairi5691,2025-03-08
DA-MAN-IN-CHARGE,2025-03-08
vrabormoran,2025-03-08
sandman_206,2025-03-08
EasyPeezyATC,2025-03-08
Left-Grand2705,2025-03-08
Best_Landscape_7547,2025-03-08
Boo-Boo97,2025-03-08
ConclusionUnlucky139,2025-03-08
Popular_Chance6057,2025-03-08
Rocinante2025,2025-03-08
JaksRum,2025-03-08
DachshundDog123,2025-03-08
PrepTheWay-777,2025-03-08
Ok_Locksmith_6728,2025-03-08
Scared-Till1952,2025-03-08
knittinSerendipity,2025-03-08
Sufficient-Camera335,2025-03-08
Jaded_Magazine_3706,2025-03-08
Jerrythumb,2025-03-08
Ok_Shoe6806,2025-03-08
thispeanutgallery,2025-03-09
Acceptable_Flan_637,2025-03-09
Aggravating-Talk-491,2025-03-09
Calm-Calligrapher565,2025-03-09
Key-Custard-8991,2025-03-09
WildWombatWarrior,2025-03-09
throwawayacctnum94,2025-03-09
Wild-Needleworker-50,2025-03-09
Fluffy_Bee4461,2025-03-09
SmallPerson_BigMouth,2025-03-09
WhtHppnd2Brndn,2025-03-09
Curious-Evidence-488,2025-03-09
Proud-Razzmatazz5924,2025-03-09
bballer0884,2025-03-09
kwijyb0,2025-03-09
handydannotdan,2025-03-09
Tiny_Purple_6128,2025-03-09
OkRepair1668,2025-03-09
cuchisavila,2025-03-09
IslaMel,2025-03-09
AtomicBreweries,2025-03-09
PracticeHairy4983,2025-03-09
mrsawhig,2025-03-09
Salt_Principle_6281,2025-03-09
ididitalready,2025-03-09
After-Ad-4103,2025-03-09
davihar,2025-03-09
mysticblue313,2025-03-09
Fun_Drawer5972,2025-03-09
Princess1184,2025-03-09
Seacilian1331,2025-03-09
Coffeebean_339,2025-03-09
Curtisc83,2025-03-09
Accomplished-Data447,2025-03-09
ConsistentDouble7237,2025-03-09
poohkttn,2025-03-09
Civil_Hornet_6126,2025-03-09
Unfair-Year-9085,2025-03-09
ArmorUpFolks,2025-03-09
Sss_Ddd,2025-03-09
Plane-Cloud7755,2025-03-09
Hungry_Ad_6521,2025-03-09
Icy-Bed-1625,2025-03-09
ioweittothegirls,2025-03-09
Mountain_Strike_7118,2025-03-09
Huey_Freeman2025,2025-03-09
faunafloraphoto,2025-03-09
Comfortable-Rice-255,2025-03-09
klynton29,2025-03-09
scottymtp,2025-03-09
FaithlessnessFar292,2025-03-09
PDIYfortheresistance,2025-03-09
jbeeze0521,2025-03-09
TurnFront,2025-03-09
Eggplantwater,2025-03-09
itsnotapipe,2025-03-09
Ok-Cabinet-1740,2025-03-09
No_Application_0407,2025-03-09
Bubbly_Peace5766,2025-03-09
Anonymous-employee-0,2025-03-09
Minute-Individual-74,2025-03-09
jerinx,2025-03-09
Both_Painter_9186,2025-03-09
SenzuDream,2025-03-09
KuntFuckula,2025-03-09
Fun_Presentation1115,2025-03-09
kt2100,2025-03-09
Jpldude,2025-03-09
go4bestDeals,2025-03-09
kiboha,2025-03-09
Own_Purchase6236,2025-03-09
Kodiak_Shepherd,2025-03-09
Particular-Bed-3596,2025-03-09
Super_Assist2494,2025-03-09
phillyphilly19,2025-03-09
NoSlide2408,2025-03-09
Designer_Unit_5088,2025-03-09
UsualAlert5875,2025-03-09
WiseProfessor2926,2025-03-09
FantasticJacket7,2025-03-09
--Scorched--Earth--,2025-03-09
DimensionalArchitect,2025-03-09
Responsible_Lunch959,2025-03-09
OMKensey,2025-03-09
Acrobatic_Cabinet596,2025-03-09
dganitch,2025-03-09
Fragrant-Manager7117,2025-03-09
deanwashere,2025-03-09
B_bbi,2025-03-09
Pitiful-Pen5696,2025-03-09
Any_Client_26,2025-03-09
Total-Cauliflower821,2025-03-09
thucydides-athenian,2025-03-09
PositiveE24,2025-03-09
SelectTry5144,2025-03-09
VruNotMeg,2025-03-09
Entire_You1572,2025-03-09
Butterscotch1103,2025-03-09
Reasonable-Disk-3580,2025-03-09
MoonPhoenix420,2025-03-09
ShowaFowlZilla,2025-03-09
User1892374650,2025-03-09
Dismandibled,2025-03-09
MotherCardiologist78,2025-03-09
Bahay677001,2025-03-09
Away-Courage5559,2025-03-09
RU_4_Real12,2025-03-09
CapableSong5676,2025-03-09
Angela9999999,2025-03-09
throwawayfed1988,2025-03-09
PutridArtichoke8029,2025-03-09
dvdlm914,2025-03-09
GabriellaVM,2025-03-09
DrunkFinesse,2025-03-09
Twisty_Triple,2025-03-09
TurtleRunner915,2025-03-09
Inevitable_End_5606,2025-03-09
MightLate1338,2025-03-09
Charming-Day-2436,2025-03-09
MikieJag,2025-03-09
SpecialKLuckyCharmz,2025-03-09
Horror-Addition-6487,2025-03-09
ALittleGreenFrog,2025-03-09
SideAdventurous2417,2025-03-09
iJustHadToPostThis99,2025-03-09
Ok-Entertainer-851,2025-03-09
Character-Coconut262,2025-03-09
RooEmu,2025-03-09
CheekSpecial1687,2025-03-09
SupWithDatChit,2025-03-09
trishka,2025-03-09
Funny_Trip2695,2025-03-10
RetiredDefender1982,2025-03-10
Available-Guide-6310,2025-03-10
falconjayhawk,2025-03-10
Brilliant-Tree-6255,2025-03-10
Still-Bad-105,2025-03-10
transcendental1,2025-03-10
EngagedWorldWizard,2025-03-10
Killie_Vandal,2025-03-10
Superb_Policy_8705,2025-03-10
Ok_Veterinarian_3082,2025-03-10
L84aGiG_,2025-03-10
Fantastic_Musician79,2025-03-10
yanicka_hachez,2025-03-10
DCTom2015,2025-03-10
Curiousashell23,2025-03-10
BreezinSC,2025-03-10
AdAcademic4726,2025-03-10
isfiz,2025-03-10
Ecstatic_Pride_7037,2025-03-10
YoungMeister1988,2025-03-10
RebelliousRoomba,2025-03-10
PerspectiveHumble637,2025-03-10
Ok-Maintenance3818,2025-03-10
MysteriousCourage743,2025-03-10
UnhappyArm1952,2025-03-10
Advanced_Soft_8191,2025-03-10
Former_Fuel_9298,2025-03-10
pinkelephant0040,2025-03-10
Tight_Night_109,2025-03-10
Think_Mouse4805,2025-03-10
Eldzldaos,2025-03-10
jcnet1,2025-03-10
haole_bi,2025-03-10
SubjectFar1055,2025-03-10
Extension-Hotel2212,2025-03-10
RutabagaSafe7000,2025-03-10
Snes-bud,2025-03-10
tdav-,2025-03-10
Every-Spread6738,2025-03-10
Dull-Gur314,2025-03-10
BusyCamel3539,2025-03-10
Alone-Cable-4721,2025-03-10
CoolinginDC,2025-03-10
Tasty-Lingonberry945,2025-03-10
Quirky_Spring_8997,2025-03-10
thepau1guy,2025-03-10
CourtneyEL19,2025-03-10
evilsuper,2025-03-10
EvenAd8445,2025-03-10
Impossible_Gain_16,2025-03-10
unsilent_spring,2025-03-10
Thick-Trust1516,2025-03-10
MudlarkJack,2025-03-10
unbelongingness,2025-03-10
dulceylibre,2025-03-10
EducationBusy4741,2025-03-10
No-Indication6287,2025-03-10
Human-Engineer-5623,2025-03-10
girl6-,2025-03-10
Ashamed_Comfort_650,2025-03-10
JBwildthing0725,2025-03-10
Emotional_Object3959,2025-03-10
Felon_Muskox,2025-03-10
Hombre-Molecular,2025-03-10
Separate_Basis869,2025-03-10
Wonderful-Parfait906,2025-03-10
abw4477,2025-03-10
amanda_litman,2025-03-10
Rocinante_1999,2025-03-10
TheDrummersWif3,2025-03-10
Unlucky-Ad-5744,2025-03-10
RewardCompetitive179,2025-03-10
Some-Net7916,2025-03-10
Wild-Web-204,2025-03-10
Tricky-Quail-4470,2025-03-10
Icangooglethings93,2025-03-10
Evening-Initial-8061,2025-03-10
Serendipityunt,2025-03-10
managedbystupid,2025-03-10
poppy14s,2025-03-10
soclydeza84,2025-03-10
pinkfartsglitter,2025-03-10
Possible-Floor1332,2025-03-10
Effective_Air_3043,2025-03-10
jrrjabberwock,2025-03-10
Ill_Leadership3859,2025-03-10
javachip97,2025-03-10
WanderingAnchor,2025-03-10
allyrx7,2025-03-10
swamp_sausage,2025-03-10
OnlyHappyThingsAcct,2025-03-10
Immediate-Picture584,2025-03-10
throwawayfed25,2025-03-10
PossibleRemarkable64,2025-03-10
Separate_Pattern8398,2025-03-10
justageorgiaguy,2025-03-10
snail_sunshine,2025-03-10
kinsrac,2025-03-10
EngineNoO9,2025-03-10
LivestockAndMining,2025-03-10
BigBootyJudy9278,2025-03-10
hate-this-timeline,2025-03-10
Adventurous-Cod4795,2025-03-10
ForwardFrameMedia,2025-03-10
sfgate,2025-03-10
ResistFascists,2025-03-10
curious1914,2025-03-10
Grouchy-Will7058,2025-03-10
True-Indication-5611,2025-03-10
Wine_and_Jeez,2025-03-10
Logical_Maximum1807,2025-03-10
Certain-Can4691,2025-03-10
EntertainmentFew2806,2025-03-10
Chemical-Professor86,2025-03-10
ghostofoynx7,2025-03-10
After_Nectarine6615,2025-03-10
Agreeable-Ad-5032,2025-03-10
Away_Run_2128,2025-03-10
Due_Butterscotch499,2025-03-10
justheretoread12,2025-03-10
Holiday_Treat4904,2025-03-10
LionProfessional4855,2025-03-10
DontFeedTheGatorsPlz,2025-03-10
ClassroomOld4493,2025-03-10
friedrice5005,2025-03-10
Cool-Strategy1659,2025-03-10
Amor_Proprius,2025-03-10
Equivalent-Egg8659,2025-03-10
Ok-Ingenuity-8687,2025-03-10
Perfect-Floor37,2025-03-10
ResolutionDue2191,2025-03-10
sarcasmistoofun,2025-03-10
No-Math-6030,2025-03-10
Whisker456Tale,2025-03-10
M3rovingian,2025-03-10
Single_Comment_1992,2025-03-10
Goat_skull,2025-03-10
tabbytwitchit,2025-03-10
passionate003,2025-03-10
mulberrymaple,2025-03-10
Wrong-Hand,2025-03-10
Leather_Invite8528,2025-03-10
Patriotic_Buzz,2025-03-10
GetsomeAles,2025-03-10
girlshapedlovedrugs,2025-03-10
Financial-Stretch856,2025-03-10
BoonRabbit,2025-03-10
Mammoth_Exam1354,2025-03-10
OwlGroundbreaking225,2025-03-10
RestaurantSweet5440,2025-03-10
Automatic-Basil6142,2025-03-10
dahlia-fan,2025-03-10
Efficient-Page7031,2025-03-10
Powerful_Ad_740,2025-03-10
SubstantialSeesaw118,2025-03-10
Dull_Skin2814,2025-03-11
frickinyikes,2025-03-11
BabciaLinda,2025-03-11
Logical-Map5891,2025-03-11
TwoFeisty1124,2025-03-11
mirashanti,2025-03-11
Jazzlike-Toe3587,2025-03-11
Environmental-Cost45,2025-03-11
mamav3,2025-03-11
justob27,2025-03-11
butsavce,2025-03-11
Hoosiergirl2719,2025-03-11
ShawnPrice87,2025-03-11
ActiveElectronic3444,2025-03-11
toomanymarshmallows,2025-03-11
BloopBloop515,2025-03-11
Commercial_Tricky,2025-03-11
gaukonigshofen,2025-03-11
Able_Set1113,2025-03-11
Sensitive_Target7320,2025-03-11
Worried_Break5218,2025-03-11
Mysterious_Relief_96,2025-03-11
FedPandq1789,2025-03-11
LoudRegular7209,2025-03-11
Chicago_Red96,2025-03-11
Prudent-Bell1021,2025-03-11
VA-Person,2025-03-11
naranjit,2025-03-11
kgelden,2025-03-11
ojadsij1,2025-03-11
ZappAnnigan,2025-03-11
MansyPansy,2025-03-11
MrTowerr,2025-03-11
Usual-Salad-1166,2025-03-11
Mental_Mango1279,2025-03-11
Mediocre_Buyer_4706,2025-03-11
Fun-Drawer8166,2025-03-11
ListIcy8571,2025-03-11
BackgroundAd4537,2025-03-11
Acceptable-Honey-965,2025-03-11
No-Representative611,2025-03-11
Mysterious-Eagle8203,2025-03-11
Substantial_Bee1656,2025-03-11
gull9,2025-03-11
ThinRutabaga5781,2025-03-11
hockeypunk76,2025-03-11
Silent-Voicefed,2025-03-11
Jurtini123,2025-03-11
Maximus_FUBARus,2025-03-11
GlobalUni,2025-03-11
Dry-Pound-5614,2025-03-11
DistanceAwkward4087,2025-03-11
EpitaphConfusion,2025-03-11
Cool_Web_7878,2025-03-11
ski2311,2025-03-11
Capitalismnotgreed,2025-03-11
hrjones45,2025-03-11
chickentendies_UwU,2025-03-11
Inevitable-Call1553,2025-03-11
Own_Extension_8553,2025-03-11
SchemeUsual4094,2025-03-11
Legitimate-Drink6760,2025-03-11
The_Lorax_Lawyer,2025-03-11
goldslipper,2025-03-11
Mediocre_Basis3376,2025-03-11
Practical-Treat1523,2025-03-11
ApprehensiveFall8770,2025-03-11
Mindless-Bluebird449,2025-03-11
Aggravating-Put-312,2025-03-11
espressoaddict95,2025-03-11
Distinct-Wonder-8545,2025-03-11
sdotty0212,2025-03-11
Tomcat9880923,2025-03-11
Michael_odinson,2025-03-11
South_Set9404,2025-03-11
Calm_Hornet3466,2025-03-11
Antique_Chipmunk2153,2025-03-11
Ok_Foundation3386,2025-03-11
GrandExpress2268,2025-03-11
Medeamama,2025-03-11
xdeserted,2025-03-11
prettynerd30,2025-03-11
rosewood1917,2025-03-11
Long_Jelly_9557,2025-03-11
ThenNature240,2025-03-11
8bitchapm,2025-03-11
silverdahlias,2025-03-11
Stand_Up_United,2025-03-11
bosgal90,2025-03-11
rdaebernice,2025-03-11
MintChocChip99,2025-03-11
lemonm11,2025-03-11
Soup-Outrageous,2025-03-11
Gloomy_Entrance4U,2025-03-11
Nivo21,2025-03-11
Impossible_Big_2641,2025-03-11
smmarketplace,2025-03-11
Emergency_Wear_4371,2025-03-11
PieEntire726,2025-03-11
wolf213,2025-03-11
SSK_2019,2025-03-11
DepartmentofOSRS,2025-03-11
karnak,2025-03-11
frenzyditzy,2025-03-11
LogicalStress4727,2025-03-11
Clean-Back8149,2025-03-11
Unusual-Title-1318,2025-03-11
DorethaPolite,2025-03-11
Valarie137,2025-03-11
BackgroundCaptain700,2025-03-11
Jolly-Anxiety-8830,2025-03-11
Klutzy_Risk5473,2025-03-11
NillyVanilly69,2025-03-11
Orkut_user,2025-03-11
4a92b8f7_c31e,2025-03-11
Firm_Delivery_3102,2025-03-11
Different_Cress7525,2025-03-11
FungiFunGuys,2025-03-11
new-job-who-dis,2025-03-11
FedFatale,2025-03-11
Unusual_Shelter_3425,2025-03-11
monsoon06,2025-03-11
PettyFeddy,2025-03-11
Ok-Code925,2025-03-11
sxfx269,2025-03-11
andrew_molera,2025-03-11
Cute-Helicopter-8336,2025-03-11
maxxor6868,2025-03-11
FrostingGlittering49,2025-03-11
ShitFingersTheThird,2025-03-11
bummed_athlete,2025-03-11
Bredbadeer,2025-03-11
daddyneckbeard,2025-03-11
AmbitionSea137,2025-03-11
thepasttenseofdraw,2025-03-11
Dunkkerrs,2025-03-11
SillyGoose2544,2025-03-11
Silent-User5,2025-03-11
Unusual-Ad-7192,2025-03-11
D1STR4CT10N,2025-03-11
JustAnotherBAcct,2025-03-11
Leather-Eye1360,2025-03-11
SendySnowman,2025-03-11
jlincfogarty,2025-03-11
Educational_Base_727,2025-03-11
inkberry2022,2025-03-11
Thatpsychlife,2025-03-11
SpaceCowboyMoReece,2025-03-11
Massive-Grade5855,2025-03-11
Early-Section-5961,2025-03-11
Jimfromcooltown,2025-03-11
Environmental-Rub635,2025-03-11
Qu33n0fHall0w33n,2025-03-11
VividPerformance3465,2025-03-11
LeviAugustus,2025-03-11
digital__girl,2025-03-11
Lonely_Narwhal_,2025-03-11
Logical-Spread-5874,2025-03-11
21oglethorpe,2025-03-11
Glittering_Degree205,2025-03-11
StealthyRacket,2025-03-11
124_spider,2025-03-11
Beautiful-Chard3330,2025-03-11
V_H_Coleman,2025-03-12
Bubbly-Air-3532,2025-03-12
Sad_Individual_4442,2025-03-12
peytonel,2025-03-12
Resident-Air203,2025-03-12
Emergency_Photo_6340,2025-03-12
lifelongvacationCB,2025-03-12
ZABKA_TM,2025-03-12
RyukXXXX,2025-03-12
NoIsopod7954,2025-03-12
Temporary_Station655,2025-03-12
NewTown1894,2025-03-12
Emerald_Mist10,2025-03-12
Superb_Difficulty802,2025-03-12
BeautifulLopsided587,2025-03-12
Silly_Concentrate911,2025-03-12
Busy_Sun_7274,2025-03-12
KFPofficial,2025-03-12
johnjohn2224,2025-03-12
ElizaDot,2025-03-12
Ok_Teacher_5849,2025-03-12
Infinite-Tourist-268,2025-03-12
virtually_invisible,2025-03-12
Emergency_Guide_4279,2025-03-12
Smart_Contact_8935,2025-03-12
HistoricalLeg5596,2025-03-12
Fun_Bench_6998,2025-03-12
Bitter_Complaint_834,2025-03-12
Independent-Local75,2025-03-12
Generalyunremarkable,2025-03-12
CactusCaddie,2025-03-12
Remarkable-Music1427,2025-03-12
bodhicitta_8,2025-03-12
cecirdr,2025-03-12
ThornFlynt,2025-03-12
MarkcXx,2025-03-12
Empty_Personality_74,2025-03-12
LaPlataPig,2025-03-12
mrs_sips,2025-03-12
Plastic_Carpenter748,2025-03-12
grace_shirley1002,2025-03-12
Camofroggychair,2025-03-12
Nearby_Chemical9555,2025-03-12
Feedthabeast,2025-03-12
DodgerUCLA,2025-03-12
Infinite_Giraffe6487,2025-03-12
Live_Search_124,2025-03-12
Ok_Relationship_6998,2025-03-12
One_Lifeguard2497,2025-03-12
Bitter_Stop_1010,2025-03-12
JonFrost,2025-03-12
Low_Fox1758,2025-03-12
monkeyfarmer82,2025-03-12
Swimming_Bobcat6194,2025-03-12
Living_Owl1681,2025-03-12
Apophis2036nihon,2025-03-12
Henderson-Sensei,2025-03-12
Bitter_Long5484,2025-03-12
OneNuttyLlama,2025-03-12
Pleasant-Print4679,2025-03-12
LordTyrion10,2025-03-12
PinkGiraffe1234,2025-03-12
Due_Accountant_4672,2025-03-12
MoralKant,2025-03-12
BakerBrilliant9600,2025-03-12
Les_Turbangs,2025-03-12
sano61,2025-03-12
Illustrious_Year6161,2025-03-12
teemusands,2025-03-12
Little-Coffee-457,2025-03-12
offline-platinum,2025-03-12
Mochi_PassionFruit,2025-03-12
Remarkable_Heart_318,2025-03-12
Accurate_Emu9356,2025-03-12
Ill-Giraffe-1026,2025-03-12
Tiny_Mastodon_624,2025-03-12
dschuma,2025-03-12
TAfzFlpE7aDk97xLIGfs,2025-03-12
EchoZeroNine,2025-03-12
collectivefeds,2025-03-12
Relevant_Sentence331,2025-03-12
ctgryn,2025-03-12
ent_whisperer,2025-03-12
RichKaleidoscope6250,2025-03-12
Optimal_Ant_8951,2025-03-12
Steelrznation,2025-03-12
intleducatorsaregrea,2025-03-12
NervousConfidence970,2025-03-12
Conscious_Clue469,2025-03-12
ChampionshipNorth258,2025-03-12
Littlemike0712,2025-03-12
Mental_Brush_4287,2025-03-12
Tianimal1,2025-03-12
robbmann297,2025-03-12
vlavelle2309,2025-03-12
Zealousideal_Ad6778,2025-03-12
MinuteSevere,2025-03-12
DerrickVanZ,2025-03-12
JohnTheCarnivore,2025-03-12
mockylock,2025-03-12
Kurokikaze01,2025-03-12
DragPuzzleheaded4000,2025-03-12
jeanneweenie708,2025-03-12
mbe0027,2025-03-12
nedsatomicgarbagecan,2025-03-12
Jadg45,2025-03-12
Potential-Note7463,2025-03-12
Signal-Risk-452,2025-03-12
friendofa-friends,2025-03-12
Pleasant_Condition79,2025-03-12
NovelAssistant7366,2025-03-12
Savings-Fisherman-64,2025-03-12
frmbzz,2025-03-12
figarofigaromrbeanie,2025-03-12
Key-Ring7139,2025-03-12
FarmInternational244,2025-03-12
kennymac6969,2025-03-12
true_faux_true,2025-03-12
Legal-Ad-7833,2025-03-12
One-Veterinarian5902,2025-03-12
Lumpy-Professional72,2025-03-12
TimelyStrategy9197,2025-03-12
curious-oysters,2025-03-12
Some-Diver-3635,2025-03-12
ExaminationOk9732,2025-03-12
courtknee5,2025-03-12
Key-Illustrator-9673,2025-03-12
Life_Carpet_1358,2025-03-12
OrangeBlob88,2025-03-12
hommesacer,2025-03-12
Ancient_JNCOs,2025-03-12
Aurrr-Naurrrr,2025-03-12
VirginiaJensen,2025-03-12
ewok999,2025-03-12
Rich_Adhesiveness918,2025-03-12
Debt_Best,2025-03-12
DairyCow7425,2025-03-12
Plane_Coyote7287,2025-03-12
mindhead1,2025-03-12
malicious-complnc,2025-03-12
SlaterAlligator2,2025-03-12
thedailybeast,2025-03-12
Dr_Quest1,2025-03-12
EagleNice2300,2025-03-12
BatOpen5453,2025-03-12
2_Skys,2025-03-12
OperationMajestic222,2025-03-12
MyNameIs-Anthony,2025-03-12
throwinpandasout,2025-03-12
twa4025,2025-03-12
Beginning_Prune_4549,2025-03-12
Any-Woodpecker-311,2025-03-12
SharpParking2706,2025-03-12
Brich_8930,2025-03-12
Toe_Knee_Gawk,2025-03-12
Powerful_Amoeba7722,2025-03-12
Basic_Outcome_6748,2025-03-12
_KnowledgeNinja_,2025-03-12
BahBahSMT,2025-03-12
knadles,2025-03-12
Unhappy_Comparison_7,2025-03-12
Alstromeria1234,2025-03-12
Accomplished-Ad-6964,2025-03-12
MovieAny7699,2025-03-12
totalwine573,2025-03-12
AgoraphobicWandrlust,2025-03-12
glitterymoonfox,2025-03-12
Rowan-is-a-hare,2025-03-12
sinai27,2025-03-12
PlayfulSet6749,2025-03-12
Koppertone_,2025-03-12
cosmosmariner_,2025-03-12
SocialPlanter,2025-03-12
Johngalt5050,2025-03-12
Karomars,2025-03-12
periwinklebeach,2025-03-12
Neither_Quit1751,2025-03-12
squirrer6,2025-03-12
Itchy-Strain-3123,2025-03-12
HexagonSkull,2025-03-12
throwawayhaljordan,2025-03-12
ProLifePanda,2025-03-12
jjimgood,2025-03-12
whitestar11,2025-03-12
Lovelessaloha,2025-03-12
Interesting_Roll3118,2025-03-12
Fancy-Scar-7029,2025-03-12
Celine_Cat,2025-03-12
TheFastTrackToHell,2025-03-12
ExchangePretend6079,2025-03-12
Fedgruntthrowaway,2025-03-12
Effective-Baby5216,2025-03-12
Clear-Print-5106,2025-03-12
Imarussianrobot,2025-03-12
Flimsy_Ad_7598,2025-03-12
olipenmoopuma,2025-03-12
Jollyman21,2025-03-12
Few_Advice8648,2025-03-12
WareTheBuffaloRome,2025-03-12
Mr_Westerfield,2025-03-12
ResponseInternal8520,2025-03-12
curious_quester2654,2025-03-12
abalsamea,2025-03-12
BestBudget231,2025-03-12
seecarlosdanger,2025-03-12
johnaugust69,2025-03-13
OkAd9502,2025-03-13
CBALLO88,2025-03-13
TheMandalorian42,2025-03-13
palmless,2025-03-13
KingNoahLLC,2025-03-13
helloiisjason,2025-03-13
Used_Blueberry_5393,2025-03-13
ThrowAwayBarista69,2025-03-13
TrixieBat,2025-03-13
rsAV8R,2025-03-13
Fuzzy_Term_8553,2025-03-13
kadeel,2025-03-13
BedProfessional431,2025-03-13
Open_Offer_5683,2025-03-13
Madeinbrasil00,2025-03-13
vriska1,2025-03-13
StatisticianFit8405,2025-03-13
throwaway_yup1238,2025-03-13
freedomfighter5567,2025-03-13
Deer_Green,2025-03-13
eriwelch,2025-03-13
Optimal_Stuff1652,2025-03-13
Mexi886,2025-03-13
GuaranteeMinimum3640,2025-03-13
Future-Traffic-6364,2025-03-13
Affectionate-Bag-275,2025-03-13
InteractionNo5689,2025-03-13
Visible_Party_5527,2025-03-13
AlternativeCobbler33,2025-03-13
chiefbubbs,2025-03-13
targetplayer,2025-03-13
ZebraMeatisBestMeat,2025-03-13
BraunBay,2025-03-13
Da_Hero_of_Time,2025-03-13
ObviousInfo,2025-03-13
BilmoStashans,2025-03-13
faggy_d,2025-03-13
strangefellowing,2025-03-13
Moneymaker_FW,2025-03-13
cricket_76,2025-03-13
Wonderful_Sell_7449,2025-03-13
ShowUsYourTips,2025-03-13
Ok_Conclusion1346,2025-03-13
Artistic-guy-1999,2025-03-13
p12om3th3us,2025-03-13
donttellmymommygpa,2025-03-13
Presentation0nly,2025-03-13
ilchelali,2025-03-13
Agitated_Touch_6855,2025-03-13
HumbleZucchini9264,2025-03-13
Ill_Basil6731,2025-03-13
H09RnSNV3ypj,2025-03-13
Correct_Fish_1836,2025-03-13
sky_postcard,2025-03-13
Programmer215,2025-03-13
whatsupdog11,2025-03-13
schmooveB,2025-03-13
rayfinkle_,2025-03-13
VeterinarianAlive967,2025-03-13
anonpls2154,2025-03-13
GadreelsSword,2025-03-13
Traders_Abacus,2025-03-13
Cal4Os,2025-03-13
bettertree8,2025-03-13
Low_Wave1297,2025-03-13
StutzBearcatJim,2025-03-13
SpecificWin2636,2025-03-13
JacobyFreeman,2025-03-13
nikhizzle,2025-03-13
DigSignificant490,2025-03-13
jhahm,2025-03-13
GardenGnomeOrgy,2025-03-13
Slobad123,2025-03-13
_Cream_Sugar_,2025-03-13
mklight,2025-03-13
DependentChance5698,2025-03-13
down_south_sc,2025-03-13
pooontangclan3,2025-03-13
TopGunJedi,2025-03-13
tworaspberries,2025-03-13
Grouchy_Secretary796,2025-03-13
governmentburger,2025-03-13
anniema15,2025-03-13
Educational_Yak3404,2025-03-13
neogeo227,2025-03-13
mrjakob07,2025-03-13
Witty-Strength795,2025-03-13
villainouscloud,2025-03-13
CookSea2842,2025-03-13
Unaccountableshart,2025-03-13
Past_Run6676,2025-03-13
Healthy_Egg_5969,2025-03-13
Fine_Energy2773,2025-03-13
KetchupStick,2025-03-13
Mental-Ad-4376,2025-03-13
LawyerBelle07,2025-03-13
Middle_Hope5252,2025-03-13
ForsakenSecond6410,2025-03-13
eamus_catuli,2025-03-13
Individual-Permit-57,2025-03-13
HowIsThisHappening_9,2025-03-13
Internal_Minute_9349,2025-03-13
Beneficial-Talk9746,2025-03-13
pikachi512,2025-03-13
DaddyDigsDogecoin,2025-03-13
Pitiful_Dirt9705,2025-03-13
maneatingdog,2025-03-13
perry32gt,2025-03-13
xxvcd,2025-03-13
reddit4485,2025-03-13
Secret_Thanks_5376,2025-03-13
Pandabear_555,2025-03-13
steve42089,2025-03-13
SilverRiot,2025-03-13
Boopatee5,2025-03-13
nytopinion,2025-03-13
Chemical_Inspector15,2025-03-13
Such_Conversation364,2025-03-13
Technical_Image3449,2025-03-13
PurpleCoconutt,2025-03-13
TreehousePirate,2025-03-13
Pilot_Necessary,2025-03-13
aeolianmuxe,2025-03-13
Puzzleheaded-Area693,2025-03-13
DesignNo3368,2025-03-13
BrilliantThen3802,2025-03-13
Terrible_Line_2410,2025-03-13
Fragrant_Cloud8821,2025-03-13
IceDense,2025-03-13
Fragrant-Dust65,2025-03-13
BusinessEngineer6931,2025-03-13
Jennifer_willa,2025-03-13
imadrienne,2025-03-13
namewithouta-name,2025-03-13
Happy-Lavishness9943,2025-03-13
everythingsafarce,2025-03-13
fantastick777,2025-03-13
Pleasant-Temporary78,2025-03-13
Far_Mastodon_5625,2025-03-13
Evening-Case6903,2025-03-13
witchywoman25,2025-03-13
Thing_of_marsh,2025-03-13
fishingfreak14,2025-03-13
TXRanger1837,2025-03-13
WonderingObject,2025-03-13
NorthJelly6378,2025-03-13
ProfitPowerful2809,2025-03-13
Live_Proof3841,2025-03-13
Lonely-Motor-5482,2025-03-13
Emerald_Stone1,2025-03-13
Sea_Employ_3743,2025-03-13
Totallynotafed12,2025-03-13
NormalAtmosphere8274,2025-03-13
No_Mess_8121,2025-03-13
Repulsive-Box5243,2025-03-13
Delicious_Art3663,2025-03-13
Rocinante_X,2025-03-13
Chowders_Mom,2025-03-13
odyssey-62,2025-03-13
Majestic_You_2064,2025-03-13
greenblue111,2025-03-13
Cute-Cover609,2025-03-13
Djscratchcard,2025-03-13
Ok-Cardiologist1100,2025-03-13
Prudent_Address_3462,2025-03-13
Tudor_farmer,2025-03-13
Signal-Salary9437,2025-03-13
Agreeable-Airport-19,2025-03-13
TerminallyUncomfy,2025-03-13
corvidmp,2025-03-13
Its_Hot_Outside155,2025-03-13
Very-Special-Agent,2025-03-13
GittinItTagatherrrr,2025-03-13
reddituserfromDE,2025-03-13
No_Strategy7615,2025-03-13
PollyWolly2u,2025-03-13
er1026,2025-03-13
FastHall5077,2025-03-13
bilbobaggins30,2025-03-13
Ok-Yam-7054,2025-03-13
booniello,2025-03-13
Agreeable-Fun-8039,2025-03-13
LurkyMercy,2025-03-13
Suspicious_Car_4917,2025-03-13
Fun_Cryptographer747,2025-03-13
Stunning_Confusion96,2025-03-13
Particular-Daikon950,2025-03-13
DaedalusPrime44,2025-03-13
RIFD007,2025-03-13
wordpuddlez,2025-03-13
smartgirlcredit,2025-03-13
EColli93,2025-03-13
gingy-96,2025-03-13
No_Radio_5751,2025-03-13
OkLobster4130,2025-03-13
Chrissy_pooh777,2025-03-13
MrBigPaulSmalls,2025-03-13
caitibear22,2025-03-13
Throwaway371942,2025-03-13
Illustrious_Eye9981,2025-03-13
JeezuzKhryst,2025-03-13
kitkatgirl7,2025-03-13
VehicleLongjumping42,2025-03-14
Cyg5005,2025-03-14
CoffeeLovingLibra,2025-03-14
Majestic_ear382,2025-03-14
RecklessJ262,2025-03-14
Justadunelover,2025-03-14
ImaCulpA,2025-03-14
sexpotchuli,2025-03-14
MicroSilico,2025-03-14
Shark_Chicken_Cereal,2025-03-14
Popular_Detective_57,2025-03-14
QuickPizzaRadishes,2025-03-14
Toltec50,2025-03-14
Powerful_Escape9258,2025-03-14
leibelg93,2025-03-14
benthickk_mapster,2025-03-14
LiveAwake1,2025-03-14
Federal_Pilot_5910,2025-03-14
GyLuk,2025-03-14
bobcaseydidntlose,2025-03-14
0JustSayNoToFascism0,2025-03-14
Turbulent_Coffee3588,2025-03-14
Fit-Support-5884,2025-03-14
thigh_land,2025-03-14
CantHardlyWait1987,2025-03-14
Jealous-Area-2572,2025-03-14
Duane_,2025-03-14
PanamaRed647,2025-03-14
DrAxolotlQuestions,2025-03-14
EverestSapper,2025-03-14
hatramroany,2025-03-14
ellenkates,2025-03-14
drewk312,2025-03-14
TaskIcy2457,2025-03-14
Fatfatcatonmat33,2025-03-14
Strong_Attorney_1787,2025-03-14
Aint_that_a_peach,2025-03-14
Hellohellohihi_hello,2025-03-14
CiviB,2025-03-14
gringafrijole,2025-03-14
WorkingFlounder5537,2025-03-14
ChamomileForComfort,2025-03-14
CALP_2025,2025-03-14
Puzzled_Weight_3420,2025-03-14
OfficialDCShepard,2025-03-14
Altruistic_Till991,2025-03-14
Tickleball,2025-03-14
LMinVA,2025-03-14
banggirl69,2025-03-14
_red_panda_,2025-03-14
TinyfootedAttny,2025-03-14
WesternSevere,2025-03-14
beersnob87,2025-03-14
ElevateBlackHealth,2025-03-14
Alarming-Freedom-374,2025-03-14
Fit_Ad6699,2025-03-14
un1ptf,2025-03-14
PassengerSame3064,2025-03-14
Long_Jury4185,2025-03-14
rebukiii,2025-03-14
NoNameFed,2025-03-14
Shy_Doll_Love,2025-03-14
AnalysisFluffy743,2025-03-14
FranksBlueHot,2025-03-14
monstblitz,2025-03-14
Useful_Season6737,2025-03-14
Acrobatic-Plane-5616,2025-03-14
Remote-Kiwi2763,2025-03-14
ArugulaImpossible567,2025-03-14
Embarrassed_Half8427,2025-03-14
Icy-Dress-8308,2025-03-14
IllustriousClaim7503,2025-03-14
ellabelle33,2025-03-14
love_2_read9,2025-03-14
Recent-Lake5632,2025-03-14
TheStrengthWithinMe,2025-03-14
Far_Technology8166,2025-03-14
Turbulent-Spell-3443,2025-03-14
Kooky_Degree_9,2025-03-14
Live_Cardiologist977,2025-03-14
whatstrueisfake,2025-03-14
zach-irie,2025-03-14
Classic-Oil4860,2025-03-14
Beautiful_View_3781,2025-03-14
MapAdministrative141,2025-03-14
Safe_Joke9960,2025-03-14
Particular_Case1821,2025-03-14
steffie92s,2025-03-14
buckcappa,2025-03-14
nettika,2025-03-14
New_Piece5350,2025-03-14
Robb_Reyne,2025-03-14
Ethan0941,2025-03-14
Unusual-Banana-1333,2025-03-14
Resident-Bid9368,2025-03-14
octobird524,2025-03-14
Odd_Pollution_9586,2025-03-14
TheJawsman,2025-03-14
Ok-Satisfaction-36,2025-03-14
wvjvanden,2025-03-14
Rand0mN0body,2025-03-14
GobiEats,2025-03-14
Ok-Individual-5109,2025-03-14
EternlyConfusd,2025-03-14
Accomplished_Toe2161,2025-03-14
appmudpie,2025-03-14
Theta_is_my_friend,2025-03-14
3nd0cr1n3_Syst3m,2025-03-14
aic36,2025-03-14
throwaway-foxfrog,2025-03-14
ws2964,2025-03-14
That_Arrival4352,2025-03-14
SpecialPassenger3622,2025-03-14
Rokdog,2025-03-14
CityChickenKid,2025-03-14
Ok-Salary-5131,2025-03-14
themadmarchhar3,2025-03-14
MizzJozie,2025-03-14
Specialist-Row-2881,2025-03-14
saltyseaweed1,2025-03-14
mayorofthecrapshack,2025-03-14
No-Knowledge-6722,2025-03-14
Eastern-Captain-3072,2025-03-14
fossa_97,2025-03-14
Airship505,2025-03-14
Cheap_Assistant_744,2025-03-14
Jinx_Lynx,2025-03-14
False_Jellyfish_5248,2025-03-14
Muted_Ear7524,2025-03-14
VaIenquiss,2025-03-14
WesternPrimary4376,2025-03-14
BugEquivalents,2025-03-14
SuitableParsnip8641,2025-03-14
Disastrous_Egg_4705,2025-03-14
FuriousFedSY,2025-03-14
ravenousquirrel,2025-03-14
MiserableGate146,2025-03-14
Sufficient_Fun_7667,2025-03-14
ridacc,2025-03-14
whatchamacallllit,2025-03-14
BurnerMcTurnerFed,2025-03-14
Ok-Duck9342,2025-03-14
polkastripper,2025-03-14
EmploymentCold3965,2025-03-14
Random_Bee_5402,2025-03-14
Spirited-Wafer-3086,2025-03-14
FeistBucket,2025-03-14
meiLing1972,2025-03-14
Unhappy-Security-831,2025-03-14
aviationkids7576,2025-03-14
Over-Literature-113,2025-03-14
Equivalent_War_415,2025-03-14
EPluribusUnumAcademy,2025-03-14
jasonumd,2025-03-14
joyfl1-me,2025-03-15
Kilmanagh,2025-03-15
Big-Revolution-4256,2025-03-15
TellTheTruthClapton,2025-03-15
ScoutOdst1711,2025-03-15
Acrobatic_Spell6103,2025-03-15
Artemis2go,2025-03-15
kratlif,2025-03-15
JaneFairfax1749,2025-03-15
resist1970,2025-03-15
lightereveryday,2025-03-15
Maleficent_Flower607,2025-03-15
TiredWomanBren,2025-03-15
WhatTheForkElmo,2025-03-15
used1337,2025-03-15
NoPercentage137,2025-03-15
Purple_Argument9,2025-03-15
Silent-Resort-3076,2025-03-15
OMorty,2025-03-15
TooProblems,2025-03-15
itiswhatitisnt25,2025-03-15
Temporary-Jello-8074,2025-03-15
StreetCoyote6,2025-03-15
Goodanswersplease,2025-03-15
Transplant2020,2025-03-15
IronBig2270,2025-03-15
Apprehensive-Bet3152,2025-03-15
MrAshleyAllen,2025-03-15
Pasando_Por_Aqui,2025-03-15
Original_Economy6142,2025-03-15
Spare-Somewhere-3335,2025-03-15
Legitimate_Fly_7378,2025-03-15
ForAmericanDemocracy,2025-03-15
Quick_Chain_9471,2025-03-15
Yayume,2025-03-15
Mangotropical832,2025-03-15
Zealousideal-Book373,2025-03-15
sufferingfrmlactose,2025-03-15
Capital-Hamster-305,2025-03-15
PerspectivePutrid741,2025-03-15
cdehmand,2025-03-15
Delicious_Net_3681,2025-03-15
Emotional_Plate7927,2025-03-15
118675309,2025-03-15
tlonofthevalley,2025-03-15
Richelieu1622,2025-03-15
LowNotesB,2025-03-15
Federal-Succotash642,2025-03-15
KittiesNotTitties,2025-03-15
Crafty_Form_8551,2025-03-15
Significant_Wrap_449,2025-03-15
turtlerunner99,2025-03-15
sisterfish125,2025-03-15
Jenn54756,2025-03-15
eterrible3,2025-03-15
mountan_man_56,2025-03-15
ChanceFinger7692,2025-03-15
BillyRubenJoeBob,2025-03-15
shady-turnip,2025-03-15
No_Vehicle_4135,2025-03-15
dgeat,2025-03-15
Independent_Two_4773,2025-03-15
Adventurous-Fix-1464,2025-03-15
Gorbys_RBC,2025-03-15
Knox-in-box,2025-03-15
Ok-Nefariousness8827,2025-03-15
No_Phone6969,2025-03-15
DifferentAddress1755,2025-03-15
rsteel1,2025-03-15
bayrums,2025-03-15
Hot-Draft9559,2025-03-15
Marx_on_a_Shark,2025-03-15
WearAggravating6259,2025-03-15
kleino20,2025-03-15
suchdogetothemoon,2025-03-15
om4padme,2025-03-15
SV_Gato,2025-03-15
Jumpy_Aerie3444,2025-03-15
Ok_Succotash1571,2025-03-15
RDYC,2025-03-15
AssumptionDry8883,2025-03-15
sweetorbi,2025-03-15
Eye-pity-the-fool,2025-03-15
Old-Initiative-5808,2025-03-15
rosoc35,2025-03-15
Many_Fly_8165,2025-03-15
Enzo_The_Sphinx,2025-03-15
Dizzy-Victory-9731,2025-03-15
Efficient_Win8604,2025-03-15
newfedkindof,2025-03-15
Techguy5252,2025-03-15
SantessaClaus,2025-03-15
Old_Student6462,2025-03-15
6mTexas,2025-03-15
Informal_Geologist_9,2025-03-15
hello-awake-2025,2025-03-15
18623740457134,2025-03-15
Miserable-Sound4143,2025-03-15
Better-Butterfly-309,2025-03-15
Dryticket6768,2025-03-15
edwardtemple,2025-03-15
Defiant-Cut-3037,2025-03-15
Mobile-Fill-3253,2025-03-15
RemoveExpensive8887,2025-03-16
GlassCaseOfEmotion46,2025-03-16
Business-Sweet-5868,2025-03-16
Adventurous-Hat7956,2025-03-16
Fantastic-Walrus-386,2025-03-16
fed_burner2332,2025-03-16
Fearless-Ad100,2025-03-16
defiantketchup,2025-03-16
BobTheBob1982,2025-03-16
mandelbrot_zoom,2025-03-16
Imaginary_Career_427,2025-03-16
TailorPhysical,2025-03-16
Sufficient-Stuff5950,2025-03-16
Scr33ble,2025-03-16
flofraz228,2025-03-16
Tall-Season-7522,2025-03-16
Noah-Buddy,2025-03-16
Superb-Potential3688,2025-03-16
Technical-Tie-30,2025-03-16
DespidiHamadidi,2025-03-16
Meh2that,2025-03-16
Fit-Difficulty-7802,2025-03-16
Great_Ninja_1713,2025-03-16
WilsonKing0fLizards,2025-03-16
Algar76,2025-03-16
Comfortable-Walk1279,2025-03-16
rentandinternet,2025-03-16
Evening-Cricket9407,2025-03-16
Intrepid_Paint_7690,2025-03-16
OlympiaMtns,2025-03-16
Running_Turtle_24,2025-03-16
FlamingoAlive4948,2025-03-16
GazelleTough8991,2025-03-16
thibgeno,2025-03-16
wawa2022,2025-03-16
CheneyPinata,2025-03-16
Head_Pea_8727,2025-03-16
ChefMommy81,2025-03-16
Effective-Session903,2025-03-16
Turtledown5000,2025-03-16
ToughBridge263,2025-03-16
Lemosno1,2025-03-16
Future-Armadillo-787,2025-03-16
br3akth3wh33l,2025-03-16
Eastern-Factor435,2025-03-16
Anonymous_Burner816,2025-03-16
No_Delivery8969,2025-03-16
Radiant_Version4030,2025-03-16
UpstairsPool1092,2025-03-16
Samben_PM54,2025-03-16
PrettyOldeGuy,2025-03-16
Expensive-Panda5457,2025-03-16
peeekyblinders,2025-03-16
ans524,2025-03-16
No-Friendship5823,2025-03-16
Ore-K,2025-03-16
DJ_Roomba_In_Da_Mix,2025-03-16
RChamltn,2025-03-16
Dilbert_22192,2025-03-16
AdHoliday7840,2025-03-16
Accurate-Phase-8828,2025-03-16
MrSuavena,2025-03-16
BambalopeRider,2025-03-16
Big_Security_864,2025-03-16
Lima_Bean_Jean,2025-03-16
arf111,2025-03-16
TheZenithVibes,2025-03-16
Connect-Bother-1886,2025-03-16
leighla33,2025-03-16
Signal_Paper5761,2025-03-16
Automatic_Sun_1132,2025-03-16
Minimum-Island7452,2025-03-16
SpokenReality,2025-03-16
princess_goobeh,2025-03-16
Ok_Evidence3075,2025-03-16
Top_Standard5859,2025-03-16
Otherwise-Builder623,2025-03-16
seraphiella,2025-03-16
Successful-Jelly-976,2025-03-16
SpokenRealitypodcast,2025-03-16
X761,2025-03-16
philly0430,2025-03-16
SendMeAnAngel1926,2025-03-16
Emotional-Recipe-471,2025-03-17
ShavedMuffin51,2025-03-17
BlueEyedPopTart,2025-03-17
BusyMom2020,2025-03-17
Significant_Duck_240,2025-03-17
Better_Juice_7792,2025-03-17
ElderberryNo3663,2025-03-17
PackageOnly9495,2025-03-17
coffeeguy4264,2025-03-17
DOI-IT,2025-03-17
Separate-Answer396,2025-03-17
KatoGouves8893,2025-03-17
Whatthehell5974,2025-03-17
unsure-unfed,2025-03-17
Glittering-Middle-72,2025-03-17
Ok_Environment_6243,2025-03-17
Ok-Shelter4887,2025-03-17
Coronizeme,2025-03-17
ButterscotchFit9541,2025-03-17
fedupwithfedjob,2025-03-17
PumpkinOutrageous554,2025-03-17
AlaskanHockeySteak,2025-03-17
Alone_Policy_3320,2025-03-17
tmncums,2025-03-17
Independent-Love9196,2025-03-17
Fayek91,2025-03-17
SilverRoyal2650,2025-03-17
cheynoe,2025-03-17
Single-Dog-890,2025-03-17
ab_etom,2025-03-17
Impressive_Sock_257,2025-03-17
koromdi014,2025-03-17
Drawing-Lucky,2025-03-17
Candid-Macaron-4735,2025-03-17
Fabulous-Savings961,2025-03-17
BoomBapKat,2025-03-17
OPKatakuri,2025-03-17
accountingcatmom,2025-03-17
pretendmulling,2025-03-17
Mobile_Flamingo1064,2025-03-17
Brief_Tutor9626,2025-03-17
RD1picker,2025-03-17
hohohoabc1234,2025-03-17
Amazazing8Sauce,2025-03-17
GucciOnMyWang,2025-03-17
Remarkable_Loan_4802,2025-03-17
Ok-Doughnut-6602,2025-03-17
Greegiss,2025-03-17
CarlaC58,2025-03-17
Accomplished-Ad3123,2025-03-17
Reasonable-Award1476,2025-03-17
Slayzp,2025-03-17
burneraccount14628,2025-03-17
Sea_Blueberry_7855,2025-03-17
Individual_Lab_3992,2025-03-17
Tight_Drama4941,2025-03-17
whoatemypizzaroll,2025-03-17
Entire-Scarcity9774,2025-03-17
Commercial-Fruit7801,2025-03-17
ChairCultural6041,2025-03-17
bonobo219,2025-03-17
CowsDontTipForShit,2025-03-17
Front_Chip_9201,2025-03-17
ifididntknowbetterr,2025-03-17
Othabor,2025-03-17
MOLDicon,2025-03-17
OrganizationOne1413,2025-03-17
Used_Bicycle_4912,2025-03-17
logannm,2025-03-17
rolrola2024,2025-03-17
Sufficient_Ant6566,2025-03-17
nonsook,2025-03-17
UnfairAd5774,2025-03-17
koreandude1234,2025-03-17
Top-Rub3571,2025-03-17
Hot_Swordfish_8709,2025-03-17
Naive-Charity9171,2025-03-17
Big-Beautiful-2256,2025-03-17
Key-Buy-5368,2025-03-17
MadMathAF,2025-03-17
SubstantialLion784,2025-03-17
InformedFED,2025-03-17
BaccusChew,2025-03-17
BLA0414,2025-03-17
IndependentStage5542,2025-03-17
No_Chemical_5274,2025-03-17
Active-Professor-509,2025-03-17
needanap2,2025-03-17
alexandraberzon_nyt,2025-03-17
Agitated_Cod9760,2025-03-17
Infinite-Question-25,2025-03-17
rileyseaburg,2025-03-17
And_ether,2025-03-17
Commercial_Put908,2025-03-17
GelatoBabe722,2025-03-17
Quesoplease305,2025-03-17
ShockMonkey2001,2025-03-17
FedUp541,2025-03-17
JurassicKitty,2025-03-17
Former-Jeweler-1032,2025-03-17
bigempty143,2025-03-17
Pleasant_Wing5378,2025-03-17
mordecaithecat,2025-03-17
Silly_Conflict8115,2025-03-17
tular90,2025-03-17
kawaiitofu,2025-03-17
rpl2025,2025-03-17
AdRemarkable8276,2025-03-17
SignificantHumor1733,2025-03-17
zippys67,2025-03-17
Ok_Property567,2025-03-17
Longjumping_Gas7640,2025-03-17
Extra-Bill4431,2025-03-17
LocalInformation7994,2025-03-17
jbonds00007,2025-03-17
IRS-Throwaway,2025-03-17
Careless_Tree_7686,2025-03-17
FallWinterSummerMay4,2025-03-17
Crafty-Ability-3278,2025-03-17
WiseBottle7276,2025-03-17
Traditional-Cow2743,2025-03-17
Protected_Penguin,2025-03-17
Obvious-Angle8768,2025-03-17
NarrowEquivalent5275,2025-03-17
rice_burrito,2025-03-17
vahokie,2025-03-17
Still-Guarantee8875,2025-03-17
Organic_Attempt_1313,2025-03-17
Life-Royal1584,2025-03-17
Physical_Drama_3239,2025-03-17
AmphibianPossible,2025-03-17
SnailRacerWinsAgain,2025-03-17
CaterpillarNo9253,2025-03-17
This-Coyote-5356,2025-03-17
Free_Spirit8926,2025-03-17
Various_Potential338,2025-03-17
SheSellsSeaShells-,2025-03-17
rpwhweeler87,2025-03-17
Ekkolocationz,2025-03-18
hack4freecbs,2025-03-18
Ok_Gear_8110,2025-03-18
One-Demand-5693,2025-03-18
ThePettyPreacher,2025-03-18
Scootymom,2025-03-18
Ambitious_Coast_5919,2025-03-18
QuietPerformer160,2025-03-18
Weekly_Doubt_7807,2025-03-18
BeginningSpinach5631,2025-03-18
Feisty-Tough-9920,2025-03-18
No1really2,2025-03-18
traderglobal9,2025-03-18
Sea-Jury-4278,2025-03-18
Due_Purpose_7945,2025-03-18
Patient-Piglet-6416,2025-03-18
packnana17,2025-03-18
Unprofessional_HR,2025-03-18
Remarkable_Poetry_17,2025-03-18
AgitatedBee3698,2025-03-18
Internal-Purchase-46,2025-03-18
islandjake,2025-03-18
FlounderLegal2975,2025-03-18
agave_wheat,2025-03-18
Affectionate-Poet142,2025-03-18
Blocker_vee,2025-03-18
Total-Arm-5967,2025-03-18
Wildman9977,2025-03-18
Appropriate_Cow3969,2025-03-18
LooneyTheBUFFoon,2025-03-18
SinkEasy6550,2025-03-18
Academic_Enthusiasm6,2025-03-18
tesladevil,2025-03-18
Intelligent_Star_328,2025-03-18
ww3historian,2025-03-18
Frisda,2025-03-18
Initial-Village-861,2025-03-18
OGkateebee,2025-03-18
Silly-Raspberry-2958,2025-03-18
ssgtob1,2025-03-18
Future_Worth5497,2025-03-18
ChonkyDal,2025-03-18
MycologistNo3266,2025-03-18
PuddingWeak5382,2025-03-18
AlsoLookUp,2025-03-18
Ok-Kaleidoscope223,2025-03-18
No-Try4259,2025-03-18
StubbedToeBlues,2025-03-18
DependentOkra6854,2025-03-18
Agitated-Oven-3366,2025-03-18
deepwaterdaughter,2025-03-18
SnooRobots4834,2025-03-18
Organic_clappa_33,2025-03-18
FantasyWorldReader,2025-03-18
ChefSpanky,2025-03-18
Cool_Mortgage_5827,2025-03-18
Legal_Gur_2806,2025-03-18
LegitimateGeneral172,2025-03-18
Living_Tie8276,2025-03-18
Independent_Wash_983,2025-03-18
Feeling_Cobbler9395,2025-03-18
thedevilsmistress21,2025-03-18
oldmanD7,2025-03-18
Delicious_Ride_4119,2025-03-18
Creative-Recover-159,2025-03-18
Cultural-Mud-4937,2025-03-18
Hefty-Bookkeeper2819,2025-03-18
mistersynapse,2025-03-18
Legal-Walrus-4787,2025-03-18
LePetitKitten,2025-03-18
ifail25,2025-03-18
RangerDJ,2025-03-18
Pitiful-Elephant1731,2025-03-18
Intelligent_Soft2821,2025-03-18
karachistani,2025-03-18
verifieduser93025,2025-03-18
BigFootHunter59,2025-03-18
Routine-Health4783,2025-03-18
Tiny_Committee_5596,2025-03-18
Imaginary-Ability-88,2025-03-18
aSwedishPancake,2025-03-18
Significant-Fold6539,2025-03-18
LandscaperSombrero,2025-03-18
Redditor-1309,2025-03-18
Hungry-Winter-2175,2025-03-18
K9ChewToy,2025-03-18
Due_Raspberry8568,2025-03-18
_rock_on_,2025-03-18
Acceptable-Hunt-1219,2025-03-18
Foodie053,2025-03-18
AdEvening9238,2025-03-18
Anxious-Dimension254,2025-03-18
Tall_Interview5921,2025-03-18
donuteater1932,2025-03-18
Warm-Commercial-9941,2025-03-18
Mental_Ocelot_2205,2025-03-18
MacksBomblee,2025-03-18
Healthy_Is_Wealthy,2025-03-18
Low-Engine-327,2025-03-18
Ok-Guarantee-8898,2025-03-18
entenbaby,2025-03-18
amansname,2025-03-18
Independent-Back810,2025-03-18
thiccpapi90,2025-03-18
Jyoche7,2025-03-18
Cool_End_2940,2025-03-18
PsychologicalMeet427,2025-03-18
bustebrunette,2025-03-18
gmeilmy,2025-03-18
Weird-Lawfulness7747,2025-03-18
SnooGuavas8636,2025-03-18
Fuzzy_Letter_7642,2025-03-18
JacketSensitive8494,2025-03-18
mswanson59,2025-03-18
DueSeaworthiness6852,2025-03-18
Extra-Tangerine-4452,2025-03-18
LimePresserProfessor,2025-03-18
MistakeOk9192,2025-03-18
Key-Improvement-3086,2025-03-18
Worth-Sea5796,2025-03-18
Flimsy_Bird_5110,2025-03-18
chikennuggz16,2025-03-18
meeksquad,2025-03-18
AveUnit02,2025-03-18
Thick-Section-1974,2025-03-18
HotWafer9907,2025-03-18
RevolutionarySelf932,2025-03-18
Last_Seesaw5886,2025-03-18
bowiethepup,2025-03-18
Greyhound0928,2025-03-18
rayyknee,2025-03-18
statefarm_insured,2025-03-18
RowAdditional1614,2025-03-18
Due_Slip_131,2025-03-18
abbyscuitowannabe,2025-03-18
ProfessionalIll7083,2025-03-18
RoyalParkingOutBack,2025-03-18
terry47147,2025-03-18
rachelcaroline,2025-03-19
oprevallet,2025-03-19
Infinite_Girl,2025-03-19
Interesting-Till5562,2025-03-19
ChampionCoyote,2025-03-19
Key-Reserve-5752,2025-03-19
No-Growth-1171,2025-03-19
gmphap1,2025-03-19
firenze6,2025-03-19
jvcqu3line,2025-03-19
No-Journalist7392,2025-03-19
No_Negotiation_1071,2025-03-19
Fancy-Journalist-691,2025-03-19
Wise-Bumblebee-8266,2025-03-19
foreveronMonterey,2025-03-19
alurkinglemon,2025-03-19
Ok-Courage5555,2025-03-19
ChampionOfTheSun215,2025-03-19
MostIndependence4747,2025-03-19
Sea-Trust-7721,2025-03-19
energydominance,2025-03-19
NotOnOfficialTime,2025-03-19
Flat_Studio_2106,2025-03-19
Impossible-Win8494,2025-03-19
GaryFuckingGoat,2025-03-19
ogmangopod,2025-03-19
abbysadly,2025-03-19
ControlCAD,2025-03-19
Kunfliktt,2025-03-19
BiggWorm1988,2025-03-19
Few-Contribution9576,2025-03-19
Agreeable_Amoeba_158,2025-03-19
hippynox,2025-03-19
Dazzling_Kitchen2393,2025-03-19
DueBoot5087,2025-03-19
Jeeperspeepers89,2025-03-19
shibalvr97,2025-03-19
Syndiwolf,2025-03-19
AmbitiousTruth2931,2025-03-19
Maleficent-Peace6672,2025-03-19
Cimmerian4life83,2025-03-19
IndeliblyInkedPig,2025-03-19
Overall_Warning9351,2025-03-19
CoffeeWineBrit,2025-03-19
Great-Scott-1,2025-03-19
Used_Foundation_758,2025-03-19
VeterinarianPure5457,2025-03-19
Odd_Detective_9505,2025-03-19
DickStripper,2025-03-19
Muted-Pie7988,2025-03-19
Ecstatic-Okra9869,2025-03-19
treebeard4u,2025-03-19
Embarrassed_Force_81,2025-03-19
Swayze_Castle,2025-03-19
Positive-Math-2659,2025-03-19
Rossy88,2025-03-19
spiced-peaches,2025-03-19
Wrong_Association29,2025-03-19
ElmoAutsOut,2025-03-19
I_h8_memes_,2025-03-19
Fun_Dot_107,2025-03-19
Sinjerli,2025-03-19
DessertDevourer1985,2025-03-19
Away-Bench-8153,2025-03-19
lilacforests,2025-03-19
e-rock88w,2025-03-19
thegreedyturtle,2025-03-19
No-Eggplant1033,2025-03-19
Street_Ad_724,2025-03-19
Professional_Newt_84,2025-03-19
quercus-fritillaria,2025-03-19
Zarrakir,2025-03-19
PotentialSuccotash9,2025-03-19
emooneyyy,2025-03-19
Maleficent-Aerie-804,2025-03-19
5hitbag_Actual,2025-03-19
chilesrellenoz,2025-03-19
Zenogias01,2025-03-19
EdditRay123,2025-03-19
birdsofaparadise,2025-03-19
ComprehensiveCup7498,2025-03-19
LeeSansSaw,2025-03-19
yofi-tofi,2025-03-19
Key_Basket_1577,2025-03-19
purelysnarking,2025-03-19
McToadster,2025-03-19
6gawkgawkgawk,2025-03-19
Funny-Jicama2021,2025-03-19
HERALD_OF_SANITY,2025-03-19
Perpetually_Cold597,2025-03-19
Kink89_,2025-03-19
EarlyRhubarb5933,2025-03-19
Clockedin247,2025-03-19
mak26304,2025-03-19
treehugger-veg62,2025-03-19
j5kDM3akVnhv,2025-03-19
MyfvrtHorrorStory,2025-03-19
No-Abalone931,2025-03-19
Key_Tomatillo5406,2025-03-19
Large_Floor_9702,2025-03-19
Ells86,2025-03-19
Grubur1515,2025-03-19
Few_Eggplant_6811,2025-03-19
Horror_Amphibian9420,2025-03-19
Expensive_Treat_7473,2025-03-19
Dizzy-Sea-758,2025-03-19
_lmmk_,2025-03-19
whotfisthisgirll,2025-03-19
samdanmud,2025-03-19
FrenchieDadECE,2025-03-19
SaleRepresentative40,2025-03-19
FutureFiredFed,2025-03-19
Time_Bison_6161,2025-03-19
Historical-Twist655,2025-03-19
slayer5801,2025-03-19
Chayo_Adjacent_37,2025-03-19
Legitimate-Drive6006,2025-03-19
All-the-way-up28,2025-03-19
Bubbly-Weekend-5676,2025-03-19
FiredFeds,2025-03-19
Thankfulforfamily,2025-03-19
Madtorneyatlaw,2025-03-19
SweetInsect5973,2025-03-19
Dangerous-Lead-6400,2025-03-19
sunnyspriteee,2025-03-19
Practical-Energy-337,2025-03-19
hopelessfed1862,2025-03-19
gdhinshaw,2025-03-19
Raiin1978,2025-03-19
aquarianexposition3,2025-03-19
Dear_Elevator,2025-03-19
JuicyWarpDrive,2025-03-19
lordofthewraith,2025-03-19
Ok_Heron_3857,2025-03-19
Wild_Quail_6232,2025-03-19
JD_Throw,2025-03-20
Fun-Butterfly,2025-03-20
Economy_Anything1183,2025-03-20
SignalNotNoise888,2025-03-20
Budget_Swan_5827,2025-03-20
Physical-Bobcat-9986,2025-03-20
Ok_Sheepherder1743,2025-03-20
CollegeNo5970,2025-03-20
sk33sk33,2025-03-20
InstructionSome7754,2025-03-20
Mauwdo13,2025-03-20
ruskiytroll,2025-03-20
Complex-Software-686,2025-03-20
Unusual_Quote8975,2025-03-20
Additional_Sort_118,2025-03-20
ScrollaRama,2025-03-20
c0ralreef3r,2025-03-20
samjeong12,2025-03-20
8vwmap67,2025-03-20
The-Bipolar-Bisexual,2025-03-20
ProjectMuted5620,2025-03-20
xxHouseHold6xx,2025-03-20
kirkintilloch5,2025-03-20
PapayaConfident,2025-03-20
Particular_North_414,2025-03-20
deltalitprof,2025-03-20
Mace_Of_Astora,2025-03-20
Extreme-Wish7952,2025-03-20
Soggy_Accountant7624,2025-03-20
xxTRYxxHARDxx,2025-03-20
selfmade0750,2025-03-20
Which_Football5017,2025-03-20
No_Association9496,2025-03-20
Ok_Assignment6664,2025-03-20
goprinterm,2025-03-20
SentenceThen6487,2025-03-20
Numnum-bacon,2025-03-20
MyReddittName,2025-03-20
NoKingsKnowArrows,2025-03-20
Particular_Rub7507,2025-03-20
ImpressionNarrow7442,2025-03-20
randomMusings1112,2025-03-20
Ok-Molasses-8182,2025-03-20
Bright-Stress1578,2025-03-20
claricebearice,2025-03-20
vtmosaic,2025-03-20
Equivalent_Video_306,2025-03-20
futurefarmer2026,2025-03-20
HoneyAwkward2592,2025-03-20
Super-Aide1319,2025-03-20
noname45562,2025-03-20
rofasix,2025-03-20
Cautious_Chance1564,2025-03-20
St_Zaddy_OMalley,2025-03-20
Sad-Foundation8698,2025-03-20
GXG_obsidian,2025-03-20
Selection_Biased,2025-03-20
Low_Grade466,2025-03-20
Responsible-Motor963,2025-03-20
TheJakeWho,2025-03-20
sockeyesocket,2025-03-20
Difficult-Worth8664,2025-03-20
Abigails_Crafty,2025-03-20
Main_Appearance_2796,2025-03-20
yellowHastur,2025-03-20
Ornery-Ad-1860,2025-03-20
highlandsteer,2025-03-20
yowps,2025-03-20
foreverwntr18,2025-03-20
ichose2throwaway,2025-03-20
stoicrunning,2025-03-20
xStinkeyMonkeYx,2025-03-20
Past_Illustrator_532,2025-03-20
Double_Crow2063,2025-03-20
AlarmedAlone,2025-03-20
No-Bed-8785,2025-03-20
Specialist-Act9495,2025-03-20
SomeNail2775,2025-03-20
Katrinka_chilling,2025-03-20
devonsenpai,2025-03-20
anarcho_cardigan,2025-03-20
UnCompanionCube,2025-03-20
Ambitious_dude,2025-03-20
liketoeat321,2025-03-20
ExtremeReasonable478,2025-03-20
heatjack518,2025-03-20
Patient-Tiger-3404,2025-03-20
TruckIllustrious6203,2025-03-20
academic_partypooper,2025-03-20
sthnafdxzbwa,2025-03-20
OpeningLetter5520,2025-03-20
SpinachPossible9870,2025-03-20
Round-Freedom-9226,2025-03-20
Virtual-Rhubarb189,2025-03-20
ThatDistribution9,2025-03-20
calypso137,2025-03-20
Belle_Dulce8923,2025-03-20
Dapper-Abrocoma9742,2025-03-20
MoonAmaranth2727,2025-03-20
defndcntry,2025-03-20
mission213,2025-03-20
Minimum_Engineer_132,2025-03-20
Zookeeper-East,2025-03-20
mage901,2025-03-20
Admirable_Web_1252,2025-03-20
magnumsolutions,2025-03-20
hillbilli_hippi,2025-03-20
One_Situation_2725,2025-03-20
Our-Public-Service,2025-03-20
l0stintrans1ati0n,2025-03-20
horrorfan17,2025-03-20
False-Possibility-32,2025-03-20
tall-as-trees,2025-03-20
Stoner_Queen_,2025-03-20
PleaseDoNotDoubleDip,2025-03-20
Pure_Homework4927,2025-03-20
SyntheticLife,2025-03-20
karma_377,2025-03-20
still-standing,2025-03-20
Joe6801,2025-03-20
ProfileNew1071,2025-03-20
Relevant_Release1800,2025-03-20
Alive-Perspective589,2025-03-20
Dcafly13,2025-03-21
No_Description_1604,2025-03-21
reddit_2324,2025-03-21
Pissedoffbutready,2025-03-21
OkTheory4425,2025-03-21
-slaps-username-,2025-03-21
IndividualCheetah101,2025-03-21
EhkinianTheClown,2025-03-21
Doge_Daikaiju,2025-03-21
Legit-News2U,2025-03-21
Specialist-Movie-730,2025-03-21
NewHandle129,2025-03-21
IndependentRun4353,2025-03-21
1GIJosie,2025-03-21
RunOk975,2025-03-21
redoak78,2025-03-21
SquareTackle2933,2025-03-21
darkmoon2025,2025-03-21
fluffythecow,2025-03-21
M0ral_Flexibility,2025-03-21
freedomado,2025-03-21
DPOQuestions,2025-03-21
RecognitionLow7848,2025-03-21
ClassroomDry7933,2025-03-21
TheSecretary24,2025-03-21
throwawayvowinw,2025-03-21
WannabeGrayNomad,2025-03-21
throwawaythetrash003,2025-03-21
DaaamnItsCold,2025-03-21
BlueAces2002,2025-03-21
trepidationsupaman,2025-03-21
Neat-Farm-3865,2025-03-21
Chemical_Brick_6604,2025-03-21
pewpedoo,2025-03-21
saint_davidsonian,2025-03-21
According_Low_7978,2025-03-21
Jare319,2025-03-21
Another_Old_God,2025-03-21
Ambitious-Clothes956,2025-03-21
Ok_Commission9026,2025-03-21
thesuddendeath_,2025-03-21
WolverineSelect8059,2025-03-21
KittyCassini,2025-03-21
qfnol31,2025-03-21
Pretend_Rhubarb_9416,2025-03-21
Glittering_Rip2395,2025-03-21
wutizhappening-6770,2025-03-21
hollandoat,2025-03-21
Ok-Inflation5711,2025-03-21
LBD37,2025-03-21
Beneficial_Term_2435,2025-03-21
Alarmed_Ebb_8215,2025-03-21
LovingLife656,2025-03-21
gazpromdress,2025-03-21
Naive_Holiday3907,2025-03-21
dharmatech,2025-03-21
DrySlide5562,2025-03-21
dark21horse,2025-03-21
twomississippi,2025-03-21
Windows2099,2025-03-21
Usual_Morning7808,2025-03-21
RareBasis9710,2025-03-21
UTMB_Colorado,2025-03-21
ElectricKoolAid410,2025-03-21
Electronic-Yam4920,2025-03-21
Jandhummus,2025-03-21
ElectricPoptar,2025-03-21
canyonlands2,2025-03-21
liseejill,2025-03-21
Mysterious-Cost-6302,2025-03-21
roxyj23,2025-03-21
No_Leopard1101,2025-03-21
BigPoppa23,2025-03-21
megaerairae,2025-03-21
Character_Log_2244,2025-03-21
Fancy_Accountant8940,2025-03-21
NoMoreKidRockJokes,2025-03-21
Agreeable-Sir-8167,2025-03-21
CharlesMcnulty,2025-03-21
bluecrewfan,2025-03-21
Muted_Feature9891,2025-03-21
No_Literature_9905,2025-03-21
prptuallyInquisitive,2025-03-21
Positive_Hope_3655,2025-03-21
8tieschick,2025-03-21
Intelligent_Ship1488,2025-03-21
H0ly_Cowboy,2025-03-21
forkavenger14,2025-03-21
lulfas,2025-03-21
ErmENToNgaL,2025-03-21
DifficultyDizzy6537,2025-03-21
TallNPierced,2025-03-21
MH09921,2025-03-21
Commercial_Fee2010,2025-03-21
Signal_Run_68,2025-03-21
Tall-Dance7892,2025-03-22
milopear,2025-03-22
Beginning_Run1936,2025-03-22
AngryVet777,2025-03-22
USImmigrationLawSage,2025-03-22
specter578,2025-03-22
shemmy06,2025-03-22
Life_Geologist_1506,2025-03-22
PCSInitiative,2025-03-22
--Mothman,2025-03-22
OkCall7742,2025-03-22
Logical-Bowl-533,2025-03-22
JumpyShark,2025-03-22
Carpet_wall_cushion,2025-03-22
This-Explanation-819,2025-03-22
Green_Pop9358,2025-03-22
Constant-Interest686,2025-03-22
DeadbeatJohnson,2025-03-22
werqqqqq,2025-03-22
OpinionNo2450,2025-03-22
Normal-Drag4746,2025-03-22
RandomGovtEmployee,2025-03-22
Wise_Choice_2712,2025-03-22
Icy-Accountant-8157,2025-03-22
chewbaccajesus,2025-03-22
Only1Potato,2025-03-22
More_Aioli_6956,2025-03-22
ForkThisShiit,2025-03-22
fight4youright,2025-03-22
Adventurous_Lime_399,2025-03-22
Majestic-Quarter-723,2025-03-22
SoHelpMeJason,2025-03-22
zen-techno,2025-03-22
kay5308,2025-03-22
not-a-right-winger,2025-03-22
TheDudeFromTheWorld,2025-03-22
Elegant-Budget-7565,2025-03-22
AgreeableYak1245,2025-03-22
Nice_Opportunity_405,2025-03-22
DabaHere,2025-03-22
JustAnotherMy,2025-03-22
Burger-Fries-Coke-40,2025-03-22
Cryptic-Squid,2025-03-22
Nervous_Bell_4848,2025-03-22
Fed-IRS,2025-03-22
Flat-Carpenter-6677,2025-03-22
Everytingisntfine,2025-03-22
Inside_Raccoon_9466,2025-03-22
aunsafe2015,2025-03-22
Imakelovetosoils,2025-03-22
Few_Ad319,2025-03-22
Odd_Eagle1850,2025-03-22
Copper_Penny6,2025-03-22
Guilty_Fly3251,2025-03-22
TheJesstee,2025-03-22
Pursesfordays,2025-03-22
Obvious_Swan4927,2025-03-22
Aggravating-Demand66,2025-03-22
Middle-Athlete1374,2025-03-22
Riparuni,2025-03-22
ButterflySituation,2025-03-22
Any-Cry-7892,2025-03-22
Western_Nihilist,2025-03-22
Phroughzo,2025-03-22
Icy_Try_3565,2025-03-22
Significant-Celery92,2025-03-22
N7-elite,2025-03-22
Elcampb,2025-03-22
AssignmentPlastic766,2025-03-22
GR8LVJOJO,2025-03-23
Nice-Boysenberry7717,2025-03-23
Nervous-Feedback1525,2025-03-23
Fed_worker,2025-03-23
purr_,2025-03-23
oceanponies,2025-03-23
Crafty-Stock-6607,2025-03-23
Top_Concentrate27,2025-03-24
duck_you_assemble,2025-03-24
ghostinpdx,2025-03-24
Healthy-Season-7976,2025-03-24
ContributionSudden66,2025-03-24
Weatherby777,2025-03-24
Shot-Establishment81,2025-03-24
woody_blaze,2025-03-24
beatstick1,2025-03-24
Still_Heart5360,2025-03-24
Nuttyturnip2,2025-03-24
AuditAndHax,2025-03-24
janeofalltrades35,2025-03-24
Apophis-II,2025-03-24
PlaceSong,2025-03-24
Far_Poetry_9692,2025-03-24
psychcaptain,2025-03-24
mistersmiley318,2025-03-24
kade22,2025-03-24
Hot-Fact-4415,2025-03-24
balboaporkter,2025-03-24
Accomplished_Tap6595,2025-03-24
Maleficent_Lion_3723,2025-03-24
Franzmithanz,2025-03-24
TransportationBig710,2025-03-24
FDtaboo,2025-03-24
G0atBuddy,2025-03-24
Tokyo_Philly,2025-03-24
NoteApprehensive1304,2025-03-24
shannannigans876,2025-03-24
Zagm1,2025-03-24
Due-Hearing1905,2025-03-24
Vegetable_Wolf6193,2025-03-24
Responsible_Cod_6002,2025-03-24
afscme_,2025-03-24
Odd-Shopping-4452,2025-03-24
mollyetaft,2025-03-24
FactElectronic2203,2025-03-24
unbridledcheesetoast,2025-03-24
4hs0k4,2025-03-24
Kodiak01,2025-03-24
ReporterSI,2025-03-24
Sweet_Laugh_3643,2025-03-24
Unhappy-Delay5700,2025-03-24
sad_lawyer,2025-03-24
theintercept,2025-03-24
BuyGroundbreaking908,2025-03-24
Far-Squash7512,2025-03-24
CartographerJust4500,2025-03-24
elissarachel,2025-03-24
Equivalent_Leopard71,2025-03-24
JazzlikeSpecific7202,2025-03-24
Time_Teacher2700,2025-03-24
Ok_Love7675,2025-03-24
NeighborhoodEast4547,2025-03-24
Green-Taro9221,2025-03-24
Used-Scene1401,2025-03-24
darkninja5959,2025-03-24
OutrageousMountain11,2025-03-24
Late-Friend-3176,2025-03-24
Dry_Car2115,2025-03-24
ScreenNaive6318,2025-03-24
Murky_Mammoth6749,2025-03-24
shade_15,2025-03-24
One-Put6596,2025-03-24
stiletto707,2025-03-24
aukniftc,2025-03-24
Various_Progress_570,2025-03-24
Efficient_Cash9679,2025-03-25
xnarphigle,2025-03-25
Loose_Exercise9307,2025-03-25
JuniperGhosts,2025-03-25
Glittering_Seesaw320,2025-03-25
lavender_photos,2025-03-25
PenStorysky,2025-03-25
idontliketako,2025-03-25
rusted_iron_rod,2025-03-25
Hoptlite,2025-03-25
couchmarauder,2025-03-25
YoknapatawphaKid,2025-03-25
Ninerniner94,2025-03-25
Final-Belt2080,2025-03-25
senorquesoballs,2025-03-25
ilostmygps,2025-03-25
prod34,2025-03-25
HuckleberryPlus3581,2025-03-25
airmovingdevice,2025-03-25
blancza05,2025-03-25
bdmski88,2025-03-25
Deep-Guarantee1294,2025-03-25
1awyer,2025-03-25
HorrorFondant3953,2025-03-25
NewsForYouNow,2025-03-25
DrLokiStark,2025-03-25
beelzebewbs,2025-03-25
Illustrious-Leather7,2025-03-25
dentaIbear,2025-03-25
Expert_Assistance348,2025-03-25
Ok_Sundae_5700,2025-03-25
Hero-Firefighter-24,2025-03-25
foldable_table,2025-03-25
MCStarlight,2025-03-25
Rarity0_0,2025-03-25
Major_Breath7251,2025-03-25
Fast-Proposal7480,2025-03-25
Massive-Airline-3299,2025-03-25
GenXmamaof2Zs,2025-03-25
AdRepresentative784,2025-03-25
Wonderful-Cow9297,2025-03-25
regulator795,2025-03-25
Govie-Mess1122,2025-03-25
TrueParty1308,2025-03-25
globalgazette,2025-03-25
No-Sun9369,2025-03-25
ExpressAdeptness1019,2025-03-25
Stupid_Goat,2025-03-25
mikiewaffles23,2025-03-25
UlyessesUnbound,2025-03-25
Internexus,2025-03-25
ReclaimedLeftovers,2025-03-25
Ironman_74,2025-03-25
Pascha50,2025-03-25
Even_Confusion2194,2025-03-25
Abject-Material-9955,2025-03-25
IndependentGap4154,2025-03-25
Reasonable-Web-9740,2025-03-25
GS1-SES,2025-03-25
ZedTheEd,2025-03-25
No-Opinion1346,2025-03-25
xerocypher,2025-03-25
Bitter_Inspection622,2025-03-25
dratprice,2025-03-25
FarSet5441,2025-03-25
nanannsbsvsb,2025-03-25
Few_Palpitation9279,2025-03-25
blush_rose,2025-03-25
Deep-Refrigerator323,2025-03-25
CompetitiveSea3838,2025-03-25
Worth-Sentence7974,2025-03-25
robosome,2025-03-25
Icy-Incident-2185,2025-03-25
Ok-Part-5725,2025-03-25
midnightcity4,2025-03-25
Ok-Double8880,2025-03-25
Obvious_Two5910,2025-03-25
Tight_Escape_7183,2025-03-25
ADOSButterfly,2025-03-25
Impossible_Rich3713,2025-03-25
NoseRepresentative,2025-03-25
Far-Instruction3613,2025-03-25
Brady721,2025-03-25
BarracudaConfident26,2025-03-25
jackersquackerz,2025-03-25
bnooker,2025-03-25
North_Radish3279,2025-03-25
Healthy-Attorney295,2025-03-25
KlaxoffKlaxon,2025-03-25
PepsiBlueCan,2025-03-25
Windsor-Bricks,2025-03-25
DriveOdd333,2025-03-25
Automatic-Unit-8307,2025-03-25
Remarkable_Jeweler_4,2025-03-25
smilodon_envy,2025-03-25
user37282927464,2025-03-25
notthatsarah,2025-03-25
moviesbyyourselfclub,2025-03-25
J_n_CA,2025-03-25
poppy_pu,2025-03-25
Mysterious_Ad5658,2025-03-25
Doman-Ryler,2025-03-25
yangj94,2025-03-26
Ok-You169,2025-03-26
Sidarthus89,2025-03-26
wsaj_handle,2025-03-26
StoptheMadnessUSA,2025-03-26
ThrowRAcuteprincess,2025-03-26
ScratchReasonable958,2025-03-26
Space_Adaline,2025-03-26
Letsgetloudcorillo,2025-03-26
EngineeringHot5046,2025-03-26
Acceptable_Music279,2025-03-26
Background-Fig-8168,2025-03-26
Human_Community493,2025-03-26
cebrough,2025-03-26
Secret-Let2987,2025-03-26
Time-Disaster-3044,2025-03-26
ParkingTicket152,2025-03-26
No-Rabbit-1952,2025-03-26
Electrical-Pie-1463,2025-03-26
Tough-Explanation-17,2025-03-26
Specialist-Shine8817,2025-03-26
The_King_Lurker,2025-03-26
pyrw0534-proton-me,2025-03-26
LtKaraThraceLib,2025-03-26
Chemical_Ask3936,2025-03-26
Shetsgtnbad,2025-03-26
whatscaresjulia101,2025-03-26
AppointmentNo3240,2025-03-26
Choice-Ad-9200,2025-03-26
Nellanaesp,2025-03-26
MelE1,2025-03-26
SignificantTop211,2025-03-26
One-Eggplant-665,2025-03-26
Apprehensive_Bet2180,2025-03-26
cornerstone-liu,2025-03-26
scotch_3gg,2025-03-26
Radiant_Soup4810,2025-03-26
rickyd172,2025-03-26
time_keeper_1,2025-03-26
Old-Habit-6390,2025-03-26
Mountain_Pin_8557,2025-03-26
Impossible_Steak7736,2025-03-26
Dank_1,2025-03-26
SigIdyll,2025-03-26
forgotmythrowawayfed,2025-03-26
Terrible_Statusthrow,2025-03-26
Kind-Can2890,2025-03-26
yallahayati,2025-03-26
rabbit_rancher,2025-03-26
Zealousideal_Safe980,2025-03-26
VirtualDescription2,2025-03-26
Specialist-West-1559,2025-03-26
TeaOnACloudyDay,2025-03-26
Objective-Patient-37,2025-03-26
CriticalSample9039,2025-03-26
Odd_Criticism8112,2025-03-26
MyJobflow,2025-03-26
lukaeber,2025-03-26
No-Bodybuilder7589,2025-03-26
rommel42,2025-03-26
Far-Turnover-6865,2025-03-26
ElectronicAccident88,2025-03-26
groxg,2025-03-26
ForensicGuy666,2025-03-26
Iswhars,2025-03-26
chicchic325,2025-03-26
random_sass,2025-03-26
monjae,2025-03-26
superdupermissiles,2025-03-26
Antique-Tell936,2025-03-26
daddyjackpot,2025-03-26
Other-Refuse-8764,2025-03-26
abiobob,2025-03-26
lake_trade,2025-03-26
minszter,2025-03-26
Technical-Teacher-60,2025-03-26
Creative_Humor_6449,2025-03-26
Chiwaweenie,2025-03-26
missladymittens,2025-03-26
Relevant-Count-3656,2025-03-26
anomalyiam01,2025-03-26
HealthcareDiveRP,2025-03-26
news-10,2025-03-26
Acceptable-Camel-968,2025-03-26
Bradman1948,2025-03-26
FarDemand9351,2025-03-26
Unreal0925,2025-03-26
CWats20,2025-03-26
UhNotSureWhyImHere,2025-03-26
Longjumping_Dog581,2025-03-26
CocoaJazz,2025-03-26
sakariona,2025-03-26
No-Nectarine1210,2025-03-26
Rude-Reserve-3696,2025-03-26
Snoo_6399,2025-03-26
Len-One,2025-03-26
AloneStructure3450,2025-03-26
PankosLoveChild,2025-03-26
Cash_Johnny,2025-03-26
iluvbeeinagurlmom,2025-03-26
Realistic-Power6078,2025-03-26
Ok-Improvement-1766,2025-03-26
snoopcobbiecobbitha,2025-03-26
Altruistic-Comfort27,2025-03-27
Embarrassed_You_3129,2025-03-27
TheTurboFlush,2025-03-27
Zayds_mom_2014,2025-03-27
arenarwhalsreal,2025-03-27
Some_Battle8672,2025-03-27
Extra-Worldliness175,2025-03-27
HondaCrv2010,2025-03-27
OldScratchContract,2025-03-27
imposter95,2025-03-27
GirlNextDoor22_,2025-03-27
Plus_Literature_4420,2025-03-27
scientia_ipsa,2025-03-27
ApartmentImaginary84,2025-03-27
BalianofIbelin1,2025-03-27
adgrizz,2025-03-27
Ok-Introduction-3631,2025-03-27
smashing-gourds127,2025-03-27
sparkyspace10,2025-03-27
Sonic_Snail,2025-03-27
MaleficentWin2889,2025-03-27
JeffCook78,2025-03-27
Dependent_Bass_4605,2025-03-27
Leviath73,2025-03-27
Existing_Barracuda83,2025-03-27
rise_n_shine23,2025-03-27
CCRechts,2025-03-27
SpecialistTutor7008,2025-03-27
NewtAdditional3686,2025-03-27
Minute_War_9074,2025-03-27
Empty_Mud6598,2025-03-27
Excellent-Seaweed142,2025-03-27
La_Cifelli,2025-03-27
SpyBug_1748,2025-03-27
Ok_Cause_5837,2025-03-27
Local-Ad-4051,2025-03-27
h_town2020,2025-03-27
quaratiny,2025-03-27
Rude_Acadia232,2025-03-27
Kitchen-Hedgehog-824,2025-03-27
jca5052,2025-03-27
Competitive_Ball9940,2025-03-27
EffectiveType8112,2025-03-27
sweetasaurus,2025-03-27
small458,2025-03-27
Daddy_Longlegs__,2025-03-27
CCFMDS,2025-03-27
Conscious-Theory5010,2025-03-27
kansascitybeacon,2025-03-27
Revolutionary_Use340,2025-03-27
justin-hicks,2025-03-27
Recent-Attempt-8882,2025-03-27
CoatedTroutReboot,2025-03-27
Mo-Ma_2018,2025-03-27
htJourney,2025-03-27
One_Enthusiasm_7748,2025-03-27
upthecreek_807,2025-03-27
blowdriedhighlandcow,2025-03-27
MrsFungi,2025-03-27
Ok-Reward-3874,2025-03-27
Bornred2612,2025-03-27
Significant-Public97,2025-03-27
907Bee,2025-03-27
Plane_Safe3561,2025-03-27
Ugadawgsfan69,2025-03-27
Oblonglego,2025-03-27
qGBK,2025-03-27
golikehellmachine,2025-03-27
Legitimate-Room9497,2025-03-27
DiligentRat1303,2025-03-27
sandqueen4,2025-03-27
doublearph,2025-03-27
Massive_Wait3245,2025-03-27
Acrobatic-Plum1364,2025-03-27
Cheap_Custard_3005,2025-03-27
rawmilklovers,2025-03-27
Bright_Fisherman_192,2025-03-27
Catchandrelease99,2025-03-27
alicedean,2025-03-27
Wise-Guard1720,2025-03-27
whetsammich,2025-03-27
Yabba-Dabba-Dooskie,2025-03-27
Critical_Meet_2025,2025-03-27
MEGATRON-38,2025-03-27
Various_Hunter_5506,2025-03-27
Normal-Tap2013,2025-03-27
Accurate-Market-3228,2025-03-27
anonymoustarantino,2025-03-28
jedifan6,2025-03-28
Stugatssss,2025-03-28
Miss-is-Sippi,2025-03-28
Far-Key1953,2025-03-28
Sad-Kaleidoscope8734,2025-03-28
Moist_Steak_2844,2025-03-28
hiyoutrash,2025-03-28
olympiapatio,2025-03-28
OppositionSurge,2025-03-28
Deltalphafoxtrot,2025-03-28
Ok_Tumbleweed2246,2025-03-28
ProfessionalDense891,2025-03-28
Rough_Sympathy9453,2025-03-28
JoeFromTheAfternoon,2025-03-28
Commercial_Only871,2025-03-28
rosieeeeeee,2025-03-28
fancyswan420,2025-03-28
Character_Bag1815,2025-03-28
Mammoth_Series_8905,2025-03-28
Environmental_Ice920,2025-03-28
MarzipanRealistic319,2025-03-28
Mission_Duty7213,2025-03-28
BuffaloStanceNova,2025-03-28
ih8elonsmuskydoge,2025-03-28
BubblyInvestigator45,2025-03-28
PyramidOfPain,2025-03-28
fuzzy-squirrel-2192,2025-03-28
Promethia,2025-03-28
indoninja,2025-03-28
Majestic-Wrap-3668,2025-03-28
Away-Wave-2044,2025-03-28
FederalIssued,2025-03-28
jb4647,2025-03-28
reddituseraccounttt,2025-03-28
Bethesda-Darryl,2025-03-28
Busy-Examination5515,2025-03-28
craeftsmith,2025-03-28
Yalda-Bahuth,2025-03-28
SeparateAd1689,2025-03-28
WheatSlice,2025-03-28
Gvluk81,2025-03-28
cyabits,2025-03-28
DistrictPrize9233,2025-03-28
Public_Servant_550,2025-03-28
PHealthy,2025-03-28
Agreeable-Strength80,2025-03-28
Local-Gur8570,2025-03-28
EyeballJoe,2025-03-28
Pretty_Original124,2025-03-28
jedo-89,2025-03-28
Dry_Alternative_5654,2025-03-28
MumConfused24_7,2025-03-28
Traditional-Fee8721,2025-03-28
DharmaBum61,2025-03-28
Scan_This_Barco-de,2025-03-28
coniferylsinapyl,2025-03-28
Fantastic-Boot-1494,2025-03-28
Anarchaeologist,2025-03-28
brandeelee95,2025-03-28
MaraudingAbout,2025-03-28
AstroRiker,2025-03-28
john45623678,2025-03-28
Far_Health_3214,2025-03-28
Weekly-Quail-5309,2025-03-28
throwawayrrrraaa,2025-03-28
dcjapanjournalist,2025-03-28
Shylitez,2025-03-28
c888d,2025-03-28
puppiwhirl,2025-03-28
crosseyedmule,2025-03-28
Potential-Radish-235,2025-03-28
jrenolds,2025-03-28
Subject_Point1885,2025-03-28
GeminiMak,2025-03-28
CZ_USA,2025-03-28
inginear,2025-03-28
propublica_,2025-03-28
Hefty-Organization-8,2025-03-28
witts_end_confused,2025-03-28
Fun-Collection2471,2025-03-28
Empty_Support,2025-03-28
RecordLegume,2025-03-28
ExistingCustomer7472,2025-03-28
ConfusionExtreme1010,2025-03-28
PersonalityLucky7465,2025-03-28
BidenWSB2024,2025-03-28
gatorlemon,2025-03-28
Lonely_District_196,2025-03-28
fellowhumandude2021,2025-03-28
Kejimkujik_90215,2025-03-28
elemenohp44,2025-03-28
monstergoat77,2025-03-28
Hyrulian5131,2025-03-28
Unhappy-Grapefruit88,2025-03-28
EfficientPucker,2025-03-28
PleasantBenefit1872,2025-03-28
shadowdrop666,2025-03-28
Icy_Manufacturer2897,2025-03-28
The_Double_Owl,2025-03-28
Inevitable_Tank9505,2025-03-28
rennok_,2025-03-28
TheHornyDolphins,2025-03-28
DiplomaticCats,2025-03-28
Ok_Tax388,2025-03-28
thrownaway_fed,2025-03-28
Agreeable_Stable8906,2025-03-28
TheKillingJoke2022,2025-03-28
naturallykurious,2025-03-28
wled_andy,2025-03-28
Comfortable-Self-423,2025-03-28
Senior-Chard2169,2025-03-28
Electronic-Eye-4108,2025-03-29
liferprollynotnow,2025-03-29
Revolutionary-Buy655,2025-03-29
rand0mbabe,2025-03-29
_peppapig,2025-03-29
P0tentPotables,2025-03-29
Suspicious_Diet_1755,2025-03-29
Ok-Commission454,2025-03-29
HomeworkAsleep5566,2025-03-29
Friendly_Raise_9604,2025-03-29
thetrooper651sDAD,2025-03-29
NYAI_69,2025-03-29
Terrible-Membership5,2025-03-29
Remarkable-Law-9224,2025-03-29
Scary_Travel_8137,2025-03-29
ghastlymeans068,2025-03-29
Ambitious-Command957,2025-03-29
Low_Stuff_5755,2025-03-29
Realistic-Loss-9195,2025-03-29
Patient_Parsley5944,2025-03-29
DownrightFedUp,2025-03-29
Otherwise-Hat-9395,2025-03-29
Curious-Motor-8232,2025-03-29
PieCalm4362,2025-03-29
SkyFallingUp,2025-03-29
Matt8828,2025-03-29
mercury-ballistic,2025-03-29
wooyoo,2025-03-29
Visa_Declined,2025-03-29
Objective_Fuel892,2025-03-29
WishPrestigious988,2025-03-29
Feisty-Salary2023,2025-03-29
stevencheunggg,2025-03-29
MuleShark,2025-03-29
ColdProfessional111,2025-03-29
CadetCoolGuy2121,2025-03-29
Obvious-River1574,2025-03-29
Nursechic98,2025-03-29
AccordingDot5214,2025-03-29
Shery-2025,2025-03-29
sabnabdab5,2025-03-29
No_Juice_2341,2025-03-29
GApeachesidelikeATL,2025-03-29
Honest_Mountain_4311,2025-03-29
NoCleverAnecdote,2025-03-29
RadicallyPragmaticCA,2025-03-29
Prestigious-Car5784,2025-03-29
The-Big-Fluffy-Bunny,2025-03-29
Haunting_Limit_2256,2025-03-29
GreenWoolyBugger,2025-03-29
kncheyneyu,2025-03-29
FedupSpicyMami,2025-03-29
dr-Manhattan-21,2025-03-29
Crinkleput,2025-03-29
ernternerts,2025-03-29
RealitySilent6835,2025-03-29
Ave765,2025-03-29
yalie96,2025-03-29
kidpresentable0,2025-03-29
daydream-believers,2025-03-29
mattole17,2025-03-29
WouldnttItBeNice,2025-03-29
rgudin,2025-03-29
atleastonce1,2025-03-29
National_Set3860,2025-03-29
Beginning_End777,2025-03-29
wmub06,2025-03-29
Piltdown_arms,2025-03-29
BongoTimeFL,2025-03-29
Ok_Increase8742,2025-03-29
Unicorn0821,2025-03-29
Ok_Obligation_9273,2025-03-29
Guitfiddle0707,2025-03-29
Few-Homework4092,2025-03-29
Alternative_Suit_382,2025-03-29
suggbofa,2025-03-29
myWitsYourWagers,2025-03-29
Matilda-Bewillda,2025-03-30
Certain-Tomatillo891,2025-03-30
Opposite-Lecture8703,2025-03-30
Deckerx5,2025-03-30
BigMacTitties,2025-03-30
Training-Treacle7653,2025-03-30
Overall_Sympathy_173,2025-03-30
NewPhilosopher5978,2025-03-30
readingupastorm,2025-03-30
Myotus,2025-03-30
New_Ad9991,2025-03-30
Global_Wrongdoer2485,2025-03-30
FudgeFit4103,2025-03-30
Vivid-Case8122,2025-03-30
Verticlehrzn7,2025-03-30
AnnieNonnMouse,2025-03-30
Sirrus_VG,2025-03-30
Due-Display-1626,2025-03-30
SpecificNo3958,2025-03-30
pruser223,2025-03-30
Cool_Result_563,2025-03-30
Brave_Question5681,2025-03-30
OuthouseRat88,2025-03-30
Puzzleheaded-Use11,2025-03-30
Leather_Purple1640,2025-03-30
curlyhead_treehugger,2025-03-30
Creepy_Avocado_5673,2025-03-30
SadPharmerSue,2025-03-30
No_Primary_4655,2025-03-30
MyMamaKatie,2025-03-30
mxrw,2025-03-30
Huge-Poet8463,2025-03-30
lameoldwhitegirl,2025-03-30
surlywolf,2025-03-30
Ok-Substance-5197,2025-03-30
KaterNot,2025-03-30
KingLeonidasOfBoston,2025-03-30
Due_Nectarine367,2025-03-30
OkSquirrel3878,2025-03-30
mrsfoggy_phx,2025-03-30
IcyReverse,2025-03-30
Ashamed-Jump1402,2025-03-30
EnyaMizuki,2025-03-30
Dry_Gazelle_816,2025-03-30
-Gracefully_Chaotic-,2025-03-30
Any_Grapefruit65,2025-03-30
Princessdaij,2025-03-30
CannotThinkOfAName90,2025-03-30
ActiveDaikon4414,2025-03-30
Strict-Fee8308,2025-03-30
AmbitionPositive8392,2025-03-30
seldom4,2025-03-30
Honest-Assumption438,2025-03-30
LanternBearer9,2025-03-30
Ok-Replacement-6080,2025-03-30
Delicious_Emu_1779,2025-03-31
Nuclear-isBad-1906,2025-03-31
GirlHasNoName92,2025-03-31
ItsAllGonePeteTong90,2025-03-31
After_Ant_399,2025-03-31
PEfarmer,2025-03-31
beautifulloser313,2025-03-31
RogueIce,2025-03-31
Annual-Activity-4198,2025-03-31
Chickfilatoes,2025-03-31
joegreenbay,2025-03-31
WhatDoIKnow923,2025-03-31
Adventurous-Drop-192,2025-03-31
National_Lie_4798,2025-03-31
FEDUpFORKEDOff,2025-03-31
Stonato85,2025-03-31
Away_Jellyfish_4619,2025-03-31
jadedgirly,2025-03-31
WhateverYouSay2004,2025-03-31
Dull-Recording-8404,2025-03-31
plain_incognito,2025-03-31
literallynotafed,2025-03-31
CuriousCat2067,2025-03-31
RaiseTheRentForDEI,2025-03-31
Visaith,2025-03-31
Cute-Time-1791,2025-03-31
Then_Worldliness2866,2025-03-31
Vantasner_Danger,2025-03-31
ForThrow1986,2025-03-31
Affectionate_Coat_18,2025-03-31
LilKendallRoy,2025-03-31
icanplaylikethis,2025-03-31
OddEntrepreneur5318,2025-03-31
Small_Perspective289,2025-03-31
AppropriateBat397,2025-03-31
Inevitable-Wear-6634,2025-03-31
Boomcrank,2025-03-31
oakarina3,2025-03-31
Fancy_Environment_66,2025-03-31
Aggressive_Nerve_230,2025-03-31
Several-Air-885,2025-03-31
Rotom24,2025-03-31
Green_Cryptographer5,2025-03-31
jnavcrew,2025-03-31
Maka-Ilio,2025-03-31
LALFan88,2025-03-31
abs102002,2025-03-31
morecandycorn,2025-03-31
Velo61,2025-03-31
beretta1220,2025-03-31
Waste_Molasses_936,2025-03-31
Southern-Moose-8533,2025-03-31
Necessary_Egg_3003,2025-03-31
Pylotjon,2025-03-31
ThrowableDisposible,2025-03-31
Get_Hyped_Uped,2025-03-31
Capital_Plastic8473,2025-03-31
qdude1,2025-03-31
Disastrous_Page_1827,2025-03-31
eells,2025-03-31
Slinky_5115,2025-03-31
Valuable_Mud6711,2025-03-31
Proper-Afternoon-538,2025-03-31
Consistent_Inside748,2025-03-31
New_Escape6804,2025-03-31
6H6Uoe,2025-03-31
Rockhopper007,2025-03-31
defnotimls,2025-03-31
cudmore,2025-03-31
irischad,2025-03-31
Fair-Flan6792,2025-03-31
Pluckyplatypus26,2025-03-31
rora_borealis,2025-03-31
Reasonable_Pipe_2233,2025-03-31
Leather_Function_520,2025-03-31
Jazzlike-Intention-7,2025-03-31
Fun_Visit_9946,2025-03-31
jadzia_2003,2025-03-31
Other-Importance-213,2025-03-31
MixTraditional,2025-03-31
elleandback,2025-03-31
Glad_Thought_4592,2025-03-31
Potential_Goat_8215,2025-03-31
Bright_Situation250,2025-03-31
Alls789,2025-03-31
ATX-1959,2025-03-31
Stained-Tangerine,2025-03-31
Prof_Woland_49,2025-03-31
Other_Hovercraft4783,2025-03-31
Old-Marionberry7000,2025-03-31
NuclearCodebreaker,2025-03-31
Full-Specific7333,2025-03-31
Strict_Judgment7128,2025-03-31
Eggs-Bakey1,2025-03-31
Texas_Devil_Dog,2025-03-31
__MadFed__,2025-03-31
Neat_Twist_7310,2025-03-31
Loud-Nefariousness73,2025-03-31
Dangle-Me_YdntU,2025-03-31
Inside_Parsnip_6048,2025-03-31
Street_Leadership254,2025-03-31
Radfactor,2025-03-31
madmac84,2025-03-31
Remarkable-Yak-8296,2025-04-01
NormalObjective5685,2025-04-01
Plenty_Membership109,2025-04-01
IncreaseUnusual8624,2025-04-01
No_Cress8045,2025-04-01
LittleTomato4283,2025-04-01
LumpyCake60,2025-04-01
Putrid-Tomatillo-320,2025-04-01
Early-Reaction-4857,2025-04-01
DragonfruitEarly7761,2025-04-01
Top_Vermicelli_7307,2025-04-01
ApprehensiveBug8896,2025-04-01
Top_Iron5926,2025-04-01
ConferenceActive366,2025-04-01
Character_Slide_583,2025-04-01
Unusual-Dig2968,2025-04-01
Intelligent_Bee2108,2025-04-01
dchistoryandmuseums,2025-04-01
ClashSteve,2025-04-01
duetop36,2025-04-01
Apprehensive_Fun6243,2025-04-01
tooyoungtoobroke,2025-04-01
Unlucky-Ear1578,2025-04-01
Red_roka,2025-04-01
Federal_Incident_692,2025-04-01
LouisaMiller1849,2025-04-01
newzcaster,2025-04-01
NervousEnergy7235,2025-04-01
Dangerous_Mortgage90,2025-04-01
Significant_You1989,2025-04-01
FancyThat812,2025-04-01
MadlyToxic,2025-04-01
Illustrious-Ad8439,2025-04-01
maru--,2025-04-01
No_Spell_1953,2025-04-01
valiantlioness08,2025-04-01
Rrandom_User1234,2025-04-01
RoyalComfortable6647,2025-04-01
johngotti,2025-04-01
Several-Chocolate305,2025-04-01
FibberMcGee99,2025-04-01
TTVDALTANIOUST,2025-04-01
New_Sundae1841,2025-04-01
Galaicoman1,2025-04-01
pearsarefruits,2025-04-01
Key-Childhood-5629,2025-04-01
PrettyLittleBird8,2025-04-01
aphidwhisperer,2025-04-01
Thea_booksandbones,2025-04-01
RosalindFranklin,2025-04-01
Different_Storm8768,2025-04-01
Bible_Detective,2025-04-01
Spare_Fisherman_9461,2025-04-01
2kidsshootingblanks,2025-04-01
Kindly_Pass_2269,2025-04-01
RevolutionaryRing281,2025-04-01
Lurqq,2025-04-01
Visible-Gene7845,2025-04-01
KingOfKorners,2025-04-01
Ok_Shelter_9267,2025-04-01
EryngiumSapphireBlue,2025-04-01
Open-Lingonberry-686,2025-04-01
Anonfed,2025-04-01
CheezyOlive,2025-04-01
Youliana78,2025-04-01
dPx42,2025-04-01
Infamous-Surprise874,2025-04-01
FlameBoi3000,2025-04-01
Anbu1311,2025-04-01
Other_Push_3909,2025-04-01
Covo,2025-04-01
Tough-Astronaut-6052,2025-04-01
Bubbly_Medium_5245,2025-04-01
Own_Principle_6447,2025-04-01
BusinessTailor504,2025-04-01
med-fed,2025-04-01
Certain-Comfort928,2025-04-01
usernamein2025,2025-04-01
No_Insect1191,2025-04-01
redditor3900,2025-04-01
spring-1996,2025-04-01
Money_Chapter_3345,2025-04-01
Reckless_flamingos,2025-04-01
NoPickle5983,2025-04-01
FirmPresence6695,2025-04-01
ash-ketchum44,2025-04-01
Maleficent_Sun6024,2025-04-01
ThaddeusWhelan,2025-04-01
Longjumping_Deer4204,2025-04-01
pwntastik,2025-04-01
HonorableFed,2025-04-01
Latter-Ad-1893,2025-04-01
Short_Print_8201,2025-04-01
Fuzzy_Vegetable_7499,2025-04-01
sparklingmint101,2025-04-01
Ok-Implement-9114,2025-04-01
chanzellor,2025-04-01
MetaLeao87,2025-04-01
Top-Cow-3328,2025-04-01
GeminiDragon60,2025-04-01
TheTrashMan720,2025-04-01
Frosty_Fly_6,2025-04-01
Ok_Audience_3413,2025-04-01
CorgiAffectionate794,2025-04-01
Mammoth_Text5551,2025-04-01
MeatScience1,2025-04-01
Objective-Program348,2025-04-01
TheWholeTidd-e,2025-04-01
yullleeetidelopp,2025-04-01
kikin3457,2025-04-01
claustrophobicdragon,2025-04-01
Cautious_Respect_683,2025-04-01
Fearless_Log_3903,2025-04-01
Llilith619,2025-04-01
DurianLazy3092,2025-04-01
Hank-Scorpio-9227,2025-04-01
Thrillology,2025-04-01
TurbulentWrangler446,2025-04-01
Ashamed-Spirit,2025-04-01
Heavy-Procedure2232,2025-04-01
Adorable_Tune8844,2025-04-01
trustn01throwaway,2025-04-01
ShirtTraditional4437,2025-04-01
Bulky_Temporary2985,2025-04-01
Existing-Mirror7655,2025-04-01
Middle_Tea1014,2025-04-01
Bigest_Smol_Employee,2025-04-01
Razzledazzleone,2025-04-01
Hold_This_Line,2025-04-01
elaine_godfrey,2025-04-01
bres2773,2025-04-01
No-Praline-7589,2025-04-01
Potential_Breath_655,2025-04-01
Entire-Tradition5822,2025-04-01
Alternative-Shoe-706,2025-04-01
TraditionalWhole7784,2025-04-01
valkyrie2027,2025-04-01
yuting40,2025-04-01
how2falldown,2025-04-01
Massive-Juice-3461,2025-04-01
FatherofPugz,2025-04-01
CurrentSpecialist874,2025-04-01
IcyTumbleweed8889,2025-04-01
ThinAd9165,2025-04-01
PurpleQuartersAgain,2025-04-01
thrwawaycauseicare,2025-04-01
GolfNMore,2025-04-01
goanddontlookback,2025-04-01
funnymydog,2025-04-01
RedOne_91,2025-04-01
jchodes,2025-04-01
feblarson,2025-04-01
sgtdif,2025-04-01
_wheatfield,2025-04-01
Curious-Peace-6965,2025-04-01
the-new-left,2025-04-01
Altruistic-Middle854,2025-04-01
Healthy_Ad919,2025-04-01
Known-Crew-5253,2025-04-01
Icy-Chance-7102,2025-04-01
Tasty_Pop7220,2025-04-01
Virtual-Guarantee279,2025-04-01
tshusker,2025-04-01
cowboythief,2025-04-01
WarcockMountainMan,2025-04-01
SnooSeagulls8388,2025-04-01
dschwark,2025-04-01
Ok_Fennel5828,2025-04-01
padawan_lerner,2025-04-02
beetling,2025-04-02
Van-to-the-V,2025-04-02
Wookiecologist,2025-04-02
jjrennie,2025-04-02
ProjectInevitable935,2025-04-02
Anxious-Table2771,2025-04-02
Queasy_Importance_87,2025-04-02
Necessary_Willow_417,2025-04-02
Valister,2025-04-02
tonchless,2025-04-02
AthleteCautious7233,2025-04-02
Hot-Caramel-2538,2025-04-02
catdaddyxoxo,2025-04-02
Ok_Sheepherder5702,2025-04-02
Sad-Professor-5270,2025-04-02
pjones31,2025-04-02
Mediocre-Stomach7470,2025-04-02
Throwaway752952,2025-04-02
daddy_fat_snacks,2025-04-02
Elias691,2025-04-02
Afraid-Personality31,2025-04-02
Observal,2025-04-02
The_Luker_01,2025-04-02
ExaminationNo4667,2025-04-02
Away-Word-7587,2025-04-02
No_Acanthisitta1249,2025-04-02
PublicUnconsiousBias,2025-04-02
American_Patriot_958,2025-04-02
FantasticAmoeba1502,2025-04-02
No-Employee6051,2025-04-02
Winter_General_6369,2025-04-02
jrad0324,2025-04-02
dham6,2025-04-02
PlayfulAd1247,2025-04-02
Un-Rumble,2025-04-02
Zealousideal-Ad7578,2025-04-02
inebriatedmechanic,2025-04-02
futuregravvy,2025-04-02
EducationalBike3141,2025-04-02
drlornadoone,2025-04-02
ResistenceSince12025,2025-04-02
Junior_Shop_4143,2025-04-02
RebornSun15,2025-04-02
Ill-Adeptness-9443,2025-04-02
Creepy_Discount_9550,2025-04-02
GeminiPrincess525,2025-04-02
JustAnotherGeek12345,2025-04-02
Mad_Max2021,2025-04-02
Efficient_Mix_6654,2025-04-02
CaterpillarAlarmed33,2025-04-02
Over-Independent3191,2025-04-02
ScreenProper3291,2025-04-02
Immediate_Mention_21,2025-04-02
Ready-Ad6113,2025-04-02
DeltaB26,2025-04-02
Optimal-Manner-3346,2025-04-02
Additional-Tap7466,2025-04-02
AlaskanRobot,2025-04-02
lumostheworld,2025-04-02
Agreeable_Plankton12,2025-04-02
Desiree-Garcia-13,2025-04-02
CatGrl01,2025-04-02
Nice_Phrase5993,2025-04-02
Character_Race9061,2025-04-02
MeasurementMost9247,2025-04-02
PerilousExemplar,2025-04-02
Able-Education-250,2025-04-02
OrganicAwareness4224,2025-04-02
No_Classic_2467,2025-04-02
cziomek,2025-04-02
Marodder,2025-04-02
Ok_Bonus6828,2025-04-02
trinarogue,2025-04-02
OfficialAV2,2025-04-02
MySaltSucks,2025-04-02
SchoolTop3854,2025-04-02
RadMan6996,2025-04-02
LeadingExciting873,2025-04-02
throwrafarthest,2025-04-02
International-Ad7295,2025-04-02
princesspinto1,2025-04-02
Responsible_Pass545,2025-04-02
Past-Question2242,2025-04-02
Adventurous-Hair-925,2025-04-02
joeballz67,2025-04-02
Brilliant_Might_247,2025-04-02
Great-Arugula-3669,2025-04-02
axios,2025-04-02
AbominableD43,2025-04-02
Loose_Customer3727,2025-04-02
cassiopetetragon,2025-04-02
EquivalentLynx1632,2025-04-02
Red-Planet25,2025-04-02
Jimbo-Kern,2025-04-02
dalidagrecco,2025-04-02
Disastrous-Bench-783,2025-04-02
Stunning_Support_181,2025-04-02
phasmatid,2025-04-02
daisypoop_,2025-04-02
Heavy-Pizza-6519,2025-04-02
Snarlezz,2025-04-02
Useful_Professor_409,2025-04-02
sensitive_planti,2025-04-02
Critical-Ad-8097,2025-04-02
MMango90,2025-04-02
feublanc,2025-04-02
LocationFlashy2819,2025-04-02
GiftActual2788,2025-04-02
stayc_q,2025-04-02
fsuopoly,2025-04-02
Pretty-Resident5022,2025-04-02
sano91,2025-04-02
MersaultMax,2025-04-02
TheRenzo88,2025-04-02
tantimodz,2025-04-02
Dramatic_Schedule196,2025-04-02
OwnAd9524,2025-04-02
Elegant_Raccoon_1691,2025-04-02
CompetitiveMath8650,2025-04-02
Brauro_GM4,2025-04-02
Similar_Profession_1,2025-04-02
bleakhouse56,2025-04-02
curaconsulting,2025-04-02
Ancient-Ranger4603,2025-04-02
dimpalla,2025-04-02
Wooden_Produce_7704,2025-04-02
Long_Choice_9481,2025-04-02
tuffwipes,2025-04-02
Fine_Day_1469,2025-04-02
Bulking-Era-2000,2025-04-02
BigDWhiteBoi,2025-04-02
ZookeepergameFine936,2025-04-02
WorthStatement4,2025-04-02
Flimsy-Fortune-6437,2025-04-02
JustanotherKoolcat,2025-04-02
toxic_badgers,2025-04-02
Apacheguru,2025-04-02
Main_Tax7334,2025-04-02
Accomplished-Day3292,2025-04-02
Cautious-Amphibian30,2025-04-02
ExplanationNeither59,2025-04-02
FullDisclosure42,2025-04-02
Prestigious_Nose7160,2025-04-02
Expensive-Leg-3605,2025-04-02
Sad-Scallion8038,2025-04-02
endless_thread,2025-04-02
Souljoy50,2025-04-02
Rise_of_Resistance,2025-04-02
talktothehand228,2025-04-02
Educational-Help9803,2025-04-03
rightherewriten0w,2025-04-03
23Fern139,2025-04-03
AlternativeActual424,2025-04-03
kitkatterroo,2025-04-03
ShyOwlGrrLa,2025-04-03
SlowSignificance9112,2025-04-03
RedHam42,2025-04-03
Trick_Original7120,2025-04-03
Acceptable_Judge321,2025-04-03
odette_renard,2025-04-03
OkYoung2761,2025-04-03
DonaldTrumpsThumbs,2025-04-03
Forbidden_Physics,2025-04-03
Sad-Manner2491,2025-04-03
CombinationOne4747,2025-04-03
Tintoverde,2025-04-03
Kind_Civil_Servant,2025-04-03
Next-Macaroon6777,2025-04-03
Grouchy_Theme_4592,2025-04-03
nfs_user,2025-04-03
Due_Froyo8101,2025-04-03
Psychological-Bike70,2025-04-03
Homeless-with-Beans,2025-04-03
Initial-Problem-7571,2025-04-03
lethia333,2025-04-03
One-Passenger9966,2025-04-03
CryptoGuy6900,2025-04-03
mountainclimber1998,2025-04-03
MissMarvel76,2025-04-03
QueenbyHearts,2025-04-03
zooomenhance,2025-04-03
Elme_Aranysarga,2025-04-03
needstoknow23,2025-04-03
Hopeful-Repeat770,2025-04-03
Big_Appearance9936,2025-04-03
Actual_Impression175,2025-04-03
Fluffy_Tone_1324,2025-04-03
velociraptorous,2025-04-03
GanacheEven1328,2025-04-03
Independent_Good1543,2025-04-03
LizzyLoechel,2025-04-03
briinde,2025-04-03
Trauma_Hawks,2025-04-03
Altruistic_Taste2948,2025-04-03
syrupserpent,2025-04-03
Bob_Sanderson,2025-04-03
Mean-Twist8279,2025-04-03
tailsntrails,2025-04-03
Impressive_Town_5835,2025-04-03
Michigan-ducky,2025-04-03
AnxiousDirection9678,2025-04-03
burner010101,2025-04-03
wearingwoolsocks,2025-04-03
CoachToBe,2025-04-03
Informal-Stuff-4953,2025-04-03
username-8851,2025-04-03
mamaberry15,2025-04-03
DrSqueakyboo,2025-04-03
Large_Rhubarb8176,2025-04-03
clsing260,2025-04-03
BasicBid6285,2025-04-03
NH_50501,2025-04-03
Friendly-Owl-3272,2025-04-03
Beneficial_Shift5802,2025-04-03
AwkardImprov,2025-04-03
ChrisArnoldNPR,2025-04-03
Easy-Argument3378,2025-04-03
Practical-Coyote-208,2025-04-03
Alternative-Cut7260,2025-04-03
Yunzer2000,2025-04-03
PresentationLucky833,2025-04-03
CaseProfessional5579,2025-04-03
Amazing_Ad1177,2025-04-03
No-Razzmatazz9370,2025-04-03
Swimming_Soil_8073,2025-04-03
luraleekitty,2025-04-03
OberonAlter,2025-04-03
Boring_Mammoth_,2025-04-03
OliveAffectionate746,2025-04-03
Ivanthenotbad,2025-04-03
Legitimate-Bat-9388,2025-04-03
EmptyRhubarb291,2025-04-03
AssumeTheRisk,2025-04-03
OriolesrRavens1974,2025-04-03
CoverMysterious1999,2025-04-03
BKNES,2025-04-03
Otherwise_Lion5410,2025-04-03
Aggravating-Cow-6736,2025-04-03
davidwalrus2424,2025-04-03
terminalbullshit,2025-04-03
theworkeragency,2025-04-03
Pale_Relationship27,2025-04-03
FlimsyAlarm4251,2025-04-03
NoodlRS,2025-04-03
r_x_f,2025-04-03
1343nujabes40,2025-04-03
Bulky-Sugar4878,2025-04-03
No_Garbage_1176,2025-04-03
Wild-Bed-5569,2025-04-03
Then_Werewolf_647,2025-04-03
Salty-Yogurt6050,2025-04-03
Brynghildr,2025-04-03
Ok_Counter_4610,2025-04-03
Disastrous-Put8000,2025-04-03
theRadicalFederalist,2025-04-03
firesidechat71,2025-04-03
AFTA2019,2025-04-03
DefinitionBusy6453,2025-04-03
Fabulous_DayZhaVoo,2025-04-03
nerds2nerds,2025-04-03
Head-Tale-9466,2025-04-03
RaisedEyebrow87,2025-04-03
Different-Island3660,2025-04-03
Physical-Range-394,2025-04-03
Next-Chard9010,2025-04-03
Dry-Expression9558,2025-04-03
SnooMacaroons6429,2025-04-03
Beneficial-Run3055,2025-04-03
nc0221,2025-04-03
AlternativeLeg7187,2025-04-03
WanderingRosebud1989,2025-04-03
Beneficial_Pattern_5,2025-04-03
malva7997,2025-04-03
Humble-Western-9435,2025-04-03
Impossible-Kiwi-4380,2025-04-03
Substantial-Dingo509,2025-04-03
NefariousnessAway859,2025-04-03
Technical-Top4187,2025-04-03
SleepyAngel0102,2025-04-03
cglax6,2025-04-03
xtr88,2025-04-03
Key_Employee_8702,2025-04-03
sassy251224,2025-04-03
xtremeswax,2025-04-04
Plenty_Scheme,2025-04-04
Own_Disaster_0dte,2025-04-04
ThrowRA_1216,2025-04-04
Sensitive_Mood5096,2025-04-04
mologan2009,2025-04-04
My_kids_uber_driver,2025-04-04
RoutineFluid3670,2025-04-04
Maximum_Nose5890,2025-04-04
gabluv,2025-04-04
Alternative_Idea3563,2025-04-04
East_Rush,2025-04-04
Top-Ice-2042,2025-04-04
41522,2025-04-04
Fifi_Zbornak,2025-04-04
Old-Golf-1243,2025-04-04
Famous-Ad1301,2025-04-04
whyendoubleuayy,2025-04-04
Hot-Upstairs6464,2025-04-04
No-Philosopher-5012,2025-04-04
Objective_Contest_56,2025-04-04
Easy_Match_2187,2025-04-04
aldrship,2025-04-04
Initial_Scar5213,2025-04-04
icyhot_888,2025-04-04
tea_roots,2025-04-04
Consistent-End4076,2025-04-04
unfunnydog,2025-04-04
SubtotalAMG12,2025-04-04
Brief-Confidence7650,2025-04-04
Mi-Lady_Mi-Tuna,2025-04-04
jusjaycn,2025-04-04
FedUpWithRedFed,2025-04-04
Mobile-Translator-77,2025-04-04
ConsciousRecord5686,2025-04-04
No_Pause_46,2025-04-04
Futurama-Owl,2025-04-04
Plenty-Relation-7563,2025-04-04
Adorable-Canary-1521,2025-04-04
Affectionate_Pace837,2025-04-04
emgr22,2025-04-04
nubugler09,2025-04-04
autumnrose333_,2025-04-04
CA_HoosierDaddy202,2025-04-04
ahnpr,2025-04-04
econgirlrn,2025-04-04
GiraffeConstant9344,2025-04-04
Spiritual-Contest500,2025-04-04
Many-Mail-7913,2025-04-04
djohn109,2025-04-04
Rough-Hour-4065,2025-04-04
Tasty-Intention2373,2025-04-04
cornyhawkins,2025-04-04
SubstantialSquare828,2025-04-04
Odd-Vermicelli2162,2025-04-04
umbrellarainnn,2025-04-04
northstar957,2025-04-04
Human-Report-5782,2025-04-04
Automatic-Fox-8890,2025-04-04
KindnessAndSarcasm,2025-04-04
No_Passage7440,2025-04-04
kn33,2025-04-04
Unlucky-Speed-8311,2025-04-04
half_mt_half_full,2025-04-04
PothosPursuit,2025-04-04
trumpshurryballs,2025-04-04
Icy_Garlic3542,2025-04-04
Human-Connection5279,2025-04-04
Ok_Series_8428,2025-04-04
adaking13,2025-04-04
Random-Account-74,2025-04-04
Disastrous_Motor506,2025-04-04
Empty_Group_8121,2025-04-04
trumps_dui_hire,2025-04-04
Medical_Season_7544,2025-04-04
Jratte79,2025-04-04
LawInevitable8103,2025-04-04
ClubSuperb,2025-04-04
Ok_Wish_4211,2025-04-04
xenophon123456,2025-04-04
Allmylittlethoughts,2025-04-04
Fapaccount2690,2025-04-04
AccidentAdorable68,2025-04-04
StatesmanDemosthenes,2025-04-04
thicckmints,2025-04-04
Honest_Search2537,2025-04-04
CronicSloth,2025-04-04
keyma29,2025-04-04
Capable_Bridge_3114,2025-04-04
LittleAvocado3852,2025-04-04
Jonathan0101,2025-04-04
OnALifeJourney,2025-04-04
Brilliant-Potato-218,2025-04-04
Flash-Gordo,2025-04-04
Specialist_Cod280,2025-04-04
waywardk,2025-04-04
JohnQThrowaway1234,2025-04-04
Significant_Clue_920,2025-04-04
Free_Fiddy_Free,2025-04-04
dajah23,2025-04-04
Aetobatus_bunnibunni,2025-04-04
craisinfiend,2025-04-04
No_Balance_7049,2025-04-04
SmoothPantaloons,2025-04-04
ReadUnlikely3702,2025-04-04
Turtles3285,2025-04-04
SandsOfPortmeirion,2025-04-04
SlothSlothAardvark,2025-04-04
Live_Roof_2353,2025-04-04
InternalEconomics423,2025-04-04
purple_fuzzy,2025-04-04
mtdebco,2025-04-04
PositiveEntire8792,2025-04-04
Nack18,2025-04-04
CuriousReader515,2025-04-04
Straight-Respect-776,2025-04-04
Background-Net-8269,2025-04-04
FlightEntire3531,2025-04-04
Straight_Cricket_117,2025-04-04
Oh-My-TVC-One-Five,2025-04-04
Otherwise-Data6698,2025-04-04
vashtisrevenge,2025-04-04
redheadeddemon49,2025-04-04
Logical_Weekend_2354,2025-04-04
Sea-Ant-4842,2025-04-04
damien8485,2025-04-04
HiHungry_Im-Dad,2025-04-04
AzHighLander,2025-04-04
chikamnele,2025-04-04
NorthBusiness2981,2025-04-04
arffnick,2025-04-04
Consistent_Apricot32,2025-04-05
RavenzFan88,2025-04-05
OneRub3234,2025-04-05
AncientManagement885,2025-04-05
boredPampers,2025-04-05
Aggravating-Gur-7148,2025-04-05
Worldly_Respect6099,2025-04-05
LongjumpingContact46,2025-04-05
BattleMountain8062,2025-04-05
FloranceMeCheneCoder,2025-04-05
Psychological-Ebb443,2025-04-05
Surge516,2025-04-05
Mysterious-Rain-9655,2025-04-05
UnicornMarch,2025-04-05
ConsiderationAny1520,2025-04-05
Primary_Aardvark_507,2025-04-05
IndependentCarpet740,2025-04-05
sidewalkcrackers,2025-04-05
Fatbusstrain,2025-04-05
Arv28,2025-04-05
PhysicalCry7218,2025-04-05
Outrageous-Rain7653,2025-04-05
jellysaur97,2025-04-05
Potential-Knee-8119,2025-04-05
CompetitionTight6190,2025-04-05
modern_idiot13,2025-04-05
Tulip_Lady22,2025-04-05
DOD_KO_85,2025-04-05
Cautious-Cat-7377,2025-04-05
8bitRPG,2025-04-05
Ouiouilebroccoli,2025-04-05
ReelGoatBRR,2025-04-05
CoreaValor,2025-04-05
Slight-Combination46,2025-04-05
PresentMammoth5188,2025-04-05
Odd_Percentage3892,2025-04-05
2ork,2025-04-05
Intelligent_Pea_6035,2025-04-05
imthelostlieutenant,2025-04-05
Plastic_Cucumber_330,2025-04-05
Affectionate-Note527,2025-04-05
RollPuzzleheaded9295,2025-04-05
Cherie_2018,2025-04-05
Brief_Efficiency_712,2025-04-05
Affectionate-Bat1990,2025-04-05
PrudentMaterial30,2025-04-05
bugboi,2025-04-05
Particular-League902,2025-04-05
UnusualTwo4226,2025-04-05
FOIAfight,2025-04-05
MoodyShark_021983,2025-04-05
themirroredtake,2025-04-05
SebThePleb,2025-04-05
fedthrowaway98,2025-04-05
Drumcraft01,2025-04-05
Willing-Advantage890,2025-04-05
Humanist_NM,2025-04-05
Maximillian73-,2025-04-05
Beneficial-Mine-8832,2025-04-05
WildwestScrapper,2025-04-05
Dadbert97,2025-04-05
DownUnder_track,2025-04-05
XQMi,2025-04-05
Tough_Garden5995,2025-04-05
Colebaltz,2025-04-05
meltysandwich,2025-04-05
Hagbard777,2025-04-05
SimilarStrawberry848,2025-04-05
Think-Cake-3761,2025-04-05
PossibleFederal1572,2025-04-05
Great_Service4179,2025-04-05
__wampa__stompa,2025-04-05
Mysterious-Depth-421,2025-04-05
nullstacks,2025-04-05
No_Wrap8399,2025-04-05
lucygoosey99999,2025-04-05
Mayday_Sister,2025-04-05
WNCbiGuy,2025-04-05
RenkenCrossing,2025-04-05
bigdaddyy26,2025-04-05
coldstop97,2025-04-05
VinToni,2025-04-05
Constant_Half_3668,2025-04-05
Terrible_Patience935,2025-04-06
impersonal-brand,2025-04-06
ResidentSmall2095,2025-04-06
Spoonie_Megumi,2025-04-06
Dismal-Performer3558,2025-04-06
thatll_doo,2025-04-06
ContributionNeat2831,2025-04-06
No-fightin,2025-04-06
mikesmyroommate,2025-04-06
Agat-aCatMom,2025-04-06
putathorkinit,2025-04-06
Taliesin5899,2025-04-06
levetzki,2025-04-06
Ambitious-Shop3506,2025-04-06
Jaynkay1007,2025-04-06
Dwightsalterego,2025-04-06
Efficient-Lynx-2225,2025-04-06
Full-Sun-9076,2025-04-06
ScoreSenior4515,2025-04-06
well-damnn,2025-04-06
EstateAppropriate224,2025-04-06
Ok-Penalty7066,2025-04-06
No_Chemist_9490,2025-04-06
No_Initiative7178,2025-04-06
Green_Molasses_6381,2025-04-06
Emotional_Grass_498,2025-04-06
Responsible-Ant7558,2025-04-06
carpetbagger57,2025-04-06
SuccotashUpset3447,2025-04-06
MongooseSlow9115,2025-04-06
Rangerrangerpark,2025-04-06
EducationalPen1637,2025-04-06
GreenChiliSweat,2025-04-06
Civil-Inspection-997,2025-04-06
No-Case-4873,2025-04-06
MainInvestigator5678,2025-04-06
ByronicallyAmazed,2025-04-06
DEI_Hiree,2025-04-06
Confident-Cap-9270,2025-04-06
dbsncds,2025-04-06
Professional_Fox6953,2025-04-06
Spader031,2025-04-06
Hot_Papaya4054,2025-04-06
Seve_112,2025-04-06
TillVegetable1389,2025-04-06
WholeWhile9563,2025-04-06
Curious-Worth2190,2025-04-06
Ancient-Piano8700,2025-04-06
AggravatingAccess272,2025-04-06
Jubilee91,2025-04-06
Dramatic_Link_5992,2025-04-06
figuring_ItOut12,2025-04-06
cak2814,2025-04-06
Weird-Possession845,2025-04-06
Capital_Ladder_5826,2025-04-06
Ok-Tadpole2129,2025-04-06
Fluid-Mix-6496,2025-04-06
Ok-Butterscotch-3743,2025-04-06
eremocitrus,2025-04-06
Capital_Wait942,2025-04-06
Practical_Topic_6502,2025-04-06
WinningHoofPicks,2025-04-06
gooseneck123456,2025-04-06
According-Clue7928,2025-04-06
IndependenceIll9617,2025-04-06
Terrible-Donut-2027,2025-04-06
ManufacturerBubbly20,2025-04-06
SufficientParsley813,2025-04-06
wekeepamericarunning,2025-04-06
Icy-Vehicle4125,2025-04-06
ttsamoht,2025-04-06
Solid-Coyote9735,2025-04-06
Perfect_Skin2468,2025-04-06
AdConsistent8678,2025-04-06
ugh110,2025-04-06
Dodiandjean,2025-04-06
RevelationSr,2025-04-06
ImmediateSyrup7328,2025-04-06
CaseOdd9862,2025-04-06
g1nger_sn4p,2025-04-06
sarastrikesback,2025-04-06
WiseCityStepper,2025-04-06
PhysicsInMotion1,2025-04-06
GillyWilly21,2025-04-06
007Chromer,2025-04-06
ElderBerryMogul,2025-04-06
SoaringAcrosstheSky,2025-04-06
darkundereyebags,2025-04-06
nosee-um,2025-04-06
Excellent_Ad_3223,2025-04-06
Academic_Compote_858,2025-04-06
Zippotro,2025-04-06
No_Limit_8806,2025-04-06
FutureLimp554,2025-04-06
oldeK5Blazer,2025-04-06
ImThe-Boss-1972,2025-04-06
Suspicious_Yard9715,2025-04-06
Specialist_Ad_4647,2025-04-06
Narrow-Specialist148,2025-04-06
AltruisticHat5837,2025-04-06
pestocreamchicken,2025-04-06
K38DS,2025-04-06
Former_Shower2376,2025-04-06
bondgirl88,2025-04-06
Icy-Razzmatazz8772,2025-04-07
Ok-Cricket-9935,2025-04-07
Classic-Effective391,2025-04-07
Sweaty-Mix9967,2025-04-07
OrangeIvyy,2025-04-07
Far-Molasses-7112,2025-04-07
Ccc1111ccc,2025-04-07
Salt-Minute9214,2025-04-07
DeLaIslaPR,2025-04-07
Main_Window_9547,2025-04-07
No-Worldliness-4740,2025-04-07
No_Panda_7164,2025-04-07
Ill_State9479,2025-04-07
RolyPolyGuy,2025-04-07
highlightergrey,2025-04-07
Next-Report9284,2025-04-07
AWoz2,2025-04-07
Specific_Finger_4678,2025-04-07
Apatschinn,2025-04-07
HereWeGo_Steelers,2025-04-07
Bob-pistachio1969,2025-04-07
TheExpressUS,2025-04-07
Emotional_Guest9349,2025-04-07
Ellie7887,2025-04-07
OldBook2385,2025-04-07
Christia_Zero,2025-04-07
euthymides515,2025-04-07
CauseLow5696,2025-04-07
Wulfgar51,2025-04-07
Electronic_Bet_5212,2025-04-07
sbraz64,2025-04-07
DeannaHR,2025-04-07
QueeLinx,2025-04-07
SubstantialPie4783,2025-04-07
AwkJiff,2025-04-07
FckMuskkk,2025-04-07
InterestingDay9847,2025-04-07
Accomplished-Fun9129,2025-04-07
TurbulentHoliday3588,2025-04-07
revelation22_5,2025-04-07
Fickle-Juggernaut-97,2025-04-07
HappyScallion2433,2025-04-07
WonderingNomadicWish,2025-04-07
MySpoonsAreAllGone,2025-04-07
AnnualNovel3736,2025-04-07
Puzzled_Computer_649,2025-04-07
National_Cow_1215,2025-04-07
Reasonable-Roof-4839,2025-04-07
Twelveco,2025-04-07
Necessary-Rip4674,2025-04-07
Berylithanox,2025-04-07
Pretend-Wrangler654,2025-04-07
cornstalk99,2025-04-07
Low-Astronomer-3440,2025-04-07
Sandrov__,2025-04-07
Harpens14,2025-04-07
the_best_blonde,2025-04-07
The_Paper_Cut,2025-04-07
thebannedknight,2025-04-07
Open-Ad-6115,2025-04-07
Throwaway9087652,2025-04-07
Boring-Voice-1959,2025-04-07
Temporary-Lawyer-988,2025-04-07
dtb29,2025-04-07
lil-bristlecone,2025-04-07
PsiBeagle411,2025-04-07
Mermaid-1979,2025-04-07
TheZarzou,2025-04-07
irie1972,2025-04-07
klikoz,2025-04-07
Haunting_Can_4541,2025-04-07
prettyandpetty286,2025-04-07
Jtag51,2025-04-07
asheasheashe247,2025-04-07
KawaNinja500,2025-04-07
KnightFucksAlot,2025-04-07
arise-fade,2025-04-07
AdeptQuail5613,2025-04-07
Alternative-Score910,2025-04-07
Commercial-Fish-698,2025-04-07
Roxerz,2025-04-07
Federal_Prize_1886,2025-04-07
okfine79,2025-04-07
Loose_Fun641,2025-04-07
Amazing_Damage_5842,2025-04-07
Omegalazarus,2025-04-07
Intelligent_Camp5852,2025-04-07
Disgruntlfed,2025-04-07
Plus_Celebration_965,2025-04-07
anonomys1975,2025-04-07
Quiet_Significance64,2025-04-07
Imaginary_Wealth8907,2025-04-07
FillFar1458,2025-04-07
Desperate_Mall676,2025-04-07
Sufficient-Poem-8278,2025-04-07
Sensitive-Arm-6538,2025-04-07
No_Duck539,2025-04-07
ProfessionalRub7645,2025-04-07
False_Kangaroo_9816,2025-04-07
Training_Oil4435,2025-04-07
fallingdowndizzyvr,2025-04-07
Fresh-Ad7262,2025-04-07
Glad-Sentence4543,2025-04-07
Which-Invite7392,2025-04-07
Il_calvinist,2025-04-07
Fancy-Mix443,2025-04-07
RefrigeratorGlass700,2025-04-07
drsandwichphd,2025-04-07
Dangerous-Detail-569,2025-04-07
Whole_Box_O_CheezIts,2025-04-07
Acceptable_Ad3030,2025-04-07
Old-Conversation-565,2025-04-07
ladipineapple,2025-04-07
Humble-Ambassador878,2025-04-07
tuanusmc,2025-04-07
Interesting-Worth-48,2025-04-07
Thiccolo876,2025-04-07
cls4444,2025-04-07
Wonder_Efficient,2025-04-07
CommercialEye8001,2025-04-07
SimonBumblefuck,2025-04-07
MudInner473,2025-04-07
dontknowdontcare18,2025-04-07
Mental-Discipline243,2025-04-07
Agile-Order-9277,2025-04-07
No-Hat-8365,2025-04-07
notorious_W_I_G,2025-04-07
Adept-Lengthiness-10,2025-04-07
Old-History-6154,2025-04-07
coloredcups99,2025-04-07
Jacobisbeast16,2025-04-07
Open_Catch2191,2025-04-07
AnonymousBrowser6969,2025-04-07
Total-Buy-9525,2025-04-07
tmj_4477,2025-04-07
cama9572,2025-04-07
Sgt_Snuffy,2025-04-07
Particular_Bad1181,2025-04-07
smartcookie9,2025-04-07
Knarf_53,2025-04-08
Ok-Maintenance-870,2025-04-08
bmd539,2025-04-08
r91745,2025-04-08
Any-Register-1541,2025-04-08
Simone618,2025-04-08
Actual-Face-5616,2025-04-08
Pure_Growth_9944,2025-04-08
Vegetable-Ad-1422,2025-04-08
chengisk,2025-04-08
joeeda2,2025-04-08
Pleasant-Ad-8188,2025-04-08
entfreak,2025-04-08
donnyb2017,2025-04-08
Material-Fisherman52,2025-04-08
Intelligent_Milk8275,2025-04-08
Bob-aye,2025-04-08
chocolateshake12,2025-04-08
Level_Ad_7634,2025-04-08
feddup777,2025-04-08
CobblerLazy20,2025-04-08
Sufficient_Power1394,2025-04-08
jc-throw-away,2025-04-08
ImpossibleDivide8691,2025-04-08
Resident-Mushroom-90,2025-04-08
Kona_Storm,2025-04-08
Specific_Love_8074,2025-04-08
Slow-Positive-6621,2025-04-08
KrisKred_2328,2025-04-08
Objective_Ring9924,2025-04-08
KyleSherzenberg,2025-04-08
Traditional_Lime_323,2025-04-08
Indoor_Ficus,2025-04-08
ktn330,2025-04-08
ChaoticImpulser,2025-04-08
bellesita,2025-04-08
Suspicious_Patient28,2025-04-08
Striking_Lynx_776,2025-04-08
Farebootman,2025-04-08
Awkward-Fault2370,2025-04-08
Key_Football9412,2025-04-08
dcctk,2025-04-08
GroovyMan10,2025-04-08
spaztula,2025-04-08
meh4257,2025-04-08
southernlystargazer,2025-04-08
Ok-Revolution2026,2025-04-08
Sudden-Farm-271,2025-04-08
UCantCMe10,2025-04-08
Euphoric-Cap-6412,2025-04-08
KillerBengalDad,2025-04-08
Deedsnotmemes,2025-04-08
verdatum,2025-04-08
Beginning_World_5917,2025-04-08
ValuableAd1477,2025-04-08
Less-Studio-8237,2025-04-08
pdo6,2025-04-08
Guccithegreat173,2025-04-08
Brilliant-Total6482,2025-04-08
apatheticleagle,2025-04-08
Illustrious-Panda685,2025-04-08
Full_Individual9934,2025-04-08
Thumb_fingers,2025-04-08
MarshMarig0ld,2025-04-08
BushesNonBakedBeans,2025-04-08
Tasty_Garlic7160,2025-04-08
exoforthewinn,2025-04-08
Connect_Slide_474,2025-04-08
TeslaPittsburgh,2025-04-08
Imaginary_Impact_310,2025-04-08
Themyscira178,2025-04-08
bjgis,2025-04-08
kleftarcle,2025-04-08
Specialist_Age_18,2025-04-08
Beneficial_Cap_997,2025-04-08
Informal_Mistake9583,2025-04-08
AloneAnywhere5717,2025-04-08
Spare-Wolverine1954,2025-04-08
Massive_bagholder,2025-04-08
Pristine-Scar2464,2025-04-08
Bingo0070,2025-04-08
maverick0087,2025-04-08
KingHades_24,2025-04-08
VibeyMars,2025-04-08
wsumba99,2025-04-08
Stonedflame,2025-04-08
Comfortable_Spot8166,2025-04-08
Toekage,2025-04-08
Zealousideal-Idea979,2025-04-08
1WomanSOP,2025-04-08
Glass_Historian2489,2025-04-08
TyrionBean,2025-04-08
Snowflowerstudios,2025-04-08
BurningLegions,2025-04-08
Fine_Engineering9468,2025-04-08
ChunkyWonderWoman,2025-04-08
No_Instruction2033,2025-04-08
beerncupcakes,2025-04-08
granger327,2025-04-08
Ashripp,2025-04-08
Apart-Property5732,2025-04-08
SolutionBetter6429,2025-04-08
Hefty-Technology-428,2025-04-08
onawaiowa,2025-04-08
sunshadow1,2025-04-08
ulzimate,2025-04-08
ClientDisastrous8275,2025-04-08
BillParking2084,2025-04-08
simon-mel,2025-04-08
FullMetalMarine,2025-04-08
Ok_Victory_7889,2025-04-08
PressureReal6031,2025-04-08
Chance-Mission-8622,2025-04-08
Rocketman7617,2025-04-08
No_Establishment122,2025-04-08
Januaryfrosts,2025-04-08
Accomplished-Pay-524,2025-04-08
No_Resort_7823,2025-04-08
Electronic-Ad2495,2025-04-08
NoIncrease1920,2025-04-08
Sweaty-Coast-9635,2025-04-08
CherryBlossom858,2025-04-08
TheMirrorUS,2025-04-08
Far_Signature_6192,2025-04-08
Maleficent_Hair_5954,2025-04-08
Apprehensive-Abies75,2025-04-08
Proper-Hand3545,2025-04-08
InvestigatorBig4588,2025-04-08
SoSpice98,2025-04-08
Which-Implement4900,2025-04-08
HelpingHandsUs,2025-04-08
Thin-Mathematician64,2025-04-08
AdUnhappy6965,2025-04-08
Confident-Fun7464,2025-04-08
That-Scallion-5237,2025-04-08
Ok-Hotel-9097,2025-04-08
Rockachillydude,2025-04-08
wlbayles,2025-04-08
Both-Commercial-7643,2025-04-08
lovelife0011,2025-04-08
jsc1429,2025-04-08
ModernSaraK,2025-04-08
chilefuqdemfolks,2025-04-08
South_Celery2134,2025-04-08
StructureOk2157,2025-04-08
Clappalachian,2025-04-08
Aggravating_Farm1321,2025-04-08
Constant-Whole7481,2025-04-08
Fun-Comfortable239,2025-04-08
RoutineExit5156,2025-04-08
Broad-Carpet-7818,2025-04-08
Emotional-Review-714,2025-04-08
Puzzleheaded-Cup2267,2025-04-08
weezerwookie,2025-04-08
bobeany,2025-04-08
Sdags93,2025-04-08
turtletank2000,2025-04-09
JudgmentJolly,2025-04-09
Federal-Indecision,2025-04-09
TheNorthmenGaming,2025-04-09
Imaginary-Raisin2176,2025-04-09
Tele_Plus,2025-04-09
SirAmbitious6407,2025-04-09
Curious-Return-5976,2025-04-09
Metalcore2,2025-04-09
CellAgitated3876,2025-04-09
irishjoez,2025-04-09
emmiginger,2025-04-09
Leader8693,2025-04-09
Odd_Consequence5539,2025-04-09
Physical-Talk6604,2025-04-09
InsignificantWitch,2025-04-09
IllustratorProud25,2025-04-09
Best_Application_350,2025-04-09
PerspectiveLive8402,2025-04-09
FrontVisible9054,2025-04-09
Nervous_Step_8847,2025-04-09
Justice4Pluto123,2025-04-09
Key_Government7750,2025-04-09
Various-Feed-2183,2025-04-09
CycleProof,2025-04-09
FishingPractical3782,2025-04-09
AFGEstan,2025-04-09
Content-End-5200,2025-04-09
CustardDepartment,2025-04-09
BananaCrackers123,2025-04-09
Simple-Temporary1677,2025-04-09
Outforjustice2025,2025-04-09
kindredanime99,2025-04-09
XOF_FGC,2025-04-09
JimCasyLives,2025-04-09
wienerthep00h,2025-04-09
A_Whole_Costco_Pizza,2025-04-09
Prestigious-Bike6553,2025-04-09
hoainguyen93,2025-04-09
wxmanwill,2025-04-09
Shot_Cancel8641,2025-04-09
filatovarthur,2025-04-09
Rude_Reserve1570,2025-04-09
Elderflower50,2025-04-09
Longjumping-Depth346,2025-04-09
hockeyguru32,2025-04-09
Puzzleheaded_Net2530,2025-04-09
gmom00,2025-04-09
Remarkable-Koala8947,2025-04-09
1-2-hiaku,2025-04-09
Bulbasauruses,2025-04-09
Chemistryperson12,2025-04-09
Airport_Comfortable,2025-04-09
justpassingthrou1292,2025-04-09
Ok_Scar3456,2025-04-09
Fun_Manufacturer9081,2025-04-09
LifeBullfrog1839,2025-04-09
superbakedveteran,2025-04-09
Wowoweewaw,2025-04-09
USNWoodWork,2025-04-09
VisualAnybody32,2025-04-09
Sufficient_Pilot1731,2025-04-09
magicpickle83,2025-04-09
ExternalCow4219,2025-04-09
NerdyChick182,2025-04-09
No_Research_8672,2025-04-09
nursely0525,2025-04-09
Empty_Economics_2174,2025-04-09
illnos,2025-04-09
Competitive_Ad291,2025-04-09
Far_Savings7839,2025-04-09
Little_purple_fox,2025-04-09
SufficientAddendum97,2025-04-09
Complete_Yard5043,2025-04-09
Tough-tedPuffin,2025-04-09
barbiegirlcruelworld,2025-04-09
NicCage1080ChristAir,2025-04-09
Laila0223,2025-04-09
wm577,2025-04-09
FixerJ,2025-04-09
gfunky23,2025-04-09
auntieviral,2025-04-09
CleanEdamame72,2025-04-09
ThrymTheGrim,2025-04-09
Global_Art1155,2025-04-09
Mother-Mail-9067,2025-04-09
Southern-Animal8216,2025-04-09
antipodeOutlaw,2025-04-09
Important_Abies7454,2025-04-09
AdSame857,2025-04-09
Visible-Tooth3231,2025-04-09
Mash4078,2025-04-09
Ordinary-Listen-6985,2025-04-09
plentyofrabbits,2025-04-09
Superb-Insect-274,2025-04-09
RobCo78,2025-04-09
Blastgirl69,2025-04-09
Money-Revolution-583,2025-04-09
Hot_Cauliflower_200,2025-04-09
Loose-Juggernaut6839,2025-04-09
yournewfave,2025-04-09
TheNOLAJohnson,2025-04-09
Competitive-Part-978,2025-04-09
AromaticMood7678,2025-04-09
jesuslivesinyou0000,2025-04-09
Substantial_Cow1884,2025-04-09
Individual0778,2025-04-09
jainiejane,2025-04-09
Cute_Two5367,2025-04-09
Thepowerverse,2025-04-09
glizzell,2025-04-09
Legitimate-Win-996,2025-04-09
Affectionate-Ad-3339,2025-04-09
Mysterious_Me_128,2025-04-09
Grapefruit-Happy,2025-04-09
Aware-Owl-6880,2025-04-09
Electrical-Peace4268,2025-04-09
t0tes0bvsathr0waway,2025-04-09
Chemical_Chemical875,2025-04-09
Tagyeriit,2025-04-09
beenthere7777,2025-04-09
OkMacaroon984,2025-04-09
bfurman78,2025-04-09
joe_burly,2025-04-09
Maxaltiness666,2025-04-09
throwtoinfinity,2025-04-09
Common-Donut6239,2025-04-09
TadpoleFamous6849,2025-04-09
Xavalda,2025-04-09
Serious-List1877,2025-04-09
Popweasel23,2025-04-09
smlpnb,2025-04-09
Medium-Egg8399,2025-04-09
kiiiindacrunchy,2025-04-09
SnooPickles55,2025-04-09
AnotherOpinionHaver,2025-04-09
mostlybugs,2025-04-09
feelmyestas,2025-04-09
ShotAbbreviations460,2025-04-09
Sorry_Appointment_20,2025-04-09
Gray_Squirrel_60,2025-04-09
Serialtorrenter,2025-04-09
Anoth3rDude,2025-04-10
QT_3-14159,2025-04-10
All-This-Chicanery,2025-04-10
chibabo,2025-04-10
Ragazzamilano05,2025-04-10
questionsnoanswers25,2025-04-10
Accomplished_Pay5503,2025-04-10
Worried-League6995,2025-04-10
neuroticlizard,2025-04-10
Appropriate_Rise_517,2025-04-10
drexter007,2025-04-10
magmaorphan,2025-04-10
ClassroomFormal1677,2025-04-10
surfstar_101_,2025-04-10
jkerley3,2025-04-10
Safe-Eagle-19,2025-04-10
GoldenGirls89,2025-04-10
Any-Explanation-6795,2025-04-10
InternationalFee6406,2025-04-10
codeagencyblog,2025-04-10
Apprehensive_Emu7223,2025-04-10
mrcphyte,2025-04-10
Rare-Razzmatazz-4639,2025-04-10
cami-lucci,2025-04-10
Diligent_Flamingo_38,2025-04-10
Any-Painter-5600,2025-04-10
_senses_,2025-04-10
Party_Tailor_5021,2025-04-10
DueVariation5937,2025-04-10
jaygut42,2025-04-10
Proud_Conference_142,2025-04-10
antoli98,2025-04-10
freespiriting89,2025-04-10
windcausecancer,2025-04-10
SnooOpinions310,2025-04-10
ComplexRhubarb463,2025-04-10
RichGuarantee7482,2025-04-10
lobstahcookah,2025-04-10
RipBitter8306,2025-04-10
chris336,2025-04-10
AcrobaticClub5558,2025-04-10
SuperbQuality5923,2025-04-10
semperreddit,2025-04-10
Grouchy_Discussion42,2025-04-10
marrichuy,2025-04-10
Ok-Interest-7734,2025-04-10
Sad_Concentrate6958,2025-04-10
Ok-Display21,2025-04-10
No-Photograph5995,2025-04-10
ShortyShaun,2025-04-10
Electronic-Shirt-897,2025-04-10
Willing-Gain2555,2025-04-10
Nihilwhal,2025-04-10
Successful_Board_357,2025-04-10
rykahn,2025-04-10
GasPrestigious8317,2025-04-10
Stats_Nerd1,2025-04-10
Medical-Intern-6235,2025-04-10
bookiedookie42,2025-04-10
Any-Fig-160,2025-04-10
spamsclub,2025-04-10
elyssely,2025-04-10
EducationalPermit616,2025-04-10
Interesting-Cut-4535,2025-04-10
Magnificool,2025-04-10
gummybearkillah,2025-04-10
Guinnguy,2025-04-10
Ok-Objective660,2025-04-10
Zima1301,2025-04-10
Moron_Yarvin,2025-04-10
Independent_Vast9796,2025-04-10
Global-Ad9080,2025-04-10
PreferenceFun5363,2025-04-10
URgrannyCALLSmeDaddy,2025-04-10
thechosen10000,2025-04-10
mattysnackwell,2025-04-10
Renegade_always_was,2025-04-10
Electrical-Weird-605,2025-04-10
NonnaHolly,2025-04-10
Rants26,2025-04-10
LightIcy_21,2025-04-10
National_Feature2900,2025-04-10
AdQuirky4730,2025-04-10
Top-Criticism-1559,2025-04-10
Few_Recognition8694,2025-04-10
Leather-Ad9566,2025-04-10
DipSet1957,2025-04-10
Relevant-Fill2424,2025-04-10
Sea-Nectarine7144,2025-04-10
LuckyNumber7__,2025-04-10
RHDay,2025-04-10
Ok_Western2470,2025-04-10
Own-Abroad-6875,2025-04-10
easement-eraser,2025-04-10
Winston_AnimalGuy,2025-04-10
PeanutOnly,2025-04-10
Reasonable-Slice5975,2025-04-10
Veingloria,2025-04-10
Maximum_Leg_2641,2025-04-10
Both_Bluebird_2042,2025-04-10
Silver-Rope-7340,2025-04-10
McGrathistan,2025-04-11
SussyPucker69,2025-04-11
rjmora87,2025-04-11
Long_Concentrate4017,2025-04-11
Ok_Gift_4190,2025-04-11
sciencegirl100,2025-04-11
-hi-mom,2025-04-11
UristMacDorf,2025-04-11
Jaktimhan,2025-04-11
allthint,2025-04-11
Ok_Equipment7844,2025-04-11
PermanentMrkr234,2025-04-11
Asleep_Draw1984,2025-04-11
Key_Control3463,2025-04-11
Cones_of-Dunshire,2025-04-11
RevolutionKindly9411,2025-04-11
gwine19,2025-04-11
Puzzleheaded_Map1148,2025-04-11
Gremlin_Rose,2025-04-11
RandomHabit89,2025-04-11
Zeppelincrash,2025-04-11
R3N3G6D3,2025-04-11
friedricenopotato,2025-04-11
Feisty_Amphibian2951,2025-04-11
FeelingAd6370,2025-04-11
nicklrsn45,2025-04-11
School_House_Rock,2025-04-11
defiant_until,2025-04-11
Gold-Ad9787,2025-04-11
sayaxat,2025-04-11
ActivityDirect2762,2025-04-11
Salt_Mammoth_6979,2025-04-11
Sever_my_wings,2025-04-11
Jukebox_fxcked_up,2025-04-11
EyeAndI,2025-04-11
Specific_Pop4984,2025-04-11
FreeSanubis,2025-04-11
ThrowMyDellAway,2025-04-11
EmphasisOutside9728,2025-04-11
Foreign_Reward1853,2025-04-11
Subicar_Racer,2025-04-11
SynapticSpeed,2025-04-11
QUESTIONS_210,2025-04-11
VW_johnny,2025-04-11
babybighorn,2025-04-11
ViewMany9028,2025-04-11
MySixHourErection,2025-04-11
da3b242,2025-04-11
blumenbloomin,2025-04-11
BlueStrawberry-07,2025-04-11
hillbillyFed,2025-04-11
toysldr78,2025-04-11
Sufficient_Age404040,2025-04-11
jewt1695,2025-04-11
TheGreermeister,2025-04-11
Letmetaxthat,2025-04-11
Fabulous_Driver_3158,2025-04-11
Severe-Panic-4767,2025-04-11
Triaxses,2025-04-11
VisualConcern,2025-04-11
myrealnamebutnot,2025-04-11
InnerResource7967,2025-04-11
Professional-Pay1574,2025-04-11
Turbulent_Goose_4524,2025-04-11
Few_Fish_1316,2025-04-11
No_Pineapple_348,2025-04-11
Experiencedcuriosity,2025-04-11
AskAgileUnemployment,2025-04-11
cornbread_apotheosis,2025-04-11
Fierce_Fig12,2025-04-11
NACL_Soldier,2025-04-11
biffbamboombap,2025-04-11
crono08,2025-04-11
Character_Reserve411,2025-04-11
isaiah123412,2025-04-11
Puzzleheaded_Fee3400,2025-04-11
Rude-Chip-4744,2025-04-11
LJ10ak11,2025-04-11
Dangerous-Archer6023,2025-04-11
femaworker98,2025-04-11
Unusual_Distance_617,2025-04-11
Exciting_Might8113,2025-04-11
curious_er,2025-04-11
jisa,2025-04-11
TAMiserable_Working,2025-04-11
Dry_Temperature9077,2025-04-11
Rare_Web_8467,2025-04-11
Away-Awareness-930,2025-04-11
bekabunn,2025-04-11
MoonLandingJoke,2025-04-11
Neverbelikedsp,2025-04-11
SeagateSG1,2025-04-11
Paperamor,2025-04-11
Grand_Rent4396,2025-04-11
Responsible_Ad6519,2025-04-11
jbeckne2,2025-04-11
Erasmus-p,2025-04-11
Rude-Post4962,2025-04-11
rockhounder1219,2025-04-11
HereForSnax,2025-04-11
Money-Frosting-9103,2025-04-11
Radicalized_Spite,2025-04-12
GroovyApparatus,2025-04-12
fluffnutter2000,2025-04-12
midnitetrader,2025-04-12
DiligentCow6194,2025-04-12
GlennCocoa-cocoa,2025-04-12
Training-Mountain623,2025-04-12
Quirky_Olive7022,2025-04-12
Substantial-Money-14,2025-04-12
slashe0,2025-04-12
Kragdar2000,2025-04-12
Hanalv,2025-04-12
JadedFun3344,2025-04-12
Inner-Masterpiece350,2025-04-12
NiceConsideration211,2025-04-12
TropicalJungleSauce,2025-04-12
darrenmtb,2025-04-12
Immediate-Bet-2735,2025-04-12
kayceeem,2025-04-12
PopularWar730,2025-04-12
Party_Use4138,2025-04-12
major_burner1,2025-04-12
LePouletPourpre,2025-04-12
Most-Arugula-4877,2025-04-12
madiiax,2025-04-12
12Stabler,2025-04-12
Justice360NY,2025-04-12
Personal_Sorbet_5732,2025-04-12
MousseAlternative915,2025-04-12
Sir__lock,2025-04-12
plasmarayne,2025-04-12
sisterofd,2025-04-12
Pensaro,2025-04-12
con_nniecan,2025-04-12
deep_in_my_mind,2025-04-12
-Ralar-,2025-04-12
Past_Republic_2667,2025-04-12
DontHogMyHedge,2025-04-12
BattleChoads,2025-04-12
boogie-202,2025-04-12
Bubbly_Beyond4193,2025-04-12
0xApurn,2025-04-12
Tiny-Ad5041,2025-04-12
NeeBob,2025-04-12
Weak_Map8927,2025-04-12
Equivalent_Bunch_621,2025-04-12
MisterSeaOtter,2025-04-12
bourbonfan1647,2025-04-12
bullsfan455,2025-04-12
Automatic_Double_466,2025-04-12
nrgashi,2025-04-12
BornRequirement934,2025-04-12
DelayIndependent9231,2025-04-12
zero-u,2025-04-12
Inevitable-Roof-4413,2025-04-12
Candyfloss-Tay975,2025-04-12
Master_Sherbet_9163,2025-04-12
drunknostradamus,2025-04-12
Glittering-Roll-3302,2025-04-13
Inner_Reflection_298,2025-04-13
Agile_Ad907,2025-04-13
No-Entertainment7913,2025-04-13
Electrical_Light0325,2025-04-13
chunkymonkey6254,2025-04-13
United-Recruitment32,2025-04-13
ybemerica,2025-04-13
Alternative_Pool_781,2025-04-13
voracioush,2025-04-13
Justthrowaway123-,2025-04-13
TheSpiciestBoy,2025-04-13
Lagoon-Poutine-4377,2025-04-13
Inner_Wheel4049,2025-04-13
Accomplished_You4754,2025-04-13
Catch-In-2100,2025-04-13
Zestyclose-Hour-6261,2025-04-13
naio387,2025-04-13
Weird-House876,2025-04-13
OkDirt7834,2025-04-13
InformationVast5034,2025-04-13
Prudent_Ad_5898,2025-04-13
HawYeeorYeeHaw,2025-04-13
BookkeeperNo1888,2025-04-13
Altruistic-Quit5656,2025-04-13
Longjumping_Safe7307,2025-04-13
ShittyUsernane1222,2025-04-13
MarkFaceberg,2025-04-13
EvilEwok82,2025-04-13
AmericanSamurai1,2025-04-13
WhoDat4ever,2025-04-13
91Suzie,2025-04-13
jeidhenspm,2025-04-13
fedworker123,2025-04-13
ThrowRA2023nic,2025-04-13
Secret-District-4814,2025-04-13
No_Jacket3849,2025-04-13
ShadowElite86,2025-04-13
AffectionateVirus473,2025-04-13
CryConfident2040,2025-04-14
adviceseeker789,2025-04-14
polarbear622,2025-04-14
travelfish197,2025-04-14
Flimsy-Broccoli1351,2025-04-14
FewGreen9751,2025-04-14
Natural-Material6229,2025-04-14
ULTRA_Plinian,2025-04-14
Hefty_Imagination_95,2025-04-14
Fresh-Bit-1971,2025-04-14
ArtichokePhysical656,2025-04-14
Interesting_Pen_2341,2025-04-14
fact-truth,2025-04-14
Mawaga22,2025-04-14
RIFenator,2025-04-14
Shoddy-Kangaroo-5413,2025-04-14
abowerscene,2025-04-14
goose_obtuse,2025-04-14
Throwaway_61721,2025-04-14
Adventurous-Song-317,2025-04-14
Fallen_Jalter,2025-04-14
Weird-Aspect3162,2025-04-14
epilepsyRAthrowaway,2025-04-14
Equivalent_Bank6648,2025-04-14
6fed9,2025-04-14
klmnopthro,2025-04-14
RowenaDaxx,2025-04-14
JellyfishInside9783,2025-04-14
Tiffanys69,2025-04-14
ladyhatherleigh,2025-04-14
Aggravating-Plum2937,2025-04-14
demasiado_maiz,2025-04-14
Accomplished_Tip_528,2025-04-14
Oxgod89,2025-04-14
External-Road-8103,2025-04-14
IWantToBeYourGirl,2025-04-14
WorthCanary8873,2025-04-14
Apprehensive_Jump523,2025-04-14
Mammoth-Double8234,2025-04-14
Royal-Bookkeeper-870,2025-04-14
Goose352,2025-04-14
Thenatebaker,2025-04-14
Morphiussys_owl,2025-04-14
Fullofrage02,2025-04-14
Historical-Nebula777,2025-04-14
Jillynn1966,2025-04-14
GloomySubject9256,2025-04-14
rules_of_distraction,2025-04-14
virgosvenusian,2025-04-14
2020BlowsXD,2025-04-14
Illadvisedone,2025-04-14
lynxtosg03,2025-04-14
ULinear,2025-04-14
Acceptable-Spite-136,2025-04-14
Kitchen-Strawberry68,2025-04-14
Lunasolastorm,2025-04-14
Kook_Ha,2025-04-14
Steve13---,2025-04-14
Positive-Local7933,2025-04-14
NextNefariousness996,2025-04-14
FederalTea0810,2025-04-14
Desperate-Camel3101,2025-04-14
ClaymoreJohnson,2025-04-14
Previous_Waltz_8396,2025-04-14
No-Stock-915,2025-04-14
AffectAggressive5139,2025-04-14
Life_Legend,2025-04-14
galaxyofcoffee,2025-04-14
Unfortunate_Candle,2025-04-14
Ntmsgdsb,2025-04-14
HyenaMajestic6391,2025-04-14
nottafool407,2025-04-14
Impossible_Finger156,2025-04-14
SalamanderFirm1580,2025-04-14
Alternative_Sink3395,2025-04-14
True-Investigator493,2025-04-14
Apart_Shape_4648,2025-04-14
rennny,2025-04-14
Beautiful-Ad-9422,2025-04-14
Cognitivedissident25,2025-04-14
NameIsNotBrad,2025-04-15
BFIB,2025-04-15
2be0rnot2b,2025-04-15
EngineActive8677,2025-04-15
stewart0077,2025-04-15
Few-Can-4897,2025-04-15
CatConscious7691,2025-04-15
pittsburghrunning,2025-04-15
AdditionalDust3526,2025-04-15
Ok-Adhesiveness-2849,2025-04-15
Sheepdog_Arms_2A,2025-04-15
primetime478,2025-04-15
Latter-Ad-4810,2025-04-15
Middle-Art-4302,2025-04-15
Willowbee-Sky,2025-04-15
upstec,2025-04-15
xspacetimex,2025-04-15
Usual-Lingonberry885,2025-04-15
GrandeCappuccino,2025-04-15
AliveAdvertising6615,2025-04-15
Rock_or_Rol,2025-04-15
laineyjane,2025-04-15
Right-Upstairs4606,2025-04-15
success83,2025-04-15
411andproud,2025-04-15
CuriousPennyWise,2025-04-15
Low_Ad_9967,2025-04-15
jakiahettah,2025-04-15
kipperthedog3,2025-04-15
Ill-Loan2943,2025-04-15
cph1966,2025-04-15
Here4Help17,2025-04-15
puppyhelmet,2025-04-15
puzzling_colors,2025-04-15
Unlikely-Split8896,2025-04-15
4444iiii,2025-04-15
KagomeKun014,2025-04-15
Ok-Age-6611,2025-04-15
ThrowAwayAkana,2025-04-15
Pleasant_Pilot2322,2025-04-15
GaGirrl,2025-04-15
Throwaway53575753,2025-04-15
IonicGrandeur,2025-04-15
Ok_Remote_3925,2025-04-15
johnabbe,2025-04-15
RustyMallard,2025-04-15
ninjasquirrelio,2025-04-15
Ok_Particular_2424,2025-04-15
Old_Impress_9756,2025-04-15
travtrav53,2025-04-15
Adept_Breadfruit_239,2025-04-15
Crazy_Duty_8624,2025-04-15
PalpitationNo9425,2025-04-15
borntoslack,2025-04-15
Purple-Ad-9140,2025-04-15
Hot_Air7742,2025-04-15
Competitive-Lime8784,2025-04-15
throwaway749492736,2025-04-15
amearth,2025-04-15
catdog944,2025-04-15
hopelessthrowawayfed,2025-04-15
Calm_Order5818,2025-04-15
shangdabar,2025-04-15
heatherleigh190,2025-04-15
Visible-Plankton-806,2025-04-15
Standard_Seat6471,2025-04-15
NoLeadership4096,2025-04-15
r1j1s1,2025-04-15
notaredditreader,2025-04-15
Kawananakoa,2025-04-15
scarn_mike,2025-04-15
zero_sum_,2025-04-15
kbmj3,2025-04-15
Wise_Moose_4479,2025-04-15
AskMysterious77,2025-04-15
Designer-Salt8146,2025-04-15
AwardNotice_404,2025-04-15
Small_Implement3702,2025-04-15
CoorsLightWerewolf,2025-04-15
ManagementCool5511,2025-04-15
MsGoal,2025-04-15
premthakker,2025-04-15
Altruistic-Ask5928,2025-04-15
tjleggz,2025-04-15
FedPostThrowAway,2025-04-15
The_7th_Guest_Died,2025-04-15
FrancisHungry,2025-04-15
Proud_Doughnut7664,2025-04-15
Effective-Quiet-7580,2025-04-15
What_now99,2025-04-16
Fit_Elk_4505,2025-04-16
geek4310,2025-04-16
Embarrassed-Value451,2025-04-16
LateNightProgrammer,2025-04-16
DahSheddersFool,2025-04-16
throwaway-coparent,2025-04-16
peva3,2025-04-16
Forsaken-Orange-9467,2025-04-16
ForsakenPoptart,2025-04-16
emelleml,2025-04-16
HailState2023,2025-04-16
Every_Knowledge_5303,2025-04-16
PotentialEmu6582,2025-04-16
Far_Inevitable_4156,2025-04-16
Fun_Abbreviations498,2025-04-16
ClimbinBanjo,2025-04-16
VirusSubstantial6498,2025-04-16
Nissan5566,2025-04-16
Key-Plankton-3645,2025-04-16
PoppaPott,2025-04-16
Ok_Estimate3810,2025-04-16
dogecansuckmyballs,2025-04-16
Fun_Theory8756,2025-04-16
AnnieOakley2019,2025-04-16
soilscape,2025-04-16
AFL_CIO,2025-04-16
techreview,2025-04-16
PapaSenpaiOwO,2025-04-16
Lost-Body-5620,2025-04-16
Economy-Vegetable980,2025-04-16
Personal-Area-6145,2025-04-16
Spotless_mind24,2025-04-16
gabitronics,2025-04-16
Decent_Magician_5071,2025-04-16
Horror_Employee8216,2025-04-16
siameow,2025-04-16
Rdr700,2025-04-16
Fun_Concentrate_2918,2025-04-16
bkmfs,2025-04-16
PsychologicalLet1410,2025-04-16
OutrageousWar1069,2025-04-16
WidespreadFlyer1,2025-04-16
Credible_Confusion,2025-04-16
Lambley603,2025-04-16
Houseleek1,2025-04-16
IllustriousWaterBird,2025-04-16
Constant-Factor37,2025-04-16
calypsofed,2025-04-16
zrv8psgOS9AiWK6ugbt2,2025-04-16
First-Distance-9363,2025-04-16
ActiveYikes,2025-04-16
Sweaty-Loan-8841,2025-04-16
SilverOrnery6800,2025-04-16
NathanC777,2025-04-16
doctormink,2025-04-16
Queasy-Worker2629,2025-04-16
Ok_Chard5004,2025-04-16
JasmineTurtle,2025-04-16
Throwawayfu0,2025-04-16
Electrical-Trash3570,2025-04-16
Correct-Check-3489,2025-04-17
Merrymary1013,2025-04-17
Pope-Trauma,2025-04-17
No-Lunch-5531,2025-04-17
mamatoboys2022,2025-04-17
More_Tackle4984,2025-04-17
Financial_Lawyer5153,2025-04-17
East_Guarantee_1876,2025-04-17
gcormier56,2025-04-17
Regular_Injury2668,2025-04-17
BureauKitty,2025-04-17
Westix,2025-04-17
exoterm-freshHollow,2025-04-17
Personal-Start-4339,2025-04-17
priyaprakash11,2025-04-17
Similar_Sames262604,2025-04-17
CityHippi,2025-04-17
DontWantToSay1,2025-04-17
YoungLew15,2025-04-17
embracingfit,2025-04-17
Interesting-Maybe341,2025-04-17
Traditional_End_8402,2025-04-17
traveleroftheglobe,2025-04-17
BoarnotBoring,2025-04-17
OkEggplant2916,2025-04-17
howieanson,2025-04-17
Total_Cranberry9771,2025-04-17
Good_Macaroon_3315,2025-04-17
Revolutionary-Box670,2025-04-17
Mrstucco,2025-04-17
Adorable-Let-6402,2025-04-17
Sensitive-Trade8163,2025-04-17
meerkatzzzzz,2025-04-17
randomstuff1001,2025-04-17
Special_Telephone902,2025-04-17
Specific_Luck1727,2025-04-17
ammoniteintheshell,2025-04-17
Fancy-Effective-4754,2025-04-17
JustAnalyzing,2025-04-17
Pristine_Resident_59,2025-04-17
VerbingNounNumber,2025-04-17
Crafty-Swimmer-3728,2025-04-17
FeddieWithIt,2025-04-17
dinoranger256,2025-04-17
Notquietaccountant,2025-04-17
Delicious-Resort-134,2025-04-17
Outrageous_Diver_216,2025-04-17
VanitariusBlox,2025-04-17
OK-UnFbelievable135,2025-04-17
EveryCondition9908,2025-04-17
Due-Attention-8620,2025-04-17
mattredditac,2025-04-17
Flashy-Discount-6692,2025-04-17
Temporary-Tomato-463,2025-04-17
news_flash222,2025-04-17
EnvironmentalRuin937,2025-04-17
Financial_Setting_16,2025-04-17
Competitive-Till1811,2025-04-17
throwaway33zero1,2025-04-18
Key_Dentist_969,2025-04-18
Muted_Sheepherder779,2025-04-18
OccamsRzzor,2025-04-18
Senior_Violinist6751,2025-04-18
Brettneyinthewild,2025-04-18
Dan_Diamond_dc,2025-04-18
Efficient-Lettuce-84,2025-04-18
Dangerous-Nothing740,2025-04-18
BigLeakyNipplets,2025-04-18
Sherbet_Tiny,2025-04-18
insightfulavocado,2025-04-18
mmnuc3,2025-04-18
Secure-Budget-4853,2025-04-18
quarkjet,2025-04-18
clippy_one,2025-04-18
Flat_Acanthisitta637,2025-04-18
Crazy-Dragonfruit-44,2025-04-18
NewWedding3100,2025-04-18
NorCalCat25,2025-04-18
donkep,2025-04-18
GamingGuru42,2025-04-18
zmattioli,2025-04-18
mg2112,2025-04-18
Accomplished_Tap_405,2025-04-18
Ayurvedic_knowladge,2025-04-18
Latter-Percentage178,2025-04-18
Disgrunted_YouTuber,2025-04-18
MadCatMac,2025-04-18
RazzmatazzDense3802,2025-04-18
Culinary1,2025-04-18
AcademicHelp6674,2025-04-18
GooseNo8584,2025-04-18
AdGroundbreaking3842,2025-04-18
Low_Orchid4271,2025-04-18
VaginaeCultor,2025-04-18
US-Army-,2025-04-18
imjusthere4theplot,2025-04-18
CooperVsBob,2025-04-18
Ill_Win7237,2025-04-18
Lost_Physics_8145,2025-04-18
gull-Rip-5402,2025-04-18
Ok_Sherbert2863,2025-04-18
DingoDull4070,2025-04-18
Full-Needleworker664,2025-04-18
Old_Amphibian_2466,2025-04-18
YourLocaIMafia,2025-04-18
ProperAd3940,2025-04-18
Working_Farmer9723,2025-04-18
Training-Ticket-459,2025-04-18
Libertymedic10,2025-04-18
DaGeneralConsensus,2025-04-18
thumbsofthunder,2025-04-18
OrdinaryDay5713,2025-04-18
Left-Age-5936,2025-04-18
Ok-Escape-7787,2025-04-18
dank_tre,2025-04-18
hiitsmereddit,2025-04-18
Patriciasbrokenchair,2025-04-18
sandokingshit,2025-04-18
LBI0512throwaway,2025-04-18
BrainwormAteMyEmails,2025-04-18
DepartmentBoring4766,2025-04-18
rebeccabunch87,2025-04-18
Pmclaps_ROTMG,2025-04-18
Forsaken-Case7600,2025-04-18
OkGrowth7154,2025-04-18
Educational_Car2196,2025-04-18
HelloIAmBala,2025-04-18
timswife716,2025-04-18
Extension_Duty494,2025-04-18
Altruistic-Item1013,2025-04-18
SquirrelDue8996,2025-04-18
Ambitious-Gene302,2025-04-18
disapprovinglion,2025-04-18
Frosty-Repeat-4572,2025-04-18
Traditional_Risk5541,2025-04-18
Aromatic-Border4939,2025-04-18
Responsible_Point185,2025-04-18
bgreeene,2025-04-18
Scared-Alfalfa-327,2025-04-18
EnthusiasmAcademic18,2025-04-18
Skipper_1978,2025-04-18
ClevelandSteamer81,2025-04-18
No_Virus3745,2025-04-18
MrInfuse007,2025-04-19
FlounderNo4150,2025-04-19
National_Cat_2873,2025-04-19
docnickel,2025-04-19
userunknown2024,2025-04-19
FUBig0range,2025-04-19
storeEnzion,2025-04-19
HellzHoundz2018,2025-04-19
CatSlow1145,2025-04-19
Cool-Arugula4522,2025-04-19
Different_Attempt316,2025-04-19
Grey_Larkspur,2025-04-19
ProtectionFederal766,2025-04-19
scorchthedragoon,2025-04-19
Deep_Sea_Crab_1,2025-04-19
world_diver_fun,2025-04-19
RoomHot9930,2025-04-19
MaintenanceVivid2489,2025-04-19
Cold_Friendship838,2025-04-19
DRThomas430,2025-04-19
Puzzleheaded_Fig169,2025-04-19
HotWoodpecker5175,2025-04-19
Positive_Charge2993,2025-04-19
-Swampthing-,2025-04-19
Time-Supermarket21,2025-04-19
Willing-Truth-6081,2025-04-19
WannaKeepTruckin,2025-04-19
Affectionate_Delay16,2025-04-19
Technical_Badger_430,2025-04-19
Upset_Background_743,2025-04-19
INeedToPeeSoBad,2025-04-19
MuchasTruchas,2025-04-19
saperetic,2025-04-19
MAGAResistance47,2025-04-19
Agile-Potential-2175,2025-04-19
Happy_Clock_3326,2025-04-19
AnonymousKitty29,2025-04-19
Arctic71,2025-04-19
Stunning_Divide1668,2025-04-19
manvsinternetz,2025-04-19
Acrobatic_Picture727,2025-04-19
gijoerock,2025-04-19
DescriptionThink4412,2025-04-19
HedgehogWaterworks,2025-04-19
WhimsicalFox708,2025-04-19
Shorttia,2025-04-19
Ill_Opening_3781,2025-04-20
Ok_Sea9128,2025-04-20
SansaStark565656,2025-04-20
naseemat,2025-04-20
gguy0327,2025-04-20
go-fork-yourself,2025-04-20
Equivalent_Funny_750,2025-04-20
PhilosopherDue4112,2025-04-20
eric_california,2025-04-20
ConcernedPerson41,2025-04-20
djmanning711,2025-04-20
TeamGreen88,2025-04-20
dubloon7,2025-04-20
zonkeysd,2025-04-20
Acrobatic_Expert_686,2025-04-20
ForkMeHarderNFaster,2025-04-20
FedyKrueger,2025-04-20
BetterIT-Guide,2025-04-20
NumerousSteaks5687,2025-04-20
Antique-Earth-2028,2025-04-20
Rich_T_,2025-04-20
Odd-Coyote9432,2025-04-20
maddoxdoggy,2025-04-20
Ok-Bluebird-3902,2025-04-20
Real-Society2205,2025-04-20
Sweaty_Afternoon5279,2025-04-20
Icy_Affect_4560,2025-04-20
Imaginary_Dare6831,2025-04-21
prickadick,2025-04-21
AkronOhAnon,2025-04-21
Moist_Tailor1225,2025-04-21
QuickRelation1231,2025-04-21
DManCools,2025-04-21
Imtherightkind,2025-04-21
BurnerEDE,2025-04-21
Standard-Complex-552,2025-04-21
Acceptable-Run-1577,2025-04-21
endlesspassport,2025-04-21
Prestigious-Pass4059,2025-04-21
tate_square,2025-04-21
Ok-Arm-3756,2025-04-21
thewikiguy90,2025-04-21
bftg53,2025-04-21
jsg212,2025-04-21
Shipwreck-Siren,2025-04-21
Impossible_Song_6390,2025-04-21
Successful_Fish3904,2025-04-21
Gold_Pie_,2025-04-21
teddybundlez,2025-04-21
Separate-Energy9885,2025-04-21
Lost-Birthday-9774,2025-04-21
frazsuz,2025-04-21
No_Philosopher351,2025-04-21
HelpfulCan7393,2025-04-21
bbipain,2025-04-21
yub_nubs,2025-04-21
Rare_Occasion8517,2025-04-21
Inevitable_Tap_3539,2025-04-21
soCaliNola,2025-04-21
LaurieDee247,2025-04-21
SignificanceVivid614,2025-04-21
Other_Towel_7165,2025-04-21
Brilliant_Cloud_5759,2025-04-21
waxygirl,2025-04-21
Kingtitsmcgeere,2025-04-21
CharacterOne2487,2025-04-21
John3-16-18,2025-04-21
AmbassadorRegular433,2025-04-21
ConundrumBanger,2025-04-21
Interesting-Table660,2025-04-21
Major-Gap8984,2025-04-21
sleuth_IH_999,2025-04-21
Winter-Paper-7460,2025-04-22
Silly-Draft3672,2025-04-22
horsegurl123,2025-04-22
No_Advertising_3506,2025-04-22
Lechumchum,2025-04-22
jjheel13,2025-04-22
MagazineImpressive10,2025-04-22
DeafBringer,2025-04-22
Tough-Coffee9979,2025-04-22
HyderAli13,2025-04-22
Among_StandingPeople,2025-04-22
Downtown_Constant_56,2025-04-22
butter_brickles,2025-04-22
Working-Problem-6139,2025-04-22
Dstagg1-19,2025-04-22
Significant_Main_440,2025-04-22
Whole_Cheesecake1072,2025-04-22
Myanonymousunicorn,2025-04-22
Most-Economist9114,2025-04-22
Acceptable-Meet-816,2025-04-22
Legitimate_Peach_621,2025-04-22
Imaginary_Emu3462,2025-04-22
Traditional-King-211,2025-04-22
Phenelopane,2025-04-22
Asleep-Produce-9275,2025-04-22
ufoair,2025-04-22
ConstructionFalse638,2025-04-22
HumorImmediate5023,2025-04-22
Visible_Hamster_8296,2025-04-22
The_OG_TrashPanda,2025-04-22
Top_Sherbet_8524,2025-04-22
Who_am_i_yo,2025-04-22
Academic_Pin1166,2025-04-22
laclason,2025-04-22
dino_dijonnaise,2025-04-22
Secret-Fig2041,2025-04-22
Jafffy1,2025-04-22
Mysterious_Gain_4121,2025-04-22
anywhereperson,2025-04-22
pqueno04,2025-04-22
brookline_news,2025-04-22
selkie35,2025-04-22
ChewyChewy25,2025-04-22
chrisfathead1,2025-04-22
Embarrassed_Mix_2673,2025-04-22
No-Education3446,2025-04-22
BreakfastTop6899,2025-04-22
tactlessmike,2025-04-22
Haunting-Demand2626,2025-04-22
BK13DE,2025-04-22
Frodo2025-,2025-04-22
ExpensiveCell2613,2025-04-22
Witzlaw,2025-04-22
Legal_Lavishness1359,2025-04-22
Asleep-Extension-121,2025-04-23
AffectionateFig7229,2025-04-23
blacklist35,2025-04-23
Protect_Pro_Bono,2025-04-23
ResolutionFinal5506,2025-04-23
xtremeradness,2025-04-23
Eudaimonia-21,2025-04-23
Klutzy_Golf5850,2025-04-23
Many_Inevitable_723,2025-04-23
GameOver7000,2025-04-23
mushmouse3,2025-04-23
MeijiQ,2025-04-23
zaustedmom,2025-04-23
No_Tutor9843,2025-04-23
formerfed330,2025-04-23
Low-Bid-5782,2025-04-23
Gloomy_Activity9922,2025-04-23
Livid-Investment3946,2025-04-23
BTMTSC,2025-04-23
charmeinder,2025-04-23
kusani,2025-04-23
Objective_Two_4264,2025-04-23
Special-Ruin-4878,2025-04-23
IndicaHouseofCards,2025-04-23
Ok-Pound2419,2025-04-23
InterestingTwo835,2025-04-23
Potential_Access7274,2025-04-23
Sensitive_Glove_867,2025-04-23
ztaardust,2025-04-23
leftrightdarklight,2025-04-23
OperatorGB1,2025-04-23
PsychoMermaid456,2025-04-23
415_Sam_I_Am,2025-04-23
OptimalEnd9828,2025-04-23
Holiday-Trust-1761,2025-04-23
ProperClue,2025-04-23
JinJunRikku,2025-04-23
NothingVarious7038,2025-04-23
Internal-Ad-2771,2025-04-23
WXtheStorm,2025-04-23
ImmmaKittyCatt,2025-04-23
Bulky_Personality693,2025-04-23
anonymois1111111,2025-04-23
Icy-Culture6985,2025-04-23
Character_Unit_9521,2025-04-23
fidgety-forest,2025-04-23
mentalhealthdirector,2025-04-23
Single_Paramedic_210,2025-04-23
Plastic-Current6492,2025-04-23
Careless-Sir-6559,2025-04-23
Prestigious_Ice5104,2025-04-23
Nill_Matic82,2025-04-23
throwher_away,2025-04-23
These_Indication5392,2025-04-23
Either-Spring-8955,2025-04-23
OddSky1010,2025-04-23
Icy-Nectarine-6282,2025-04-23
Papachis,2025-04-23
Admirable-Macaron-90,2025-04-23
Key-Acanthisitta-774,2025-04-23
ses421,2025-04-23
ulukmahvelous,2025-04-24
AltruisticCry2293,2025-04-24
the_mbabe,2025-04-24
0person567,2025-04-24
Ok-Effective2561,2025-04-24
RoutineSimple8546,2025-04-24
ImDatDino,2025-04-24
ArachnidFearless3838,2025-04-24
SpaceScubaShark,2025-04-24
TheRealDeal360,2025-04-24
Which-Information-96,2025-04-24
Jaded_Presentation23,2025-04-24
caribou_crossing,2025-04-24
NixPanicus,2025-04-24
No_Operation_9385,2025-04-24
Deep-Engineer-3794,2025-04-24
FormAffectionate139,2025-04-24
upandtotheleftplease,2025-04-24
OkNecessary4767,2025-04-24
LoansPayDayOnline,2025-04-24
Few_Grapefruit5718,2025-04-24
Willing_Freedom_1067,2025-04-24
ObjectiveSpare9346,2025-04-24
CalmWolf7605,2025-04-24
Bright-Draw-4118,2025-04-24
Patient-Perception64,2025-04-24
slayyydaboots,2025-04-24
2s1lo,2025-04-24
j0j3mar,2025-04-24
Ok_Drive_9846,2025-04-24
thrwawyzzz___,2025-04-24
Jazzlike-Front6429,2025-04-24
Jaded-Cat-6584,2025-04-24
ok-egg99,2025-04-24
kierkieri,2025-04-24
Botched_Lemon,2025-04-24
IndividualTwo9884,2025-04-24
NoShare333,2025-04-24
OkRoutine5746,2025-04-24
dajausmaximus,2025-04-24
Impressive-Device957,2025-04-24
NickDerpkins,2025-04-24
Pacific2Prairie,2025-04-24
Next_Grapefruit9366,2025-04-24
dmoritzrabson,2025-04-24
airdrummer-0,2025-04-24
FreshiKbsa,2025-04-24
Helpful-Mammoth947,2025-04-24
botheredbyallthis,2025-04-24
dreww2k,2025-04-24
jimbobzz9,2025-04-24
MarkOutrageous1023,2025-04-24
Good_Phrase_2878,2025-04-24
IndependentSolid6649,2025-04-24
Certain-Butterfly441,2025-04-24
Apprehensive-Map2885,2025-04-24
Some_Ad_9354,2025-04-24
Ipso_facto_i_win,2025-04-24
Temporary_Stuff2723,2025-04-24
OkDokie_8508,2025-04-24
NobelNerdette,2025-04-24
Impressive_Shoe3537,2025-04-24
Lucky-Court9605,2025-04-24
InitialConfusion9266,2025-04-25
Holes18,2025-04-25
Fernaxton,2025-04-25
Edward_DildoHandz,2025-04-25
BandFuzzy,2025-04-25
Mountain-Link-1296,2025-04-25
amiable-aardvark,2025-04-25
CheapSpecific2933,2025-04-25
PatienceUnable9738,2025-04-25
Alarmed_Second_8422,2025-04-25
Dizzlmtn,2025-04-25
dragonfly_Jess,2025-04-25
Aggravating-Long4469,2025-04-25
Just_Dot_4919,2025-04-25
Extension-Speech787,2025-04-25
gordielaboom,2025-04-25
catm1987,2025-04-25
RoleLanky8376,2025-04-25
shrimpjambalaya,2025-04-25
Scooberdoo-,2025-04-25
No_Positive3682,2025-04-25
Upbeat-Till9414,2025-04-25
fednurse_ret,2025-04-25
Sus_1027,2025-04-25
Googs1080,2025-04-25
Typical_Damage2901,2025-04-25
BlindPanda7691,2025-04-25
auntie_,2025-04-25
Tmncums1,2025-04-25
Overall-Nobody8933,2025-04-25
mermer77,2025-04-25
Ihave72cats_,2025-04-25
TwinGingerSpice,2025-04-25
NotACardUS,2025-04-25
New-Refuse9729,2025-04-25
BooJamas,2025-04-25
Gogreengowhite1992,2025-04-25
Nearby-Half-4695,2025-04-25
Soon2Bdone,2025-04-25
Beneficial-Ad-4482,2025-04-25
HyrinShratu,2025-04-25
TallAd7523,2025-04-25
Inevitable-Top-4517,2025-04-25
SwimAutomatic3314,2025-04-25
Walk_Complex,2025-04-25
Chitowndrnurse,2025-04-25
Careful-Stress3010,2025-04-25
Far_Acanthisitta3605,2025-04-25
General_Geologist4,2025-04-25
suzpayne,2025-04-25
WayOfTheRosebuds,2025-04-25
RecipeFunny2154,2025-04-25
Historical-Fuel-574,2025-04-25
MarketingParty4582,2025-04-25
ZachPlant25,2025-04-25
robinhoof,2025-04-25
BBlackFire,2025-04-25
ComboPlattah,2025-04-25
NoDoor1577,2025-04-25
laineysma,2025-04-26
jb4479,2025-04-26
One_hung_low_69,2025-04-26
boomerdt,2025-04-26
TransmascTop,2025-04-26
brodies,2025-04-26
Chef-tastic,2025-04-26
WhiskeyOwlbear,2025-04-26
noplanman_srslynone,2025-04-26
WrongdoerPlenty6098,2025-04-26
Intelligent_Tap4250,2025-04-26
Terrible_End_8534,2025-04-26
Subject_Employee534,2025-04-26
Vegetable-Gear-1740,2025-04-26
FountainPenForSO,2025-04-26
MedievalShrink,2025-04-26
Cultural-Artichoke41,2025-04-26
imwagua,2025-04-26
Ok-Alfalfa2095,2025-04-26
Gullible-Fun-244,2025-04-26
NotAGenericRxMama12,2025-04-26
Direct-Giraffe2925,2025-04-26
ash15_gold,2025-04-26
AnonComedy_Composer9,2025-04-26
GalacticHorizons,2025-04-26
Revolutionary_Play42,2025-04-26
dcbear75,2025-04-26
PedroDiablax,2025-04-27
margarinecat,2025-04-27
Bmoon_13,2025-04-27
Accomplished_Sort468,2025-04-27
nj382,2025-04-27
PA2Jersey,2025-04-27
Cracka119,2025-04-27
One-Juggernaut8973,2025-04-27
MachewWV,2025-04-27
Livid_Wrongdoer5942,2025-04-27
Hawkeyesfo,2025-04-27
beepers48,2025-04-27
ac9116,2025-04-27
Party_Meringue9740,2025-04-27
nogo89,2025-04-27
Aggressive-Two9019,2025-04-27
Illustrious_Hyena641,2025-04-27
Lower-Ad-9178,2025-04-27
Wjldenver,2025-04-27
whiskeysummer82,2025-04-27
Good_Candidate4389,2025-04-27
Ok-Koala2933,2025-04-27
Ok_Confection_7144,2025-04-27
MS1227,2025-04-27
supongo_que_yes,2025-04-27
jball314,2025-04-27
Previous-Jeweler3373,2025-04-27
happygodavid,2025-04-27
cranky_fed,2025-04-27
King_Dav1d,2025-04-27
Wonderful_Refuse_196,2025-04-27
FeistyMembership5775,2025-04-27
Direct_Bank_1316,2025-04-27
msmelsbells,2025-04-27
Due-Membership8761,2025-04-27
OTWRK,2025-04-27
melrv,2025-04-27
Outrageous-Loss2574,2025-04-27
Perfect-Cover-3627,2025-04-27
jtc2588,2025-04-27
uzvgames,2025-04-27
TibbieMom,2025-04-28
Accomplished_Bat6425,2025-04-28
fisher_alex,2025-04-28
Boring-Tea5254,2025-04-28
Dillybeeean,2025-04-28
MarshBirdman,2025-04-28
Specific-Effort3557,2025-04-28
Ordinary_Duck3592,2025-04-28
OldParticular5986,2025-04-28
Turbulent_Cable_6303,2025-04-28
wolfplay51,2025-04-28
KLReddy802,2025-04-28
Revolutionary-Ride76,2025-04-28
True_Sun_8920,2025-04-28
Ok-Crow6174,2025-04-28
Simply_Ella_13,2025-04-28
ButterscotchGood3724,2025-04-28
CareFreeBea,2025-04-28
manamanapotato,2025-04-28
TulsaForTulsa,2025-04-28
Large-Temperature-59,2025-04-28
Moxifloxassassin,2025-04-28
Opening-Purple-6512,2025-04-28
Agreeable-Match-756,2025-04-28
LuckyVeggies,2025-04-28
jayaye_v,2025-04-28
Medium-Situation7477,2025-04-28
Beautiful_Split_6631,2025-04-28
SwingNMisses,2025-04-28
Snoo-1331,2025-04-28
PrairieScout,2025-04-28
Powerful_Two_4715,2025-04-28
Dry-Wedding7988,2025-04-28
UnderCoverShade,2025-04-28
Low-Profit4891,2025-04-28
Science-007x,2025-04-28
Josephk_5690,2025-04-28
SnooRegrets7653,2025-04-28
gigantic_johnson44,2025-04-28
legitimate_business,2025-04-28
NotWellBitch301,2025-04-28
Sensitive_Cry5867,2025-04-28
Zyph0r,2025-04-28
No_Faithlessness3349,2025-04-28
PattyMayoFunny,2025-04-28
MUsince96,2025-04-28
SoggyOatmeal228,2025-04-28
tsmay81,2025-04-28
Evencatslikeme,2025-04-28
IcyChampionship3067,2025-04-28
OutrageousBobcat9608,2025-04-28
EfficientCollar9304,2025-04-28
SpendSufficient5771,2025-04-28
altemose66,2025-04-28
Competitive_Low9204,2025-04-28
carabfit,2025-04-28
Henry_OLoughlin,2025-04-28
commanderclearly,2025-04-28
ClodiaPulchra,2025-04-28
Conscious_Bend_7308,2025-04-29
JohnLease,2025-04-29
southernyank10,2025-04-29
Gatorbait_2,2025-04-29
Aggressive_Base_4127,2025-04-29
DistributionWarm2867,2025-04-29
EdwinMcQ,2025-04-29
Relative-Anxiety-190,2025-04-29
PrestonDean,2025-04-29
Puzzleheaded_Set4524,2025-04-29
earl_lemongrab,2025-04-29
Fluffy-Incident2969,2025-04-29
res_ipsa_lowkeydork,2025-04-29
Greedy-Froyo7318,2025-04-29
brandalyne,2025-04-29
Originaltommygurl,2025-04-29
tjggriffin1,2025-04-29
87jones_smith93,2025-04-29
Monster-1337,2025-04-29
radios_appear,2025-04-29
kitebum,2025-04-29
Lumpy_Library_5349,2025-04-29
Intelligent-Lock5695,2025-04-29
walril,2025-04-29
AloneEffectiveDead,2025-04-29
Over_Parfait_2871,2025-04-29
Leadingair2045,2025-04-29
KyroWit,2025-04-29
GoldDustWoman72,2025-04-29
GIRLBOT_AI,2025-04-29
Open-Hat-4273,2025-04-29
__reeezy,2025-04-29
ComprehensiveMost803,2025-04-29
kailmck,2025-04-29
JerryH2020,2025-04-29
wed_adams,2025-04-29
Embarrassed_Owl_7994,2025-04-29
Vegetable-Diet-3400,2025-04-29
Ok-Contribution8765,2025-04-29
Gold_Praline_3124,2025-04-29
Sensitive-Yam8979,2025-04-29
CalligrapherNo4708,2025-04-29
HappyWarrior8928,2025-04-29
Mvexplorer,2025-04-29
Lazy_Asparagus_190,2025-04-29
OkPassenger897,2025-04-29
Ok_Bass_7744,2025-04-29
Faryma,2025-04-29
scoutblum,2025-04-29
Future-AI-Dude,2025-04-29
Quirky-Winner6871,2025-04-29
Vegetable_Ad_2661,2025-04-29
tmcotsirilos,2025-04-29
No_Formal8973,2025-04-29
FriendshipWooden3347,2025-04-29
Fun-Ad7733,2025-04-29
Few_Ship4355,2025-04-29
catastrophic-success,2025-04-29
Best_Disaster3876,2025-04-29
BubblyWaltz4800,2025-04-29
finallytisdone,2025-04-29
carsonp,2025-04-29
Relevant-Place-4364,2025-04-29
Realistic_Winner_863,2025-04-29
sr5983409,2025-04-29
m00dyman100,2025-04-29
OuiGotTheFunk,2025-04-29
manymeowz,2025-04-29
munkeyciao,2025-04-29
Former-Somewhere3430,2025-04-30
Exciting_Breath5414,2025-04-30
Braindeadcomment,2025-04-30
zig_usafa80_stardust,2025-04-30
440hzhwy2hell,2025-04-30
Puppy_Zone,2025-04-30
Fit-Simple4064,2025-04-30
AlphaSaintCyanide,2025-04-30
Holy_Riceballs,2025-04-30
Standard-Turnip-8360,2025-04-30
Fabulous-Practice-81,2025-04-30
esmeraldo4,2025-04-30
ZealousidealBig3056,2025-04-30
Icy_Presentation_414,2025-04-30
Appropriate_Age_4202,2025-04-30
Ohio5131,2025-04-30
Formal_Passage6022,2025-04-30
ProcessSuperb8691,2025-04-30
Acceptable_Dog_853,2025-04-30
idledmind,2025-04-30
KitchenEbb1606,2025-04-30
explanationuneasy2,2025-04-30
sadengiemain,2025-04-30
erpeck,2025-04-30
FutureChaosToday,2025-04-30
anymouse1234567890,2025-04-30
Ok-Communication7399,2025-04-30
Lady_Pearl79,2025-04-30
cKMG365,2025-04-30
ArmAffectionate9901,2025-04-30
Think-Squirrel8083,2025-04-30
vsleepy26,2025-04-30
grandzooby,2025-04-30
ProjectManageMint,2025-04-30
Maleficent-Bit-4333,2025-04-30
RealmSovereign,2025-04-30
YoullHaveToFireMe,2025-04-30
GaoCanJump,2025-04-30
CauliflowerMajor7957,2025-04-30
PCMsunderstood,2025-04-30
axion_jax,2025-04-30
Intelligent_Ebb7221,2025-04-30
Jendkopp,2025-04-30
BlueWeasel2003,2025-04-30
Reocares1,2025-04-30
Puzzleheaded-Fall193,2025-04-30
creativefilmmaker,2025-04-30
Mission_Plastic2295,2025-04-30
a-slothly-slothworld,2025-04-30
Humble-Echo-4063,2025-04-30
No_Ruin9274,2025-04-30
CompotePure,2025-04-30
topoi,2025-04-30
WhateverUSayJ,2025-04-30
Exciting_Delivery369,2025-04-30
serack,2025-04-30
V_DocBrown,2025-04-30
Low-Television7785,2025-04-30
