author,date
viralvdoz,2022-11-12
BadDaddy42069,2022-11-16
a_mystical_guy,2022-11-17
CatieMacHogan,2022-11-18
Overall_Mirror5328,2022-11-18
Ok-Director1981,2022-11-20
rohitgupta010,2022-11-22
johndoedough8,2022-11-25
Yob-Dab,2022-11-26
MarryBen2000,2022-12-02
RevolutionarySea7795,2022-12-03
redditlurker91939,2022-12-06
Sn8keiis,2022-12-09
victormary45,2022-12-23
TuDads,2022-12-27
MrComedy325,2023-01-05
TalentiveINC,2023-01-05
abcjlin,2023-01-11
joelkalonji,2023-01-13
johnruben,2023-01-14
deeantolik,2023-01-18
AdventurousStuff3761,2023-01-19
Crafty-Cabinet2777,2023-01-20
soup_d0gg,2023-01-22
trumpfamily2020,2023-01-23
leventask,2023-01-23
yourtechstoryblogs,2023-01-25
ValuableMysterious27,2023-01-26
Weak-Team7129,2023-01-26
CloudWhizard,2023-01-27
CryptographerEarly41,2023-01-27
onehandwonderman,2023-01-28
Accomplished_Box_324,2023-01-31
GoodAd5004,2023-01-31
Decent_Corgi_375,2023-02-01
chibban,2023-02-01
acroman10,2023-02-03
PuddingUnfair7279,2023-02-03
SeaTraditional4913,2023-02-05
OutAndAbout87,2023-02-06
OkAssistance1545,2023-02-07
Famous-Raise-6411,2023-02-08
coo1lime,2023-02-08
Niche_Profile,2023-02-13
Emma_Kim_28,2023-02-16
lillethreed,2023-02-16
evergreentechno,2023-02-19
Ron1ncat,2023-02-20
Chicken_Fancie,2023-02-20
alvisanovari,2023-02-20
CaptainGaslight,2023-02-21
you_can_choose,2023-02-22
Still-Standard-7086,2023-02-23
Automatic_Accident43,2023-02-23
sushiandcocktails,2023-02-23
Reddit_Chandra,2023-02-28
Formal_Challenge_542,2023-03-01
workersright,2023-03-02
Thunderflex1,2023-03-04
Clod89,2023-03-10
sickntiredoffbs,2023-03-11
Navisidhu95,2023-03-12
redbrowngreen,2023-03-21
Dependent-Lemon8877,2023-03-21
dhanushnehru,2023-03-22
Sea_Independent_7484,2023-03-22
__AlwaysLearning__,2023-03-24
irishgingerbeard,2023-03-29
Sankarshan11234,2023-03-29
Bobby_Luv,2023-03-29
PROGamerAyushjav123,2023-04-01
MelodicTelevision401,2023-04-03
PerplexedandMessed,2023-04-04
HeftyIndependence393,2023-04-04
Loud_Newspaper3412,2023-04-05
TracyCamaron,2023-04-06
Same_Ad4749,2023-04-12
Affectionate-Alps935,2023-04-14
jgai,2023-04-14
Shoddy_Situation_19,2023-04-17
No_Foundation3175,2023-04-18
Bluesky4meandu,2023-04-19
ScribblesAsAService,2023-04-20
chabrown86,2023-04-24
achtung94,2023-04-27
Myfirstfakeusername,2023-04-28
Ok-Village3436,2023-04-29
ShortStackTsuki,2023-04-30
TapTalent_dot_ai,2023-04-30
Lost_Supermarket_582,2023-05-01
No_Category_8196,2023-05-02
Great_Profit_9770,2023-05-03
Creative_Seesaw8921,2023-05-04
Conscious-Estimate30,2023-05-06
Least-Engine-6683,2023-05-07
Solid_Cloud_5665,2023-05-07
Potential-Horse-4935,2023-05-09
JunketEffective6004,2023-05-10
Engineering-Natural,2023-05-11
INTJck,2023-05-11
Sufficient_Ad_1558,2023-05-14
Sudden-Mushroom4402,2023-05-15
Medical_Philosophy_6,2023-05-16
Acceptable_Passion92,2023-05-16
Consistent_Squash426,2023-05-17
Choice_Shame_9004,2023-05-18
Retro_x2v,2023-05-20
Lanky_Expert_9469,2023-05-23
10marketing8,2023-05-24
PG_Graeae,2023-05-24
kevinrinconkr,2023-05-25
HumanResourcesIndia,2023-05-25
ParkLegal1804,2023-05-25
Tall-Conversation-50,2023-05-26
Familiar-Radish5402,2023-05-26
Arudia,2023-05-27
arminoos1967,2023-05-27
Impressive-Record-15,2023-05-27
Swimming-Middle4493,2023-05-28
ComprehensiveShoe729,2023-05-28
AggressiveStruggle19,2023-05-29
DisastrousMap598,2023-05-29
Consistent_Trick_724,2023-05-29
Acceptable_Listen_89,2023-05-30
SolJamn,2023-05-30
Subject-Shoulder2231,2023-05-30
RajaMohsif,2023-05-31
CabinetThat1481,2023-05-31
MindlessRudra,2023-06-01
Spiritual_Lecture829,2023-06-02
PlasticHead6089,2023-06-02
vqz0psdz51fg,2023-06-03
Esttel,2023-06-03
Crazy_Suspect_9512,2023-06-04
Creative_Proposal529,2023-06-04
narayan9deep,2023-06-05
ChrisH652,2023-06-06
alicealicemm,2023-06-07
flunkyy,2023-06-07
LearnShiit,2023-06-11
Rare_Ad4126,2023-06-14
erinswider,2023-06-15
satanic_headbanger,2023-06-17
birksandbottles,2023-06-17
Imperiax,2023-06-18
Aggravating-Pen-1036,2023-06-18
Hefty_Mortgage_7830,2023-06-19
Fifty_Forsakened,2023-06-21
poggibonzijj,2023-06-24
Best_Slip_6708,2023-06-24
Opoeta2100,2023-06-25
North-Dragonfruit504,2023-06-30
Any-Revolution9867,2023-07-01
ArielMandaneTapat,2023-07-02
Lost-Blackberry3203,2023-07-05
Maximum_Recover2688,2023-07-06
PermissionDefiant833,2023-07-10
Subject-Temporary323,2023-07-23
Zealousideal_Dot_465,2023-07-23
External-Caregiver85,2023-07-24
Glittering_Store_246,2023-07-24
NoTranslator817,2023-07-25
BitePuzzleheaded9702,2023-07-25
stegasaurostef,2023-07-26
Interesting_Might_87,2023-07-26
Braosoooo,2023-07-26
Immediate_Self_2704,2023-07-27
Andreas_T_Privacy,2023-07-28
ShallotOk4192,2023-07-28
idealist2293,2023-07-29
WittyAd8044,2023-07-29
Dangerous-Classic875,2023-07-30
InsuranceMain,2023-07-31
Objective_Passage_39,2023-07-31
Notanoth3rusername,2023-08-01
hunger4jobs,2023-08-01
Global-Dentist5255,2023-08-01
Electrical-Page5493,2023-08-03
Infamous_Positive543,2023-08-04
Jaspercolinresearch,2023-08-04
layoffstracker,2023-08-04
Reloou,2023-08-04
Ergens_Tiny_Cock,2023-08-06
JiantaoFu,2023-08-06
Shot_Ball_2699,2023-08-07
Sailormars_2313,2023-08-08
Emotional_Beat_2551,2023-08-10
Dry_Butterscotch7396,2023-08-11
AssistanceSmall2834,2023-08-14
sopaipillitah,2023-08-14
Globe-Wire,2023-08-17
Barti_gaming,2023-08-18
Late-Smell-1130,2023-08-18
BoatingSteve,2023-08-19
Signal_Truth4537,2023-08-20
SmartyPantsHippie,2023-08-21
MadaraUchiha1-,2023-08-21
Cheap-Boot-57,2023-08-22
mrTheJJbug,2023-08-22
CitizenJosh,2023-08-25
LakeWaterWay,2023-08-26
Low-Entrepreneur-602,2023-08-26
DomoLe122,2023-08-27
After_Boat5660,2023-08-27
Available-Doctor9769,2023-08-30
Ok_Database_9420,2023-08-31
Spiritual-Spirit-633,2023-09-02
criss_aq,2023-09-02
MartiniBrodeur,2023-09-03
onutecoxo8wq,2023-09-04
SAHM929,2023-09-16
x0diak,2023-09-18
Questioner4lyfe2020,2023-09-18
v31ojezlizcd,2023-09-19
Impossible-War540,2023-09-19
CB_CuBe,2023-09-19
Dependent_Vacation68,2023-09-20
Prasyeli2209,2023-09-24
19Danny08,2023-09-25
Salt-Young,2023-09-26
Fit-Economics-4765,2023-09-26
This_is_a_Lamp,2023-09-26
Confident-Fee7793,2023-09-28
Samehh_,2023-09-28
Apprehensive-Tell-16,2023-10-01
Coffeegirl0526,2023-10-02
Key-Surround-4815,2023-10-02
SemihAckerman,2023-10-02
Phat0mZ_360,2023-10-02
Mja-1599,2023-10-03
TheWallStreet_AI,2023-10-05
interestingsonnet,2023-10-05
Mediocre-worker-900,2023-10-06
StuidsaidWhat,2023-10-06
OddlyAnx,2023-10-07
Unlucky-Gur-7568,2023-10-08
mdphelps,2023-10-09
vvv03,2023-10-11
excitable-boi,2023-10-11
Bejaeler,2023-10-12
RippedRich,2023-10-16
75PercentMilk,2023-10-17
Toxikfoxx,2023-10-19
juicymice,2023-10-19
Working-Ingenuity-75,2023-10-19
sspads,2023-10-20
Grand-Flight-8445,2023-10-20
R3alistik_Cynik,2023-10-23
Mrnrwoody,2023-10-25
AClemson67,2023-10-25
SecurityInTheWin,2023-10-25
Ambitious_Wash,2023-10-26
Catmommy8934,2023-10-26
IllustratorOnly3279,2023-10-28
Embarrassed-Knee-642,2023-10-30
johnspiders,2023-10-31
Capt_Dummy,2023-11-01
Funny_Excuse253,2023-11-02
ConflictHour6793,2023-11-02
Fruit-Life,2023-11-08
eFrien,2023-11-08
fakeEngineer23,2023-11-08
t3chg3n13,2023-11-09
Ok-Daikon-2422,2023-11-09
MaterialPeace6301,2023-11-10
fubar-7,2023-11-13
chromerobo,2023-11-14
RizVN,2023-11-15
Ecl926,2023-11-15
BeastfromAzerbaijan1,2023-11-15
ilovetacoslotta,2023-11-16
HystericalPanic8748,2023-11-16
tacotown123,2023-11-16
Infamous-Resolve1568,2023-11-16
MysticHLE,2023-11-17
kreativsio,2023-11-18
Round-Blackberry-541,2023-11-18
Efficient_War_7997,2023-11-19
romantrandre2,2023-11-20
MiddleExperience9338,2023-11-20
singhdanu,2023-11-24
Overall-Priority7396,2023-11-25
DivBro22,2023-11-28
CuriousGayles,2023-11-29
jasric2020,2023-11-30
berkserbet,2023-12-01
VioletAbstract,2023-12-05
dxsrosier,2023-12-11
No_Wolverine_4916,2023-12-11
EyeHamHim,2023-12-11
johnbede,2023-12-12
acridspleen,2023-12-12
FemmeLauren,2023-12-12
hemlockfuture,2023-12-14
Revooodooo,2023-12-14
Grouchy-Leather371,2023-12-15
Tistanal,2023-12-15
workcules,2023-12-15
marvinapplegate1964,2023-12-16
TechThrowaway1532,2023-12-16
coldcoffeeholic,2023-12-16
navrajchohan,2023-12-16
aklep730,2023-12-16
matados,2023-12-16
Areztah,2023-12-17
EfficientLoss,2023-12-17
AI-for-Jobs,2023-12-17
trollingdowntheroad,2023-12-17
Positive-Material,2023-12-17
mcgrawfm,2023-12-17
Mysterious-Job757,2023-12-18
Apprehensive-Bend-87,2023-12-19
Financial_Metal4709,2023-12-19
cajunman6335,2023-12-21
Pree-chee-ate-cha,2023-12-21
LQQinLA,2023-12-21
Altruistic_Wafer4188,2023-12-21
Adnonymus,2023-12-21
megaThan0S,2023-12-21
nmarie100590,2023-12-21
glitch83,2023-12-22
kincaidDev,2023-12-22
akius0,2023-12-22
Effective_Vanilla_32,2023-12-22
spacebirdyweb,2023-12-24
ImpossibleVanilla944,2023-12-25
Quirky-Amoeba-4141,2023-12-25
CardiologistPrior706,2023-12-25
Rfksemperfi,2023-12-25
mazipan123,2023-12-25
tm956,2023-12-26
chickenwingsnfries,2023-12-27
seaelm,2023-12-27
twitchy987,2023-12-27
InternationalSet3841,2023-12-27
nikonista,2023-12-27
AdActual208,2023-12-28
InteractionFlashy300,2023-12-28
datumax,2023-12-28
baconboner69xD,2023-12-29
Fearless_Expert7893,2023-12-29
Impressive_Medium_73,2023-12-30
Baba10x,2023-12-30
Final-Wolverine8970,2023-12-30
jnajem,2023-12-30
cuteee2shoes,2023-12-31
etceteraterrestrial,2023-12-31
darthscandelous,2023-12-31
twisting_fairy_water,2024-01-02
Logical_Rope6195,2024-01-03
OrdinaryLanguage5625,2024-01-03
digital_deep_dive,2024-01-03
No-Kiwi-3140,2024-01-04
MajesticBowler7178,2024-01-04
Ilikebigboobs1669,2024-01-04
Hvanc,2024-01-04
Zealousideal-Cow6626,2024-01-04
LakersBench,2024-01-04
borat_he_like_you,2024-01-04
30yrOldLoser,2024-01-05
EnvironmentalBar5201,2024-01-05
neen209,2024-01-05
TheSmartPornstache,2024-01-05
TrinityInQuestWorld,2024-01-05
Pitiful-You-8410,2024-01-05
luckykanwar,2024-01-05
Prize_Pumpkin_302,2024-01-06
Salty_Speech_0311,2024-01-06
weakyleaky,2024-01-06
margery-93,2024-01-06
That-Championship151,2024-01-06
This-Weakness4547,2024-01-06
Stabenz,2024-01-07
TombTrader_TT,2024-01-07
notmynameduh,2024-01-07
HereWe_GoAgain__,2024-01-07
thingsbinary,2024-01-07
budding_gardener_1,2024-01-08
SlankSlankster,2024-01-08
Resident-Grocery2009,2024-01-08
_SH0NEY_,2024-01-08
SalamanderCongress,2024-01-08
msilvdesigns,2024-01-09
molotavcocktail,2024-01-09
SoulKingTrex,2024-01-09
med-spouse,2024-01-09
sucky_EE,2024-01-09
ThumbInOrThumbOut,2024-01-09
bored_in_NE,2024-01-09
total_cornerstone,2024-01-10
tabulaaa,2024-01-10
Professional_Fold520,2024-01-10
skiwet,2024-01-10
Federal-Fisherman-56,2024-01-10
ArmStoragePlus,2024-01-10
ElonMuskHeir,2024-01-10
AccountingJ,2024-01-10
Hour_Pen_8815,2024-01-10
Hamsterdancin,2024-01-10
ribbit_reddit_girl,2024-01-10
Silver_Priority3953,2024-01-10
ShareThePress,2024-01-10
Code4Kicks,2024-01-10
gempdx67,2024-01-10
Correct-Rent-6609,2024-01-10
Futbalislyfe,2024-01-10
Status_Arachnid9722,2024-01-10
churphe,2024-01-11
faux-user1044,2024-01-11
jutz1987,2024-01-11
Jealous-Telephone534,2024-01-11
bschween,2024-01-11
Double-Dot8975,2024-01-11
c23678,2024-01-11
NewEfforte,2024-01-11
Kooky_Attention5969,2024-01-11
Turbulent_Tale6497,2024-01-12
Successful-Rooster55,2024-01-12
gymfreakk,2024-01-12
Hippocampus20,2024-01-12
Jealous_Ordinary_597,2024-01-12
Spiritual_Example614,2024-01-12
0xR0b1n,2024-01-12
Incrediberry_ATX,2024-01-12
marqak,2024-01-12
txiao007,2024-01-12
Dotfr,2024-01-12
101data,2024-01-12
Lonely-Locksmith-265,2024-01-12
SeaRay_62,2024-01-12
poormisguidedfool34,2024-01-13
Away_Pay_536,2024-01-13
IcyCrow12,2024-01-13
TechSalesTom,2024-01-13
CatholicRevert,2024-01-13
greenapplesrocks,2024-01-13
mostlycloudy82,2024-01-13
Sure-March-2994,2024-01-13
Dimitrescu2024,2024-01-13
DefinitionAnxious791,2024-01-13
SamEdenRose,2024-01-13
Dry-Bandicootie,2024-01-14
smithcal1000,2024-01-14
newillium,2024-01-14
aurelitobuendia87,2024-01-14
Livid_Positive7217,2024-01-14
sonofalando,2024-01-14
ImposterTurk,2024-01-14
ResidentLibrary,2024-01-14
RoughTourist5209,2024-01-14
laughrat92,2024-01-14
Blackout1154,2024-01-14
Competitive-Hat8634,2024-01-15
AltAccount01010102,2024-01-15
turrumkhan1,2024-01-15
pynoob2,2024-01-15
Dry-Intern8028,2024-01-15
Socks797,2024-01-15
earthseed-444,2024-01-15
32D100lbs,2024-01-16
GeomaticMuhendisi,2024-01-16
Whole-Trouble-4433,2024-01-16
MinaMentos,2024-01-16
SneakyEmuu,2024-01-16
Austin1975,2024-01-16
cavalier0119,2024-01-16
Old-Laugh-5734,2024-01-16
unhumancondition,2024-01-16
onlinesurfer007,2024-01-16
Mysterious_Coat2212,2024-01-17
arbyman85,2024-01-17
shitisrealspecific,2024-01-17
WonderWander01,2024-01-17
bleez-e,2024-01-17
OuchMyBacky,2024-01-17
drunkpickle726,2024-01-17
IEnjoyJabs,2024-01-17
ChiChipman,2024-01-17
utilitycoder,2024-01-17
AndrewRP2,2024-01-17
thats_so_over,2024-01-17
Haywood_Jablowmi,2024-01-17
muffboye,2024-01-17
Frackin_heck,2024-01-17
asayys,2024-01-18
Complete-Meaning2977,2024-01-18
Specific_egartistic,2024-01-18
itsallfake01,2024-01-18
rollercoasterghost,2024-01-18
earlgreyyuzu,2024-01-18
geeky217,2024-01-18
LopsidedBreadfruit64,2024-01-18
PriorSystem4085,2024-01-18
PhillConners,2024-01-18
NPLPro,2024-01-18
CrosisN,2024-01-18
Jaded_Run3214,2024-01-18
RickMoranissss,2024-01-18
West_Kick6638,2024-01-18
gonuda,2024-01-18
ashinaclan123,2024-01-18
md54short,2024-01-18
bsedgal,2024-01-18
owlette_via,2024-01-18
Pleasant-Pass-2440,2024-01-19
Unhappy-Peach-8369,2024-01-19
Mysterious-Stop4999,2024-01-19
Everstone311,2024-01-19
randomemployee2023,2024-01-19
tewkooljodie,2024-01-19
tewksindahat,2024-01-19
Brave-Put-6572,2024-01-19
Sad_Try2198,2024-01-19
luvpillows,2024-01-19
Icy_Painting4915,2024-01-19
SomeGuysPoop,2024-01-19
OkOil390,2024-01-19
destroyerodin,2024-01-19
holihai,2024-01-20
Simple_Woodpecker751,2024-01-20
SpecialistOne1729,2024-01-20
Independent-Clue8064,2024-01-20
Sad_Attempt_2294,2024-01-20
tigercircle,2024-01-20
Easy-Tonight-2221,2024-01-20
No-Security4015,2024-01-20
ShaftedShane,2024-01-20
SimpleTimmyton,2024-01-20
peakpages,2024-01-20
nanamom_0123,2024-01-20
ArcAngelTerror,2024-01-20
oldrocketscientist,2024-01-20
IndustryNext7456,2024-01-20
TopGeeeeeee,2024-01-20
mamadiety,2024-01-20
Dangerous-Ad8527,2024-01-20
Realistic_Post_7511,2024-01-20
tosssndburnforjesus,2024-01-20
Valuable_Radio4153,2024-01-21
Weary-Capital9949,2024-01-21
we-could-be-heros,2024-01-21
jdcpe17,2024-01-21
fatcurious,2024-01-21
Justice_Guild,2024-01-21
Beginner_4646,2024-01-21
Sprigatito1,2024-01-21
ObviousPlantain215,2024-01-21
SeparateSpend1542,2024-01-21
Momof-3DDDs,2024-01-22
Valuable_Bad_2786,2024-01-22
spiritballz69,2024-01-22
Bjfikky,2024-01-22
Spiritual_Sock4642,2024-01-22
No_Data6944,2024-01-22
bv5ed,2024-01-22
DrBrisha,2024-01-22
D3nv3rLov3r,2024-01-22
charlotie77,2024-01-22
gnocs,2024-01-22
ExcitingBasket3119,2024-01-23
btcendgame,2024-01-23
EaseWaste5336,2024-01-23
No-Pitch5085,2024-01-23
Recent_Trifle_8159,2024-01-23
FenionZeke,2024-01-23
jojoandthesprites,2024-01-23
Efficient-Return-604,2024-01-23
Antique_District_478,2024-01-23
bmich90,2024-01-24
Marty_DiBergi,2024-01-24
Living-Finding4439,2024-01-24
Less_Ad_1899,2024-01-24
myeasyking,2024-01-24
This_Zookeepergame70,2024-01-24
Molz389,2024-01-24
iamacheeto1,2024-01-24
Millennialpink000,2024-01-24
ZeusTroanDetected,2024-01-24
enginear_engifar,2024-01-24
Maleficent_Many_2937,2024-01-24
burhop,2024-01-24
luvwingzz,2024-01-24
TransitUX,2024-01-24
Acrobatic_Floor_7447,2024-01-25
oxmiladyxo,2024-01-25
IllustratorFuture100,2024-01-25
HurasmusBDraggin,2024-01-25
Comfortable_Bid_8173,2024-01-25
RudeCar4947,2024-01-25
JobHuntingInTech,2024-01-25
Silent-Watercress956,2024-01-25
gngrsnips,2024-01-25
Old-Statistician402,2024-01-25
reditdef,2024-01-25
Purple_Green_1,2024-01-25
babyitsgoldoutstein,2024-01-25
Joe_Biden_is_shit,2024-01-25
Pissed__Consumer,2024-01-25
ThisLawyerCantCode,2024-01-25
lukekarasa,2024-01-25
Necessary_Ad_1877,2024-01-25
luh3418,2024-01-25
BrewingCrazy,2024-01-25
LoudEmployment5034,2024-01-25
DangerousAd1731,2024-01-25
jsjsnjskwkkii,2024-01-25
involuntary_monk,2024-01-25
Wheream_I,2024-01-25
rddtexplorer,2024-01-26
BennyOcean,2024-01-26
Enough-Occasion-3810,2024-01-26
Crafty_Phoenix,2024-01-26
Expert-Calendar6362,2024-01-26
XulaPari,2024-01-26
skipping_rocks,2024-01-26
pmk2429,2024-01-26
Responsible-Owl9687,2024-01-26
Mysterious_Rip4197,2024-01-26
twitchrdrm,2024-01-27
Singularity-42,2024-01-27
carefree_dude,2024-01-27
SlothLover313,2024-01-27
MediocreEggplant123,2024-01-27
iinomnomnom,2024-01-27
TBearRyder,2024-01-27
kellbell212,2024-01-27
Electronic-Doctor110,2024-01-27
pushuppp,2024-01-27
Pleasant-Hamster-790,2024-01-27
boltyvolt,2024-01-27
OldLiterature7314,2024-01-27
Same_Particular6349,2024-01-27
Hungry-Ad7107,2024-01-27
itumac,2024-01-28
real_estateprime,2024-01-28
ArtOfSmokeAndMirrors,2024-01-28
ThrowAwayWarning500,2024-01-28
zioxusOne,2024-01-28
powwwwpowwww,2024-01-28
ccwj1989,2024-01-28
Sweaty_Economics_452,2024-01-28
Brilliant-Flight-610,2024-01-29
sittinginmycar,2024-01-29
billytoall,2024-01-29
nemothecollector,2024-01-29
jbartlet827,2024-01-29
andy63366,2024-01-29
Electronic-Meal-1156,2024-01-29
Signal_Violinist3285,2024-01-29
Ok_Breadfruit1579,2024-01-29
Special-Click-9679,2024-01-29
jojow77,2024-01-29
Alternative-Ad4581,2024-01-29
Ani23454,2024-01-29
tesla_modelK_009,2024-01-29
forgotmyusername93,2024-01-29
VolSurfer18,2024-01-29
Vivid-Wrongdoer-3316,2024-01-29
j_martin07,2024-01-30
Lanky_Violinist_5622,2024-01-30
madengr,2024-01-30
Relative_Set8702,2024-01-30
seeking-answers_,2024-01-30
DarthBanEvader42069,2024-01-30
pluviophile2309,2024-01-30
xEdxNYCx,2024-01-30
joe4942,2024-01-30
DJBombba,2024-01-30
kingkoopa_,2024-01-30
Horror-Aioli-1939,2024-01-30
Worldly_Boot545,2024-01-30
Lady-Kokomo,2024-01-30
Admirable_Thought854,2024-01-30
Silent-Sun2029,2024-01-30
vetfor,2024-01-30
gobigred79,2024-01-30
abelabelabel,2024-01-30
bisexualmeangirl655,2024-01-30
Electrical_Nail_6165,2024-01-30
hifriendo,2024-01-30
samleeiii,2024-01-30
LeadingFault6114,2024-01-30
wasnotherewas,2024-01-31
SpokeswomanSaysNikki,2024-01-31
pritz786,2024-01-31
sweetery,2024-01-31
asparatusdron,2024-01-31
AGI-69,2024-01-31
Terrible-Chip-3049,2024-01-31
Ninac4116,2024-01-31
Sad_Panada_96,2024-01-31
roddc,2024-01-31
Exterminator2022,2024-01-31
Mhfd86,2024-01-31
Line____Down,2024-01-31
Any-Sorbet2368,2024-01-31
MagicManTX84,2024-01-31
FailInteresting8623,2024-01-31
NationalMany7086,2024-01-31
RoutineHoliday4187,2024-01-31
Budget-Taro9276,2024-01-31
LBfoodandstuff,2024-01-31
Soulfuerza8888,2024-01-31
Jboyfly15,2024-01-31
joblogservice,2024-01-31
cerealcar,2024-01-31
Inevitable-Grade-119,2024-02-01
Andersontheman123,2024-02-01
CityDweller19,2024-02-01
Dizzy_Estimate_1171,2024-02-01
PrettyTangerinee,2024-02-01
Comfortable-Low-3391,2024-02-01
vasquca1,2024-02-01
aspen0414,2024-02-01
Sensitive-Safe-5179,2024-02-01
pontificatingowl,2024-02-01
dsrg01,2024-02-01
brooklynlad,2024-02-01
Lucky_Piccolo6393,2024-02-01
iloveLORDEmore,2024-02-01
BagAgile8007,2024-02-01
EcneBanjo,2024-02-01
Few_Nobody_3078,2024-02-01
Antique_Ad4243,2024-02-01
windturbinesurgeon02,2024-02-01
JustToPostAQuestion8,2024-02-02
lb0sa,2024-02-02
triad02,2024-02-02
LandMermaid17,2024-02-02
Lazy_Obligation_6135,2024-02-02
mahinthjoe,2024-02-02
seekingadvice35,2024-02-02
AccurateJuggernaut21,2024-02-02
alphaandomega1021,2024-02-02
ans97,2024-02-02
Void_beaver,2024-02-02
Super_Mario_Luigi,2024-02-02
Heretoloosemoney,2024-02-02
jtsCA,2024-02-02
xizas,2024-02-02
Hollywood_Econ,2024-02-02
Hellstorm5676,2024-02-02
Weird-Conclusion6907,2024-02-02
Narrow-Hall8070,2024-02-02
New-Tower105,2024-02-02
drinkrhythm,2024-02-02
Texas-Tina-60,2024-02-02
contrarian_outlier_2,2024-02-02
dudeKhed,2024-02-02
SaltyDonutEggs,2024-02-02
itsneverlupus42,2024-02-03
hydromind1,2024-02-03
Own_Swimmer161,2024-02-03
Strong_Audience_7122,2024-02-03
wtfisgoingon23,2024-02-03
ejpusa,2024-02-03
Legaliznuclearbombs,2024-02-03
Few_Stable7686,2024-02-03
TribalSoul899,2024-02-03
rollingondubs32,2024-02-04
azrolexguy,2024-02-04
Timbo2510,2024-02-04
Moms_Spaghetti94,2024-02-04
AngusMeatStick,2024-02-04
rockhammer31,2024-02-04
Strange-Assistant-32,2024-02-04
Asleep-Nothing4689,2024-02-04
pimpdaddy9669,2024-02-04
Sweaty-Dragonfly975,2024-02-04
worktillIdie90210,2024-02-04
PreviousComment1,2024-02-05
Eugene3005,2024-02-05
jokieeeeee,2024-02-05
INOP_ai,2024-02-05
soham1996,2024-02-05
flyingdogaleman,2024-02-05
Far_Tomorrow7860,2024-02-05
tree8473,2024-02-05
modestino,2024-02-05
asji4,2024-02-05
yay4tcu,2024-02-05
acfa4214,2024-02-05
are-e-el,2024-02-05
inf0cat,2024-02-05
SingleAmbassador9676,2024-02-06
Aggravating_Play_135,2024-02-06
rain___420,2024-02-06
PLEX_OPS,2024-02-06
Chris12816,2024-02-06
Gullible-Support-203,2024-02-06
dreamcoat,2024-02-06
throwawayjobchanger,2024-02-06
Embarrassed-Ad4234,2024-02-06
Warm_Yogurtcloset305,2024-02-06
ApartmentWarm1563,2024-02-06
Pitayin,2024-02-06
ielchino,2024-02-06
AcceptableSmoke8890,2024-02-06
RevolutionStill4284,2024-02-06
iiPharaoh,2024-02-06
Basic_Goose8604,2024-02-07
Exile20,2024-02-07
-Trismegistus,2024-02-07
MonkeyThrowing,2024-02-07
Equivalent_Matter_34,2024-02-07
Inevitable-Trip-6041,2024-02-07
Successful-Guide-270,2024-02-07
PowellBlowingBubbles,2024-02-07
anonymousfubar,2024-02-07
Seahund88,2024-02-07
saqr607,2024-02-07
WeekendCautious3377,2024-02-07
smartharty7,2024-02-07
FitSnow3978,2024-02-07
MadMatter_132999,2024-02-07
PerformanceOk9933,2024-02-07
yahoox9,2024-02-07
Repulsive_Ladder1315,2024-02-07
dexopruntime,2024-02-07
Either_Ad2008,2024-02-07
SpiteCompetitive7452,2024-02-07
Atxbaddie1,2024-02-07
wylidas,2024-02-07
OkPlatypus9930,2024-02-07
Monkmode28,2024-02-08
Detective-Sudden,2024-02-08
pranithp,2024-02-08
nciscokid,2024-02-08
NoApartheidOnMars,2024-02-08
Right-Two5379,2024-02-08
steeener,2024-02-08
Chc3107,2024-02-08
JustTryinToBeHappy_,2024-02-08
WritingLazy5900,2024-02-08
poppiseed,2024-02-08
ashitakkkkaaaa,2024-02-08
im_from_mississippi,2024-02-08
tailwinds_grp,2024-02-08
YeetLordYike,2024-02-08
Sco0bySnax,2024-02-08
dongdesk,2024-02-08
cryptobob111,2024-02-08
realredditremy,2024-02-08
Traditional_Ad_8752,2024-02-08
fajdu,2024-02-09
blade_skate,2024-02-09
thishahahehe,2024-02-09
akouta,2024-02-09
BumblebeeWinter4014,2024-02-09
ADTheNoob,2024-02-09
Gatornerd,2024-02-09
Few-Tonight-8361,2024-02-09
SuspiciousMeat6696,2024-02-09
nyc-trip-throwaway,2024-02-09
ericuhh_,2024-02-09
packet-zach,2024-02-09
Ok-Flatworm-7068,2024-02-10
throwaway1928675,2024-02-10
Remarkable_Society38,2024-02-10
HypeKingFred,2024-02-10
msawi11,2024-02-10
pdox0t0,2024-02-10
eplate2,2024-02-10
Hot_Will1997,2024-02-10
FunkyDrFunkyPants,2024-02-10
mgisb003,2024-02-10
Mysterious_Name_408,2024-02-10
SpiritedObjective765,2024-02-10
gameguy56,2024-02-10
Working-Factor531,2024-02-11
hivimmune,2024-02-11
KL_boy,2024-02-11
afanofbirds,2024-02-11
LongJohnVanilla,2024-02-11
gettingthrough31,2024-02-12
Rightsideupblue,2024-02-12
smadan1963,2024-02-12
koushal1234,2024-02-12
athex7,2024-02-12
jusmaxxinnrelaxin,2024-02-12
OldSniper42069,2024-02-12
eplinx,2024-02-12
trialanderror93,2024-02-12
caem123,2024-02-12
Guilty_Accountant877,2024-02-12
Necessary-Worry1923,2024-02-12
GiftedThirdLeg,2024-02-13
Jolly_Ad_5614,2024-02-13
yt_BWTX,2024-02-13
Catgut66,2024-02-13
Tuax,2024-02-13
Mean-Moose-217,2024-02-13
pyonguno,2024-02-13
jgermany1,2024-02-13
hartc89,2024-02-13
loadedstork,2024-02-13
Ok_Dot8050,2024-02-13
eli0mx,2024-02-13
GhostxxxShadow,2024-02-14
starsintodreams,2024-02-14
uselessadjective,2024-02-14
RandomMyth22,2024-02-14
polkadot_peacock,2024-02-14
Accurate_Dream_9443,2024-02-14
learning1176,2024-02-14
fake-august,2024-02-14
Commforceone,2024-02-14
Winter-Pepper-8290,2024-02-14
bertfromcl,2024-02-14
Hana_ivy,2024-02-14
Other_Scarcity_4270,2024-02-14
solo-dolo-yolo-,2024-02-14
j-fiiizzle,2024-02-14
cadodalbalcone,2024-02-14
SirTardOfRe,2024-02-14
Illustrious_Fig_2766,2024-02-14
15idlehand15,2024-02-14
Sad_Conclusion8488,2024-02-15
THROWAWAY-Break9580,2024-02-15
Helpful_Offer6249,2024-02-15
November_Rayne,2024-02-15
No-Initiative6079,2024-02-15
Main_Statistician681,2024-02-15
MuffinsandCoffee2024,2024-02-15
Ruin-Capable,2024-02-15
schabadoo,2024-02-15
Low-Reference3510,2024-02-15
Obvious_Might9753,2024-02-15
Empty-Recover-8263,2024-02-15
QforQ,2024-02-15
Front-Possession-644,2024-02-15
Ok-Table6679,2024-02-15
Inevitable_Stress949,2024-02-15
Contango_4eva,2024-02-15
Scared_Cat5893,2024-02-15
AromaticForm4903,2024-02-15
Plenty-Trifle-7251,2024-02-15
Zestypalmtree,2024-02-15
Any-Examination4695,2024-02-16
Global-Season-512,2024-02-16
mamajz,2024-02-16
Both_Boysenberry8405,2024-02-16
forceismachine,2024-02-16
cucumberedpickle16,2024-02-16
Blacksigil8,2024-02-16
Objective-Patient-37,2024-02-16
Dry_pooh,2024-02-16
YellowB,2024-02-16
ExternalCollection92,2024-02-16
asvender,2024-02-16
Routine-Wrap-483,2024-02-16
femmephoenix93,2024-02-16
Wyde1340,2024-02-16
Accomplished_Cow1102,2024-02-16
LegitimateLemon3,2024-02-16
SuperLucas2000,2024-02-16
simpwarcommander,2024-02-16
marie_nola,2024-02-17
FemAndFit,2024-02-17
Hoomehrkz,2024-02-17
z0mbiegrl,2024-02-17
rmorales83,2024-02-17
Unlucky_Elk_4721,2024-02-17
mmorenoivy,2024-02-17
casanova0874,2024-02-17
ImwhatZitTooyaa,2024-02-17
mobiusengineai,2024-02-17
Fm_god,2024-02-17
Mundane_Anybody2374,2024-02-18
chipmux,2024-02-18
Wonderful_Cry_8401,2024-02-18
def_struct,2024-02-18
DirtyPerty,2024-02-18
Picasso1067,2024-02-18
Traditional-Emu6944,2024-02-18
Futr_Proof_101,2024-02-18
Fun_Country6430,2024-02-18
Head-Pangolin1198,2024-02-18
Comfortable-Tie-2135,2024-02-18
RavenKlaw16,2024-02-19
CheesecakeFluid4790,2024-02-19
ThrowAway132654,2024-02-19
Necessary-Lychee-632,2024-02-19
jenryalee,2024-02-19
Remarkable_Try_7209,2024-02-19
Crazy_Natural9494,2024-02-19
David_Miller2020,2024-02-19
ParticularKris,2024-02-19
skyanvil,2024-02-19
PanaxGinsengRoids,2024-02-19
Gymfreakkkkkkkk,2024-02-19
Cold_Name_2022,2024-02-20
BigongDamdamin,2024-02-20
Roverlandrange,2024-02-20
Error404ok,2024-02-20
Geriatric0Millennial,2024-02-20
mroberte,2024-02-20
asertym,2024-02-20
RedRafRaf,2024-02-20
Anon2148,2024-02-20
JessGI5,2024-02-20
solarpowerednaps,2024-02-20
0ddElderberry,2024-02-20
HauntingArtichoke830,2024-02-20
the__bakeshow,2024-02-20
UnfairFilm6189,2024-02-20
DigPsychological2262,2024-02-21
Deep_Pomegranate_111,2024-02-21
Financial_Olive2,2024-02-21
iiooyre,2024-02-21
StandardNo1765,2024-02-21
coldcanada,2024-02-21
Any_Commercial831,2024-02-21
BananaHustle,2024-02-21
nosacko,2024-02-21
ready2nap99,2024-02-21
dawghouse88,2024-02-21
Yasmin17Eliz,2024-02-21
kewl_beans,2024-02-21
RonBourbondi,2024-02-21
ITdirectorguy,2024-02-21
Middle-Cream-1282,2024-02-22
thinkscience,2024-02-22
shamsher31,2024-02-22
bayareaperson2024,2024-02-22
naltenis,2024-02-22
FikaTimeNow,2024-02-22
Due_Snow_3302,2024-02-22
neogeshel,2024-02-22
bigbellysteve,2024-02-22
nonAgreeableWalnut,2024-02-22
ModernQuery,2024-02-22
AlecL,2024-02-22
kaleidoscope00001,2024-02-22
drsmith48170,2024-02-22
DatingAdviceGiver101,2024-02-22
Screwshadowban,2024-02-23
thejazzmarauder,2024-02-23
HEX_4d4241,2024-02-23
pumpkinmoonrabbit,2024-02-23
Ancient_Pea,2024-02-23
behindinlifeperson,2024-02-23
Suspicious-Tie7136,2024-02-23
be_kind_always_23,2024-02-23
tapaueveryday,2024-02-23
bootybuddah,2024-02-23
Flaky_Candy_5694,2024-02-23
Devmoi,2024-02-23
Vexxusaria,2024-02-23
RedditModzCanEatShit,2024-02-23
Bbig_Ssur,2024-02-23
Old_Foot_4039,2024-02-23
mental_issues_,2024-02-23
Suvalis,2024-02-24
Badboybutpositive,2024-02-24
Difficult_Box5009,2024-02-24
SheepyTLDR,2024-02-24
Accountant4Doge,2024-02-24
CheapBison1861,2024-02-24
Realistic_Tone5105,2024-02-24
BetImaginary4945,2024-02-24
Connect-Mall-1773,2024-02-24
Rosatos_Hotel,2024-02-24
77336622,2024-02-24
Wastedwhim,2024-02-24
noizyboy25,2024-02-24
Pure_Zucchini_Rage,2024-02-24
Life-Ebb-2307,2024-02-25
who_oo,2024-02-25
Iam_GenX,2024-02-25
nothing5630,2024-02-25
Defiant_Shallot_3356,2024-02-25
NoEntertainmentGal,2024-02-25
Thund3rHors3,2024-02-25
hoang252,2024-02-25
rightpattern_g,2024-02-25
Mizandilion,2024-02-25
NeonFroggy_,2024-02-25
TrinketsInTerryfolds,2024-02-25
Mix-725,2024-02-26
Solid_Preparation231,2024-02-26
maya_loves_cows,2024-02-26
CryptographerNew7375,2024-02-26
garlyclove,2024-02-26
myownvenus,2024-02-26
Forrest____Gump,2024-02-26
c2l3YWxpa20,2024-02-26
Primary_County_1614,2024-02-26
GrudenCarr2020,2024-02-26
stoicbananaslug,2024-02-26
PotentialNovel1337,2024-02-26
SprinklesFinal3421,2024-02-26
forestgump2016,2024-02-26
Anonymouz_Users,2024-02-26
Quarter_Lifer,2024-02-26
duffy40oz,2024-02-26
Solid6outof10_,2024-02-26
FedBoyMaybe,2024-02-27
emplife21,2024-02-27
islamkheri,2024-02-27
Mystery342,2024-02-27
kiddconsious,2024-02-27
FaganY,2024-02-27
SatBurner,2024-02-27
Dumassbichwitsum2say,2024-02-27
FunneyBonez,2024-02-27
_chomolungma_,2024-02-27
Proper_District8758,2024-02-27
Quirky-Impress-4769,2024-02-27
ScruffyJ3rk,2024-02-27
Jinkies_Lydia,2024-02-27
paullyd2112,2024-02-27
Rakuma92,2024-02-27
indypass,2024-02-28
YepperyYepstein,2024-02-28
kingj-2830,2024-02-28
ManyElectrical9464,2024-02-28
throwaway4082420,2024-02-28
Scared-Professor9144,2024-02-28
ordtpa,2024-02-28
One_Roll_3337,2024-02-28
Special-Factor-3165,2024-02-28
Nice_Werewolf2129,2024-02-28
Skulldrey,2024-02-28
ThinkExperiments,2024-02-28
tech-curious,2024-02-28
InterviewBuddies,2024-02-28
arthur290,2024-02-28
socialvee,2024-02-28
laidoffJan2024,2024-02-28
1cyChains,2024-02-28
try_rant,2024-02-28
justthevoice,2024-02-28
tehIb,2024-02-29
pineyfusion,2024-02-29
denver_refugee,2024-02-29
Zealousideal_Rip5818,2024-02-29
Aggravating-Bike-397,2024-02-29
10pumpsclassic,2024-02-29
CliffGif,2024-02-29
Pomegranate510,2024-02-29
Dangerous_Grade6527,2024-02-29
CHiggins1235,2024-02-29
Paras_Chhugani,2024-02-29
readitrepostedit,2024-02-29
Agile_Development395,2024-02-29
Serpens7,2024-02-29
scausm,2024-02-29
Weird_Tolkienish_Fig,2024-02-29
TheWorkforceTitans,2024-02-29
Narrow8576,2024-02-29
Brown33470,2024-02-29
WaitWhatInTheWorld,2024-03-01
Front-Meat-1001,2024-03-01
eternallostcause,2024-03-01
seddy2765,2024-03-01
LayoffThrowaway88,2024-03-01
KingFiona_,2024-03-01
thewiselady,2024-03-01
WindyCityFannyPack,2024-03-01
HankJones12,2024-03-01
Far-Development9385,2024-03-02
IDreamOfDesign,2024-03-02
dort1z,2024-03-02
wxlu718,2024-03-02
crinquisitive_me,2024-03-02
Ambitious_Quarter143,2024-03-02
Medical-Hyena-8641,2024-03-02
Salty_Spread_2036,2024-03-03
Finance_3044,2024-03-03
saraannekay,2024-03-03
gagasysy,2024-03-03
askadaffy,2024-03-03
Puzzleheaded_Noise44,2024-03-03
10fold10,2024-03-03
BumblingFOMO,2024-03-03
Perfect-Future150,2024-03-03
flashdancemambo,2024-03-03
ExtensionStory5915,2024-03-04
bouguereaus,2024-03-04
techyguy76,2024-03-04
velvetyvolcano,2024-03-04
YMNY,2024-03-04
brianstoolshed,2024-03-04
maaalicelaaamb,2024-03-04
Difficult-Ebb3812,2024-03-05
Strict_Bet_7782,2024-03-05
MeepMoopWoopDoop,2024-03-05
Acceptable-Prompt369,2024-03-05
Swimming-Ad2319,2024-03-05
Mental_Jellyfish4800,2024-03-05
Feeling_Occasion_765,2024-03-05
ashish1dev,2024-03-05
Independent_Owl_9717,2024-03-05
earth_0,2024-03-05
ullu_12000,2024-03-05
sojojo,2024-03-05
Ok-Professor3814,2024-03-06
GiveMeSandwich2,2024-03-06
Ayatollah_lannister,2024-03-06
SilentPoetry4325,2024-03-06
Ok-Situation2719,2024-03-06
PhysicalCreme7924,2024-03-06
netralitov,2024-03-06
No_Read_4327,2024-03-06
pumpernick3l,2024-03-06
Unlucky_Pick5993,2024-03-06
Ok_Reputation4142,2024-03-06
olta3,2024-03-06
DonMagnifique,2024-03-07
dennis77,2024-03-07
Groove_Mountains,2024-03-07
Overall_Challenge_79,2024-03-07
goofywhitedude,2024-03-07
HasBreakfast,2024-03-07
BJJ-Newbie,2024-03-07
baroncalico,2024-03-07
Finance1071,2024-03-07
justlivingman11,2024-03-07
Snoo_77070,2024-03-07
jadomarx,2024-03-07
crybabyniya,2024-03-07
Stanley_Spudowski,2024-03-07
Stargazer09871,2024-03-07
Flow_12345,2024-03-07
JMJ1017,2024-03-07
Career-4-dummies,2024-03-07
peachyperfect3,2024-03-07
Cyndi4Good,2024-03-07
IanChase85,2024-03-07
Key-Tap-5551,2024-03-07
Old-Inflation-627,2024-03-07
I_Love_Fones,2024-03-08
DomonicTortetti,2024-03-08
Ok_Cress_56,2024-03-08
Elegant_Management47,2024-03-08
Important_Friend2219,2024-03-08
Hashem93,2024-03-08
gorusagol99,2024-03-08
rugbygirl202,2024-03-08
Cheap_Extension_7687,2024-03-08
Dugbuggy,2024-03-08
akailum,2024-03-09
ThePhysicist96,2024-03-09
lovelln,2024-03-09
tqbfjotld16,2024-03-09
NotRandyT,2024-03-09
LakerLager,2024-03-09
erkmyhpvlzadnodrvg,2024-03-09
brinerbear,2024-03-09
East_Fox_7466,2024-03-09
ZadarskiDrake,2024-03-09
MongolianPirate,2024-03-09
Background-Turn-8944,2024-03-10
ghosttownsagacrown,2024-03-10
prettygirl-mimi,2024-03-10
rex841,2024-03-10
drakedemon,2024-03-10
jabbathejordanianhut,2024-03-10
ytpq,2024-03-10
HelpMe944ya,2024-03-10
lokikg,2024-03-10
Grateful_Soull,2024-03-10
different-waters,2024-03-11
No_Cloud4252,2024-03-11
WhiteDudeInBronx,2024-03-11
A_Wild_Minute,2024-03-11
Sunrise-72,2024-03-11
Royal-Abrocoma-976,2024-03-11
BleepBloopBleep1234,2024-03-11
jobhunter747,2024-03-11
PurpleKangaroo2,2024-03-11
IronBobSteelPants,2024-03-11
Cool_Teaching_6662,2024-03-12
oddlotz,2024-03-12
spbjam14,2024-03-12
Major_Holiday_5054,2024-03-12
National-Coast-6381,2024-03-12
LackEnvironmental187,2024-03-12
Chance-Fail-4591,2024-03-12
sonicdaydream88,2024-03-12
kabooozie,2024-03-12
Aimasters123,2024-03-12
Rich-Refrigerator970,2024-03-12
michaelschrutebeesly,2024-03-12
shpanky,2024-03-12
SweetJeebus,2024-03-12
carinless,2024-03-12
shantykins,2024-03-12
Financial-Oven-1124,2024-03-12
Ordinary_Mortgage870,2024-03-12
Mobile_Laugh_9962,2024-03-12
ComprehensiveBuy8527,2024-03-13
realbrokenlantern,2024-03-13
Flat_Crew_1865,2024-03-13
CommunicationLong380,2024-03-13
gallblaster19,2024-03-13
Virtual-Ship2840,2024-03-13
sakalleydhruv,2024-03-13
Vegetable_Event8726,2024-03-13
folarin1,2024-03-13
pookipooks,2024-03-13
PythonLearner99,2024-03-14
AccountContent6734,2024-03-14
Bio8807,2024-03-14
EnorcsSteelWheels,2024-03-14
Dee_1998,2024-03-14
mikedtwenty,2024-03-14
Successful_Concept81,2024-03-14
Appropriate-End1465,2024-03-14
savolife,2024-03-14
thermalblac,2024-03-14
Complex_Decision7729,2024-03-14
Plane_Strawberry_189,2024-03-14
FeistyRedFox,2024-03-14
Consistent-Row-7490,2024-03-14
ObiWan-987,2024-03-15
betobuttigieg,2024-03-15
Brilliant-Self4739,2024-03-15
AdhesivenessSad1198,2024-03-15
BeerandGuns,2024-03-15
ashtoria99,2024-03-15
moshiyoshi0,2024-03-15
TP71899,2024-03-15
Unlucky_Alps_6646,2024-03-15
creative_idiot_,2024-03-15
sonics_01,2024-03-15
Hot_Yesterday174,2024-03-15
1villageidiot,2024-03-16
palmatumthrowaway,2024-03-16
CourageAndGuts,2024-03-16
sailormooooooooon,2024-03-17
totemp0le,2024-03-17
lakshmanb4u,2024-03-17
Zuzus_Petalz,2024-03-17
No_Guess3275,2024-03-17
MissionNature8131,2024-03-17
jsweetjason,2024-03-17
Firm-Possession-6749,2024-03-17
username_ta_,2024-03-17
Vast_Cricket,2024-03-17
egusa,2024-03-17
weimmom,2024-03-18
appaapple2,2024-03-18
AnonymousLaidOff,2024-03-18
Funny-Commission-708,2024-03-18
introvertedlibra123,2024-03-18
MazefulMind,2024-03-18
Huge-Jump-8329,2024-03-18
oedipa17,2024-03-18
mammymammom,2024-03-19
sunshard_art,2024-03-19
Downtown_Ambition662,2024-03-19
Individual-Wolf-9825,2024-03-19
memyselfandi1987,2024-03-19
Active-Hold-1971,2024-03-19
Its_possible88,2024-03-19
J2501,2024-03-19
Holiday_Ad_9348,2024-03-19
Accomplished-Key-848,2024-03-19
vandweller5,2024-03-19
LowerPainter6777,2024-03-19
muscleliker6656,2024-03-19
chaosinmymind1,2024-03-20
Salt_Extension8849,2024-03-20
hotmessmom_era,2024-03-20
alexmixer,2024-03-20
trapmatics,2024-03-20
Advanced_Seesaw_3007,2024-03-20
countlessbass,2024-03-20
Algal-Uprising,2024-03-21
Early_Praline_1235,2024-03-21
kanyelesh,2024-03-21
Joshiane,2024-03-21
NotAtEquilibrium,2024-03-21
Think-Term-7785,2024-03-21
damendar,2024-03-21
hatethiscity,2024-03-21
SpareCartographer543,2024-03-22
Platinumrun,2024-03-22
Enough_Quality8545,2024-03-22
kiramonchan,2024-03-22
RelevantClock8883,2024-03-22
Competitive-Fee-4006,2024-03-22
bugout666,2024-03-22
Burner_Eat_My_Nuts,2024-03-22
voltumna915,2024-03-22
Spiritual-Ad-7175,2024-03-22
Unhappy-Ad-8128,2024-03-23
Gradinterface,2024-03-23
jpulan5,2024-03-23
sejalv,2024-03-23
Adventurous-Path2953,2024-03-23
bkdv,2024-03-24
kaiju505,2024-03-24
Thediciplematt,2024-03-24
Jbentansan,2024-03-24
Severe-Trash-666,2024-03-24
Vaggab0nd,2024-03-24
NeverCalledSaul,2024-03-24
fafefooey,2024-03-24
According_Eagle3765,2024-03-25
gasoleen,2024-03-25
livenoworelse,2024-03-25
Epicrato,2024-03-25
No_Squash_2227,2024-03-25
jadefrombratz,2024-03-25
Duryeric,2024-03-26
EdgewoodNM,2024-03-26
EquivalentBalance704,2024-03-26
Alternative-Try-2784,2024-03-26
CastFarAva,2024-03-26
slow_nwise,2024-03-26
JMtechenthusiast9999,2024-03-26
Kamikaze_8888,2024-03-27
SneakyBastardx,2024-03-27
DunGoof4Real,2024-03-27
maddie_mit,2024-03-27
gothicbarista,2024-03-27
Lucky_Industry_4182,2024-03-28
prabha_2511,2024-03-28
South_Ad_6676,2024-03-28
Pristine_Whereas_933,2024-03-28
Samjollo,2024-03-28
sushimonster13,2024-03-28
sambo_22,2024-03-28
seand26,2024-03-28
NoRaspberry6453,2024-03-28
TheMagicalLawnGnome,2024-03-28
animositylost,2024-03-28
General_Waltz_2619,2024-03-28
Logical_Tonight8739,2024-03-28
mrbig1337,2024-03-29
ColdWarVet90,2024-03-29
AccomplishedPea3066,2024-03-30
wutdefukk,2024-03-30
yb1ng,2024-03-30
Key-Comfortable9792,2024-03-30
Clear-Dragonfruit-37,2024-03-30
iljmta,2024-03-31
SEMMPF,2024-03-31
OutsideExperience753,2024-03-31
CFIgigs,2024-03-31
Top_Proof_2786,2024-03-31
OneSkinnyMofo,2024-04-01
Zealousideal-Wish843,2024-04-01
Latter_Bat3196,2024-04-01
makeMeAMilionaire,2024-04-01
Jaded_Ambition_3705,2024-04-01
Feeling_Cut_945,2024-04-01
stormyweather07,2024-04-01
SA3VO,2024-04-01
SantistaGirl,2024-04-01
sks8100,2024-04-02
HpWw,2024-04-02
Far_Pen3186,2024-04-02
FuryIsBlind,2024-04-02
Fritschie26,2024-04-03
Canyoubeliezeit,2024-04-03
Flat-Cold,2024-04-03
Friend-Potential,2024-04-03
Okrise69,2024-04-04
samofny,2024-04-04
EchoInTheHoller,2024-04-04
Cac0GrapheR,2024-04-04
Commercial-Equal-952,2024-04-04
kingkool68,2024-04-04
UCrazyKid,2024-04-04
Clear-Aside-3342,2024-04-04
Defiant_Advantage969,2024-04-04
Savings_Bluejay_3333,2024-04-04
poopinion,2024-04-04
jaejaeok,2024-04-04
SublimeOverall,2024-04-05
Low_Artichoke546,2024-04-05
etwiop,2024-04-05
Kanesu,2024-04-05
Brilliant_Mess_8307,2024-04-05
whifang,2024-04-05
National-Ad8416,2024-04-05
Independent-LINC,2024-04-05
CodNice4351,2024-04-05
amidivineszn,2024-04-05
R-E-L-O-A-D-I-N-G,2024-04-05
Electrical-Ask847,2024-04-05
YoItsChad27,2024-04-05
Due-Blacksmith7943,2024-04-05
xtahse,2024-04-05
deplorablecrayon,2024-04-05
Maximum-Pace-6592,2024-04-06
AdBest4099,2024-04-06
LebowskiUrbanAchieva,2024-04-06
WhatsTheAnswerDude,2024-04-06
berryextragal,2024-04-06
No_Scientist5148,2024-04-06
Rare_Competition_726,2024-04-06
Queasy-Walrus854,2024-04-06
QuesoMama21,2024-04-07
Old-Initial4270,2024-04-07
stiff4tiff,2024-04-07
SubjectEmotional7454,2024-04-07
prabhat123r,2024-04-08
OneBeginning7118,2024-04-08
Fabulous_Sherbet_431,2024-04-08
Similar-Ad-4570,2024-04-09
No_Actuator_7706,2024-04-09
Proud_Eye_207,2024-04-09
Intelligent_Sea_3206,2024-04-09
Nalayini345780u,2024-04-09
RipSafe4200,2024-04-09
WarthogTurbulent5564,2024-04-09
kingkevykev,2024-04-09
CostaRicaTA,2024-04-09
lil_kolache,2024-04-10
ncas01,2024-04-10
rawson2,2024-04-10
smkaplan17,2024-04-10
Shan0rb,2024-04-10
ontomyfuture,2024-04-10
BowlingForPizza,2024-04-10
Basic85,2024-04-10
strongerstark,2024-04-10
jocrrt,2024-04-10
United-Rock-6764,2024-04-10
Far_Rise946,2024-04-10
WhoCaresAboutYouI,2024-04-10
saisai23,2024-04-10
alwaysSearching23,2024-04-11
reddit__surfer,2024-04-11
voronoi_,2024-04-11
Sinnedangel8027,2024-04-11
AskLongjumping3744,2024-04-11
Repulsive-Gap3399,2024-04-11
super_ken_masters,2024-04-11
Tomkirkman3003,2024-04-11
Kanaymonae1,2024-04-11
Spiritual-Comb1005,2024-04-11
StrivingtoThrive123,2024-04-11
beckybbbbbbbb,2024-04-11
Real_Stupid_Me,2024-04-12
Redhotkcpepper,2024-04-12
Aggravating_Lemon_32,2024-04-12
Michael-DC,2024-04-12
Kale_salad33,2024-04-12
deskard17,2024-04-13
Goofyeyes,2024-04-13
MrGooseHerder,2024-04-13
nebulousdots,2024-04-13
chirose13,2024-04-13
odetothefireman,2024-04-13
Soft_Beyond_8205,2024-04-13
ElectricalIons,2024-04-14
MsUnicornSparkleButt,2024-04-14
Trolocakes,2024-04-14
ayhme,2024-04-15
Own-Principle4299,2024-04-15
Zealousideal_Use2737,2024-04-15
clawsthatsnatch,2024-04-15
NaveenM94,2024-04-15
Unique_Ad_4271,2024-04-15
ZeusHamm3r,2024-04-15
MatLeDoubleV,2024-04-15
Different-Cup5442,2024-04-16
mbappeeeeeeeeeee,2024-04-16
JerryRiceOfOhio2,2024-04-16
ClusterFugazi,2024-04-16
vengeance003,2024-04-16
Malcolm_Xtasy,2024-04-16
Bubbly_Ad8170,2024-04-16
angel_eyes2021,2024-04-16
OldMachine3026,2024-04-16
Juhmel93,2024-04-17
Deepmech,2024-04-17
sunqueen73,2024-04-17
Ok-Alternative3612,2024-04-17
rabbita102,2024-04-17
_bass_cat_,2024-04-17
Outlandishness_Know,2024-04-17
throwawaywholehuman,2024-04-17
LeagueAggravating595,2024-04-17
Embarrassed_Door2171,2024-04-17
jvxoxo,2024-04-18
Jpoolman25,2024-04-18
WholeTill5177,2024-04-18
scot_2015,2024-04-18
ThanksGosling,2024-04-18
Artistic-Volume9538,2024-04-18
Silent_Moose5690,2024-04-18
redDiavolo,2024-04-18
daydreambeliever27,2024-04-18
Secure-Perception-89,2024-04-18
unmossy88,2024-04-18
Time-Worth-2340,2024-04-18
Standard-Toe873,2024-04-18
ElectricalBottle,2024-04-18
roykeane8080,2024-04-18
ButtonEmotional1101,2024-04-18
jkroxxx,2024-04-18
MasterMind-306,2024-04-18
Commercial-Chair4438,2024-04-18
Timsierramist,2024-04-18
Icedcoffeewarrior,2024-04-19
OddOliver,2024-04-19
BorderBest5273,2024-04-19
OwnSet7178,2024-04-19
DrankTooMuchMead,2024-04-19
pilldickle2048,2024-04-20
OkReport732,2024-04-20
bustedstorm,2024-04-20
vigilrexmei,2024-04-20
Jumpy_Mango6591,2024-04-20
sam0ny,2024-04-20
Prior_Exchange6443,2024-04-21
kneekic,2024-04-21
Great-Shirt5797,2024-04-21
CriticallyAvoided,2024-04-21
chubbychombeh,2024-04-21
EpicShadows8,2024-04-21
monpat94,2024-04-21
Mobile_Astronomer_84,2024-04-22
MakeLemonadeJuice,2024-04-22
EstebanH7,2024-04-22
Ordinary_Group_3480,2024-04-22
comfortablynumb37,2024-04-22
kcondojc,2024-04-22
Valraan,2024-04-22
NextIndependence2344,2024-04-22
Quatara98,2024-04-22
blindedbycum,2024-04-22
llimallama,2024-04-22
Nervous_Meal4073,2024-04-23
Unable-Incident-8336,2024-04-23
readandredditted,2024-04-23
Brave_Bullfrog1142,2024-04-23
crumpets_no_tea,2024-04-23
SickMon_Fraud,2024-04-23
ThrowRA65328,2024-04-23
Ok_Bathroom_4289,2024-04-24
greatestmostbest,2024-04-24
mommababy,2024-04-24
ZealousidealEar6037,2024-04-24
greggerypeccary,2024-04-24
ServerSided7,2024-04-24
tbm206,2024-04-24
throwaway-rhombus,2024-04-24
Fluffy-Echo8586,2024-04-24
CollectionOver9659,2024-04-24
Beautiful_Mix4883,2024-04-24
SoftcoreParkour_,2024-04-25
aaaa23469,2024-04-25
LlamazingLlama,2024-04-25
zsar0299,2024-04-25
Downtown_Chocolate67,2024-04-25
Doey_Doer18,2024-04-25
throwaway_ghost_122,2024-04-25
Targaryenqueen6,2024-04-25
velatura,2024-04-25
Alternative_Gap_5062,2024-04-26
hned24,2024-04-26
missmilliek,2024-04-26
nugget_fries,2024-04-26
redhead-acctging,2024-04-26
Bams080705,2024-04-26
Practical-Ad8600,2024-04-26
Double_Ad2359,2024-04-26
R_Feynmen,2024-04-26
Smitter535,2024-04-27
zshguru,2024-04-27
Due_Statement2427,2024-04-27
sunnyday1202,2024-04-27
AdNecessary5504,2024-04-27
coding_for_lyf,2024-04-27
pmekonnen,2024-04-27
ugr8,2024-04-27
coffeeLover3251,2024-04-28
PizzaFace000,2024-04-28
Then-Edge405,2024-04-28
myheartbeats4hotdogs,2024-04-29
ATTW314159,2024-04-29
notSherlockH0lmes,2024-04-29
Tiraloparatras25,2024-04-29
Middle-Ant-6104,2024-04-29
SC4TM4N3,2024-04-29
utah-in-newhampshire,2024-04-29
vespanewbie,2024-04-29
maliesunrise,2024-04-30
jeffsessions1,2024-04-30
Fast_Hovercraft_7380,2024-04-30
sustainstack,2024-04-30
Preseedent,2024-04-30
Fracternalai,2024-04-30
Normal-Cup5271,2024-04-30
siegevjorn,2024-04-30
Shoddy-Gur-8818,2024-04-30
Wise_Al,2024-04-30
Acceptable_Staff,2024-04-30
awesome_onions,2024-04-30
stevemdk,2024-05-01
QualityOverQuant,2024-05-01
Senior_Millennial,2024-05-01
fibyforty,2024-05-01
AgreeablePrimary5042,2024-05-01
Full-Equipment-4922,2024-05-01
Dry-Conversation-918,2024-05-02
IDoCodingStuffs,2024-05-02
marxistopportunist,2024-05-02
Sad_Importance7024,2024-05-02
ThePayWindow,2024-05-02
Hot-Calendar2314,2024-05-02
Kasznoi,2024-05-02
plaqueofpack,2024-05-02
vbibo,2024-05-02
Dfiggsmeister,2024-05-02
overworked101,2024-05-02
porkswordofthemornin,2024-05-02
Accomplished-Rush548,2024-05-03
Sharaku_US,2024-05-03
wysewun,2024-05-03
Basement_Wanderer,2024-05-03
DropKicck,2024-05-03
Forbidden_state,2024-05-03
Extreme-Notice7560,2024-05-03
Huge_Manner7382,2024-05-03
dobedey426,2024-05-03
Educational_Coach269,2024-05-03
OmicronTwelve,2024-05-03
massapeal79,2024-05-03
PurpVan,2024-05-03
StuccoGecko,2024-05-03
ImportanceItchy6276,2024-05-03
throwawaycloud1212,2024-05-03
Kwoksun,2024-05-03
Sisyphus3x,2024-05-03
gavincastleton,2024-05-03
Thin-Ad-4592,2024-05-03
Amberly7900,2024-05-04
Winter_Concert_4367,2024-05-04
upside_win111,2024-05-04
opwise,2024-05-05
devine_comedy,2024-05-05
Motor-Celebration-54,2024-05-05
lizrvr,2024-05-05
LetsTacoBoutScience,2024-05-05
sailmoonboat,2024-05-05
Dmoan,2024-05-06
ButWhyMary,2024-05-06
intuitsucksbutt,2024-05-06
ProdIsForTesting,2024-05-06
24JackBauerctu,2024-05-06
bracketsquare,2024-05-06
BinSlashCat,2024-05-06
Pure-Vegetable-4863,2024-05-06
Adnog7,2024-05-06
genericunderscore,2024-05-06
lazeebaby,2024-05-06
HeftyHomework6936,2024-05-07
Throwaway2847392847,2024-05-07
TheCoolBro23,2024-05-07
Excellent-Coyote-917,2024-05-07
Candid_Hair_5388,2024-05-07
sankalp89,2024-05-07
ghostofstarburyy,2024-05-07
EpicShkhara,2024-05-08
yummybbh,2024-05-08
TowerStreet1,2024-05-08
MorallyComplicated,2024-05-08
Neo1971,2024-05-08
MrxResetti,2024-05-08
Aggravating-Buy716,2024-05-08
Huge-Possession-5400,2024-05-08
thetrueusernamename,2024-05-08
IAmYourDas,2024-05-08
sbw86,2024-05-08
Cheesecake_Wizard,2024-05-08
annamariagirl,2024-05-08
Standard_Match_5889,2024-05-08
Minidoxiedad,2024-05-08
Valdair,2024-05-08
toighetban,2024-05-08
FairlyOddAdventure,2024-05-08
Meth_Badger,2024-05-08
Sunikusu11,2024-05-08
ConstructionOk6754,2024-05-09
True-Permission2978,2024-05-09
PeaIll2119,2024-05-09
Emergency-Ant-2219,2024-05-09
knight_of_mintz,2024-05-09
Rhuarc33,2024-05-09
lukekibs,2024-05-09
Intention-on,2024-05-09
deletetemptemp,2024-05-09
neeyankamma,2024-05-09
Actual_Recording_664,2024-05-09
Background_Theory,2024-05-09
Double-Youth-5144,2024-05-09
New_Strawberry112,2024-05-09
ParticularBattle2713,2024-05-10
100weeks,2024-05-10
taysaki119,2024-05-10
Scared_Lawyer6929,2024-05-10
porkchopchoo,2024-05-10
No_Hope3628,2024-05-10
MissCordayMD,2024-05-10
Ecstatic_Love4691,2024-05-10
angularlicious,2024-05-10
valazendez,2024-05-10
Profitopia,2024-05-10
iloveant119,2024-05-10
Legitimate-Scratch61,2024-05-10
mand0dia0,2024-05-10
manyblessings10,2024-05-10
l_KraftMatic_l,2024-05-10
sassypria,2024-05-11
Glittering-Demand890,2024-05-11
babypowder617,2024-05-11
The-Bearded-Nerd,2024-05-11
LivingTheTruths,2024-05-11
Naive-Butterfly-2015,2024-05-11
Arrow2lydiasknee,2024-05-11
Inner_Huckleberry885,2024-05-11
Better_Victory5721,2024-05-12
CalStateQuarantine,2024-05-12
PancakeBatter3,2024-05-12
AccordingPosition127,2024-05-12
throwaway80582737,2024-05-12
Old-Use-8498,2024-05-12
seeyalaterdingdong,2024-05-12
SkySudden7320,2024-05-12
MaximumPrinciple7633,2024-05-12
Easy-Job3814,2024-05-12
Lonely_Reserve_188,2024-05-12
shemeanswelll,2024-05-13
Stephen2Aus,2024-05-13
A_A_Social,2024-05-13
Apprehensive-Hawk374,2024-05-13
agiganticpanda,2024-05-14
Less-Confusion9575,2024-05-14
Lemonn_time,2024-05-14
Pretty-Sea-9914,2024-05-14
Emotional_Badger5242,2024-05-14
AccidentCautious8984,2024-05-14
Turbulent_Silver576,2024-05-14
eraserlimb,2024-05-14
Murky-Marionberry-59,2024-05-14
georgesiosi,2024-05-14
WolverineAsleep1765,2024-05-14
red_-eagle,2024-05-14
BootStench,2024-05-14
IntroductionFit4364,2024-05-15
imsowhiteandnerdy,2024-05-15
Bulky-Use165,2024-05-15
SuperiorRedneck,2024-05-15
tbroas,2024-05-15
tinabees,2024-05-15
Titanguru7,2024-05-15
BefuddledAardvark,2024-05-15
D_X_Y_,2024-05-15
greaty5447,2024-05-15
Beneficial-Onion2503,2024-05-15
silentcrescendo0,2024-05-15
theMightyQwinn,2024-05-15
L-DeBo,2024-05-15
Mike_1804,2024-05-16
lqcnyc,2024-05-16
Super_lui04,2024-05-16
No_Sandwich2311,2024-05-16
4everwhatevergender,2024-05-16
chickpeadonut,2024-05-16
Brave_Ad_5402,2024-05-16
Tall-Virus-3789,2024-05-16
No-Yogurt-In-My-Shoe,2024-05-16
tellister,2024-05-16
redheadteck,2024-05-16
byeburnout,2024-05-17
Harleyworld,2024-05-17
garbland3986,2024-05-17
Rogue_Recruiter,2024-05-17
Spiritual-Taro9889,2024-05-17
manifestjen,2024-05-17
Jolly-Chip4613,2024-05-17
airg1o,2024-05-17
Various-Opinion-5425,2024-05-17
INMF88,2024-05-17
Longjumping_Oven7490,2024-05-18
ZiRoRi,2024-05-18
JAK3CAL,2024-05-18
LongjumpingEgg655,2024-05-18
Ok_General_7132,2024-05-18
driven01a,2024-05-18
Normal-Egg8077,2024-05-18
farcaller899,2024-05-19
SatisfactionEasy2771,2024-05-19
DuhItsAThrowawayHa,2024-05-19
JJP3641,2024-05-20
Away-Hippo424,2024-05-20
thereachai,2024-05-20
Honest_Box_2390,2024-05-20
Neat-Celebration2721,2024-05-20
rhajii,2024-05-20
hello010101,2024-05-20
Shai_Brin,2024-05-20
TheHoodRatMonk,2024-05-20
Alicio0,2024-05-21
lemonschweppes,2024-05-21
EngineNo9301,2024-05-21
GideonWells,2024-05-21
gowithflow192,2024-05-21
PaymentActive8238,2024-05-21
Ok_Campaign_5101,2024-05-21
FastSort,2024-05-21
redditwatcher11,2024-05-21
Bbt_winsma,2024-05-21
PIHKAL_714,2024-05-21
Familiar_Cause9672,2024-05-22
Beginning-Cry7722,2024-05-22
Different-Hair-1041,2024-05-22
Stargazer-Dax-1701,2024-05-22
Hopeful_Trouble8307,2024-05-22
T1sofun,2024-05-22
Professional_Type967,2024-05-22
Lazy-Data-361,2024-05-22
iG0tSoul,2024-05-22
Itchy_Hat_7214,2024-05-22
babygirlccg,2024-05-23
PrettyPetty444,2024-05-23
Scared_Comedian_1910,2024-05-23
No_Effort_642,2024-05-23
BanMeAgainIBeBack,2024-05-23
Minimum_Distance_132,2024-05-23
Thinktub,2024-05-23
mattseq,2024-05-24
Melodic_Oil_2486,2024-05-24
Acatnamedwaffles,2024-05-24
Mighty_L_LORT,2024-05-24
Few_Strawberry_99,2024-05-24
thewoodworkingchef,2024-05-24
xrinnxxx,2024-05-25
alfredochickenpasta,2024-05-25
Glass-Weekend-6987,2024-05-25
kingtinac,2024-05-25
Ok_Complex_8729,2024-05-26
LatAmExPat,2024-05-26
Signal-Foot-3867,2024-05-27
Beneficial_Spell7780,2024-05-27
LyraTheArtist,2024-05-27
neb125,2024-05-27
GreatWind12,2024-05-27
Independent_Sale2852,2024-05-27
Dizzy_Masterpiece886,2024-05-27
Interesting-Rough353,2024-05-28
BelldandyGirl,2024-05-28
Shemitz,2024-05-28
copper678,2024-05-28
Female_Humanoid,2024-05-28
vkdelta,2024-05-28
jirashap,2024-05-28
Ok-Enthusiasm37,2024-05-28
Secure-Reply1706,2024-05-29
p0ttedplantz,2024-05-29
brapbrapbrapp,2024-05-29
Andrev_,2024-05-29
altoMarkion,2024-05-29
appliepie99,2024-05-29
ibnunowshad,2024-05-29
Duh_24,2024-05-29
Visible_Turnover3952,2024-05-29
RoomTemperatureIQMan,2024-05-30
New_Cook6903,2024-05-30
rmullig2,2024-05-30
seekingadventure2024,2024-05-30
dollellama44,2024-05-30
simplexmachina,2024-05-30
10daycomaguy,2024-05-31
BallRegular7219,2024-05-31
cloudfuture2020,2024-05-31
bigfeller2,2024-06-01
Negardoost,2024-06-01
neruppu_da,2024-06-01
seeusoong,2024-06-01
pvnptl123,2024-06-01
FederalMonitor8187,2024-06-01
PincodeBuilder,2024-06-01
Thundercoffee,2024-06-01
bomberslose123,2024-06-01
Remarkable-Range-596,2024-06-01
TacoMullet,2024-06-02
gamestopfan,2024-06-02
Mr-Feeney,2024-06-02
amaturecynic,2024-06-02
Good-Swimmer8633,2024-06-02
academic_partypooper,2024-06-02
cacabanga,2024-06-02
precocious_pakoda,2024-06-03
zil020511,2024-06-03
erikhansell,2024-06-03
Remote_Tomorrow_6906,2024-06-03
Itendstonight87,2024-06-03
karkis319,2024-06-03
xCrashReboot,2024-06-03
Competitive-Feed-335,2024-06-03
Sufficient-Pen-1088,2024-06-04
paean_swerves,2024-06-04
jomensaere,2024-06-04
antih1bh4ead,2024-06-04
__Hold_My_Poodle__,2024-06-04
Dry-Dragonfruit6131,2024-06-04
Junethemuse,2024-06-04
NurkleTurkey,2024-06-04
Volcano467,2024-06-04
mirkop82_,2024-06-04
PowerfulAd5527,2024-06-04
nickarmadillo,2024-06-05
gimmiesumsuga,2024-06-05
pp227,2024-06-05
Spirited_Equipment_2,2024-06-05
curious_worker4,2024-06-05
orchidsforme,2024-06-06
Ipromisethefunk,2024-06-06
jameskdpeacock,2024-06-06
Goglplx,2024-06-06
Mean_Kaleidoscope_29,2024-06-06
Substantial_Air1757,2024-06-06
Mysterious_Grape5777,2024-06-07
Interesting-Egg5596,2024-06-07
rubygalhappy,2024-06-07
Left_Requirement_675,2024-06-07
otannehill,2024-06-07
_No_Statement,2024-06-07
Specialist_Class2980,2024-06-07
Due-Background-6084,2024-06-07
LuckiestToast,2024-06-07
TyreeThaGod,2024-06-07
fgpalm,2024-06-07
RainbowRailed,2024-06-07
stainedundershirt,2024-06-08
DryOil5093,2024-06-08
anthony3662,2024-06-08
2023startofanewme,2024-06-08
Expensive_Diet_6990,2024-06-09
Scarlet-Ivy,2024-06-09
ValenTom,2024-06-10
mlamping,2024-06-10
Character-Bike-1578,2024-06-10
transformerftm,2024-06-10
baby_budda,2024-06-10
WillingnessFeisty374,2024-06-10
captain_jt1eight,2024-06-11
enkae7317,2024-06-11
No-Pear6585,2024-06-11
mkuraja,2024-06-11
winstonmarie,2024-06-11
disgruntledlemon,2024-06-11
PenaltyOk411,2024-06-11
Friendly-Racoon-44,2024-06-11
Early-Effort-459,2024-06-11
the_modernleper,2024-06-11
Alternative-Doubt452,2024-06-12
Ok_Muscle379,2024-06-12
Thin_Indication4719,2024-06-12
tracea24,2024-06-12
netpenguin2k,2024-06-12
Illustrious_Laugh_17,2024-06-12
yaredw,2024-06-12
Ok-Antelope3900,2024-06-12
Logical_Bite3221,2024-06-12
Funemployment629,2024-06-13
SwitchEfficient4999,2024-06-13
jw0798,2024-06-13
Successful-Put-7129,2024-06-13
Most-Cupcake4867,2024-06-13
Scared-Philosophy29,2024-06-13
effinami,2024-06-13
atomic-xpc,2024-06-13
Mwahaha_790,2024-06-13
metalreflectslime,2024-06-14
mordwand,2024-06-14
Terrible_Pair8931,2024-06-14
KookyClerk1358,2024-06-14
iiShiny,2024-06-14
Cassiopeia2021,2024-06-14
Such-Cabinet-6831,2024-06-14
Prize_Sun26,2024-06-14
076028509494,2024-06-15
airbusfan380,2024-06-15
Brilliant_Type6215,2024-06-15
MonsterSeducer96,2024-06-16
H0merSimpsons,2024-06-16
JohnBarleyMustDie,2024-06-16
Artistic_Dare_4902,2024-06-16
throwaway09251975,2024-06-17
Wewantthistobegood,2024-06-17
Significant-Try-310,2024-06-17
Ok-Reaction565,2024-06-17
Atkena2578,2024-06-17
SageBotanical,2024-06-17
GoodFeeling1326,2024-06-17
Dizzy_Imagination770,2024-06-17
OkCategory3061,2024-06-17
Beginning-Ring2349,2024-06-17
de-stressingdamsel,2024-06-17
WitcheeeeeeeeeeWoman,2024-06-17
emilijaj,2024-06-18
Jonesyajones,2024-06-18
LazySea4693,2024-06-18
ManufacturerThese505,2024-06-18
Far_Water_9558,2024-06-18
rockingmypartysocks,2024-06-18
Salty_Internet_2231,2024-06-18
SexySuperManDude,2024-06-18
mikecit2222,2024-06-18
Vegetable_Cycle_5573,2024-06-18
octobahn,2024-06-18
1guyonearth,2024-06-18
Disastrous-Room-6441,2024-06-18
Medium-Hyena-5931,2024-06-18
mommagolly,2024-06-19
TSVSJ,2024-06-19
KingSamy1,2024-06-19
trfgjd,2024-06-19
fireinaflask,2024-06-19
glittergull,2024-06-19
Remarkable_Star_3013,2024-06-19
LowRelationship946,2024-06-19
MDAthlete07,2024-06-20
Im_TryingMyBest_,2024-06-20
BiddahProphet,2024-06-20
AbbreviationsCalm175,2024-06-20
SilentWalrus92,2024-06-20
throwawaytransssssss,2024-06-20
Aggressive_Data_6291,2024-06-20
Ill_Bullfrog_2462,2024-06-20
Single_Acanthaceae79,2024-06-20
stoned_cat_lady,2024-06-21
blablablabling,2024-06-21
Quinnyboy97,2024-06-21
iLikeSourBeer,2024-06-21
Glittering_Action524,2024-06-21
cydonia8388,2024-06-21
McPreemo,2024-06-21
WoodpeckerEastern384,2024-06-21
TruthBot1787,2024-06-21
dinkNflicka21,2024-06-21
BuyHigh_S3llLow,2024-06-21
TheySayImZack,2024-06-22
Helpful-Restaurant-6,2024-06-22
mb34255,2024-06-22
CommandoOrangeJuice,2024-06-22
dirtymonkey66,2024-06-22
calhalgal,2024-06-22
jheo1825,2024-06-23
whatsis-anonymiss,2024-06-23
Embarrassed_Tap815,2024-06-23
Setsuna_f_siei,2024-06-23
Puzzled-Move-8301,2024-06-23
oneof3dguy,2024-06-23
MysteriousEconomy755,2024-06-23
Ambitious_Leg_2114,2024-06-23
Kitchen-Time207,2024-06-23
Anxious-Slip-8955,2024-06-23
jayqcal007,2024-06-24
Worried_Author1085,2024-06-24
Open-Channel726,2024-06-24
Existing_Piccolo2962,2024-06-24
AffectionateBoat382,2024-06-24
benhereforawhile,2024-06-24
aikadaji,2024-06-25
Potential-Bee-724,2024-06-25
Winkinsburst,2024-06-25
Dabasacka43,2024-06-25
jessicalee149,2024-06-25
illini02,2024-06-25
bathtub_sammiches,2024-06-25
openurheartandthen,2024-06-25
pthread_join,2024-06-25
Inner_Engine533,2024-06-25
purplegeod,2024-06-26
Ragepower529,2024-06-26
slamwise_gamgee,2024-06-26
JustANumber999,2024-06-26
Cutiekitty101,2024-06-26
LadyAdeli,2024-06-26
HopefulInternal3964,2024-06-26
International-Win-26,2024-06-27
neurotic-proxy,2024-06-27
seattleswiss2,2024-06-27
Mysterious-Resort587,2024-06-27
IllustriousYoghurt39,2024-06-27
Dry_Garlic_3018,2024-06-27
milkymccool,2024-06-27
rice123123,2024-06-27
TerrifiedQueen,2024-06-27
radishes-are-cool,2024-06-27
LovableButterfly,2024-06-27
MoneyDifference4340,2024-06-28
Senior_Beau,2024-06-28
DowntownSunsets,2024-06-28
Rare-Working3955,2024-06-28
Appropriate_Lack4986,2024-06-28
behind_on_the_times,2024-06-28
chrondotcom,2024-06-28
Ok-Analysis4121,2024-06-28
Wholelottamilka2325,2024-06-29
btcmaster2000,2024-06-29
AccordionGuy,2024-06-29
R-EmoteJobs,2024-06-29
Master_subject69,2024-06-29
KBcurious3,2024-06-29
gothicswede,2024-06-29
82wiseguy,2024-06-29
ThrowRAbillie,2024-06-29
TardisTraveller24,2024-06-29
YouGiveItAMinute,2024-06-29
shradz2607,2024-06-30
Johnclark38,2024-06-30
Dapper_Kiwi_3976,2024-06-30
ProgrammerCreative16,2024-06-30
thinkB4WeSpeak,2024-06-30
overland_park,2024-06-30
RandomIndecisiveUser,2024-06-30
Mindless_Patience_21,2024-07-01
RaspberryOk2240,2024-07-01
Ok-Complaint-4329,2024-07-01
Mozfel,2024-07-01
DontDoItBob,2024-07-01
Weird-Motor8875,2024-07-01
Aggravating-Ad-8239,2024-07-01
BlueSh4rk,2024-07-01
Wilderdoll,2024-07-01
Crazierthanur,2024-07-01
Justdowhatever94,2024-07-02
CupAmazing5637,2024-07-02
TopAcrobatic9661,2024-07-02
RealVison12,2024-07-02
Ok-Eggplant-4557,2024-07-02
SamSantra,2024-07-02
UnscrupulousAlien,2024-07-02
Affectionate-Duty-85,2024-07-02
Old-Arachnid77,2024-07-02
BeautifulArtistic946,2024-07-02
urbankyleboy,2024-07-02
pinhead_ramone,2024-07-02
Beneficial-Leader740,2024-07-02
Fluffy-Match9676,2024-07-02
Frosty_Twist_9903,2024-07-03
Western-Succotash165,2024-07-03
Justhereforthepartie,2024-07-03
therealsheriff,2024-07-03
Slow-Scar7314,2024-07-03
Tiny_Money_4733,2024-07-04
OkSir7003,2024-07-04
Active_Owl6816,2024-07-04
cutelilthingg,2024-07-04
WaltzGroundbreaking3,2024-07-04
Able-Lifeguard-6333,2024-07-04
UKGThrowaway12399512,2024-07-04
RoRoRoub,2024-07-04
Accomplished-Cry5185,2024-07-05
buzzfeedup,2024-07-05
dietcokewLime,2024-07-05
Alarming_Parsnip_963,2024-07-05
HeyDollyDo72,2024-07-05
7Days2Sunday,2024-07-05
CartridgeCrusader23,2024-07-05
AlarmSuccessful7871,2024-07-05
Prudent-Pea-5522,2024-07-05
HappyEveryAllDay,2024-07-06
nikkilovesamerica,2024-07-06
Shakilfc009,2024-07-06
Familiar_Emphasis717,2024-07-07
FU_ScubaSteve,2024-07-07
Minute_Butterfly_198,2024-07-07
National_Machine_549,2024-07-07
work_hacker,2024-07-07
MysteriousBluebird47,2024-07-07
Number01101,2024-07-08
dedguy21,2024-07-08
QuarterUnfair,2024-07-08
saddesigner1223,2024-07-08
Ericalive,2024-07-08
TheDarkKnight2001,2024-07-08
quemaspuess,2024-07-08
thebigjimmyd,2024-07-08
thr0waway4682,2024-07-08
MeasurementNo652,2024-07-08
Proper_Economist2581,2024-07-08
Inevitable_Product74,2024-07-09
Individual_Gap_6306,2024-07-09
WDbigsumo,2024-07-09
thisisrakesh,2024-07-09
lawyahz7,2024-07-09
SVDTTCMS,2024-07-09
Alienshah888,2024-07-09
dwokeballer,2024-07-09
treebeard9000,2024-07-09
AdGloomy120,2024-07-10
Sweet_Fig_1625,2024-07-10
Moist-Comedian5033,2024-07-10
LeakyFish,2024-07-10
Rude-Paper2845,2024-07-10
megadave32,2024-07-10
cherryhillnj,2024-07-10
Imaginary_Error_9115,2024-07-10
DrakeJStone,2024-07-10
slapback1,2024-07-10
97vyy,2024-07-10
Mediocre-Factor-2547,2024-07-11
GracefulZebra12444,2024-07-11
No-Surround7860,2024-07-11
acuppajoseph,2024-07-11
Upset-Rhubarb-8234,2024-07-11
Patereye,2024-07-11
WillShillForCheck,2024-07-11
letsgetshwifty11,2024-07-11
Iamthegoat77,2024-07-12
JaRk_29,2024-07-12
Emsm_23,2024-07-12
Skraag,2024-07-12
yourmomdotbiz,2024-07-12
my_truck,2024-07-12
Beneficial-Ad-497,2024-07-12
majoraswhore,2024-07-13
learner_to_teacher,2024-07-13
IHateSmores,2024-07-13
whatsthehypefor,2024-07-13
WillAlwaysSurvive,2024-07-13
svix_ftw,2024-07-14
Acceptable-Row-4315,2024-07-14
walkingdeer,2024-07-14
Kind-Elephant5369,2024-07-14
DeskSignal6908,2024-07-14
More_Appearance7732,2024-07-14
carolsofthebells,2024-07-14
Comfortable-Slice418,2024-07-15
Alive-Pirate-9959,2024-07-15
MathematicianKey7465,2024-07-15
Significant_Wing_878,2024-07-15
CUDAcores89,2024-07-15
georgiatechatlwaddup,2024-07-15
NoForeseenCasualties,2024-07-15
Bl0pP0p,2024-07-15
Embarrassed-Lion3251,2024-07-15
Cultural_Iron2372,2024-07-15
SPONTANEOUS-,2024-07-16
SuccessInternal,2024-07-16
ynu1yh24z219yq5,2024-07-16
leoshah29,2024-07-16
FunComfortable3978,2024-07-16
SoWhatFFF,2024-07-16
mapz23,2024-07-16
29PiecesOfSilver,2024-07-17
Ok_Concentrate8751,2024-07-17
Internal_Low_6181,2024-07-17
ThinkLikeUnicorn,2024-07-17
xite2020,2024-07-17
pnkra4zpggdmawrb,2024-07-17
technologyperson,2024-07-17
Only_Ad5343,2024-07-18
New-Programmer-7520,2024-07-18
Galantisrunaway,2024-07-18
Exciting_Tomorrow497,2024-07-18
Potential-Speaker-69,2024-07-18
MastodonEffective530,2024-07-18
Little_Vacation_6166,2024-07-18
babynemoworld,2024-07-18
overallfisher2,2024-07-19
tofumasubi,2024-07-19
Tall-Addendum1744,2024-07-19
vturesults,2024-07-19
Evening-Flower4089,2024-07-19
Familiar_Owl1168,2024-07-19
alee463,2024-07-19
bitchandmoan69,2024-07-19
itgtg313,2024-07-19
wildcatwoody,2024-07-19
pied_piper_of_money,2024-07-19
GStar727,2024-07-19
Lucky_Ad4572,2024-07-19
OfficialFrankNez,2024-07-19
isntlifeapeach,2024-07-20
lick_light,2024-07-20
LaborTheoryofValue,2024-07-21
ghostnj555,2024-07-21
Own_Offer_4825,2024-07-21
Dizzy-River505,2024-07-21
Footboler,2024-07-22
dronedesigner,2024-07-22
West-Peak4381,2024-07-22
Idunnowhy2,2024-07-22
CapitalNecessary2395,2024-07-22
prescripti0n,2024-07-22
Dear-Pomegranate2717,2024-07-23
Away_Possession_1009,2024-07-23
ukgthrowaway,2024-07-23
dijonmustard4321,2024-07-23
CeruleanSky73,2024-07-23
Findadirection_,2024-07-23
canopey,2024-07-23
OddArrival1025,2024-07-23
HeGoesByTheyNow,2024-07-24
jnn117,2024-07-24
PutNo9389,2024-07-24
DueLengthiness7723,2024-07-24
PipeZestyclose2288,2024-07-24
Few_Strawberry_3384,2024-07-24
GeneParmesan2525,2024-07-24
Primal47,2024-07-24
4951studios,2024-07-24
dumbest_engineer,2024-07-24
BrockForsey,2024-07-24
bobobo-bo-bo-bobobo,2024-07-24
Forsaken-Promise-269,2024-07-24
PooPoohead911234585,2024-07-25
kw2006,2024-07-25
NoTeach7874,2024-07-25
thgvnn,2024-07-25
Human_Broccoli_3207,2024-07-25
PutAlternative3851,2024-07-25
Gullible_Pomelo3026,2024-07-25
AdventurousEast1157,2024-07-25
Background_Local2005,2024-07-25
imacatchyou,2024-07-25
Spare_Mango_6843,2024-07-26
young_shizawa,2024-07-26
Apprehensive-Cap6063,2024-07-26
Sensitive-Candle-353,2024-07-26
Anxious_Ad_1782,2024-07-26
latveriawillbefree,2024-07-26
Fightlife45,2024-07-26
Cooked-Turkey-1971,2024-07-26
PhotographerUSA,2024-07-27
The-Wanderer-001,2024-07-27
Goldengal124,2024-07-27
Fantastic_Sea_8251,2024-07-27
Logical_Layer5543,2024-07-27
ApprehensiveHopeful,2024-07-27
Aggressive_Mud_2038,2024-07-27
Basic_Shoulder_8879,2024-07-27
jimmy3579,2024-07-28
justletmesleepnchill,2024-07-28
sk8rslife4me,2024-07-28
CurveInternational50,2024-07-28
travelhunter00,2024-07-28
curious_they_see,2024-07-28
Floppymermaid,2024-07-29
LanisTheBard,2024-07-29
Intelligent_Speed679,2024-07-29
Valkis,2024-07-29
burntout_apple,2024-07-29
donkeyblade,2024-07-29
TrainingGuarantee642,2024-07-29
roubideaux,2024-07-29
ziksy9,2024-07-29
choco_brigade,2024-07-29
Aggravating_Top_7357,2024-07-29
jeagermeister1z,2024-07-29
AdditionalPoint8696,2024-07-29
ikothsowe,2024-07-29
Vortexile,2024-07-29
RunnerBakerDesigner,2024-07-30
bugbear123,2024-07-30
OfficialVira,2024-07-30
Purple_Lead3127,2024-07-30
rcsfit,2024-07-30
LAcityworkers,2024-07-30
beautyfreak04,2024-07-30
Acceptable-Form3810,2024-07-30
Loose_Willingness232,2024-07-30
snuggas94,2024-07-30
Advanced_Bar6390,2024-07-30
michelesky,2024-07-30
Wild_Struggle922,2024-07-30
Antique_Professor_21,2024-07-31
Individual-Talk3216,2024-07-31
I_am_anxiety301,2024-07-31
Hot_Caterpillar_7952,2024-07-31
FlippyTower,2024-07-31
Witty_Introduction38,2024-07-31
aihomie,2024-07-31
Significant_Ad_1025,2024-07-31
msette,2024-07-31
lurklurklurky,2024-07-31
alpine_love_8,2024-07-31
Goldenstate2000,2024-07-31
Ok-Entrance7983,2024-07-31
Responsible-Pea3699,2024-07-31
PuzzleheadedRegret14,2024-07-31
AnxiousAd5477,2024-07-31
hallalua,2024-07-31
WriggleyPuff,2024-08-01
ActualConfection1932,2024-08-01
JessMasuga49,2024-08-01
laydeefly,2024-08-01
AriaaaSun,2024-08-01
Fit-Nobody7595,2024-08-01
Less_Than_Special,2024-08-01
Akashh23_pop,2024-08-02
nmsXx,2024-08-02
Busy_Jello_8616,2024-08-02
indian_male_engineer,2024-08-02
PattiPerfect,2024-08-02
PastLength1706,2024-08-02
IagoInTheLight,2024-08-02
Intelligent_Sun2506,2024-08-02
Jazzlike-Speed-4916,2024-08-02
guyguy46383758,2024-08-03
Educational-Dirt3200,2024-08-03
CurviestOfDads,2024-08-03
RichardJohnBingham,2024-08-03
-ARMYVET,2024-08-03
Sauceofamy,2024-08-03
Extension_Memory_416,2024-08-03
ThinkingMeatPuppet,2024-08-03
No_Golf_3649,2024-08-03
agyu95,2024-08-03
Arctic-Palm-Tree,2024-08-03
peacebypiece,2024-08-03
theewall2000,2024-08-03
Anxious-Care-8870,2024-08-03
Winter_cat_999392,2024-08-04
Ok_Mathematician863,2024-08-04
thurd3y3,2024-08-04
Fluid_Analysis_0704,2024-08-04
GarrotedFleshlight,2024-08-05
hockeymanbl,2024-08-05
Jillchills-US,2024-08-05
Conscious_Emu_7075,2024-08-05
Silly_Investigator33,2024-08-05
HotGirlJasmin,2024-08-05
Ok_Jackfruit8527,2024-08-05
Hippophatassamus,2024-08-05
lalalalala800,2024-08-05
PersimmonTall9539,2024-08-05
littlejulio,2024-08-05
_mavricks,2024-08-05
Realistic_Way5192,2024-08-06
FrenchShrimp,2024-08-06
Objective_Reality556,2024-08-06
navnt5,2024-08-06
No-Situation-24,2024-08-06
Due-Yak-4357,2024-08-06
michaelscotchtape,2024-08-06
oneandonlyfence,2024-08-06
coonick,2024-08-06
No_Shower_1272,2024-08-06
ThetaBlockers,2024-08-07
Troitbum22,2024-08-07
Humble-Tradition-677,2024-08-07
depresseddevguy,2024-08-07
fluffy-soup18,2024-08-07
IceNiqqa,2024-08-07
AdventAnima,2024-08-07
bloomberg,2024-08-07
ToledoRX,2024-08-07
balesw,2024-08-07
daisytre2020,2024-08-07
Delicious-Act-7461,2024-08-07
patronmacabre,2024-08-07
Far_Fox4911,2024-08-07
deathmetalfreak,2024-08-08
Purpose_Excellent,2024-08-08
genai4all,2024-08-08
isellwords,2024-08-08
Puzzleheaded-Base370,2024-08-08
PrestigiousTone8626,2024-08-08
Aromatic_Fill9351,2024-08-08
Jason11213,2024-08-08
ScytherBlade,2024-08-08
Bigboysultan,2024-08-08
john510runner,2024-08-08
MisterEdGein7,2024-08-08
Turbulent_Winter9122,2024-08-08
chip_0,2024-08-08
FornicatingFeces,2024-08-08
shatteredandroid,2024-08-08
ausernamethatcounts,2024-08-08
rumbojumbo009,2024-08-08
Hera_asm,2024-08-09
agreeablederivative,2024-08-09
gc-h,2024-08-09
AmbitiousVisual5858,2024-08-09
Mother_Park_5667,2024-08-09
Fragrant-Scar-5256,2024-08-09
Any_Ebb_7307,2024-08-09
Perfect_Machine_3640,2024-08-09
No-Estimate6380,2024-08-09
RstarPhoneix,2024-08-09
nearbyrat,2024-08-09
shamenez,2024-08-09
Humblelicious,2024-08-09
gneissrocx,2024-08-09
Sea-Introduction6816,2024-08-09
wonderkidnpl,2024-08-09
polos111,2024-08-10
aseolith,2024-08-10
SangTalksMoney,2024-08-10
ValuableMark5970,2024-08-10
Successful_Living_70,2024-08-10
katyasraspsandslaps,2024-08-11
Brilliant_Jello_2410,2024-08-11
raynewooney20,2024-08-11
AffectionateOpinion7,2024-08-11
Long_Pension_3341,2024-08-11
Few_Teaching_8263,2024-08-11
FriskeCrisps,2024-08-12
Head_Veterinarian866,2024-08-12
f3sticecat,2024-08-12
IDontKnow_JackSchitt,2024-08-12
thecreativeflux,2024-08-12
OS_San,2024-08-12
itaukeimushroom,2024-08-12
all_things_boo,2024-08-12
Typical_Muffin_9894,2024-08-12
wicksadd94,2024-08-12
SadAddition3964,2024-08-13
encode2024,2024-08-13
NoTransportation2010,2024-08-13
hyperwatertower,2024-08-13
castler_666,2024-08-13
snickerdoodle--,2024-08-13
After-Anywhere2506,2024-08-13
denbyco,2024-08-13
Separate_Share_1983,2024-08-13
OpeningVariable,2024-08-13
Latter-Scheme-8397,2024-08-13
AstralStrudel,2024-08-13
RecoveringFrmTV,2024-08-13
Bubbly_Surround_3637,2024-08-13
chromium50,2024-08-13
DevelopmentNo8631,2024-08-13
dinkman94,2024-08-13
Old_Rough_4404,2024-08-14
men_like_me,2024-08-14
who_wants_a_cake,2024-08-14
Pretty-Stuff-32,2024-08-14
9eo9raph,2024-08-14
tressforsuccess,2024-08-14
LALady818,2024-08-14
CrazyImpossible3572,2024-08-14
Hungry-Travel-11,2024-08-14
a-friendgineer,2024-08-14
AtticusAesop,2024-08-14
Raktha_pinjari,2024-08-14
mustafa_alruwaili,2024-08-14
stanleymaxi,2024-08-14
yellowrosepedal,2024-08-14
Annabelle74911,2024-08-14
brocknason,2024-08-15
jumpfallrepeat,2024-08-15
plankingatavigil,2024-08-15
JustaGirl2574,2024-08-15
WasteStreet8185,2024-08-15
TomatoParadise,2024-08-15
Flaky-Strike-3602,2024-08-15
Top-Leg736,2024-08-15
SpyCats,2024-08-15
noside10,2024-08-15
livibean,2024-08-15
binghamjasper,2024-08-15
BFA_Artist,2024-08-15
MrEloi,2024-08-15
WhatIDoDuringPlan,2024-08-15
Mobile-Flower-1055,2024-08-15
MorpheusReborn,2024-08-15
yougotlaidoff,2024-08-16
speculativedesigner,2024-08-16
No-Illustrator5844,2024-08-16
BenevolentHuman,2024-08-16
Pale_Management4714,2024-08-16
SnooShortcuts5718,2024-08-16
Consistent_Camp_4311,2024-08-16
nocheesecake80,2024-08-16
Earthling_101,2024-08-16
ZealousidealMonk6316,2024-08-17
Lionel730,2024-08-17
Hefty_Grand7,2024-08-17
akritori,2024-08-17
Living_Sign912,2024-08-17
Feisty_Ad_2831,2024-08-17
Appropriate-Life323,2024-08-17
thatimmi,2024-08-17
down4uptown,2024-08-18
-DoctorStevenBrule-,2024-08-18
Megaladoink_,2024-08-18
AvailableWafer8629,2024-08-19
jerry_coeurl,2024-08-19
Specialist_Quail_231,2024-08-19
The_SqueakyWheel,2024-08-19
meriii_blue,2024-08-19
rainmkr65,2024-08-19
alara009,2024-08-19
ChadIsAtWork,2024-08-19
IOU123334,2024-08-19
eattherichreich,2024-08-19
hmkr,2024-08-19
True-Curve-5145,2024-08-19
iGotADWI,2024-08-20
cert_Xpert,2024-08-20
Sea_Cicada804,2024-08-20
myfriendscallmeGigi,2024-08-20
nmaddoG,2024-08-20
Frosty-Karen,2024-08-20
ohheyitsjuan,2024-08-20
Imaginary_Refuse6174,2024-08-20
filbertnutbutter,2024-08-20
Xanman41,2024-08-20
Traveling_Rat_6543,2024-08-20
Questionasker0517,2024-08-20
samissleman17,2024-08-20
BoatFart,2024-08-20
ParticularMost6100,2024-08-20
Zealousideal-Fail118,2024-08-20
Alarming-Charge-2371,2024-08-21
TriggeredGlimmer,2024-08-21
therivera,2024-08-21
ssbani,2024-08-21
malayanchely,2024-08-21
clydehasaflush,2024-08-21
IndieWolverine,2024-08-21
theamazingpapi,2024-08-21
Chemical-Lie-1789,2024-08-21
VictoryLap72,2024-08-21
StandardEmergency173,2024-08-21
AdRemote6313,2024-08-21
T900022,2024-08-21
febzz88,2024-08-22
vinaylovestotravel,2024-08-22
t0il3t,2024-08-22
Ill-Read-8570,2024-08-22
Substantial-Emu-6537,2024-08-22
last-account2,2024-08-22
FtDetrickVirus,2024-08-22
Succulent_Rain,2024-08-22
Psychological-Claim2,2024-08-23
No_Excuses_Yesterday,2024-08-23
MarigoldPlumber,2024-08-23
Electrical-Pause7571,2024-08-23
StockClick5605,2024-08-23
Connect_Ordinary_763,2024-08-23
Lurkylurker24,2024-08-23
AngryTexasNative,2024-08-23
RepairShoddy2671,2024-08-23
Routine_Leek8577,2024-08-23
Golden_shark_,2024-08-23
DueApplication2301,2024-08-24
Obvious_Read9292,2024-08-24
Financial_Form_1312,2024-08-24
SCexplorer11,2024-08-24
No-Highlight1056,2024-08-24
Business_Usual_2201,2024-08-24
totallyshould,2024-08-24
ErnestT_bass,2024-08-24
ElectronicTrifle3165,2024-08-24
xshingox,2024-08-24
Abject_Conference974,2024-08-24
RefrigeratorSorry333,2024-08-24
idiskfla,2024-08-25
ComprehensiveBoot150,2024-08-25
Necroking695,2024-08-25
Glad-Path-662,2024-08-25
Ornery_Emu_2618,2024-08-25
Kaatsh_mobile,2024-08-25
_twelvechess,2024-08-26
Mmmmmmmmmmmeh,2024-08-26
SilverMagnum,2024-08-26
Proud_Suspect2378,2024-08-26
thevintagebonita,2024-08-26
JTmarlins,2024-08-26
CautiousSalt2762,2024-08-26
Key_doc,2024-08-26
New_Tradition412,2024-08-26
Puzzleheaded-Mood544,2024-08-26
EmphasisInside3394,2024-08-27
pivitman,2024-08-27
Classic_Scapegoat,2024-08-27
Complex-Childhood352,2024-08-27
canopyroads,2024-08-27
_-jai_-,2024-08-27
thehalosmyth,2024-08-27
ripguy1264,2024-08-27
2dsafgkhjds,2024-08-27
DammyTheSlayer,2024-08-27
Lilacjasmines24,2024-08-27
LetOk77,2024-08-27
Alarming_Parfait1111,2024-08-27
ShyLeoGing,2024-08-27
chicreative2023,2024-08-28
Bank-Chemical,2024-08-28
unlikelycandidates,2024-08-28
desielwhodat,2024-08-28
Equal_Deer_6802,2024-08-28
Lumpy_Brain9539,2024-08-28
Disastrous-Gas7604,2024-08-28
Hedgie013,2024-08-28
dachosenones,2024-08-28
southernhope1,2024-08-28
Upbeat_Way_8989,2024-08-28
Front-Joke8471,2024-08-28
keebler123456,2024-08-28
iamafreeman2024,2024-08-28
Fluid_Wolverine_7030,2024-08-28
North-Shake-7287,2024-08-28
ppith,2024-08-29
CeleryConsistent8341,2024-08-29
Other-Union-2715,2024-08-29
Affectionate_Run4157,2024-08-29
Spiritual-Chart-940,2024-08-29
Material-Custard2941,2024-08-29
Commercial_Dot_7,2024-08-29
deadlock_or_catch22,2024-08-29
Even-Advertising-332,2024-08-29
0Taken0,2024-08-29
Intelligent-Cat7242,2024-08-29
HugoR2001,2024-08-29
dianabowl,2024-08-29
illbdeadsoon,2024-08-29
80era1,2024-08-30
Rude-Satisfaction508,2024-08-30
JavaDevMatt,2024-08-30
smoky77211,2024-08-30
OkLiterature9978,2024-08-30
starman120812,2024-08-30
Grape-Hornet,2024-08-30
the-moon-changes,2024-08-30
i_surfer,2024-08-30
Stunning-Trick-9170,2024-08-30
Khasim83,2024-08-30
Ok-Valuable9684,2024-08-30
Nervous_Ant_9184,2024-08-31
Ok-Independence-6414,2024-08-31
Intelligent_Sky_9892,2024-08-31
INT_Researcher9902,2024-08-31
Jobsolv_RemoteJobs,2024-08-31
manedark,2024-08-31
Broski_Joe_6000,2024-08-31
directorsara,2024-08-31
VegetableCupcake8464,2024-09-01
MMBizRL,2024-09-01
Inside-Log1073,2024-09-01
banglaboop,2024-09-01
inneedofcounseling,2024-09-02
Organic_Preparation3,2024-09-02
Frodogar,2024-09-02
Ill-Response2376,2024-09-02
Responsible-Fuel8757,2024-09-02
Lonely_Exchange6591,2024-09-02
Charming_Key2313,2024-09-02
OMADKetoKid,2024-09-02
Superb-Operation2863,2024-09-02
Willing-Paper-4987,2024-09-03
SayWhatIWant3151,2024-09-03
Timely_Jelly_5526,2024-09-03
seanrrwilkins,2024-09-03
gcs_Sept09_2018,2024-09-03
TheRivalxx,2024-09-03
Raz0r-,2024-09-03
Psychological_Main30,2024-09-03
johnvicente57,2024-09-03
MasterOfTequila,2024-09-04
Altruistic_Sink_3632,2024-09-04
Icy-Tiger-19,2024-09-04
road22,2024-09-04
dio-6,2024-09-04
pur3extrme,2024-09-05
Sufficient_Award5773,2024-09-05
danelle-s,2024-09-05
EternalSighss,2024-09-05
pcvrx660,2024-09-05
Physical_Math3316,2024-09-05
ComfortableBudget758,2024-09-05
Theripist69,2024-09-05
peachberry22,2024-09-05
OriontheNomad,2024-09-05
Responsible_Ad_4341,2024-09-05
AggressiveWasabi7783,2024-09-05
-SpaghettiCat-,2024-09-05
sunflower_1088,2024-09-05
No_Raise6164,2024-09-05
Mother_Walrus3207,2024-09-06
freezeman111,2024-09-06
Maxwell_Pegasus,2024-09-06
MaxrkCaxt,2024-09-06
jbaez68,2024-09-06
Consistent-Handle-95,2024-09-06
ohs2,2024-09-06
AlienAshFarm,2024-09-06
KookyPotato3761,2024-09-06
picklesnake,2024-09-06
South_Fondant_905,2024-09-06
Affectionate-Deer655,2024-09-06
gowns_and_goatz,2024-09-07
lemmeroxk,2024-09-07
apix123,2024-09-07
ResponseEcstatic9828,2024-09-07
Proud-Pie-2731,2024-09-07
Treasureluver,2024-09-07
Nimanimanima,2024-09-07
KitchenBe,2024-09-07
StudioSuccessful7640,2024-09-07
Eyewanthappiness,2024-09-08
liverusa,2024-09-08
malramirez10,2024-09-08
zerof3565,2024-09-08
No_Brilliant_764,2024-09-08
schocking1991,2024-09-08
vent2012,2024-09-08
DeliverySmooth2236,2024-09-09
Professional_Turn928,2024-09-09
Interesting-Pop187,2024-09-09
Aware-Story6605,2024-09-09
cryptiz95,2024-09-09
I_hate_my_userid,2024-09-09
RapunzelMeetsElsa,2024-09-09
DarkBlueEska,2024-09-09
MasterMutant,2024-09-10
curry2548,2024-09-10
warminder,2024-09-10
taurcapaqua,2024-09-10
Maleficent_Ad4619,2024-09-10
HallyTossis,2024-09-10
ProfessionalCover511,2024-09-10
Sufficient_Coast_852,2024-09-10
Extreme_Data7501,2024-09-10
traderjoes5,2024-09-11
gtated,2024-09-11
nationmarks,2024-09-11
Ok-Salamander3217,2024-09-11
MonsieurLapadite69,2024-09-11
505ithy,2024-09-11
stanxv,2024-09-11
mxg1984,2024-09-11
Time-Concentrate845,2024-09-12
outdooradventurez99,2024-09-12
Radiant-Positive-582,2024-09-12
SkywayTechReviews,2024-09-12
Ok_Jowogger69,2024-09-12
Voidlesscat29,2024-09-12
Hakavvati,2024-09-12
ashiel_yisrael,2024-09-12
skielandrianna,2024-09-12
TheCarnegieDoctor,2024-09-12
WoolenJester,2024-09-12
imamakeyoucry,2024-09-12
BusyMap6849,2024-09-12
_jcb__,2024-09-12
BlindAsABatLasik,2024-09-12
DisastrousHornet33,2024-09-12
Local_Yogurtcloset82,2024-09-12
Puzzleheaded-Way2986,2024-09-12
malloryhope,2024-09-12
TealOwl13,2024-09-12
Tall-Judgment1525,2024-09-12
Imaginary-Field998,2024-09-13
Fit_Bus9614,2024-09-13
Carthuluoid,2024-09-13
Simpleanswersarebest,2024-09-13
ihadtopickthisname,2024-09-13
SaintPatrickMahomes,2024-09-13
Obvious-Composer3815,2024-09-13
SausageKingOfKansas,2024-09-13
SGHJobSearchSGH,2024-09-13
InevitableOwl530,2024-09-13
Natural_South_3814,2024-09-13
Itchy_Ad_222,2024-09-13
noobxd000,2024-09-13
EnlightenedCultist,2024-09-13
rambo454,2024-09-13
Mave__Dustaine,2024-09-13
Lucky_You_1013,2024-09-13
Bulky_Community_5742,2024-09-13
mybetterone,2024-09-13
Elephantbirdsz,2024-09-14
mixedpaints,2024-09-14
No-Boss-1166,2024-09-14
Current_Selection,2024-09-14
UltimateChaos233,2024-09-14
Manju_writes,2024-09-14
coolcucumberrr,2024-09-14
liposuctionlane,2024-09-14
charlie_gouda17,2024-09-14
rocks-paper,2024-09-15
Beneficial-Royal6751,2024-09-15
East-Butterfly4319,2024-09-15
True-Deal-8819,2024-09-15
BB_147,2024-09-15
JagaloonJack,2024-09-15
VariousSir9900,2024-09-15
Warm_Literature1984,2024-09-15
Emergency-Echo-9154,2024-09-16
Things-i-see,2024-09-16
YouthParty8348,2024-09-16
True_Helicopter9024,2024-09-16
ohlaph,2024-09-16
Horror-Practice-4968,2024-09-16
FlossyFlossBoss,2024-09-16
Vikingar1,2024-09-17
shaiken,2024-09-17
Embarrassed-Chart734,2024-09-17
CareerChakraJobs,2024-09-17
TreisAl3,2024-09-17
Hopeful-Reading-6774,2024-09-17
dumpground,2024-09-17
kudamushaike,2024-09-17
gxa22850,2024-09-18
anewusername4me,2024-09-18
gihajef548,2024-09-18
NeroHBK,2024-09-18
BigMoose2023,2024-09-18
Pazzaaaaaa,2024-09-18
burntmuffin343,2024-09-18
Bonnaroo4Ever,2024-09-18
Xavi2408,2024-09-18
Fantastic_Bee7119,2024-09-18
donkeyspit007,2024-09-18
sss100100,2024-09-18
SnapDragononFire,2024-09-18
UstavniZakon,2024-09-18
SelectionCool351,2024-09-18
Acrobatic-Elk-9244,2024-09-18
YogurtclosetIll4642,2024-09-18
Thranduil-9,2024-09-18
wallydee,2024-09-18
NotMyMonkeyBusiness,2024-09-18
m0usr4t,2024-09-18
Constant_Bar_4437,2024-09-18
los-gigantes,2024-09-18
Mountain_Sand3135,2024-09-19
xtraliciousssx,2024-09-19
jammers9787,2024-09-19
QuitUsual4736,2024-09-19
CheapFish195,2024-09-19
Tylerr_A,2024-09-19
God_Hand_9764,2024-09-19
wand3rrlust,2024-09-19
Intrepid_Patience396,2024-09-19
JackfruitMain7769,2024-09-20
tinker_b3lls,2024-09-20
OkProperty8067,2024-09-20
MHX311,2024-09-20
Alarmed-End9112,2024-09-20
DukeChampion2004,2024-09-20
tropicsun,2024-09-20
SebPineda23,2024-09-20
Pineapple_Hunter,2024-09-20
thequietguy_,2024-09-21
dancinshoes69,2024-09-21
MsPinkSlip,2024-09-21
One-Thanks8809,2024-09-21
Specialist_Nobody_98,2024-09-21
noreallyicanteven,2024-09-21
Throwawayacc86396,2024-09-21
Leilah_Silverleaf,2024-09-21
Weary-View-1515,2024-09-21
Appropriate_Try_9946,2024-09-21
SolidLeek1421,2024-09-21
Commercial-Nebula-50,2024-09-21
Emergency_Knee_5049,2024-09-22
RemoteFinancial4052,2024-09-22
WatTheFud,2024-09-22
CriticalFishYT,2024-09-22
ElectricalBank3429,2024-09-22
thehigheredu_co,2024-09-22
Conscious-Quarter423,2024-09-23
Admirable_Rest8513,2024-09-23
SmartPizza,2024-09-23
whatsaphoto,2024-09-23
jonginpyon,2024-09-23
Princester-Vibe,2024-09-23
SurPlate,2024-09-23
ImNotDoingThisYall,2024-09-24
The_Alpacas,2024-09-24
CalligrapherNo6246,2024-09-24
bbpluto_,2024-09-24
ecommarketingwiz,2024-09-24
BenefitAdvanced,2024-09-24
Chance_Historian_976,2024-09-24
arkspiceoriginal,2024-09-24
Few-Plantain-1414,2024-09-24
Nice-Solution-8206,2024-09-24
JEEEEEEBS,2024-09-25
Murky-Abroad9904,2024-09-25
mobig1925,2024-09-25
TrainerWilling7583,2024-09-25
Widerrufsdurchgriff,2024-09-25
servingithecity,2024-09-25
Distinct_Status_9632,2024-09-25
Narrow_Employee8999,2024-09-25
Informal-Property-4,2024-09-25
Professional_Item_77,2024-09-25
Dry_Argument_581,2024-09-25
Just-Another-Girlie,2024-09-25
Ok_Medicine7913,2024-09-25
avas_mommi,2024-09-25
Remarkable_Citron543,2024-09-25
Bigbigballer33,2024-09-25
wtf_over1,2024-09-25
Gold-Temporary-3560,2024-09-25
reallykst,2024-09-26
Repulsive_Pop4771,2024-09-26
garyploski,2024-09-26
Few-Ad-5185,2024-09-26
MidnightRecruiter,2024-09-26
mccarrenpark,2024-09-26
Secure_Apricot_318,2024-09-26
abeecrombie,2024-09-26
ObligationTasty7351,2024-09-26
CartoonistFirm9649,2024-09-26
harris2024forpres,2024-09-26
Azurfant,2024-09-26
highzandlowz789,2024-09-27
ServiceKooky1323,2024-09-27
abis444,2024-09-27
OctoberEndings,2024-09-27
txwylde,2024-09-27
digg_dugg321,2024-09-27
sfdc2017,2024-09-27
A_finer_ship,2024-09-27
No-Berry-8120,2024-09-27
Elegant_Roll_201,2024-09-27
bluefoamsandals,2024-09-27
Oso_1972,2024-09-27
West_Measurement4393,2024-09-27
lakorai,2024-09-27
peppaz,2024-09-27
miiiiiihya,2024-09-27
madelinebai,2024-09-28
AmoebaMysterious5938,2024-09-28
ZealousidealDog5194,2024-09-28
jothrow2024,2024-09-28
Disastrous-Reply-792,2024-09-28
michelleelise013,2024-09-28
Fair-Manufacturer456,2024-09-28
Repulsive-Sundae8134,2024-09-28
Helpful-Exam2044,2024-09-28
IntrepidEnvironment3,2024-09-28
Clear-Gas-8770,2024-09-28
Anxious-Astronomer68,2024-09-28
pf_burner_acct,2024-09-28
00AceMcCloud,2024-09-29
Cultural-Respect3511,2024-09-29
Helpful_Sky_55,2024-09-29
loiswasright,2024-09-29
Spore-Gasm,2024-09-29
ajacova,2024-09-29
BuySideSellSide,2024-09-29
cjroxs,2024-09-29
SatisfactionExtra266,2024-09-29
burritoburrito_,2024-09-29
AnyTechnology100,2024-09-30
HerboClevelando,2024-09-30
ImplementNatural6746,2024-09-30
TimeForTaachiTime,2024-09-30
throwaway79718190,2024-09-30
Various-Suit-4511,2024-09-30
HihiHahaHoHoo,2024-09-30
matchbox20monday,2024-09-30
EuphoricCut2422,2024-09-30
Select-Refrigerator8,2024-09-30
National-Door-6156,2024-09-30
_Doomer_Wojack_,2024-09-30
Choice-Attorney1418,2024-09-30
ndrkx,2024-09-30
PeetSquared41,2024-09-30
Sped_monk,2024-09-30
Equivalent_Listen568,2024-09-30
weibull-distribution,2024-09-30
R-Feynman-125,2024-09-30
Valuable_Ad1178,2024-09-30
RGV_KJ,2024-09-30
bojackh_5689,2024-09-30
dooter123,2024-10-01
Advanced_Half7617,2024-10-01
Previous_Shirt_3436,2024-10-01
ConsistentFeedback47,2024-10-01
Relevantorphan,2024-10-01
ClerkMuch999,2024-10-01
hamlet717,2024-10-01
JordanOzi,2024-10-01
Full_Shepard,2024-10-01
dumbesET,2024-10-01
Salty_Cap_8197,2024-10-01
UnknownTallGuy,2024-10-01
getarumsunt,2024-10-01
MatrixIsAGame,2024-10-01
Dangerous_Luck8673,2024-10-01
danhatboro,2024-10-01
inner-musician-5457,2024-10-01
Fancy_Technology_563,2024-10-01
imjusthereforPMstuff,2024-10-01
UnluckyNet2881,2024-10-01
NeatSquirrel8,2024-10-01
PartySuccotash5011,2024-10-02
Express_Speed444,2024-10-02
AccidentialTechie,2024-10-02
AlexandraMcBeam,2024-10-02
LITech,2024-10-02
Double-Oven5007,2024-10-02
Adorable_Can_5502,2024-10-02
No-Breadfruit-8013,2024-10-02
mooncake1366,2024-10-02
TelevisionFormal1739,2024-10-02
Exact-Discount1219,2024-10-02
Calisun8,2024-10-02
Key_Guard8007,2024-10-02
newintownok,2024-10-03
Fabulous_Time_8932,2024-10-03
Time-Influence-Life,2024-10-03
Mammoth_Dark_665,2024-10-03
StartledSquirtle,2024-10-03
_cat_on_skates,2024-10-03
Reasonable_Lie_55,2024-10-03
die-microcrap-die,2024-10-03
_toutmoi,2024-10-03
ExtensionStory9366,2024-10-03
MoonGoddessKay,2024-10-04
Tossacoin1234,2024-10-04
Separate-Lime5246,2024-10-04
SuperGalaxies,2024-10-04
yolojpow,2024-10-04
forevermamba824,2024-10-04
JDsCouch,2024-10-04
itistimbo,2024-10-04
CatoTheBarner,2024-10-04
ymansy,2024-10-04
Perminology,2024-10-04
lieflatasian,2024-10-04
Short-Literature8790,2024-10-04
FreeIcecreamAfterDin,2024-10-05
Avadreams4,2024-10-05
ProfessionalSet755,2024-10-05
InterestingCattle856,2024-10-05
helloworldwhile,2024-10-05
MiserablePublic18,2024-10-05
Certain-Awareness125,2024-10-05
Just-Lab3027,2024-10-05
Lw_re_1pW,2024-10-05
Melodic-Station1462,2024-10-05
SaviorOfEggs,2024-10-06
Interesting-Bet-4713,2024-10-06
Banjo_Majora,2024-10-06
Velocirap_sir,2024-10-06
indianemployee,2024-10-06
johnmaddog,2024-10-07
Scary-Speech-062224,2024-10-07
AppointmentAble1405,2024-10-07
RefrigeratorStill893,2024-10-07
ilovehaagen-dazs,2024-10-07
EndChemical,2024-10-07
actaexcellent,2024-10-07
PrisonerNoP01135809,2024-10-07
EndAccomplished3937,2024-10-07
dudunoodle,2024-10-07
fosoxsake,2024-10-07
MajorBurnsides,2024-10-07
Jaded-Ad-1366,2024-10-08
ljm182,2024-10-08
Ill_Connection564,2024-10-08
Kersr602,2024-10-08
Mysterious_Plate1296,2024-10-08
Conscious-Mine-428,2024-10-08
nosire,2024-10-08
Otherwise-Media9001,2024-10-08
GB1987IS,2024-10-08
whozzyurDaddy111,2024-10-08
chickennihari,2024-10-08
Boring_Pineapple_288,2024-10-09
Nice-Ferret-3067,2024-10-09
No-Investigator-1046,2024-10-09
WebCreates_05,2024-10-09
olivejuice2222,2024-10-09
BlogsDogsClogsBih,2024-10-09
so_sheek,2024-10-09
Jealous-Parsnip9038,2024-10-09
Old-Telephone4134,2024-10-09
Voidonoid,2024-10-09
TPlusProd,2024-10-09
Great_Row_4277,2024-10-09
bee_n752,2024-10-10
Espicy_taco,2024-10-10
aaommi,2024-10-10
Joebroni1414,2024-10-10
SagatRiu,2024-10-10
brodder31,2024-10-10
harlow2088,2024-10-10
Senior_Suit_4451,2024-10-10
Plastic_Marzipan8011,2024-10-10
_dochay,2024-10-10
GrapeIndividual8484,2024-10-10
Buzz_Killington33,2024-10-11
Radish-Adventurous,2024-10-11
Additional-Point6296,2024-10-11
Traditional_Road_247,2024-10-11
GrumpusMcMumpus,2024-10-11
Icy_Ad2884,2024-10-11
fuzzybunnyslippers08,2024-10-11
randomindianboy,2024-10-11
Interstate55,2024-10-11
NoBarnacle948,2024-10-11
GregWilson23,2024-10-11
sailing_oceans,2024-10-11
CaptainMalikk,2024-10-12
NYpoker666,2024-10-12
First_Border_6194,2024-10-12
jamra27,2024-10-12
Ill-Angle5497,2024-10-12
Disastrous-Year-4062,2024-10-12
GlitteringSociety183,2024-10-12
BlitzOrion,2024-10-12
Waesrdtfyg0987,2024-10-12
throwaway-scaredemp,2024-10-12
Decent_Extension360,2024-10-12
growthhacker4893,2024-10-12
Then-Atmosphere7226,2024-10-12
sushi_loving_samurai,2024-10-12
Electrical-Yogurt546,2024-10-12
kidousenshigundam,2024-10-12
Majestic_Street_6463,2024-10-13
hj_mkt,2024-10-13
LonelyPomegranate819,2024-10-13
lkh9596,2024-10-13
origutamos,2024-10-13
PuzzleheadedWin3446,2024-10-13
Aviator_0504,2024-10-13
Worried-Ad8948,2024-10-13
yungshamu,2024-10-14
Difficult-Web-9717,2024-10-14
sgdxb_million,2024-10-14
Temporary-Agency2637,2024-10-14
habitababala,2024-10-14
US_Sugar_Official,2024-10-14
True-Butterscotch613,2024-10-14
A_Single_Annihilape,2024-10-14
TankTough6609,2024-10-15
clloudfluff,2024-10-15
Artistic_Boot_4777,2024-10-15
annarchist1312,2024-10-15
pumpkinspicelr,2024-10-15
Consistent-Bit-9705,2024-10-15
Paintixir,2024-10-15
OlympicAnalEater,2024-10-15
UtopiaNation,2024-10-15
Conscious_Rain6250,2024-10-15
Entire-Management664,2024-10-15
JEDZBUDYN,2024-10-15
Beautiful-Reporter10,2024-10-15
Ok-Succotash4865,2024-10-15
sheldon37,2024-10-15
Eskender-fakten,2024-10-15
farrin0807,2024-10-16
tinypoopfarts,2024-10-16
homepybara,2024-10-16
A_Body_In_Motion,2024-10-16
Agreeable-Tone-8337,2024-10-16
kgjulie,2024-10-16
Shamoorti,2024-10-16
johnmlee41385,2024-10-16
Brahms12,2024-10-16
freshcheesebags,2024-10-16
mbolton99,2024-10-16
GlitteringPackage230,2024-10-16
i_let_the_dogs_out,2024-10-17
AndReMSotoRiva,2024-10-17
ledgamingmug,2024-10-17
Naive-Tourist-7566,2024-10-17
Various-Forever-4339,2024-10-17
ThunderWolf75,2024-10-17
starlittlewater,2024-10-17
Electrical-Sky6636,2024-10-17
Pretend_Order1507,2024-10-17
Junior_War3979,2024-10-17
dvcoder,2024-10-17
SeaAway6175,2024-10-17
benisbroker,2024-10-18
brosophila,2024-10-18
theworstthreatactor,2024-10-18
OE_KING,2024-10-18
urbunn,2024-10-18
HealthyLuck,2024-10-18
Junior_Procedure9482,2024-10-18
DP-ology,2024-10-18
Prudent-Scarcity-456,2024-10-18
Electric_Raccoon,2024-10-18
Empty-Charge18,2024-10-19
No-Nebula-5222,2024-10-19
Lamakarma93,2024-10-19
No-Quiet-1705,2024-10-19
Lazy-Ingenuity6123,2024-10-19
Micci0,2024-10-19
Acrobatic_Total_969,2024-10-19
haci,2024-10-19
Few_Lychee3036,2024-10-19
Ok_Explanation3551,2024-10-19
WeCameAsMuffins,2024-10-20
AlertMath7969,2024-10-20
Brad_from_Wisconsin,2024-10-20
lechonkjames,2024-10-20
coldwater113,2024-10-20
YourAverageMF,2024-10-20
Low-Rip7702,2024-10-21
Ok-Macaron-8407,2024-10-21
Boring-Fuel6714,2024-10-21
Exact_Product_928,2024-10-21
noobtrader28,2024-10-21
imanayer,2024-10-21
Rough_Appearance1959,2024-10-21
Tricky-Broccoli-7302,2024-10-21
Bee_In_TN,2024-10-21
emreloperr,2024-10-21
EmphasisNo6733,2024-10-21
qaking770,2024-10-21
Front-Tomorrow-3545,2024-10-21
LynnLynnHan,2024-10-21
International-Food83,2024-10-22
Metaphyziks369,2024-10-22
nvidia_edge,2024-10-22
DullLanguage792,2024-10-22
FitAd3725,2024-10-22
stop_it_1939,2024-10-22
dumbasfuck6969,2024-10-22
Feeding_It,2024-10-22
midhart90,2024-10-22
3boys1tiredmom,2024-10-22
Razamatazzhole,2024-10-22
hectorw_tt,2024-10-22
Disastrous-Safety526,2024-10-22
Historical_Teach9525,2024-10-23
bbwloverman80,2024-10-23
ashishshah17,2024-10-23
m0h1tkumaar,2024-10-23
JRD2023,2024-10-23
HotManufacturer1438,2024-10-23
Critical-Constant869,2024-10-23
TopAd1369,2024-10-23
hermanbloom00,2024-10-23
ventingacccount,2024-10-23
Chitownyale,2024-10-23
Inc_Magazine,2024-10-23
ififitsisits29,2024-10-23
mikey_likes_it______,2024-10-23
AsideFew8915,2024-10-23
Iwantmypooty,2024-10-24
UghBurgner2lol,2024-10-24
Kitchen_Intention454,2024-10-24
Zor785,2024-10-24
ScarletBrando,2024-10-24
Uncensored_Noodles,2024-10-24
calmwildflower30,2024-10-24
Practical-Ghost,2024-10-24
TheWanterpreneur,2024-10-25
JamesHutchisonReal,2024-10-25
SyrupPutrid6312,2024-10-25
BobbyLucero,2024-10-25
ZucchiniSpecialist65,2024-10-25
sage6paths,2024-10-25
RadCringeMaster,2024-10-25
longiner,2024-10-26
knyc3791,2024-10-26
cyrenaica_,2024-10-26
Tecyst,2024-10-26
Boring-Test5522,2024-10-26
Top_Part_5544,2024-10-26
crannynorth,2024-10-26
manny3118,2024-10-27
Thecybergal-aus-2024,2024-10-27
ConstructionNo1511,2024-10-27
The-cyber-gal-2266,2024-10-27
existentialdevil,2024-10-27
AcademicIncrease8080,2024-10-27
sugarintheboots,2024-10-27
Effective_Tap8518,2024-10-27
Cleanngreenn,2024-10-27
bozoclownputer,2024-10-27
Easy-Excitement-759,2024-10-27
darknlovely13,2024-10-27
cali_jo,2024-10-27
Fun-Aardvark299,2024-10-28
Daisy139,2024-10-28
blooming_garden,2024-10-28
JoshSamBob,2024-10-28
SpecialK04,2024-10-28
fluffy_lies,2024-10-28
localcragdirtbag,2024-10-28
Away_Week576,2024-10-28
Young_Hustlers,2024-10-28
patrickcarrot,2024-10-28
throwawayscro,2024-10-28
RubiesSparkle,2024-10-28
Equivalent_Success60,2024-10-28
ChocolateHumble6232,2024-10-29
10kipling,2024-10-29
toontown_19,2024-10-29
Traditional-Cloud134,2024-10-29
ribs--,2024-10-29
FeistyTicket7556,2024-10-29
JDsSperm,2024-10-29
bananananana2000,2024-10-29
laxin08,2024-10-29
max-power14,2024-10-29
GlitteringMary4,2024-10-29
Crazy_Negotiation_24,2024-10-29
_bsmith_,2024-10-30
specialagentwow,2024-10-30
Rare_Ad_5138,2024-10-30
quwin123,2024-10-30
gremilie,2024-10-30
Sunflowersoul44,2024-10-30
Left-Oil-9035,2024-10-30
Take-My-Gold,2024-10-30
bodymindtrader,2024-10-30
KeyCalifornia949,2024-10-30
vizzy_vizz,2024-10-30
Icy_Brief_8686,2024-10-30
Swarmoro,2024-10-30
Classic_Craft8885,2024-10-30
alex090410,2024-10-30
ConfidenceNo182,2024-10-30
josh8lee,2024-10-30
supersafeforwork813,2024-10-30
Redditor_AR,2024-10-30
CustardFar1604,2024-10-30
UnemployedGuy2024,2024-10-31
ThatOneRedditBro,2024-10-31
No-Repeat-9138,2024-10-31
True_District_6338,2024-10-31
boothraiderginsberg,2024-10-31
MajorApprehensive610,2024-10-31
Whoissnake,2024-10-31
Equivalent-Resist128,2024-10-31
MushyAbs,2024-10-31
NightFire19,2024-10-31
Moist-Dance-1797,2024-10-31
Sea-Respect-9713,2024-10-31
icecream-socialite,2024-10-31
viheru,2024-10-31
LifeIsImperfect,2024-10-31
emilykang2020,2024-11-01
cornhub9192,2024-11-01
tmp_acct9,2024-11-01
Fun_Adhesiveness_520,2024-11-01
SaddledPaddled,2024-11-01
Complex_Ad_5027,2024-11-01
IndividualGlass8933,2024-11-01
Natural_Photograph16,2024-11-01
Good-Hair-Day,2024-11-01
HarambeIsMissing,2024-11-01
CuzLinueax,2024-11-01
Such-Egg-4548,2024-11-01
EastEndObserver,2024-11-02
EnvironmentalKoala8,2024-11-02
Ok-Sleep-748,2024-11-02
Ritmp,2024-11-03
Mamuthone125,2024-11-03
TechnicianTypical600,2024-11-03
WheresMyInhaler95,2024-11-03
InlineSkateAdventure,2024-11-03
FewWatercress4917,2024-11-03
Smart-less,2024-11-04
QTop1,2024-11-04
SpicyNElectroCute,2024-11-04
aabbey71,2024-11-04
Snoo-64655,2024-11-04
RoyalEggplant8832,2024-11-04
Dianahamada1994,2024-11-04
littledexigner,2024-11-04
ewmripley,2024-11-04
GenXenial0010,2024-11-04
Emotional-Beat-9586,2024-11-04
Select_Valuable_3162,2024-11-04
throwawayz8383,2024-11-04
MamaDeeVee,2024-11-04
Ok_Combination5164,2024-11-04
Recruiting-at-PI,2024-11-04
jhendrix99,2024-11-04
baliball,2024-11-05
TinyHighway7112,2024-11-05
Sammy3434,2024-11-05
Jam_Wil,2024-11-05
Organic_Primary_4521,2024-11-05
Witty-Opportunity985,2024-11-05
tuleflower,2024-11-05
BandicootCumberbund,2024-11-05
Introvertedcheesie,2024-11-05
Mean_Quality9492,2024-11-05
falsefreedom6509,2024-11-05
Ok_Plant_1196,2024-11-05
ControlCAD,2024-11-05
FunPrize1427,2024-11-05
AfraidChocolate370,2024-11-06
Phlighk,2024-11-06
West_Dragonfruit9808,2024-11-06
OppositeRaisin1992,2024-11-06
Impossible_Note_1509,2024-11-06
mk_u_mine,2024-11-06
JudgmentOrdinary6346,2024-11-06
RedditRoller1122,2024-11-06
Ill_Finger8934,2024-11-06
R251122,2024-11-06
smahey,2024-11-07
Blanknameblank818,2024-11-07
coolwhip986,2024-11-07
Quiet-Flounder7434,2024-11-07
Desperate-Stock-3294,2024-11-07
darthbuddhas,2024-11-07
Nervous_Landscape847,2024-11-07
Working_Cloud_5610,2024-11-07
GroundbreakingSky409,2024-11-07
joduce,2024-11-07
jmwebguy,2024-11-07
Electronic-Pie-8275,2024-11-08
IAHawkeye182,2024-11-08
Recent-Toe7205,2024-11-08
Emergency_Employee59,2024-11-08
TwitchScrubing,2024-11-08
Ill_Contribution_806,2024-11-08
Human-Bandicoot-122,2024-11-08
Spirited-Lake1682,2024-11-08
edsonbuddled,2024-11-08
ManOfTheCosmos,2024-11-09
Firm_Onion_8907,2024-11-09
Separate-Society-109,2024-11-09
Prestigious_Bit_9835,2024-11-09
Repulsive-Ad-9441,2024-11-09
West_Emotion6400,2024-11-09
DangerousTowel9046,2024-11-09
SadSquare7199,2024-11-09
LadyTech,2024-11-09
Ecstatic-Building741,2024-11-09
Slight-Sea-1121,2024-11-09
Due_Change6730,2024-11-09
MathematicianFew5909,2024-11-09
13thstepper,2024-11-09
Ok_Article_249,2024-11-09
Devils_negotiator,2024-11-10
frankiethescar,2024-11-10
PsychologicalBad452,2024-11-10
EmergencyFamiliar627,2024-11-10
Only_Medicine3169,2024-11-10
Ill_Show5465,2024-11-10
anonymouspsy,2024-11-10
need-advice-1113331,2024-11-10
acct_spam,2024-11-10
PrizeRepulsive964,2024-11-11
UniqueAmbition3421,2024-11-11
Sonictitanic23,2024-11-11
RecoverSoggy723,2024-11-11
ThirstyCoffeeHunter,2024-11-11
eternitygenesis,2024-11-11
Inner-Account6174,2024-11-12
hannamdong,2024-11-12
alisoncarey,2024-11-12
Neat-Prune2761,2024-11-12
Other_Sheepherder891,2024-11-12
masterpeabs,2024-11-12
Environmental_Arm820,2024-11-12
Red_Fury7961,2024-11-12
Ivanthebull,2024-11-12
OverTadpole5056,2024-11-13
Frame26,2024-11-13
CryptographerNo1066,2024-11-13
bitsy_bytes_,2024-11-13
Salty-Skin7472,2024-11-13
chimecho1,2024-11-13
Delicious-Courage42-,2024-11-13
Tiny_Passion_6391,2024-11-13
Bitternut81,2024-11-13
Prudent-Interest-428,2024-11-13
ontheereddit,2024-11-13
BloopyPumpkin,2024-11-13
ALeglessDwarf,2024-11-13
Goldysight,2024-11-13
rmella17,2024-11-14
LookingNotTalking,2024-11-14
jamro05,2024-11-14
stephg78240,2024-11-14
AnybodyDifficult1229,2024-11-14
Dizzy-Geologist-7683,2024-11-14
Ok-Swordfish-8916,2024-11-14
Basic-Maybe9148,2024-11-14
6SND,2024-11-14
lilyk10003,2024-11-14
saiclops_,2024-11-14
urfaselol,2024-11-14
Striking_Design1885,2024-11-14
CartographerOwn3629,2024-11-14
Curiousandhelpful,2024-11-14
mamax22024,2024-11-14
thedudeabides2088,2024-11-14
MuahahaGuy,2024-11-15
Traditional_Pace_429,2024-11-15
Dirty_Look,2024-11-15
Select-Ad6324,2024-11-15
Silver_Student_7023,2024-11-15
SuccessfulMath7213,2024-11-15
Agent_Aftermath,2024-11-15
Arrick,2024-11-15
Dapper_Ad3738,2024-11-15
pavemypathwithbones,2024-11-15
Environmental-Cup232,2024-11-15
candyman258,2024-11-15
Confident-Safety-968,2024-11-15
rivendicazione,2024-11-16
Alarming-Upstairs-29,2024-11-16
Significant_Onion752,2024-11-16
ezrahluv,2024-11-16
strangestkiss,2024-11-16
Loose_Dentist3671,2024-11-16
noobrunecraftpker,2024-11-16
rosangren,2024-11-16
fantamaso,2024-11-16
jetlifeual,2024-11-16
Historical_Spell4646,2024-11-16
Gullible_Setting_619,2024-11-16
omnisheep1991,2024-11-17
Pale_Caterpillar_385,2024-11-17
C508314F65A8D60D,2024-11-17
bobber1268,2024-11-17
alk426,2024-11-17
Successful_Boat8025,2024-11-17
nQuo,2024-11-17
Affectionate_Leek127,2024-11-17
Careful_Magazine_744,2024-11-17
Expensive_Quarter230,2024-11-17
Proof_Loquat5585,2024-11-17
Dinesh1210,2024-11-17
CrazyGal2121,2024-11-17
happydays0005,2024-11-17
Successful-Yellow133,2024-11-17
IncomeInnovators,2024-11-17
Serious-Lie-3682,2024-11-18
survivor994,2024-11-18
iam_sha256,2024-11-18
Parking_Screen6866,2024-11-18
clickUX,2024-11-18
zinornia,2024-11-18
TradeKingc,2024-11-18
wlawla123,2024-11-18
theVICTRAtheymade,2024-11-18
asapmoh,2024-11-18
Anti-CyberBully99,2024-11-18
No-Zucchini-7087,2024-11-18
countrylurker,2024-11-18
distractedjas,2024-11-18
Superb-Society-838,2024-11-18
AccordingLocal5820,2024-11-19
jasonring,2024-11-19
Waste-Chocolate8776,2024-11-19
Mobile-Mountain8651,2024-11-19
boogie_woogie_100,2024-11-19
HungryAquamarine,2024-11-19
Temporary-Wolf3930,2024-11-19
Similar_Document5653,2024-11-19
Ok-Custard3464,2024-11-19
Agent_cupcake_,2024-11-19
lvnwrth,2024-11-19
khubs44,2024-11-19
PrideOPineapples,2024-11-19
atravelingmuse,2024-11-19
SanFrancisco590,2024-11-19
squirrelocaust,2024-11-20
XL_Jockstrap,2024-11-20
Forward_Reindeer_878,2024-11-20
Charming-Constant-18,2024-11-20
Mav_andtheslaps,2024-11-20
2024_anonymous,2024-11-20
ChezussCrust,2024-11-20
bearhunter429,2024-11-20
Numerous-Tonight4149,2024-11-21
Pastel_Client_9670,2024-11-21
Misery_Acolyte820,2024-11-21
baobunzzz,2024-11-21
Main_Search_9362,2024-11-21
inherfeelsonreddit,2024-11-21
Ms_NewBootie,2024-11-21
Gabubidoop588,2024-11-21
sawhite824,2024-11-22
nobody-important-1,2024-11-22
Fantastic_Cap1946,2024-11-22
OkFinger2630,2024-11-22
IllFault2202,2024-11-22
Simple-Literature687,2024-11-22
Basic_Bird_8843,2024-11-22
Orome2,2024-11-22
mostdopeopenworld,2024-11-22
Blue_Dinosaur5989,2024-11-22
Prize-Ad-2429,2024-11-22
Maleficent_Carrot246,2024-11-22
StoneyMalon3y,2024-11-22
Abject_Type7967,2024-11-22
VividlyDreaming7,2024-11-23
BloodNotFunny,2024-11-23
Friendly_Sea8570,2024-11-23
Guilty_Impact_0424,2024-11-23
savepurplebees,2024-11-23
Underwhelming_Onion,2024-11-23
Ok-Location-nation,2024-11-23
texanshouston,2024-11-24
WestKYGal,2024-11-24
Spider_village_mind,2024-11-24
devopslite,2024-11-24
tennisfan0504,2024-11-24
KayUnicorn,2024-11-24
ForeignAd7638,2024-11-24
KermieKona,2024-11-24
BlueAmberAmberRed,2024-11-25
jpark38,2024-11-25
Agreeable-Object-439,2024-11-25
MS2526,2024-11-25
Single_Ad7528,2024-11-25
OneoftheChosen,2024-11-25
reyskywalker7,2024-11-25
CactusWithRanch,2024-11-25
ElectronicWorry1,2024-11-26
TygerTheeeKing,2024-11-26
Jess_Cooper1,2024-11-26
Bjorn_Nittmo,2024-11-26
DiscombobulatedOwl1,2024-11-27
Long_Caterpillar8772,2024-11-27
Pale_Engineering5187,2024-11-27
sivah_168,2024-11-27
PaleontologistTime17,2024-11-27
500blast,2024-11-27
FunBike7712,2024-11-27
epicap232,2024-11-27
lightsout155,2024-11-27
DJArts,2024-11-27
gyozafish,2024-11-27
Eddyforever,2024-11-27
myalt_ac,2024-11-28
ad6759ashraf,2024-11-29
Short_Tonight_2948,2024-11-29
Significant_Tooth237,2024-11-29
lancingaboil,2024-11-29
meiq-Land-5534,2024-11-29
Hargbarglin,2024-11-30
Endlesstavernstiktok,2024-11-30
Senior-Payment-4264,2024-11-30
ninedays82,2024-11-30
Temporary-Ice-9184,2024-12-01
Puzzleheaded-Sky9811,2024-12-01
ReferenceDesperate50,2024-12-01
New2Vlogs,2024-12-01
kimmyzy256,2024-12-01
AdElectronic6596,2024-12-02
Holiday_Session_8317,2024-12-02
Brilliant_Disk,2024-12-02
MountainRain2113,2024-12-02
ZookeepergameHot6442,2024-12-03
viclin92,2024-12-03
Routine_Play5,2024-12-03
lolzcat59,2024-12-03
ImJustGonnaSitHere01,2024-12-03
Smooth_Spirit657,2024-12-03
No-Bread-988,2024-12-03
LivingZookeepergame0,2024-12-03
Lost_Explorer3657,2024-12-03
kupomu27,2024-12-03
Poop_shute,2024-12-04
AdSecret37,2024-12-04
Ambitious_Key1124,2024-12-04
MicroBadger_,2024-12-04
Foxhound34,2024-12-04
sherbertresume,2024-12-04
Impressive-Chance276,2024-12-04
AdParticular6193,2024-12-04
myvenue111,2024-12-04
Rilly_d0e,2024-12-04
jadiechappie,2024-12-04
ElecMechTech,2024-12-04
nasty_oe,2024-12-04
PollyannaSparkler,2024-12-04
RinNyurii,2024-12-04
Mediocre_Comedian_95,2024-12-05
Gnarwars00,2024-12-05
Capable-Landscape779,2024-12-05
_maverick98,2024-12-05
Jazzlike-Lunch5390,2024-12-05
SD-Dreamer,2024-12-05
Holiday_Peach1226,2024-12-05
EmergencyDemand3959,2024-12-05
Proud_Mastodon338,2024-12-05
Gold-Seaweed2501,2024-12-05
shalm12,2024-12-05
ChanceBed4870,2024-12-05
BayAreaBills,2024-12-05
EcstasyTree,2024-12-05
Top-Administration51,2024-12-06
dogsarecool124,2024-12-06
remotemx,2024-12-06
Due_Administration43,2024-12-06
scubasandwich,2024-12-06
SpecialistInner4096,2024-12-06
Useful_Paramedic6618,2024-12-06
ManufacturerBroad847,2024-12-06
Ambitious_Pride968,2024-12-06
Typical-Version-8377,2024-12-06
Anathema1993,2024-12-06
Less_Echo_5417,2024-12-06
Aromatic_Hospital355,2024-12-06
Miserable-Offer-399,2024-12-06
Icy_Rope_5262,2024-12-06
Plenty-Cucumber-3033,2024-12-06
Queasy_Wishbone5643,2024-12-06
xiraov,2024-12-06
Bender_the_wiggin,2024-12-06
Global-Swan-8239,2024-12-06
Fluffy-Construction5,2024-12-07
loribella6,2024-12-07
dirt_brain,2024-12-07
Andro_Polymath,2024-12-07
FunRemove206,2024-12-07
Easy-Distribution-46,2024-12-08
DeepGeologist2757,2024-12-08
jinxajonks,2024-12-08
pronoialover,2024-12-08
Thedragfreedrifter,2024-12-08
HedgehogOk3756,2024-12-08
Neither-Concept-3903,2024-12-08
Planeonaring,2024-12-08
KenshiHiro,2024-12-08
innovatekit,2024-12-08
Busy-Record-420,2024-12-08
Silly_Escape13,2024-12-08
Baked_potato_108,2024-12-08
cap_afghanistan,2024-12-09
Kurious_Kat_13,2024-12-09
KocamoJoJo,2024-12-09
Legal-Material-2006,2024-12-09
Available-Ad-5670,2024-12-09
williemdafoe,2024-12-09
TrippinInAB0x,2024-12-09
Admirable-Ebb3655,2024-12-09
benaissa-4587,2024-12-09
Vignesh_Ka,2024-12-09
NeatContribution7099,2024-12-09
brave2799,2024-12-09
Shock_Wrong,2024-12-09
beanmcnulty,2024-12-09
Capable_Diet_2242,2024-12-09
rocdaddy21,2024-12-09
EthosApex,2024-12-09
NeitherCatNorFowl,2024-12-09
Training-Fondant-804,2024-12-10
Ok_Business5175,2024-12-10
davedave111144,2024-12-10
BridgeDucks,2024-12-10
mhm-mmkay,2024-12-10
NectarineCheap9154,2024-12-10
D-ckMOSS,2024-12-10
pilotdriver7,2024-12-10
Puzzleheaded_Way525,2024-12-10
9Vast-Video-5456,2024-12-10
kkei1027,2024-12-10
No_Carob_9125,2024-12-10
Tasty-Ear-3336,2024-12-10
Waste_Rhubarb8057,2024-12-10
Commercial_Wind8212,2024-12-10
Tall_Explanation_393,2024-12-10
jacobjp52285,2024-12-11
Excellent_Sport_5921,2024-12-11
knight_barb,2024-12-11
ExplanationDazzling1,2024-12-11
Useful_Scar_2435,2024-12-11
Familiar-Stomach-102,2024-12-11
nameofwizard1,2024-12-11
RoutineSea8340,2024-12-11
rhforever,2024-12-11
miraclemustard,2024-12-11
Appropriate-Bonus553,2024-12-11
isitloveorjustsex,2024-12-11
SnooGadgets9519,2024-12-12
Realistic-Limit2395,2024-12-12
PunkAssPuta,2024-12-12
bluedrg198,2024-12-12
Beneficial_Cake_4548,2024-12-12
miataES_1997,2024-12-12
boy_ajax,2024-12-12
Ok-Daikon-4749,2024-12-12
Unfair_Paint_5175,2024-12-12
kotlin_noob,2024-12-12
Electronic_Cap6853,2024-12-12
happinity,2024-12-12
OneLastRoam,2024-12-12
Clear-Mode4310,2024-12-13
CelebrationNo7011,2024-12-13
just_wandering1,2024-12-13
Other_Strawberry6941,2024-12-13
Coomstress,2024-12-13
AdministrativeAd6509,2024-12-13
Level_Opportunity_26,2024-12-13
enbyenvy99,2024-12-13
Conscious-Desk9957,2024-12-13
MobileConcentrate297,2024-12-13
OldDevice8602,2024-12-13
Big_Material3815,2024-12-13
Loki_the_Joker,2024-12-13
No-Professional2757,2024-12-13
Murky_Airline_569,2024-12-14
Snoo-9561,2024-12-14
RudeEstablishment782,2024-12-14
ImNotABot26,2024-12-14
Opening_Chapter_1188,2024-12-14
grenz1,2024-12-14
West-Good-1083,2024-12-14
robgarcia1,2024-12-14
Huge-Individual-326,2024-12-15
Human_Island_5013,2024-12-15
bigbuck4,2024-12-15
fluffypandaa,2024-12-15
RepulsiveWhereas5274,2024-12-15
maya_durairaj,2024-12-15
According_Dance_8655,2024-12-16
Realistic-Rip476,2024-12-16
Main-Bicycle-6146,2024-12-16
kalidasbhaisaab321,2024-12-16
C_bells,2024-12-16
MudVisual1054,2024-12-16
Fluid_Transition9835,2024-12-16
joccykatt,2024-12-16
TheD3m02,2024-12-16
mrchef4,2024-12-16
Ok-Dream8274,2024-12-16
1234443212,2024-12-17
onetoforget1,2024-12-17
Full-Medicine-8888,2024-12-17
SNKRHD17,2024-12-17
skippy6547,2024-12-17
harpsland,2024-12-17
Useful-Hippo1579,2024-12-17
East_Progress_8689,2024-12-17
YankeeMcIrish,2024-12-17
Icy_Positive7459,2024-12-17
Big-Position8209,2024-12-17
barbie070,2024-12-18
Affectionate-Ride-41,2024-12-18
FloorKey8833,2024-12-18
Visible_Voice_8131,2024-12-18
Specialist_Ebb4137,2024-12-18
OperationFantastic26,2024-12-18
Mediocre-Magazine-30,2024-12-18
Due_Shopping_2112,2024-12-18
D33455432,2024-12-18
Mental_Bench_,2024-12-18
Hot-Yam-444,2024-12-18
Kiki550GX,2024-12-18
me_havingfun,2024-12-19
FederalArugula,2024-12-19
Zealousideal_Day9712,2024-12-19
Fun_Championship_929,2024-12-19
sabz7,2024-12-19
addm22,2024-12-19
Holiday_Campaign9141,2024-12-20
Unlikely-Rich-4915,2024-12-20
Flat_Tour_584,2024-12-20
Procrastinator_MD,2024-12-20
maryland202,2024-12-20
Longjumping_Frame809,2024-12-20
IntercontinentalElk,2024-12-20
Thin_Act_1755,2024-12-20
Internal_Dog_6739,2024-12-20
Siyoneyo,2024-12-21
ImpressiveFrosting76,2024-12-21
Macro_35,2024-12-21
TurbulentOpposite700,2024-12-21
Positive-Barber-7617,2024-12-21
taste_the_equation,2024-12-21
blueboy022020,2024-12-21
Tired_not_Retired_12,2024-12-21
ET_mi,2024-12-21
jjfedj,2024-12-21
Relative-Mix-1264,2024-12-21
Wolfbuz,2024-12-22
Broad-Blueberry-7477,2024-12-22
jazilzaim,2024-12-22
wingsandstrings,2024-12-22
zeeb0t,2024-12-22
DeerSubstantial9729,2024-12-22
edi1801,2024-12-22
Born_Fox6153,2024-12-22
MNGritMom,2024-12-22
Chitownbronxchibx,2024-12-22
viral_pinktastic,2024-12-23
CaptainZhon,2024-12-23
General-Disk-8592,2024-12-23
Effective_Bell_7961,2024-12-23
Umm3d,2024-12-23
MillennialProfessorX,2024-12-23
Puzzleheaded_Sand561,2024-12-23
TX057,2024-12-23
bec777,2024-12-23
Purple985985,2024-12-23
PixelsOfTheEast,2024-12-24
Due-Musician-4460,2024-12-24
22_SpecialAirService,2024-12-24
illnamethislata,2024-12-24
ex_cep_tion,2024-12-24
B_Parwateesham,2024-12-24
AmyLearns,2024-12-25
Aj100rise,2024-12-25
SensitivePhrase4981,2024-12-26
BobRossReborn,2024-12-26
Federal_Frame_6776,2024-12-26
hireweel,2024-12-26
RevolutionDismal6838,2024-12-26
Aint_cha_momma,2024-12-27
BuckeyeSRQ,2024-12-27
ShadowAce88,2024-12-27
Yes_LeMiiNo,2024-12-27
birdy_244,2024-12-27
Istanbulexpat,2024-12-27
HABlackwood,2024-12-27
personalthoughts1,2024-12-27
zombienugget,2024-12-27
maedoc_alastrine,2024-12-27
videodrone83,2024-12-28
DystopianElysian,2024-12-28
WiseCityStepper,2024-12-28
Kvsav57,2024-12-28
EmbarrassedHumor1804,2024-12-28
TheH215,2024-12-29
Monstermage,2024-12-29
ProblemsoIver,2024-12-29
Neat-Ad-4337,2024-12-29
ATroubledEngineer,2024-12-29
Traditional_Sir6306,2024-12-29
CollectorsYER,2024-12-30
WonderfulVariation93,2024-12-30
Inevitable-Mouse9060,2024-12-30
jaijinendra1001,2024-12-30
sildain,2024-12-30
Signal_Fly_6873,2024-12-30
ThrowRALaidoffhelp1,2024-12-30
New-Collection-3132,2024-12-31
pdxgod,2024-12-31
ptrckf111,2024-12-31
No_Swimming_6789,2025-01-01
Fun_Philosopher1120,2025-01-01
Overthedramamama,2025-01-01
Ok-Term667,2025-01-01
wonderingStarDusts,2025-01-01
skirven4,2025-01-01
Deep_Fisherman_7170,2025-01-01
BicycleRatchet,2025-01-01
king_of_bots22,2025-01-02
SniperElite47,2025-01-02
Intelligent-Crab-285,2025-01-02
brodega,2025-01-02
FederalArmadillo970,2025-01-02
Background-Donkey330,2025-01-02
ComprehensiveAct8997,2025-01-03
Living-Hour2415,2025-01-03
canthandlemycandle69,2025-01-03
Beautiful-Judge199,2025-01-03
Thin_Scratch_2219,2025-01-03
14_EricTheRed,2025-01-03
7thPwnist,2025-01-03
lemonzonic,2025-01-03
throwawaylol018,2025-01-03
lilypod_,2025-01-03
fn1501c,2025-01-03
Zealousideal_Ad1196,2025-01-03
far-away-1055,2025-01-03
manmountain123,2025-01-04
Affectionate-Ad6121,2025-01-04
katknowsworst,2025-01-04
underscore-0,2025-01-04
Apprehensive_Cup_432,2025-01-04
CatAlarming9916,2025-01-04
sushimane91,2025-01-04
CommercialOccasion32,2025-01-04
falsevoic3,2025-01-04
Iamchor,2025-01-04
gowrath,2025-01-04
Responsible_Wealth92,2025-01-04
sksp101,2025-01-04
Least-Button-5741,2025-01-04
WeirdAd1375,2025-01-04
Beautiful-Finish6780,2025-01-04
Warm_Language8381,2025-01-04
thaisunite,2025-01-04
kk1485,2025-01-05
RadiantSwordfish8891,2025-01-05
SpaceMonkey3301967,2025-01-05
No_Instance1588,2025-01-05
AmazingRevolution347,2025-01-05
MaterialChocolate796,2025-01-05
Expert_Can458,2025-01-05
leviosah,2025-01-05
Latter-Put3896,2025-01-05
Illustrious-Day-1524,2025-01-05
FluffyLobster2385,2025-01-05
Ok-Carry-4837,2025-01-05
Stonk_nubee,2025-01-06
Rich-Traffic5346,2025-01-06
_african_swallow,2025-01-06
indoctrinate12,2025-01-06
East_Quantity_7890,2025-01-06
Remarkable_Victory51,2025-01-06
buclaoboii,2025-01-06
FerretEntire,2025-01-06
WestConversation5506,2025-01-06
ChasinSumDopa,2025-01-06
janu1ne,2025-01-06
Zealousideal_Film_86,2025-01-07
jakov1234567,2025-01-07
Longjumping-Low-3297,2025-01-07
Alternative-End-8888,2025-01-07
Ok_Reception_9522,2025-01-07
LopsidedDataCat,2025-01-07
Dracounicus,2025-01-07
diego_don,2025-01-07
No-Professional-1092,2025-01-07
Lonestar0004,2025-01-08
AdDismal6841,2025-01-08
Glad-Cap9678,2025-01-08
Acceptable_Future223,2025-01-08
ssh1842,2025-01-08
herpetogaster,2025-01-08
huntingforwifi,2025-01-08
GrassMain9623,2025-01-08
ConsistentAd9804,2025-01-08
memeologist6969,2025-01-08
saradahokage1212,2025-01-08
slava_bogy,2025-01-08
Rare_Significance170,2025-01-08
CozyTea6987,2025-01-08
plantlover32,2025-01-08
MHplanet02,2025-01-09
MaximumFox1716,2025-01-09
BorderEquivalent3867,2025-01-09
Opposite_Hawk9644,2025-01-09
cptthumper,2025-01-09
interwebzzz,2025-01-09
TeeBrownie,2025-01-09
Ih8melvin2,2025-01-09
SomeOddThing,2025-01-09
Main-Caramel-1715,2025-01-09
BigMoneyBigBets,2025-01-09
Silver_Spare_6796,2025-01-09
lisalisavirginia,2025-01-09
Ornery-Musician821,2025-01-09
Affectionate_Mode142,2025-01-09
ContentAd8857,2025-01-09
mirenjobra,2025-01-09
Pelican34,2025-01-09
katedevil,2025-01-09
OutrageousPlane5052,2025-01-09
Mean_Age_6798,2025-01-10
RaisetheBlack28,2025-01-10
1lostlogin,2025-01-10
lyssaro,2025-01-10
HelloW0r,2025-01-10
Then-Wealth-1481,2025-01-10
darah12,2025-01-10
DevelopmentOdd6559,2025-01-10
Humble-Line-7640,2025-01-10
elusiveoddity,2025-01-10
Western-Lack8015,2025-01-10
hobbes244,2025-01-10
Independent_Bug_1708,2025-01-10
elle8778,2025-01-10
uroldman321,2025-01-10
skyth2k1,2025-01-11
The007Ninja,2025-01-11
Organic-Raspberry518,2025-01-11
mizeraudio,2025-01-11
GrandImpostor,2025-01-11
No_Tangerine_3134,2025-01-11
dummyAccount12312539,2025-01-12
fuckmemeteam,2025-01-12
boring_dig27,2025-01-12
wintergoon_7,2025-01-12
colerncandy,2025-01-13
Carmencam-09,2025-01-13
THEGAMERGEEKYT,2025-01-13
Worried-Ad2286,2025-01-13
Illustrious-Lab973,2025-01-13
Worth-Assumption-467,2025-01-13
Few-Stable-2020,2025-01-13
Soda67010,2025-01-13
Curious_or_Dorky,2025-01-13
greenee111,2025-01-13
14FireFly14,2025-01-13
loki5485,2025-01-13
Purple_Prompt_5042,2025-01-13
phoggey,2025-01-13
bigDogNJ23,2025-01-14
SnooShortcuts4021,2025-01-14
thiagoisdead2,2025-01-14
urbancowgirl000,2025-01-14
Character-Many-5562,2025-01-14
Delicious_Arm8445,2025-01-14
Brinley-berry,2025-01-14
Alarmed_Peanuts,2025-01-14
Savings-Wallaby7392,2025-01-14
Afraid-Efficiency-97,2025-01-14
JudgmentTotal289,2025-01-14
SpeakCodeToMe,2025-01-14
Hot_Needleworker8319,2025-01-14
trademarktower,2025-01-14
Mosesprick,2025-01-14
AirBooger,2025-01-14
pekan84,2025-01-14
Appropriate-Art-9712,2025-01-14
Significant-Rush5622,2025-01-14
SnooDonuts4137,2025-01-14
FocusFranchising,2025-01-14
SpendOk4267,2025-01-14
Black_Reactor,2025-01-14
Its_me_12345199,2025-01-14
Broad-Hunter-5044,2025-01-14
SharpCartographer831,2025-01-15
typicalwarrior27,2025-01-15
Illustrious-Oil296,2025-01-15
SeaNorth7172,2025-01-15
jlreid78,2025-01-15
Czarben,2025-01-15
amazingspineman,2025-01-15
Round_Cobbler5603,2025-01-15
abh_37,2025-01-15
Low_Educator_8451,2025-01-15
burrito_napkin,2025-01-15
amerinoy,2025-01-15
Accomplished_Cup7314,2025-01-15
According-Host-1487,2025-01-15
Safe-Beautiful6122,2025-01-15
LawrenceChernin2,2025-01-15
mariaiseverything,2025-01-15
saiyamanaka,2025-01-15
YoDJPumpThisParty,2025-01-15
TypicalPhone8424,2025-01-15
Electronic_Mind9464,2025-01-16
timmhaan,2025-01-16
Confident_Setting_45,2025-01-16
NegativeMirror5533,2025-01-16
thekhristy,2025-01-16
bigdeal206,2025-01-16
Ok_Track4357,2025-01-16
NBThrowbe89,2025-01-16
green-bean-7,2025-01-16
mountainlifa,2025-01-16
MyMonkeyCircus,2025-01-16
Suspicious-Brush2745,2025-01-16
BoatLifeDev,2025-01-16
RareMeasurement2,2025-01-16
NoLifeNoFriend,2025-01-16
RichWatercress635,2025-01-16
ariecos05,2025-01-16
EthanWilliams_TG,2025-01-16
IfThenElvis,2025-01-16
adm_swilliams,2025-01-16
ContentProfessor2708,2025-01-17
Reverie-AI,2025-01-17
blegh92,2025-01-17
Ok_Appointment_2064,2025-01-17
Whatiswatt,2025-01-17
OrdinaryCoder,2025-01-17
kdurham77,2025-01-17
leviathanchronicles,2025-01-17
durrr228,2025-01-17
Feeling-Gain3238,2025-01-17
dopedrip,2025-01-17
Ok_Cut_1579,2025-01-17
themedmom,2025-01-17
Nice_Aardvark1233,2025-01-17
Ok-Estimate4711,2025-01-18
Wild_Guest_480,2025-01-18
TheAarj,2025-01-18
EnvironmentalArt9066,2025-01-18
thegoodtimes88,2025-01-18
Mental-Concert8608,2025-01-18
LizardKween7,2025-01-18
Tough-Truth-5209,2025-01-18
Stock_Honey_7535,2025-01-18
Trentwool,2025-01-18
Snarnsjfhro,2025-01-18
Front-Television473,2025-01-19
PointedResponses,2025-01-19
Ecstatic_Bluebird_59,2025-01-19
newme2019,2025-01-19
g-a-guitar,2025-01-19
watchdoginfotech,2025-01-19
papilex,2025-01-20
Master_Engineer_5077,2025-01-20
Repulsive_Name_3436,2025-01-20
Philosophers_Fantasy,2025-01-20
kokolala234,2025-01-20
Majestic-Mirror8602,2025-01-20
AWlkingContradction,2025-01-20
Chemically_Awake,2025-01-20
Embarrassed_Cow4905,2025-01-20
Showshooter3,2025-01-20
Desperate-Monk-6793,2025-01-20
Correct-Potential941,2025-01-20
MVickDeadDogs,2025-01-20
Interesting_Camp872,2025-01-21
Nambi22,2025-01-21
ShadeStrider12,2025-01-21
Equal_Dependent_3975,2025-01-21
godjizz,2025-01-21
mint00002,2025-01-21
lurch940,2025-01-21
HuckleberryTime6162,2025-01-21
deathbydp,2025-01-21
wormwood6six6,2025-01-21
Responsible_Touch648,2025-01-22
Professional-Wind934,2025-01-22
Dry_Money2737,2025-01-22
noob__at__life,2025-01-22
Mother_Occasion_8076,2025-01-22
Arachnid_Feisty,2025-01-22
ckingreen,2025-01-23
arwjajw,2025-01-23
No-Knowledge-789,2025-01-23
Think-Custard-9883,2025-01-23
Delicious_Economy329,2025-01-23
2drinksdeep,2025-01-23
Ok-Aioli1326,2025-01-23
Sisterdiscord,2025-01-23
Fangarai,2025-01-23
WillBeLaidOffInApril,2025-01-23
Crescentxsky,2025-01-24
Ill-Professional2914,2025-01-24
__naviish,2025-01-24
ebbflow1287,2025-01-24
mmcf1y,2025-01-24
ncnsqntlthrowaway,2025-01-24
scottiedog141256,2025-01-24
CautiousAppearance94,2025-01-24
No_Effect9934,2025-01-24
Sleepergiant2586,2025-01-24
Myabhai,2025-01-24
Sea-Marketing-5140,2025-01-24
Far-Surround-7626,2025-01-24
absndus701,2025-01-24
quality_uncertain,2025-01-24
VivSpace,2025-01-24
Old-Parsnip2632,2025-01-24
Ill_Carob3394,2025-01-24
Acceptable-Today-518,2025-01-24
FineMud4479,2025-01-25
DiversifyMN,2025-01-25
SimonYells,2025-01-25
i_love_lima_beans,2025-01-25
Born-Awareness-6786,2025-01-25
Thatss_life,2025-01-25
Senior_Log1930,2025-01-26
Hypeman_promax,2025-01-26
0rangaStang,2025-01-26
SuitableBit6589,2025-01-26
LauraRose20,2025-01-26
NothingSubject7691,2025-01-27
ynickyyy,2025-01-27
Pirmend,2025-01-27
Low-Sherbet-8566,2025-01-27
Rude-Atmosphere-6646,2025-01-27
ShameFlat2690,2025-01-27
frostwirevirus,2025-01-27
Broad-Motor2277,2025-01-27
syazzz1,2025-01-27
Brichfield,2025-01-27
hotpuke,2025-01-27
plethorapantul,2025-01-27
dasher373,2025-01-28
Zestyclose-Fox-6291,2025-01-28
HumbleSami,2025-01-28
foxxxus,2025-01-28
Adventurous_Air_2546,2025-01-28
Spookshowgal,2025-01-28
violeo14,2025-01-28
Significant-Reach362,2025-01-28
Iwantmoretime,2025-01-28
benjimusprime,2025-01-28
Mcluckin123,2025-01-28
Kindly-Switch,2025-01-28
13_midnights,2025-01-28
Tiki_tiki_,2025-01-28
x_nsored,2025-01-28
OnyxTheDutchAngel,2025-01-28
ghost_sanctum,2025-01-28
Top-Reality2750,2025-01-28
JulesChenier,2025-01-29
RevolutionaryBuy8006,2025-01-29
psyritual,2025-01-29
Le_Booty_Warrior,2025-01-29
tochangetheprophecy,2025-01-29
Mysterious_Moment227,2025-01-29
trapdemeanor,2025-01-29
EsEm2,2025-01-29
Big-Personality-3745,2025-01-29
Cindy0403,2025-01-29
dpucane,2025-01-29
Ok-Ughhhhh5407,2025-01-29
RipNo1563,2025-01-29
msav-dos1,2025-01-29
x1981crue,2025-01-29
Ashamed_Joke_4614,2025-01-29
Kaz0718,2025-01-29
CantaloupeStreet2718,2025-01-29
Practical-Summer9581,2025-01-30
loveyoualwaysxo,2025-01-30
webbs3,2025-01-30
Actuator-Salt,2025-01-30
fischerandchips,2025-01-30
3RADICATE_THEM,2025-01-30
tizod,2025-01-30
CookedJar,2025-01-30
Business-Age3649,2025-01-30
88r0b1nh00d88,2025-01-31
OddWolverine1405,2025-01-31
AddyArt10,2025-01-31
Possible-Summer5442,2025-01-31
Complete_Cup1533,2025-01-31
enigma_goth,2025-01-31
Hairy_Geologist_2913,2025-01-31
Disastrous-Pie5133,2025-01-31
Time-Economics9723,2025-01-31
AbrarYouKknow,2025-01-31
Important-Grocery710,2025-01-31
NoFucksGiven823,2025-01-31
Antique_Aardvark_197,2025-01-31
hideyoursources,2025-01-31
Icy-Atmosphere-1546,2025-02-01
BruinCane,2025-02-01
Limp_Long8973,2025-02-01
Reasonable_Ad_3711,2025-02-01
Emergency_Hurry280,2025-02-01
Stock-Excitement1714,2025-02-01
Inflation_Station,2025-02-01
trog1660,2025-02-01
Far_Carob_9388,2025-02-01
Real_Comparison1905,2025-02-01
MufflessPirate,2025-02-01
omydisside,2025-02-02
ThatNigerian,2025-02-02
jerzey4life,2025-02-02
DepartureThink6151,2025-02-02
Mobile_Donkey_9038,2025-02-02
EnlightenedSun5795,2025-02-02
Ok_Echidna_4175,2025-02-02
BloodyButUnbowed1,2025-02-02
Ok-Raspberry-3878,2025-02-02
LaPulgaAtomica87,2025-02-02
snackerdoodle123,2025-02-02
protean-shake,2025-02-02
greg21olson,2025-02-03
Ready-Profile777,2025-02-03
brianfagioli,2025-02-03
Chattabox_Com,2025-02-03
Positive_Rub_6696,2025-02-03
Artistic_Entrance168,2025-02-03
espressoBump,2025-02-03
Altruistic_Charge858,2025-02-03
helpmycareerplz,2025-02-03
ProductDesignAnt,2025-02-03
Entire_Musician5934,2025-02-03
InternationalOne2610,2025-02-03
North-Secretary-2616,2025-02-03
bharathr02,2025-02-04
Terayuki,2025-02-04
SubX_UK,2025-02-04
sixfootwingspan,2025-02-04
Super_Conclusion5962,2025-02-04
ceejyhuh,2025-02-04
bukowskibae,2025-02-04
Severe_Fig9165,2025-02-04
anex_stormrider,2025-02-04
MasterOfGrumpets,2025-02-05
HellYeahDamnWrite,2025-02-05
M0on-shine,2025-02-05
universallymisfit,2025-02-05
Flying-buffalo,2025-02-05
DismalHornet9774,2025-02-05
Safe-Perspective-423,2025-02-05
americandatacompany,2025-02-05
zero_limitz,2025-02-05
AtlasArtemis_11,2025-02-06
esporx,2025-02-06
tacojawn,2025-02-06
rigidguru,2025-02-06
Dependent-Froyo-2072,2025-02-06
salaryscript,2025-02-06
unnamed297,2025-02-06
Bright_Half8216,2025-02-06
SafeMasterpiece3648,2025-02-06
Repulsive_Dust8691,2025-02-06
Either-Humor757,2025-02-06
BrainGrenades,2025-02-06
Lonely-Claim9183,2025-02-06
jeanxcobar,2025-02-06
Western_Bookkeeper31,2025-02-06
TelevisionCorrect899,2025-02-06
Thin-Growth-4235,2025-02-06
Right_Gas_8255,2025-02-07
ProudStrongBeautiful,2025-02-07
Tall_Cycle7296,2025-02-07
Lopsided-Issue-9994,2025-02-07
No_Shoe1597,2025-02-07
DelilahBT,2025-02-07
Legitimate_Method911,2025-02-07
Shisui_Uchiha315,2025-02-07
Hot_Watercress3218,2025-02-07
Familiar-Seat-1690,2025-02-07
TheOriginalShortman,2025-02-07
carlanpsg,2025-02-07
BagsofBees,2025-02-07
AdamLakewood87,2025-02-07
michaelangelo_1993,2025-02-07
Layoff-Maraconi,2025-02-07
Impressive-Hornet-32,2025-02-07
Original_Release_934,2025-02-07
Independent_Bed_1716,2025-02-07
Vivid_Researcher_104,2025-02-08
Throwawaythispost534,2025-02-08
Critical_Success_936,2025-02-08
Present_Ad4506,2025-02-08
Powerful2609,2025-02-08
TCSHE8,2025-02-08
OldVast8119,2025-02-08
Anony_Mouse_Knight,2025-02-08
jackal2001,2025-02-08
ZebraAppropriate5182,2025-02-08
bleezledmego,2025-02-08
Ok_Force_5231,2025-02-08
Munkachoo117,2025-02-08
grumpy_monster,2025-02-09
cnguyenie,2025-02-09
aniketandy14,2025-02-09
Harold_egret,2025-02-09
user-3d,2025-02-09
bluefalcon25,2025-02-09
Unlucky_Pin7985,2025-02-09
AccomplishedOwl9021,2025-02-09
Suki-Kygo,2025-02-09
quadaxial,2025-02-10
must_hustle,2025-02-10
l4quest,2025-02-10
ONTaF,2025-02-10
Clear_Break_,2025-02-10
TA64852146,2025-02-10
xfire45,2025-02-10
Henry_OLoughlin,2025-02-10
Numerous-Ad-4282,2025-02-10
mililani2,2025-02-10
BarneyPool,2025-02-10
bvprash,2025-02-10
Acceptable-Buy1302,2025-02-10
mnancy56,2025-02-11
Dapper_Silver_7511,2025-02-11
letstalksaas,2025-02-11
Lefty399,2025-02-11
NellieBean,2025-02-11
Small_Victories42,2025-02-11
Fun-Programmer8432,2025-02-11
Unusual_Specialist,2025-02-11
InsideLetter5086,2025-02-11
JustASurfer2025,2025-02-11
sugn1b,2025-02-11
AirborneEagle66,2025-02-11
SuchPride777,2025-02-11
KiwiBikers,2025-02-11
StrikeOutrageous3198,2025-02-11
lynchfan325,2025-02-11
Bartho14,2025-02-11
Lemonade2250,2025-02-11
Objective-Mark-1978,2025-02-11
RenHoeksCousin,2025-02-11
The_Game_Genie,2025-02-11
DefinitionSea529,2025-02-12
Negative_Series8710,2025-02-12
woman-reading,2025-02-12
Pure-Butterscotch483,2025-02-12
thrownaway-b1279,2025-02-12
MaineLark,2025-02-12
Travelinman2023,2025-02-12
rkelsey_2019,2025-02-12
PhotographFormal8593,2025-02-12
dess_sa,2025-02-12
Zestyclose-Point6419,2025-02-12
workforwhat,2025-02-12
ConstructionThick205,2025-02-12
AdZealousideal5984,2025-02-12
Straight_Expert829,2025-02-12
Hungry_Bunch2224,2025-02-12
ProfessionalTip7185,2025-02-12
A3662089,2025-02-12
CapOk8221,2025-02-12
SadmanLadman,2025-02-12
First_Black_Guy,2025-02-12
majorunderpants,2025-02-12
neko_farts,2025-02-12
Postnews001,2025-02-13
Left_Sky7946,2025-02-13
nightvisor,2025-02-13
hazardous_vegetable,2025-02-13
deepdopedub,2025-02-13
dizzyandold,2025-02-13
potterheadedash,2025-02-13
babyteerock,2025-02-13
Feeling_Program,2025-02-13
Tablessvim,2025-02-13
Scary-Badger-6091,2025-02-13
KeyBarnacle4329,2025-02-13
Independent_Week_530,2025-02-13
meme_nook_net,2025-02-13
Slow-Grapefruit8380,2025-02-13
yeah_19,2025-02-13
JoshJetlagger,2025-02-13
Altruistic-Cost-3413,2025-02-13
MountainRaspberry753,2025-02-13
BrainOnPap3r,2025-02-13
Working_Strength2816,2025-02-13
DisastrousBar7,2025-02-13
NWCbusGuy,2025-02-13
JoblessHobe,2025-02-13
WhoLivesInAPineappal,2025-02-14
Winners-magic,2025-02-14
Comfortable_Ebb3263,2025-02-14
Haunting_Wall_755,2025-02-14
jughead24,2025-02-14
Prudent_Hamster_5242,2025-02-14
Puzzled_Damage9675,2025-02-14
Draelius,2025-02-14
_doge_master,2025-02-14
SandBig3239,2025-02-14
Japappydee,2025-02-14
textonic,2025-02-14
Lucky_Meringue2753,2025-02-14
Clay_Jensenn,2025-02-14
schr0d1ngers-cat,2025-02-14
Sweet_tothetooth,2025-02-14
Heavy_Can_6962,2025-02-14
Suitable-Pay-1552,2025-02-14
Fast_Help3854,2025-02-14
pioneergirl1965,2025-02-14
MoneySuch9839,2025-02-14
thewaylifegoes,2025-02-15
throwaway1326ag,2025-02-15
Straight-Machine887,2025-02-15
Sufficient_Window599,2025-02-15
Hot-Take-It,2025-02-15
Thoughtsbyme88,2025-02-15
Ok_Pumpkin6991,2025-02-15
rainbird,2025-02-15
Outside_Hat_6296,2025-02-16
EasyMycologist6474,2025-02-16
NoLimitHoldM,2025-02-16
Complete-Agency5717,2025-02-16
Writing_Legal,2025-02-16
Appropriate-Cup5378,2025-02-16
-brigidsbookofkells,2025-02-16
Hyperlexia-ml,2025-02-16
mustbheard,2025-02-16
SimpleLifeOM,2025-02-16
Over-Following4758,2025-02-16
jeremyd8888,2025-02-16
KarmaChameleon33,2025-02-17
cannotberushed-,2025-02-17
Creepy_Part4421,2025-02-17
Ok_Support9586,2025-02-17
BraveG365,2025-02-17
Significant-Yak-475,2025-02-17
h12341991,2025-02-17
rezi_io,2025-02-17
Luthien_Tinuviel411,2025-02-17
DallasBoy95,2025-02-17
ElectricFuneralHome,2025-02-17
digitaltechluru,2025-02-17
Medium_Investment514,2025-02-17
Quick_Ad_7427,2025-02-17
General-Chance-9039,2025-02-17
bubblefartsmcgee21,2025-02-17
winnerinsoul,2025-02-17
WarmAd7029,2025-02-17
Mental-Software-6916,2025-02-17
Remarkable-Quiet2010,2025-02-17
Glass-Adhesiveness-6,2025-02-17
no_name0192,2025-02-18
Kindly_Sun3617,2025-02-18
Particular_Reality19,2025-02-18
_s_m,2025-02-18
Broad-Ad1033,2025-02-18
dhcurry1,2025-02-18
mgheee,2025-02-18
Apprehensive-Eye7835,2025-02-18
PositiveTradition730,2025-02-18
Lock3tteDown,2025-02-18
yag0rl,2025-02-18
spook008,2025-02-18
leolemon21,2025-02-18
negativityman,2025-02-18
Ecstatic_Age_245,2025-02-18
KimJongFunk,2025-02-18
AWalkOn,2025-02-18
yahoonews,2025-02-18
Local-Consumer,2025-02-18
True_Supermarket_263,2025-02-18
Ok_Coast_1960,2025-02-18
mmetheny77,2025-02-18
Gggvvvvggtggg,2025-02-18
InternationalGur4022,2025-02-18
isitreallyyou56,2025-02-19
mitchdjs,2025-02-19
Similar-Trout,2025-02-19
a_day_with_dave,2025-02-19
External-Elk-8703,2025-02-19
stinkybom,2025-02-19
Wild_Research9160,2025-02-19
9ubj,2025-02-19
sohamdey95,2025-02-19
Former_Commission233,2025-02-19
Soggy-Beginning-6557,2025-02-19
vag_pics_welcomed,2025-02-19
hireme24,2025-02-19
KryptonSurvivor,2025-02-19
annikakimc,2025-02-19
Old_Bed_1711,2025-02-19
AsharaOfStarfall,2025-02-19
akd432,2025-02-19
Traditional-Yam4248,2025-02-19
UnableGuava6628,2025-02-19
sharknado523,2025-02-20
CabalTop,2025-02-20
pink_skyyy,2025-02-20
General-Problem5696,2025-02-20
somebunnylove,2025-02-20
digby3,2025-02-20
DryIncrease1102,2025-02-20
casiangirl93,2025-02-20
internetcat5000,2025-02-20
millsa_acm,2025-02-20
Strong-Foot8427,2025-02-20
inquisitivedunce242,2025-02-20
Shoddy-Click-4666,2025-02-20
Royal_Eagle_7,2025-02-21
NoSignature630,2025-02-21
poof_Magician_671,2025-02-21
WannabeAuthor125,2025-02-21
External-Art29,2025-02-21
InevitablePresence75,2025-02-21
10morereasons,2025-02-21
theresitaaaa,2025-02-21
dudestfup,2025-02-21
fosmoz,2025-02-21
c0ventry,2025-02-21
Dzha2000,2025-02-21
nicole-illinoisdoit,2025-02-21
eng_elp,2025-02-21
Superb-Tea6359,2025-02-21
_Wave8992,2025-02-21
Winter_Piece3084,2025-02-21
Successful_Lunch_501,2025-02-21
Lower_Appearance1550,2025-02-21
OwnCarpet9763,2025-02-21
InnerAbbreviations48,2025-02-22
Money_Big_5519,2025-02-22
Otherwise-Two9036,2025-02-22
yepyepsecondaccount,2025-02-22
Effective-Art-2145,2025-02-22
Low-Caterpillar-601,2025-02-22
LtJesusUCSB,2025-02-22
deniskiuras,2025-02-22
Reasonable_Fall_3585,2025-02-22
littleperfectionism,2025-02-22
foxyfree,2025-02-22
ccrl_tst,2025-02-22
shumaishrimp,2025-02-22
According_Pudding307,2025-02-22
xiuxiu1313,2025-02-22
MassiveSympathy6723,2025-02-22
Nice-Illustrator-224,2025-02-22
PositiveBusy6571,2025-02-22
conyongIT,2025-02-23
Ok-Mulberry-6375,2025-02-23
tkyang99,2025-02-23
EventCautious9074,2025-02-23
AAnonymous2024,2025-02-23
Soft-Ad6648,2025-02-23
Ok-Cheek8276,2025-02-23
Finneylp,2025-02-23
MyNamesNotPrada,2025-02-23
raddar-triangle-0934,2025-02-23
Emotional-Post582,2025-02-23
Jumpy-Masterpiece,2025-02-23
queenthrowawayttyl,2025-02-24
Iamtooserious,2025-02-24
sleepybubbletea,2025-02-24
Complex_Upstairs_1,2025-02-24
SkilledWithAQuill,2025-02-24
a3ax8xa0z2,2025-02-24
Remote-Two8663,2025-02-24
MoistRaisin2027,2025-02-24
Tangerine-Orange-,2025-02-24
og_otter,2025-02-24
UpsidedownKittenz,2025-02-24
mmahmo1,2025-02-24
JustAposter4567,2025-02-24
Particular_Item_8490,2025-02-24
Delvin_Mallory13,2025-02-24
evilborninheaven,2025-02-25
fan1983,2025-02-25
Particular-Lead-40,2025-02-25
JessCleansTheMess,2025-02-25
No_Aerie1632,2025-02-25
JesusPleaseSendTacos,2025-02-25
PocketRockett28,2025-02-25
Late_Barnacle_6922,2025-02-25
Pugs914,2025-02-25
Imaginary-Rope-9803,2025-02-25
Any_Drama_7119,2025-02-25
moomoodaddy23,2025-02-25
Complex-Campaign2050,2025-02-25
Mindless-Ad7820,2025-02-25
Sad-Philosopher9281,2025-02-25
MrFuzzyPickles92,2025-02-25
HoneybadgerKiss007,2025-02-25
Actual-Independent81,2025-02-25
spriteking2012,2025-02-25
LogDifficult4103,2025-02-25
Safe_Balance_5401,2025-02-26
Big-Business1921,2025-02-26
--Kingsman--,2025-02-26
lovely_orchid_,2025-02-26
Lateandbehindguy,2025-02-26
BeautifulSuch6714,2025-02-26
General_Arm_4796,2025-02-26
Glass_Animal_2714,2025-02-26
DataWhiskers,2025-02-26
nagualkayla,2025-02-26
xennoh94,2025-02-26
pinkpanktnress,2025-02-26
ExistingSelection151,2025-02-26
Next-One5809,2025-02-26
Opening_Spend_8689,2025-02-26
Morbid_Curiousity30,2025-02-26
Current-Potential440,2025-02-26
Hummus_ForAll,2025-02-26
SnooCupcakes4908,2025-02-27
Delta_SSgt,2025-02-27
oh_madness_,2025-02-27
Shazziboy73,2025-02-27
un-endroit-sur,2025-02-27
ChokoEM,2025-02-27
Important-Visual-848,2025-02-27
Zodd1,2025-02-27
No-Potential-1256,2025-02-27
Strict-Blackberry-56,2025-02-27
Good-View-6959,2025-02-27
booksrus17,2025-02-27
DWiked19,2025-02-27
Beginning_Airline434,2025-02-27
Cocococha,2025-02-27
ebooks-hotmart,2025-02-27
Embarrassed_Try8201,2025-02-27
Coolaid6933,2025-02-27
goddessxveevee,2025-02-27
june_july_aug,2025-02-27
Eastern_Promotion885,2025-02-27
Little_Swan6718,2025-02-27
workingonmybackhand,2025-02-27
Psychological_Sun430,2025-02-27
InfiniteThing8460,2025-02-27
SockNo8917,2025-02-28
Ok-Conversation52,2025-02-28
Illustrious-Recipe-9,2025-02-28
sakariona,2025-02-28
CarolinaAssignmentS,2025-02-28
Marzipan-333,2025-02-28
Such_Explanation_810,2025-02-28
Automatic-Speech330,2025-02-28
Britishnoblepress,2025-02-28
Clear-Island2055,2025-02-28
nimfrank,2025-02-28
csanon212,2025-02-28
WWWYZZERDDDD,2025-02-28
Heidi_PB,2025-02-28
wutangi,2025-02-28
respawn_007,2025-02-28
RememberTheDarkHorse,2025-02-28
csharpkid,2025-02-28
ADemonsAngel,2025-02-28
ExperienceLogical531,2025-02-28
dharma_is_dharma,2025-03-01
bruhlmaocmonbro,2025-03-01
Fantastic-Problem562,2025-03-01
TimelyEmployee7516,2025-03-01
Miserable-Site9691,2025-03-01
BrendenN26,2025-03-01
charlotte1977,2025-03-01
beagly-weagly,2025-03-01
CalmAssociation1779,2025-03-01
Pale-Swordfish-3714,2025-03-01
alex_mahonexxxd,2025-03-01
jkinslan,2025-03-01
Icy_Outcome_1996,2025-03-02
Neat_Motor7,2025-03-02
koojo80,2025-03-02
Usual-Fisherman-3019,2025-03-02
helianthus-,2025-03-02
Additional-Rise-3752,2025-03-02
Opposite_Emu_6406,2025-03-02
This-Championship74,2025-03-02
StarshatterWarsDev,2025-03-02
Gululululululux,2025-03-02
Immediate-Peanut-346,2025-03-02
FederalLobster5665,2025-03-02
hasengineering2025,2025-03-02
No-Definition-2886,2025-03-02
Ill_Currency_8101,2025-03-02
voodoofoxxxx,2025-03-02
SlowFootJo,2025-03-03
Few_Argument4663,2025-03-03
Bitter-Falcon-2465,2025-03-03
theninjawithcurls,2025-03-03
liquidlaugh1,2025-03-03
GuaranteeDry9331,2025-03-03
Gabriel_Nee,2025-03-03
InterestingFilm5550,2025-03-03
Low_Pirate_6909,2025-03-03
BonusWorldly6363,2025-03-03
selflessgluten,2025-03-03
Pitch-North,2025-03-03
Helpful_Tennis_2409,2025-03-03
Tiny_Ad_3650,2025-03-03
Cultural-Shine9364,2025-03-03
bell1109,2025-03-03
TheMuse-CoachConnect,2025-03-03
Brief_Anybody7276,2025-03-04
Haunting_South9422,2025-03-04
DryPrice3353,2025-03-04
maaaaaadd,2025-03-04
toobrown12,2025-03-04
Bubbiedunited,2025-03-04
BummerLand_hereIam,2025-03-04
Floridadudeinyellow,2025-03-04
michigan_rocks22,2025-03-04
jess_calathea,2025-03-04
Good_Escape_3158,2025-03-04
Delicious_Oil9902,2025-03-04
Technical-Luck261,2025-03-04
Still_Cut4127,2025-03-04
Fantastic-Tax-9632,2025-03-05
guynyc718,2025-03-05
Another_Twist,2025-03-05
InfluenceChemical743,2025-03-05
CommodoreBluth,2025-03-05
RepublicansRPedoss,2025-03-05
uncleben2019,2025-03-05
Electronic-Rule-6748,2025-03-05
HeyItsYourCoach-1,2025-03-05
okaquauseless,2025-03-05
Prudent-Confusion424,2025-03-05
Ok-Librarian-8992,2025-03-05
LuckyGuffer,2025-03-05
Heavy-Ad5208,2025-03-05
TheExpressUS,2025-03-05
Blood_Stunning,2025-03-05
jalbo13,2025-03-05
dger131,2025-03-05
keepitcalm34,2025-03-06
Efficient_Force_8110,2025-03-06
jigster73,2025-03-06
GovernmentOrdinary54,2025-03-06
BeachAtDog,2025-03-06
Legal_Ad2552,2025-03-06
Far_Bee_8521,2025-03-06
Chilliyoshi,2025-03-06
DoubleTapTheseNuts,2025-03-06
ragingreaganxx,2025-03-06
Petunia1800,2025-03-06
EducationalDog7577,2025-03-06
anynamewillbegood,2025-03-06
ExpressionExpress124,2025-03-06
OkEvening6371,2025-03-06
vass070,2025-03-06
SnooChickens4752,2025-03-06
Regular_Driver_3674,2025-03-06
guavadiamonds,2025-03-06
dooodlebee,2025-03-06
tangycommie,2025-03-06
EcstaticAioli7613,2025-03-06
Pale_Drink4455,2025-03-07
Educational_Tutor_46,2025-03-07
LowFloor5208,2025-03-07
itsthewolfe,2025-03-07
WillyFlock,2025-03-07
YellowPowerful1174,2025-03-07
Straight_City_7474,2025-03-07
SnooWoofers7510,2025-03-07
Lanky_Perspective125,2025-03-07
Grand_Sprinkles_1792,2025-03-07
Dramatic-Ad7192,2025-03-07
JourneyToEmployment,2025-03-07
seraphimornot,2025-03-07
jdzzz2000,2025-03-07
Dazzling_Street_3475,2025-03-07
Fluffy_Holiday6063,2025-03-07
Alternative_Fuel413,2025-03-07
vgunji,2025-03-07
OverInteractionR,2025-03-07
badboyzpwns,2025-03-08
rockit454,2025-03-08
Fit_Language_5088,2025-03-08
trensetter1,2025-03-08
Current_Exercise_329,2025-03-08
Additional_Jelly_817,2025-03-08
Every_End_4350,2025-03-08
BrilliantCautious603,2025-03-08
billytimmy123,2025-03-08
wagonboy69,2025-03-08
companyreviewsxyz,2025-03-08
Specialist-Author154,2025-03-08
morebettah,2025-03-08
Specific_Crab3601,2025-03-08
Puzzleheaded_Long_57,2025-03-09
OnlyGreatJobs,2025-03-09
iweargranny0919,2025-03-09
GallopingGazelle1,2025-03-09
Fresh_Chocolate_3339,2025-03-09
WV_Matsui,2025-03-09
RdtRanger6969,2025-03-09
PM_ME_UR_INSECURITEZ,2025-03-09
SafeAd1225,2025-03-09
Human_Contribution56,2025-03-09
EatGym,2025-03-09
tinyraccoon,2025-03-09
StableSharp1975,2025-03-09
MissTiffanieAnne,2025-03-10
yanks09champs,2025-03-10
eerae,2025-03-10
BRB_REALITY,2025-03-10
leafchet,2025-03-10
Live_Pianist4592,2025-03-10
anonykitten29,2025-03-10
salyavin,2025-03-10
Tia959,2025-03-10
SheetsResume,2025-03-10
Anonkhan727,2025-03-10
young-and-ignorant,2025-03-10
ConfectionPitiful779,2025-03-10
Far-Assist-8110,2025-03-10
daydaylin,2025-03-10
komorebi_reve,2025-03-11
Top_Performance6809,2025-03-11
StardustMagician_94,2025-03-11
AdCareless65,2025-03-11
East-Lemon-3489,2025-03-11
throwayaus,2025-03-11
Bubbly-Proof-7721,2025-03-11
AdmirableHope5090,2025-03-11
ustanat,2025-03-11
kiwi1325,2025-03-11
reddit_is_my_news,2025-03-11
FIREisthegoalforsam,2025-03-11
fantastic_Four_906,2025-03-11
Working_Journalist23,2025-03-11
Tarte_Tatin_,2025-03-11
Noobcreate,2025-03-11
HeroSpear,2025-03-12
Plantsnstuff,2025-03-12
VeryCoolYep,2025-03-12
clouds6877,2025-03-12
Kindly-Wallaby-1288,2025-03-12
EcstaticYoghurt6448,2025-03-12
Stikinok93,2025-03-12
Unhappy-Vanilla-6020,2025-03-12
Professional_Rain822,2025-03-12
globalgazette,2025-03-12
Constant_Salamander0,2025-03-12
Ok-Opportunity2905,2025-03-12
Jazzlike-Guidance444,2025-03-12
Whuppity-Stoorie,2025-03-12
TieBeautiful2161,2025-03-12
DorethaPolite,2025-03-12
Alternative-Gur3331,2025-03-12
YamFamous5996,2025-03-13
morningcolor,2025-03-13
QuoteMedium,2025-03-13
rtneag,2025-03-13
Fabulous_Deal_2766,2025-03-13
Pretend_Train_,2025-03-13
throwaway534345435,2025-03-13
Language-Purple,2025-03-13
00Glink,2025-03-13
Sure-Sentence-2018,2025-03-13
Krxvx-v-3070,2025-03-13
OkShoulder2,2025-03-13
mlepnotized,2025-03-13
Legitimate-Can-8500,2025-03-13
Traditional_Dig_9190,2025-03-13
Eliashuer,2025-03-14
Stoicfatman,2025-03-14
Outrageous_Cheek730,2025-03-14
Agreeable-Lie8395,2025-03-14
Pfthrowawayyy20,2025-03-14
mcruzcam,2025-03-14
Lonely-Army-3343,2025-03-14
onyoursidee,2025-03-14
CasualRedditor007,2025-03-14
sys_anderson,2025-03-14
MalkiaFiruani,2025-03-14
sea_suite,2025-03-14
Strange-Thing-6214,2025-03-14
FunkyChorizo56,2025-03-14
TurbulentSignal4136,2025-03-15
Relative_Presence_66,2025-03-15
Defiant-Cut-3037,2025-03-15
aCanadianMaple,2025-03-16
Top_Book_1908,2025-03-16
Accurate_Tell_344,2025-03-16
kromestatus,2025-03-16
JourneysUnleashed,2025-03-16
hallowtip310,2025-03-16
solo_alaskan,2025-03-16
No-Artichoke1248,2025-03-17
Kindly-Culture-9987,2025-03-17
StickyDinosaurWalk,2025-03-17
Ok-Outlandishness928,2025-03-17
webdevop,2025-03-17
SweatyConfidence3961,2025-03-17
bg19900,2025-03-17
throwaway842351,2025-03-17
Supreme_Berry,2025-03-17
tsirs,2025-03-17
coraline2020,2025-03-17
Lutya,2025-03-17
MasterHope7981,2025-03-17
Salty_Nerd_1337,2025-03-17
Fit_Valuable_3917,2025-03-18
Dizzy-Cut-8367,2025-03-18
Dotax123,2025-03-18
Redditor-1309,2025-03-18
familyguy4ever,2025-03-18
kansascitybeacon,2025-03-18
mlonerga,2025-03-18
afantazy2,2025-03-18
MinimumConsistent801,2025-03-18
Goat_Circus,2025-03-18
Competitive_Tea2112,2025-03-19
AbleSilver6116,2025-03-19
No_Cartoonist_4504,2025-03-19
Icy-Print3432,2025-03-19
OrangeButtersWorth,2025-03-19
One_Assist_0987,2025-03-19
pinkbubbles9185,2025-03-19
HobbesKittyy,2025-03-19
korimagnolia,2025-03-19
Justb___,2025-03-20
Accomplished_Bet7041,2025-03-20
thatssoexpansive,2025-03-20
bearishbool1,2025-03-20
Hot-Adhesiveness9576,2025-03-20
Different-Quality-41,2025-03-20
Unfair-Drop-41,2025-03-20
Peeta-Mic-Mic,2025-03-20
Steelsai,2025-03-20
initialsareabc,2025-03-20
Mountanjan,2025-03-20
SnooHedgehogs190,2025-03-20
porungas,2025-03-20
Clear-Protection9519,2025-03-20
StrikeThat9739,2025-03-20
Appropriate_Cry_885,2025-03-20
Deceptijawn,2025-03-20
Efficient-Pin3655,2025-03-20
Additional-Size-7141,2025-03-20
40watter,2025-03-20
unknownthrowaway250,2025-03-20
fairway121,2025-03-20
sugafish,2025-03-20
sdkreddit98,2025-03-20
Then_Suggestion5849,2025-03-20
Friendly-Mention420,2025-03-20
yofi-tofi,2025-03-21
Vec_to_the_tor,2025-03-21
PlaneLeast3227,2025-03-21
Snoo-88490,2025-03-21
Quirky-Ride-5910,2025-03-21
Significant-Pie-5721,2025-03-21
BigBoyYuyuh,2025-03-21
Nothingisreal-npc,2025-03-21
RedditM0derate,2025-03-21
OkPrune2304,2025-03-21
Layoffhub,2025-03-21
HotDogManLL,2025-03-21
LiftedGround,2025-03-22
Impressive_Video7742,2025-03-22
nsfwsideacc101,2025-03-22
krazy-gopalan,2025-03-22
SSJ-Vegetto,2025-03-22
dougfoo888,2025-03-22
Evelyn-Bankhead,2025-03-22
Educational-Ad6923,2025-03-22
Latter-Shape-2875,2025-03-22
Glad-Debate-812,2025-03-22
mariejay09,2025-03-22
AbbreviationsMuch570,2025-03-23
ManyBookkeeper7982,2025-03-23
LibrarianNo4048,2025-03-23
weakercurrent,2025-03-23
Sibtainfarooq,2025-03-23
Gestalt_grrl,2025-03-23
GrimFl0wer,2025-03-23
Lady_FuryX,2025-03-23
Longjumping-Date-181,2025-03-23
wogwai,2025-03-23
portra4OO,2025-03-24
Reddit22549,2025-03-24
Commercial_Rich1454,2025-03-24
Ok_Inspector_2367,2025-03-24
gtljaceohpqhglmhep,2025-03-24
EmbarrassedGreen2667,2025-03-24
InternFriendly7067,2025-03-24
Acceptable_Shift937,2025-03-24
Immediate-Tell-1659,2025-03-24
Refov,2025-03-24
xtysiphonie,2025-03-24
DesignOk2704,2025-03-24
mm23_23,2025-03-24
RelativeBodybuilder5,2025-03-24
QwestionAsker,2025-03-24
Critical_damage33,2025-03-25
horsegurl1969,2025-03-25
khatesocializing,2025-03-25
Federal_Put_9861,2025-03-25
Ok_Calligrapher3055,2025-03-25
Im_A_Black_Cat,2025-03-25
ApricotAlert2021,2025-03-25
skobuffs02,2025-03-25
SentenceSweaty8575,2025-03-25
Dapper_Pea_9325,2025-03-25
Lopsided-Syrup7385,2025-03-25
daphnerhds,2025-03-25
chuckecheese1993,2025-03-25
d-o_o-b_y,2025-03-25
Regular-Ad8659,2025-03-25
Difficult-Plant-898,2025-03-25
Outrageous-Box-7214,2025-03-26
Dependent-Wafer1372,2025-03-26
pkdecline,2025-03-26
SillyRecover,2025-03-26
Lifecoach_411,2025-03-26
zimbolaseo09,2025-03-26
Tomboed,2025-03-26
IcyCollection7759,2025-03-26
cafn8me24,2025-03-26
NobleChris14,2025-03-26
Any-Contribution9585,2025-03-26
ecommerceretailer,2025-03-26
nrael42,2025-03-26
Van-Halentine75,2025-03-26
Chance-Island-7175,2025-03-26
TiePretty5587,2025-03-26
Mysterious-Detail519,2025-03-26
Jealous-Friendship34,2025-03-26
bullrfuk,2025-03-26
stealthmoderock,2025-03-27
ConfuzzledPugs,2025-03-27
Tea-HumaN-aTea,2025-03-27
These-Resource3208,2025-03-27
Lost_Ad_4702,2025-03-27
Luc_LMZ_REZI,2025-03-27
neerdalert,2025-03-27
Worriedgrandaughter2,2025-03-27
Sure_Permit7581,2025-03-27
Designer_Coast_4012,2025-03-27
Financial_Clue_2534,2025-03-27
PomeloOk4692,2025-03-27
Majestic-Storm-9404,2025-03-27
ishida_uryu_,2025-03-27
tizzymct,2025-03-27
DubiousFarter,2025-03-27
Greedy_Valuable3242,2025-03-27
Crowbar_Bob,2025-03-28
MelzyWood,2025-03-28
uvasag,2025-03-28
fiveguys_88,2025-03-28
TeacakeTechnician,2025-03-28
BlueyTaro,2025-03-28
ExtremeWeak1644,2025-03-28
purplerple,2025-03-28
BidenWSB2024,2025-03-28
Historical_Donut6758,2025-03-28
thedinkdonker,2025-03-29
janegrey7,2025-03-29
gatorbabe25,2025-03-29
Disastrous_Meal5027,2025-03-29
Ambitious-Command957,2025-03-29
Objective-Valuable35,2025-03-29
infp0075,2025-03-29
PVZ-zombie2,2025-03-29
KaleidoscopeOk378,2025-03-29
OKC_sooners1234,2025-03-29
ceruleanblue630,2025-03-29
QuantumQubitz,2025-03-29
Plastic-Ad-5324,2025-03-30
Eduardo_Corrochio_,2025-03-30
Careful-State-854,2025-03-30
AutomaticCan6189,2025-03-30
Electronic-Raisin131,2025-03-30
Jolly_Juggernaut_410,2025-03-30
Head_Appeal2743,2025-03-30
Throwaway-481,2025-03-31
OwnRegister7933,2025-03-31
Lord-Of-The-Gays,2025-03-31
Ecstatic-Abalone5327,2025-03-31
ind_bilderberg,2025-03-31
KindSadist,2025-03-31
No_Quail_7126,2025-03-31
carissaluvsya,2025-03-31
Dull-Salamander-2092,2025-03-31
Spiritual-Set8886,2025-03-31
triphuman,2025-03-31
Efficient-Walrus-891,2025-03-31
InformationCandid862,2025-03-31
Particular_Top_1897,2025-03-31
OnlyTemporary957,2025-03-31
FeeWeird5627,2025-04-01
Independent-Desk-882,2025-04-01
Status-Mortgage8469,2025-04-01
Snowing678,2025-04-01
Some_Mortgage8144,2025-04-01
layoffee_2025,2025-04-01
xProjectSiK,2025-04-01
okaybut_4379,2025-04-01
Instance9279,2025-04-01
CatOrTiger-2022,2025-04-01
Extra-Ad-7109,2025-04-01
Born-Broccoli-4252,2025-04-01
Other_Flow_1199,2025-04-01
Diracondaa,2025-04-02
aramos96,2025-04-02
S02050441,2025-04-02
ThisChickThinks,2025-04-02
WrongPair9446,2025-04-02
DiscombobulatedBid19,2025-04-02
Icy-Maybe-9043,2025-04-02
IDmeReal,2025-04-02
bbyflorafauna,2025-04-02
No-Occasion4114,2025-04-02
veesknees,2025-04-02
Jeweler_here,2025-04-02
alphaK12,2025-04-02
Mastery12,2025-04-02
HonestImprovement934,2025-04-02
rockyourteeth,2025-04-02
GuardianofRestroom,2025-04-03
TheRavox,2025-04-03
chunkypenguion1991,2025-04-03
ChoiceRace5276,2025-04-03
Low-Following2519,2025-04-03
voodoomamajuju711,2025-04-03
Sea-Rough-5874,2025-04-03
Electronic_Fix_3873,2025-04-03
NachoWindows,2025-04-03
BeatCancer_2025,2025-04-03
squishysquash23,2025-04-03
Sigh-yuh,2025-04-03
EmbarrassedDrawing98,2025-04-03
TruNorth556,2025-04-03
Legitimate-mostlet,2025-04-03
Much_Bluejay_828,2025-04-03
bayopa,2025-04-03
MaterialBeautiful784,2025-04-03
BraveBananaPudding,2025-04-03
Haunting-Calendar297,2025-04-03
individual9729,2025-04-04
Pamela8864,2025-04-04
leyeri,2025-04-04
GlitchIT,2025-04-04
Turbulent-Ataturk,2025-04-04
no-you-dont-know-me-,2025-04-04
Reds_9,2025-04-04
TipUnable638,2025-04-04
Rissa_love9412,2025-04-04
chinchikus,2025-04-04
lightsource2,2025-04-04
Music_Maniac_19,2025-04-04
ThinkCorner1226,2025-04-04
laced1,2025-04-04
proud_landlord1,2025-04-04
UniversalHandyman,2025-04-04
Zimbel82,2025-04-04
Select_Accident_9296,2025-04-05
Perenniallyredundant,2025-04-05
beanman214,2025-04-05
dartassist,2025-04-05
donsjr,2025-04-05
Gloomy-Tear3149,2025-04-05
caligrown87,2025-04-05
Verifydeej,2025-04-05
Bamtast1c,2025-04-05
Velvetpostcard,2025-04-05
AverageFussyCat,2025-04-05
coco6480,2025-04-06
IcyTip4687,2025-04-06
disunderstood,2025-04-06
strthrowreg,2025-04-06
Adityagupta0920,2025-04-06
Pimlico6ix,2025-04-06
Krillavilla,2025-04-06
Medium_Ride8056,2025-04-06
Reasonable_Issue_362,2025-04-06
Logical_Iron_5684,2025-04-06
40yrsofcode,2025-04-06
Silent-Long2625,2025-04-06
optionsseller,2025-04-06
Independent_Bank5743,2025-04-06
superpants1008,2025-04-06
Loud-Reveal5839,2025-04-06
nick1812216,2025-04-07
ja_midd69,2025-04-07
Even-Place5742,2025-04-07
Former-Whole8292,2025-04-07
Dependent_Crew1276,2025-04-07
XRlagniappe,2025-04-07
TheWunWun20,2025-04-07
ljabo313,2025-04-07
Emotional_String1477,2025-04-07
Unusual-Persimmon-12,2025-04-07
Competitive_Tale2921,2025-04-07
Plant_surgeon101,2025-04-07
Olivegirl5,2025-04-07
lire_avec_plaisir,2025-04-07
taylorevansvintage,2025-04-07
No_Growth_1228,2025-04-07
Kind_Definition9244,2025-04-07
Brief-Baker6906,2025-04-07
catsuramen,2025-04-07
Objective_World6394,2025-04-07
Baby_BooDoo,2025-04-08
master_fish_0410,2025-04-08
Accomplished-Deal540,2025-04-08
Grouchy_Fondant7857,2025-04-08
Possible-Spirit-2803,2025-04-08
Mindless_Bit_111,2025-04-08
Decosta62,2025-04-08
Peacock_thebird,2025-04-08
purelibran,2025-04-08
Adventurous-Slice158,2025-04-08
dialbox,2025-04-08
PretendDesign305,2025-04-08
aldjfh,2025-04-08
Icy-Assignment-9344,2025-04-08
CombinationLazy152,2025-04-08
mersh1,2025-04-09
Unique-End-5155,2025-04-09
PrtScr1,2025-04-09
Designer_Accident625,2025-04-09
jmill388,2025-04-09
LostBrowney,2025-04-09
Far_Savings7839,2025-04-09
jjonte13,2025-04-09
superlip2003,2025-04-09
Responsible_Number_5,2025-04-09
neurodork22,2025-04-09
Purplemamason,2025-04-09
GreenDreams89,2025-04-09
JC1DA,2025-04-09
No_Patience_2977,2025-04-09
Galaxy-Surfing,2025-04-10
Level_Impress_1861,2025-04-10
Few-Airline3695,2025-04-10
MidwestMama2024,2025-04-10
rph-needs-a-break,2025-04-10
Educational-Trash833,2025-04-10
Spare-Couple-1676,2025-04-10
rladybug96,2025-04-10
DG_tech_,2025-04-10
BunnyGigiFendi,2025-04-10
noselfgratification,2025-04-10
MinneapolisWannabe,2025-04-10
ExcalTheRisen,2025-04-10
DecentPlenty,2025-04-10
Fickle-Cat-1988,2025-04-10
cerealkiller4473,2025-04-10
BrideOfPsyduck,2025-04-10
DefinitionFit2660,2025-04-11
Secure_Cover6710,2025-04-11
ExplorerFit3675,2025-04-11
pancakespancake5,2025-04-11
More_Kaleidoscope475,2025-04-11
chrisimra,2025-04-11
Otherwise_Set_41,2025-04-12
Brat_boy,2025-04-12
maldonsaltluv,2025-04-12
Natural_person-007,2025-04-12
Primary-Ad-3067,2025-04-12
CrimsonRubicon,2025-04-12
Natural_Bid_42,2025-04-13
Ill_Text_2660,2025-04-13
dogmaticdoctrinaire,2025-04-13
Worldly-Sort1165,2025-04-13
brahdah77,2025-04-13
lilchickennugget14,2025-04-13
Meetyourmatcha0,2025-04-13
esswa,2025-04-13
Quirky-Till-410,2025-04-14
Tough-Mountain-1414,2025-04-14
Glittergrl22,2025-04-14
LayOffsSucks69,2025-04-14
Familiar-Set8922,2025-04-14
0xApurn,2025-04-14
Delicious_Choice1889,2025-04-14
jcf135,2025-04-14
Hefty_Ad9838,2025-04-14
l0st_in_t1m3,2025-04-14
789k,2025-04-14
Peterhook13,2025-04-15
jenny_morgan_123,2025-04-15
Critical-Term-427,2025-04-15
blkmale33,2025-04-15
mslego,2025-04-15
Classic_Reality8028,2025-04-15
Competitive_Bake1151,2025-04-15
DidIStutter99,2025-04-15
lwewo4827,2025-04-15
DtownFun,2025-04-16
Effective_Tax5049,2025-04-16
codeagencyblog,2025-04-16
Charity6991,2025-04-16
FrankBascombe45,2025-04-16
No_Hawk8382,2025-04-16
Unusual_Plum_4630,2025-04-16
youaresoloud,2025-04-16
Purplecala,2025-04-16
balanceyogi,2025-04-16
Moonstruck1766,2025-04-17
Lifeisgreat696969,2025-04-17
WhaleAIDS,2025-04-17
Fine_Worldliness3898,2025-04-17
Usual_Assistance_972,2025-04-17
Ashamed-Air3093,2025-04-17
Certain_Ad_9171,2025-04-17
Ok-Deal-9549,2025-04-17
Creepy-Snack-Lady,2025-04-17
KnoMe86,2025-04-17
Worth-Television-872,2025-04-18
Sanuli60,2025-04-18
programminghooray,2025-04-18
New-Loss-5512,2025-04-18
Odd-Weird-5273,2025-04-18
notepaddy,2025-04-18
Ecstatic_Town_3345,2025-04-18
Budget-Feature7679,2025-04-18
PreviousStorage606,2025-04-18
argomaniac99,2025-04-18
Ok_Zombie_8354,2025-04-18
sadsackrubaro,2025-04-18
Uselessquestionaire,2025-04-18
soymilo_,2025-04-18
No-Opportunity-5595,2025-04-19
kyledylan4,2025-04-19
abhishekwebcode,2025-04-19
painkillerweather,2025-04-19
Odd_Team_5548,2025-04-19
General_Geologist792,2025-04-19
FreeckyCake,2025-04-19
No-Feature5131,2025-04-19
driftedspectre,2025-04-19
Minnbrownbear,2025-04-19
ephemeriis_,2025-04-19
Individual-Smell1023,2025-04-20
NoRutabaga3205,2025-04-20
snatchedkermit,2025-04-20
Plastic_Ad_8518,2025-04-20
GreatOne04321,2025-04-20
Notalabel_4566,2025-04-20
Electronic_Mango_453,2025-04-20
DadGoallllll,2025-04-20
PingNerdHerd,2025-04-20
Tricky-Palpitation27,2025-04-21
Dtechguy001,2025-04-21
boosterpackreveal,2025-04-21
Intelligence100mms,2025-04-21
anyer_4824,2025-04-22
BigCriticism8995,2025-04-22
throwaway9969696,2025-04-22
No-AC-itshot,2025-04-22
Glittering-Bee-2351,2025-04-22
Kickassminion,2025-04-22
longhorntrades,2025-04-22
Ontheseveredfloor,2025-04-22
sbu-pt-mom,2025-04-22
RookiePatty,2025-04-22
dotChrom,2025-04-22
portlandor20,2025-04-22
AdorablePlantain640,2025-04-23
Otherwise_Water_2242,2025-04-23
Big-Card493,2025-04-23
Nasha210,2025-04-23
Obvious_Associate_88,2025-04-23
Mammoth_Courage_xbt,2025-04-23
Opposite_Coast1575,2025-04-23
eitsirkkendrick,2025-04-23
Vegetable-Toe4097,2025-04-23
sarahgetsit,2025-04-23
Infinite-Fondant-200,2025-04-23
paranoid_n_average,2025-04-23
admiral_Data_Man,2025-04-23
figiliev,2025-04-23
MobileTaste4942,2025-04-23
coolguy553186,2025-04-23
Ok-Raspberry-6428,2025-04-23
Correct_Mention_3143,2025-04-24
ThrowAwayOkayGoPlay,2025-04-24
MemoryOptional,2025-04-24
NoProduct170,2025-04-24
ResponsibleToucan,2025-04-24
Competitive_Unit_721,2025-04-24
kingg-01,2025-04-24
eikoocit,2025-04-24
CantFindUsername400,2025-04-24
Decaposaurus,2025-04-24
TezosCEO,2025-04-24
salty_greek,2025-04-25
DM_ME_KAIJUS,2025-04-25
Cantthinkofone1972,2025-04-25
JollyHouse1963,2025-04-25
Icy-Jeweler-8508,2025-04-25
financypelosi,2025-04-25
random869,2025-04-25
SquareSphere,2025-04-25
North_Vegetable2476,2025-04-25
manasrivastava,2025-04-26
Ok-Sprinkles3266,2025-04-26
Old-Block-8341,2025-04-26
Realistic_Arugula990,2025-04-26
Massive_Bee8850,2025-04-27
AmazingSibylle,2025-04-28
Certain_Macaroon3602,2025-04-28
Mountain-Avocado79,2025-04-28
SheepherderSea6020,2025-04-28
Rosy-Indication5,2025-04-28
shannanagens,2025-04-28
Familiar-One-705,2025-04-28
PalpitationHorror621,2025-04-28
pylangzu,2025-04-29
Glad_Spring_7701,2025-04-29
S4v1r1enCh0r4k,2025-04-29
Behem0thh,2025-04-29
InternationalTie5585,2025-04-29
Better-Garden-6132,2025-04-29
Expert_Internet8407,2025-04-29
ProgrammerOk3306,2025-04-29
cihanna_loveless,2025-04-29
bilmemnebilmemne,2025-04-29
recruitingpartner15,2025-04-29
Cali_Sun01,2025-04-29
quirkygirl123,2025-04-30
Chiefkitkatt,2025-04-30
User61212,2025-04-30
Big-Aspect-9329,2025-04-30
PsychologicalGur8778,2025-04-30
Ok-Bluebird6678,2025-04-30
insertnamehere_10,2025-04-30
Same-Construction733,2025-04-30
Ok-Temporary7246,2025-04-30
ITCoder,2025-04-30
Hot-Field-7423,2025-04-30
WorthSky,2025-04-30
Chemical_Hovercraft2,2025-04-30
