2025-07-09 10:52:11,335 - ERROR - Unexpected error: 'NoneType' object cannot be interpreted as an integer
2025-07-09 10:52:24,927 - ERROR - Unexpected error: 'NoneType' object cannot be interpreted as an integer
2025-07-09 10:52:25,655 - ERROR - Unexpected error: 'NoneType' object cannot be interpreted as an integer
2025-07-09 10:52:34,836 - ERROR - Unexpected error: 'NoneType' object cannot be interpreted as an integer
2025-07-09 10:52:39,717 - ERROR - Unexpected error: 'NoneType' object cannot be interpreted as an integer
2025-07-09 10:52:41,168 - ERROR - Unexpected error: 'NoneType' object cannot be interpreted as an integer
2025-07-09 10:52:45,851 - ERROR - Unexpected error: 'NoneType' object cannot be interpreted as an integer
2025-07-09 10:52:47,753 - ERROR - Unexpected error: 'NoneType' object cannot be interpreted as an integer
2025-07-09 10:52:49,551 - ERROR - Unexpected error: 'NoneType' object cannot be interpreted as an integer
2025-07-09 10:52:51,923 - ERROR - Unexpected error: 'NoneType' object cannot be interpreted as an integer
2025-07-09 10:52:52,647 - ERROR - Unexpected error: 'NoneType' object cannot be interpreted as an integer
2025-07-09 10:53:03,954 - ERROR - Unexpected error: 'NoneType' object cannot be interpreted as an integer
2025-07-09 10:53:07,368 - ERROR - Unexpected error: 'NoneType' object cannot be interpreted as an integer
2025-07-09 10:53:15,219 - ERROR - Unexpected error: 'NoneType' object cannot be interpreted as an integer
2025-07-09 10:53:18,301 - ERROR - Unexpected error: 'NoneType' object cannot be interpreted as an integer
2025-07-09 10:53:21,963 - ERROR - Unexpected error: 'NoneType' object cannot be interpreted as an integer
2025-07-09 10:53:23,702 - ERROR - Unexpected error: 'NoneType' object cannot be interpreted as an integer
2025-07-09 10:53:23,871 - ERROR - Unexpected error: 'NoneType' object cannot be interpreted as an integer
2025-07-09 10:53:25,151 - ERROR - Unexpected error: 'NoneType' object cannot be interpreted as an integer
2025-07-09 10:53:28,485 - ERROR - Unexpected error: 'NoneType' object cannot be interpreted as an integer
2025-07-09 10:53:42,155 - ERROR - Unexpected error: 'NoneType' object cannot be interpreted as an integer
2025-07-09 10:53:47,043 - ERROR - Unexpected error: 'NoneType' object cannot be interpreted as an integer
2025-07-09 10:53:49,342 - ERROR - Unexpected error: 'NoneType' object cannot be interpreted as an integer
2025-07-09 10:53:49,512 - ERROR - Unexpected error: 'NoneType' object cannot be interpreted as an integer
2025-07-09 10:53:51,861 - ERROR - Unexpected error: 'NoneType' object cannot be interpreted as an integer
2025-07-09 10:54:02,458 - ERROR - Unexpected error: 'NoneType' object cannot be interpreted as an integer
2025-07-09 10:54:06,016 - ERROR - Unexpected error: 'NoneType' object cannot be interpreted as an integer
2025-07-09 10:54:07,778 - ERROR - Unexpected error: 'NoneType' object cannot be interpreted as an integer
2025-07-09 10:54:08,115 - ERROR - Unexpected error: 'NoneType' object cannot be interpreted as an integer
2025-07-09 10:54:08,590 - ERROR - Unexpected error: 'NoneType' object cannot be interpreted as an integer
2025-07-09 10:54:11,764 - ERROR - Unexpected error: 'NoneType' object cannot be interpreted as an integer
2025-07-09 10:54:29,237 - ERROR - Unexpected error: 'NoneType' object cannot be interpreted as an integer
2025-07-09 10:54:35,473 - ERROR - Unexpected error: 'NoneType' object cannot be interpreted as an integer
2025-07-09 10:54:36,480 - ERROR - Unexpected error: 'NoneType' object cannot be interpreted as an integer
2025-07-09 10:54:45,923 - ERROR - Unexpected error: 'NoneType' object cannot be interpreted as an integer
2025-07-09 10:54:46,244 - ERROR - Unexpected error: 'NoneType' object cannot be interpreted as an integer
2025-07-09 10:54:49,032 - ERROR - Unexpected error: 'NoneType' object cannot be interpreted as an integer
2025-07-09 10:54:53,073 - ERROR - Unexpected error: 'NoneType' object cannot be interpreted as an integer
2025-07-09 10:54:53,235 - ERROR - Unexpected error: 'NoneType' object cannot be interpreted as an integer
2025-07-09 10:54:58,521 - ERROR - Unexpected error: 'NoneType' object cannot be interpreted as an integer
2025-07-09 10:55:00,009 - ERROR - Unexpected error: 'NoneType' object cannot be interpreted as an integer
2025-07-09 10:55:12,597 - ERROR - Unexpected error: 'NoneType' object cannot be interpreted as an integer
2025-07-09 10:55:14,385 - ERROR - Unexpected error: 'NoneType' object cannot be interpreted as an integer
2025-07-09 10:55:16,360 - ERROR - Unexpected error: 'NoneType' object cannot be interpreted as an integer
2025-07-09 10:55:18,107 - ERROR - Unexpected error: 'NoneType' object cannot be interpreted as an integer
2025-07-09 10:55:23,062 - ERROR - Unexpected error: 'NoneType' object cannot be interpreted as an integer
2025-07-09 10:55:24,696 - ERROR - Unexpected error: 'NoneType' object cannot be interpreted as an integer
2025-07-09 10:55:27,003 - ERROR - Unexpected error: 'NoneType' object cannot be interpreted as an integer
2025-07-09 10:55:39,169 - ERROR - Unexpected error: 'NoneType' object cannot be interpreted as an integer
2025-07-09 10:55:58,046 - ERROR - Unexpected error: 'NoneType' object cannot be interpreted as an integer
2025-07-09 10:56:02,275 - ERROR - Unexpected error: 'NoneType' object cannot be interpreted as an integer
2025-07-09 10:56:05,633 - ERROR - Unexpected error: 'NoneType' object cannot be interpreted as an integer
2025-07-09 10:56:06,963 - ERROR - Unexpected error: 'NoneType' object cannot be interpreted as an integer
2025-07-09 10:56:10,766 - ERROR - Unexpected error: 'NoneType' object cannot be interpreted as an integer
2025-07-09 10:56:19,220 - ERROR - Unexpected error: 'NoneType' object cannot be interpreted as an integer
2025-07-09 10:56:23,570 - ERROR - Unexpected error: 'NoneType' object cannot be interpreted as an integer
2025-07-09 10:56:26,730 - ERROR - Unexpected error: 'NoneType' object cannot be interpreted as an integer
2025-07-09 10:56:29,246 - ERROR - Unexpected error: 'NoneType' object cannot be interpreted as an integer
2025-07-09 10:56:35,082 - ERROR - Unexpected error: 'NoneType' object cannot be interpreted as an integer
2025-07-09 10:56:37,270 - ERROR - Unexpected error: 'NoneType' object cannot be interpreted as an integer
2025-07-09 10:56:38,480 - ERROR - Unexpected error: 'NoneType' object cannot be interpreted as an integer
2025-07-09 10:56:50,228 - ERROR - Unexpected error: 'NoneType' object cannot be interpreted as an integer
2025-07-09 10:56:50,587 - ERROR - Unexpected error: 'NoneType' object cannot be interpreted as an integer
2025-07-09 10:56:53,101 - ERROR - Unexpected error: 'NoneType' object cannot be interpreted as an integer
2025-07-09 10:56:55,661 - ERROR - Unexpected error: 'NoneType' object cannot be interpreted as an integer
2025-07-09 10:56:56,144 - ERROR - Unexpected error: 'NoneType' object cannot be interpreted as an integer
2025-07-09 10:57:06,301 - ERROR - Unexpected error: 'NoneType' object cannot be interpreted as an integer
2025-07-09 10:57:15,217 - ERROR - Unexpected error: 'NoneType' object cannot be interpreted as an integer
2025-07-09 10:57:20,225 - ERROR - Unexpected error: 'NoneType' object cannot be interpreted as an integer
2025-07-09 10:57:24,654 - ERROR - Unexpected error: 'NoneType' object cannot be interpreted as an integer
2025-07-09 10:57:29,062 - ERROR - Unexpected error: 'NoneType' object cannot be interpreted as an integer
2025-07-09 10:57:42,476 - ERROR - Unexpected error: 'NoneType' object cannot be interpreted as an integer
2025-07-09 10:57:47,592 - ERROR - Unexpected error: 'NoneType' object cannot be interpreted as an integer
2025-07-09 10:57:50,965 - ERROR - Unexpected error: 'NoneType' object cannot be interpreted as an integer
2025-07-09 10:57:57,993 - ERROR - Unexpected error: 'NoneType' object cannot be interpreted as an integer
2025-07-09 10:57:59,255 - ERROR - Unexpected error: 'NoneType' object cannot be interpreted as an integer
2025-07-09 10:57:59,596 - ERROR - Unexpected error: 'NoneType' object cannot be interpreted as an integer
2025-07-09 10:58:00,053 - ERROR - Unexpected error: 'NoneType' object cannot be interpreted as an integer
2025-07-09 10:58:14,064 - ERROR - Unexpected error: 'NoneType' object cannot be interpreted as an integer
2025-07-09 10:58:16,224 - ERROR - Unexpected error: 'NoneType' object cannot be interpreted as an integer
2025-07-09 10:58:30,698 - ERROR - Unexpected error: 'NoneType' object cannot be interpreted as an integer
2025-07-09 10:58:31,984 - ERROR - Unexpected error: 'NoneType' object cannot be interpreted as an integer
2025-07-09 10:58:34,224 - ERROR - Unexpected error: 'NoneType' object cannot be interpreted as an integer
2025-07-09 10:58:41,304 - ERROR - Unexpected error: 'NoneType' object cannot be interpreted as an integer
2025-07-09 10:58:44,782 - ERROR - Unexpected error: 'NoneType' object cannot be interpreted as an integer
2025-07-09 10:58:45,526 - ERROR - Unexpected error: 'NoneType' object cannot be interpreted as an integer
2025-07-09 10:58:47,028 - ERROR - Unexpected error: 'NoneType' object cannot be interpreted as an integer
2025-07-09 10:58:47,817 - ERROR - Unexpected error: 'NoneType' object cannot be interpreted as an integer
2025-07-09 10:58:48,941 - ERROR - Unexpected error: 'NoneType' object cannot be interpreted as an integer
2025-07-09 10:58:53,420 - ERROR - Unexpected error: 'NoneType' object cannot be interpreted as an integer
2025-07-09 10:58:54,558 - ERROR - Unexpected error: 'NoneType' object cannot be interpreted as an integer
2025-07-09 10:58:58,145 - ERROR - Unexpected error: 'NoneType' object cannot be interpreted as an integer
2025-07-09 10:58:59,992 - ERROR - Unexpected error: 'NoneType' object cannot be interpreted as an integer
2025-07-09 10:59:04,183 - ERROR - Unexpected error: 'NoneType' object cannot be interpreted as an integer
2025-07-09 10:59:10,278 - ERROR - Unexpected error: 'NoneType' object cannot be interpreted as an integer
2025-07-09 10:59:12,024 - ERROR - Unexpected error: 'NoneType' object cannot be interpreted as an integer
2025-07-09 10:59:33,441 - ERROR - Unexpected error: 'NoneType' object cannot be interpreted as an integer
2025-07-09 10:59:46,232 - ERROR - Unexpected error: 'NoneType' object cannot be interpreted as an integer
2025-07-09 10:59:48,702 - ERROR - Unexpected error: 'NoneType' object cannot be interpreted as an integer
2025-07-09 10:59:49,697 - ERROR - Unexpected error: 'NoneType' object cannot be interpreted as an integer
2025-07-09 10:59:52,523 - ERROR - Unexpected error: 'NoneType' object cannot be interpreted as an integer
2025-07-09 10:59:53,948 - ERROR - Unexpected error: 'NoneType' object cannot be interpreted as an integer
2025-07-09 11:00:01,742 - ERROR - Unexpected error: 'NoneType' object cannot be interpreted as an integer
2025-07-09 11:00:10,926 - ERROR - Unexpected error: 'NoneType' object cannot be interpreted as an integer
2025-07-09 11:00:13,043 - ERROR - Unexpected error: 'NoneType' object cannot be interpreted as an integer
2025-07-09 11:00:23,187 - ERROR - Unexpected error: 'NoneType' object cannot be interpreted as an integer
2025-07-09 11:00:24,330 - ERROR - Unexpected error: 'NoneType' object cannot be interpreted as an integer
2025-07-09 11:00:26,992 - ERROR - Unexpected error: 'NoneType' object cannot be interpreted as an integer
2025-07-09 11:00:34,921 - ERROR - Unexpected error: 'NoneType' object cannot be interpreted as an integer
2025-07-09 11:00:39,802 - ERROR - Unexpected error: 'NoneType' object cannot be interpreted as an integer
2025-07-09 11:00:49,261 - ERROR - Unexpected error: 'NoneType' object cannot be interpreted as an integer
2025-07-09 11:00:49,608 - ERROR - Unexpected error: 'NoneType' object cannot be interpreted as an integer
2025-07-09 11:00:55,112 - ERROR - Unexpected error: 'NoneType' object cannot be interpreted as an integer
2025-07-09 11:00:56,347 - ERROR - Unexpected error: 'NoneType' object cannot be interpreted as an integer
2025-07-09 11:01:00,494 - ERROR - Unexpected error: 'NoneType' object cannot be interpreted as an integer
2025-07-09 11:01:03,008 - ERROR - Unexpected error: 'NoneType' object cannot be interpreted as an integer
2025-07-09 11:01:05,534 - ERROR - Unexpected error: 'NoneType' object cannot be interpreted as an integer
2025-07-09 11:01:07,020 - ERROR - Unexpected error: 'NoneType' object cannot be interpreted as an integer
2025-07-09 11:01:10,447 - ERROR - Unexpected error: 'NoneType' object cannot be interpreted as an integer
2025-07-09 11:01:19,648 - ERROR - Unexpected error: 'NoneType' object cannot be interpreted as an integer
2025-07-09 11:01:20,392 - ERROR - Unexpected error: 'NoneType' object cannot be interpreted as an integer
2025-07-09 11:01:49,335 - ERROR - Unexpected error: 'NoneType' object cannot be interpreted as an integer
2025-07-09 11:01:51,053 - ERROR - Unexpected error: 'NoneType' object cannot be interpreted as an integer
2025-07-09 11:02:01,786 - ERROR - Unexpected error: 'NoneType' object cannot be interpreted as an integer
2025-07-09 11:02:02,554 - ERROR - Unexpected error: 'NoneType' object cannot be interpreted as an integer
2025-07-09 11:02:11,472 - ERROR - Unexpected error: 'NoneType' object cannot be interpreted as an integer
2025-07-09 11:02:13,192 - ERROR - Unexpected error: 'NoneType' object cannot be interpreted as an integer
2025-07-09 11:02:22,632 - ERROR - Unexpected error: 'NoneType' object cannot be interpreted as an integer
2025-07-09 11:02:27,832 - ERROR - Unexpected error: 'NoneType' object cannot be interpreted as an integer
2025-07-09 11:02:29,071 - ERROR - Unexpected error: 'NoneType' object cannot be interpreted as an integer
2025-07-09 11:02:32,038 - ERROR - Unexpected error: 'NoneType' object cannot be interpreted as an integer
2025-07-09 11:02:39,435 - ERROR - Unexpected error: 'NoneType' object cannot be interpreted as an integer
2025-07-09 11:02:42,857 - ERROR - Unexpected error: 'NoneType' object cannot be interpreted as an integer
2025-07-09 11:02:43,657 - ERROR - Unexpected error: 'NoneType' object cannot be interpreted as an integer
2025-07-09 11:02:45,231 - ERROR - Unexpected error: 'NoneType' object cannot be interpreted as an integer
2025-07-09 11:02:53,050 - ERROR - Unexpected error: 'NoneType' object cannot be interpreted as an integer
2025-07-09 11:02:53,213 - ERROR - Unexpected error: 'NoneType' object cannot be interpreted as an integer
2025-07-09 11:02:56,374 - ERROR - Unexpected error: 'NoneType' object cannot be interpreted as an integer
2025-07-09 11:02:58,584 - ERROR - Unexpected error: 'NoneType' object cannot be interpreted as an integer
2025-07-09 11:02:58,977 - ERROR - Unexpected error: 'NoneType' object cannot be interpreted as an integer
2025-07-09 11:03:00,546 - ERROR - Unexpected error: 'NoneType' object cannot be interpreted as an integer
2025-07-09 11:03:03,880 - ERROR - Unexpected error: 'NoneType' object cannot be interpreted as an integer
2025-07-09 11:03:06,822 - ERROR - Unexpected error: 'NoneType' object cannot be interpreted as an integer
2025-07-09 11:03:18,046 - ERROR - Unexpected error: 'NoneType' object cannot be interpreted as an integer
2025-07-09 11:03:18,690 - ERROR - Unexpected error: 'NoneType' object cannot be interpreted as an integer
2025-07-09 11:03:19,534 - ERROR - Unexpected error: 'NoneType' object cannot be interpreted as an integer
2025-07-09 11:03:28,341 - ERROR - Unexpected error: 'NoneType' object cannot be interpreted as an integer
2025-07-09 11:03:28,920 - ERROR - Unexpected error: 'NoneType' object cannot be interpreted as an integer
2025-07-09 11:03:36,946 - ERROR - Unexpected error: 'NoneType' object cannot be interpreted as an integer
2025-07-09 11:03:37,396 - ERROR - Unexpected error: 'NoneType' object cannot be interpreted as an integer
2025-07-09 11:04:06,757 - ERROR - Unexpected error: 'NoneType' object cannot be interpreted as an integer
2025-07-09 11:04:07,865 - ERROR - Unexpected error: 'NoneType' object cannot be interpreted as an integer
2025-07-09 11:04:11,667 - ERROR - Unexpected error: 'NoneType' object cannot be interpreted as an integer
2025-07-09 11:04:15,000 - ERROR - Unexpected error: 'NoneType' object cannot be interpreted as an integer
2025-07-09 11:04:15,502 - ERROR - Unexpected error: 'NoneType' object cannot be interpreted as an integer
2025-07-09 11:04:20,817 - ERROR - Unexpected error: 'NoneType' object cannot be interpreted as an integer
2025-07-09 11:04:20,992 - ERROR - Unexpected error: 'NoneType' object cannot be interpreted as an integer
2025-07-09 11:04:21,905 - ERROR - Unexpected error: 'NoneType' object cannot be interpreted as an integer
2025-07-09 11:04:24,394 - ERROR - Unexpected error: 'NoneType' object cannot be interpreted as an integer
2025-07-09 11:04:27,415 - ERROR - Unexpected error: 'NoneType' object cannot be interpreted as an integer
2025-07-09 11:04:37,367 - ERROR - Unexpected error: 'NoneType' object cannot be interpreted as an integer
2025-07-09 11:04:40,540 - ERROR - Unexpected error: 'NoneType' object cannot be interpreted as an integer
2025-07-09 11:04:42,658 - ERROR - Unexpected error: 'NoneType' object cannot be interpreted as an integer
2025-07-09 11:04:51,425 - ERROR - Unexpected error: 'NoneType' object cannot be interpreted as an integer
2025-07-09 11:04:52,947 - ERROR - Unexpected error: 'NoneType' object cannot be interpreted as an integer
2025-07-09 11:04:53,460 - ERROR - Unexpected error: 'NoneType' object cannot be interpreted as an integer
2025-07-09 11:04:53,789 - ERROR - Unexpected error: 'NoneType' object cannot be interpreted as an integer
2025-07-09 11:04:55,210 - ERROR - Unexpected error: 'NoneType' object cannot be interpreted as an integer
2025-07-09 11:04:56,847 - INFO - Processed 2000 users so far
2025-07-09 11:04:57,327 - ERROR - Unexpected error: 'NoneType' object cannot be interpreted as an integer
2025-07-09 11:05:09,712 - ERROR - Request failed: 422 Client Error: Unprocessable Entity for url: https://arctic-shift.photon-reddit.com/api/posts/search?author=DonSalaam&after=1690862513&before=1745989200&limit=auto&sort=asc&meta-app=download-tool
2025-07-09 11:05:10,102 - ERROR - Unexpected error: 'NoneType' object cannot be interpreted as an integer
2025-07-09 11:05:14,711 - ERROR - Unexpected error: 'NoneType' object cannot be interpreted as an integer
2025-07-09 11:05:15,346 - ERROR - Unexpected error: 'NoneType' object cannot be interpreted as an integer
2025-07-09 11:05:30,064 - ERROR - Unexpected error: 'NoneType' object cannot be interpreted as an integer
2025-07-09 11:05:30,615 - ERROR - Unexpected error: 'NoneType' object cannot be interpreted as an integer
2025-07-09 11:05:33,634 - ERROR - Unexpected error: 'NoneType' object cannot be interpreted as an integer
2025-07-09 11:05:42,258 - ERROR - Unexpected error: 'NoneType' object cannot be interpreted as an integer
2025-07-09 11:05:46,241 - ERROR - Unexpected error: 'NoneType' object cannot be interpreted as an integer
2025-07-09 11:05:52,641 - ERROR - Unexpected error: 'NoneType' object cannot be interpreted as an integer
2025-07-09 11:05:53,563 - ERROR - Unexpected error: 'NoneType' object cannot be interpreted as an integer
2025-07-09 11:06:07,059 - ERROR - Unexpected error: 'NoneType' object cannot be interpreted as an integer
2025-07-09 11:06:08,477 - ERROR - Unexpected error: 'NoneType' object cannot be interpreted as an integer
2025-07-09 11:06:18,876 - ERROR - Request failed: 422 Client Error: Unprocessable Entity for url: https://arctic-shift.photon-reddit.com/api/posts/search?author=DerogatoryRemark&after=1641016800&before=1745989200&limit=auto&sort=asc&meta-app=download-tool
2025-07-09 11:06:23,320 - ERROR - Unexpected error: 'NoneType' object cannot be interpreted as an integer
2025-07-09 11:06:29,081 - ERROR - Unexpected error: 'NoneType' object cannot be interpreted as an integer
2025-07-09 11:06:37,952 - ERROR - Unexpected error: 'NoneType' object cannot be interpreted as an integer
2025-07-09 11:06:46,539 - ERROR - Unexpected error: 'NoneType' object cannot be interpreted as an integer
2025-07-09 11:06:48,832 - ERROR - Unexpected error: 'NoneType' object cannot be interpreted as an integer
2025-07-09 11:06:54,097 - ERROR - Unexpected error: 'NoneType' object cannot be interpreted as an integer
2025-07-09 11:06:54,773 - ERROR - Unexpected error: 'NoneType' object cannot be interpreted as an integer
2025-07-09 11:06:55,489 - ERROR - Unexpected error: 'NoneType' object cannot be interpreted as an integer
2025-07-09 11:06:57,490 - ERROR - Unexpected error: 'NoneType' object cannot be interpreted as an integer
2025-07-09 11:07:04,543 - ERROR - Unexpected error: 'NoneType' object cannot be interpreted as an integer
2025-07-09 11:07:27,381 - ERROR - Unexpected error: 'NoneType' object cannot be interpreted as an integer
2025-07-09 11:07:29,441 - ERROR - Unexpected error: 'NoneType' object cannot be interpreted as an integer
2025-07-09 11:07:33,833 - ERROR - Unexpected error: 'NoneType' object cannot be interpreted as an integer
2025-07-09 11:07:44,266 - ERROR - Unexpected error: 'NoneType' object cannot be interpreted as an integer
2025-07-09 11:07:46,614 - ERROR - Unexpected error: 'NoneType' object cannot be interpreted as an integer
2025-07-09 11:07:47,500 - ERROR - Unexpected error: 'NoneType' object cannot be interpreted as an integer
2025-07-09 11:07:55,383 - ERROR - Unexpected error: 'NoneType' object cannot be interpreted as an integer
2025-07-09 11:07:55,900 - ERROR - Unexpected error: 'NoneType' object cannot be interpreted as an integer
2025-07-09 11:08:03,650 - ERROR - Unexpected error: 'NoneType' object cannot be interpreted as an integer
2025-07-09 11:08:08,134 - ERROR - Unexpected error: 'NoneType' object cannot be interpreted as an integer
2025-07-09 11:08:08,482 - ERROR - Unexpected error: 'NoneType' object cannot be interpreted as an integer
2025-07-09 11:08:09,100 - ERROR - Unexpected error: 'NoneType' object cannot be interpreted as an integer
2025-07-09 11:08:10,424 - ERROR - Unexpected error: 'NoneType' object cannot be interpreted as an integer
2025-07-09 11:08:13,583 - ERROR - Unexpected error: 'NoneType' object cannot be interpreted as an integer
2025-07-09 11:08:15,573 - ERROR - Unexpected error: 'NoneType' object cannot be interpreted as an integer
2025-07-09 11:08:16,549 - ERROR - Unexpected error: 'NoneType' object cannot be interpreted as an integer
2025-07-09 11:08:19,389 - ERROR - Unexpected error: 'NoneType' object cannot be interpreted as an integer
2025-07-09 11:08:27,337 - ERROR - Unexpected error: 'NoneType' object cannot be interpreted as an integer
2025-07-09 11:08:28,367 - ERROR - Unexpected error: 'NoneType' object cannot be interpreted as an integer
2025-07-09 11:08:32,662 - ERROR - Unexpected error: 'NoneType' object cannot be interpreted as an integer
2025-07-09 11:08:39,330 - ERROR - Unexpected error: 'NoneType' object cannot be interpreted as an integer
2025-07-09 11:08:39,663 - ERROR - Unexpected error: 'NoneType' object cannot be interpreted as an integer
2025-07-09 11:08:42,111 - ERROR - Unexpected error: 'NoneType' object cannot be interpreted as an integer
2025-07-09 11:08:47,010 - ERROR - Unexpected error: 'NoneType' object cannot be interpreted as an integer
2025-07-09 11:08:53,070 - ERROR - Unexpected error: 'NoneType' object cannot be interpreted as an integer
2025-07-09 11:08:59,115 - ERROR - Unexpected error: 'NoneType' object cannot be interpreted as an integer
2025-07-09 11:09:11,348 - ERROR - Unexpected error: 'NoneType' object cannot be interpreted as an integer
2025-07-09 11:09:15,786 - ERROR - Unexpected error: 'NoneType' object cannot be interpreted as an integer
2025-07-09 11:09:18,029 - ERROR - Unexpected error: 'NoneType' object cannot be interpreted as an integer
2025-07-09 11:09:26,737 - ERROR - Unexpected error: 'NoneType' object cannot be interpreted as an integer
2025-07-09 11:09:29,872 - ERROR - Unexpected error: 'NoneType' object cannot be interpreted as an integer
2025-07-09 11:09:33,508 - ERROR - Unexpected error: 'NoneType' object cannot be interpreted as an integer
2025-07-09 11:09:34,327 - ERROR - Unexpected error: 'NoneType' object cannot be interpreted as an integer
2025-07-09 11:09:36,666 - ERROR - Unexpected error: 'NoneType' object cannot be interpreted as an integer
2025-07-09 11:09:39,884 - ERROR - Unexpected error: 'NoneType' object cannot be interpreted as an integer
2025-07-09 11:09:41,701 - ERROR - Unexpected error: 'NoneType' object cannot be interpreted as an integer
2025-07-09 11:09:46,267 - ERROR - Unexpected error: 'NoneType' object cannot be interpreted as an integer
2025-07-09 11:09:50,646 - ERROR - Unexpected error: 'NoneType' object cannot be interpreted as an integer
2025-07-09 11:09:51,245 - ERROR - Unexpected error: 'NoneType' object cannot be interpreted as an integer
2025-07-09 11:09:56,959 - ERROR - Unexpected error: 'NoneType' object cannot be interpreted as an integer
2025-07-09 11:09:57,278 - ERROR - Unexpected error: 'NoneType' object cannot be interpreted as an integer
2025-07-09 11:09:58,822 - ERROR - Unexpected error: 'NoneType' object cannot be interpreted as an integer
2025-07-09 11:10:12,418 - ERROR - Unexpected error: 'NoneType' object cannot be interpreted as an integer
2025-07-09 11:10:21,353 - ERROR - Unexpected error: 'NoneType' object cannot be interpreted as an integer
2025-07-09 11:10:34,089 - ERROR - Unexpected error: 'NoneType' object cannot be interpreted as an integer
2025-07-09 11:10:53,610 - ERROR - Unexpected error: 'NoneType' object cannot be interpreted as an integer
2025-07-09 11:10:59,034 - ERROR - Unexpected error: 'NoneType' object cannot be interpreted as an integer
2025-07-09 11:11:03,295 - ERROR - Unexpected error: 'NoneType' object cannot be interpreted as an integer
2025-07-09 11:11:04,389 - ERROR - Unexpected error: 'NoneType' object cannot be interpreted as an integer
2025-07-09 11:11:06,445 - ERROR - Unexpected error: 'NoneType' object cannot be interpreted as an integer
2025-07-09 11:11:07,620 - ERROR - Unexpected error: 'NoneType' object cannot be interpreted as an integer
2025-07-09 11:11:11,394 - ERROR - Unexpected error: 'NoneType' object cannot be interpreted as an integer
2025-07-09 11:11:13,829 - ERROR - Unexpected error: 'NoneType' object cannot be interpreted as an integer
2025-07-09 11:11:14,444 - ERROR - Unexpected error: 'NoneType' object cannot be interpreted as an integer
2025-07-09 11:11:17,301 - ERROR - Unexpected error: 'NoneType' object cannot be interpreted as an integer
2025-07-09 11:11:17,607 - ERROR - Unexpected error: 'NoneType' object cannot be interpreted as an integer
2025-07-09 11:11:25,439 - ERROR - Unexpected error: 'NoneType' object cannot be interpreted as an integer
2025-07-09 11:11:30,170 - ERROR - Unexpected error: 'NoneType' object cannot be interpreted as an integer
2025-07-09 11:11:31,615 - ERROR - Unexpected error: 'NoneType' object cannot be interpreted as an integer
2025-07-09 11:11:35,029 - ERROR - Unexpected error: 'NoneType' object cannot be interpreted as an integer
2025-07-09 11:11:40,753 - ERROR - Unexpected error: 'NoneType' object cannot be interpreted as an integer
2025-07-09 11:11:44,639 - ERROR - Unexpected error: 'NoneType' object cannot be interpreted as an integer
2025-07-09 11:11:50,113 - ERROR - Unexpected error: 'NoneType' object cannot be interpreted as an integer
2025-07-09 11:11:52,027 - ERROR - Unexpected error: 'NoneType' object cannot be interpreted as an integer
2025-07-09 11:11:53,815 - ERROR - Unexpected error: 'NoneType' object cannot be interpreted as an integer
2025-07-09 11:11:58,332 - ERROR - Unexpected error: 'NoneType' object cannot be interpreted as an integer
2025-07-09 11:12:04,718 - ERROR - Unexpected error: 'NoneType' object cannot be interpreted as an integer
2025-07-09 11:12:05,358 - ERROR - Unexpected error: 'NoneType' object cannot be interpreted as an integer
2025-07-09 11:12:14,764 - ERROR - Unexpected error: 'NoneType' object cannot be interpreted as an integer
2025-07-09 11:12:18,154 - ERROR - Unexpected error: 'NoneType' object cannot be interpreted as an integer
2025-07-09 11:12:28,803 - ERROR - Unexpected error: 'NoneType' object cannot be interpreted as an integer
2025-07-09 11:12:29,139 - ERROR - Unexpected error: 'NoneType' object cannot be interpreted as an integer
2025-07-09 11:12:29,757 - ERROR - Unexpected error: 'NoneType' object cannot be interpreted as an integer
2025-07-09 11:12:38,109 - ERROR - Unexpected error: 'NoneType' object cannot be interpreted as an integer
2025-07-09 11:12:41,938 - ERROR - Unexpected error: 'NoneType' object cannot be interpreted as an integer
2025-07-09 11:12:44,603 - ERROR - Unexpected error: 'NoneType' object cannot be interpreted as an integer
2025-07-09 11:12:45,689 - ERROR - Unexpected error: 'NoneType' object cannot be interpreted as an integer
2025-07-09 11:12:49,196 - ERROR - Unexpected error: 'NoneType' object cannot be interpreted as an integer
2025-07-09 11:12:49,648 - ERROR - Unexpected error: 'NoneType' object cannot be interpreted as an integer
2025-07-09 11:12:55,913 - ERROR - Unexpected error: 'NoneType' object cannot be interpreted as an integer
2025-07-09 11:12:57,397 - ERROR - Unexpected error: 'NoneType' object cannot be interpreted as an integer
2025-07-09 11:12:57,564 - ERROR - Unexpected error: 'NoneType' object cannot be interpreted as an integer
2025-07-09 11:13:01,161 - ERROR - Unexpected error: 'NoneType' object cannot be interpreted as an integer
2025-07-09 11:13:20,595 - ERROR - Unexpected error: 'NoneType' object cannot be interpreted as an integer
2025-07-09 11:13:23,122 - ERROR - Unexpected error: 'NoneType' object cannot be interpreted as an integer
2025-07-09 11:13:23,926 - ERROR - Unexpected error: 'NoneType' object cannot be interpreted as an integer
2025-07-09 11:13:32,943 - ERROR - Unexpected error: 'NoneType' object cannot be interpreted as an integer
2025-07-09 11:13:39,692 - ERROR - Unexpected error: 'NoneType' object cannot be interpreted as an integer
2025-07-09 11:13:41,067 - ERROR - Unexpected error: 'NoneType' object cannot be interpreted as an integer
2025-07-09 11:13:42,591 - ERROR - Unexpected error: 'NoneType' object cannot be interpreted as an integer
2025-07-09 11:13:49,033 - ERROR - Unexpected error: 'NoneType' object cannot be interpreted as an integer
2025-07-09 11:13:52,409 - ERROR - Unexpected error: 'NoneType' object cannot be interpreted as an integer
2025-07-09 11:13:54,239 - ERROR - Unexpected error: 'NoneType' object cannot be interpreted as an integer
2025-07-09 11:14:37,924 - ERROR - Unexpected error: 'NoneType' object cannot be interpreted as an integer
2025-07-09 11:14:38,542 - ERROR - Unexpected error: 'NoneType' object cannot be interpreted as an integer
2025-07-09 11:14:41,314 - ERROR - Unexpected error: 'NoneType' object cannot be interpreted as an integer
2025-07-09 11:14:43,486 - ERROR - Unexpected error: 'NoneType' object cannot be interpreted as an integer
2025-07-09 11:14:44,048 - ERROR - Unexpected error: 'NoneType' object cannot be interpreted as an integer
2025-07-09 11:14:44,364 - ERROR - Unexpected error: 'NoneType' object cannot be interpreted as an integer
2025-07-09 11:14:48,839 - ERROR - Unexpected error: 'NoneType' object cannot be interpreted as an integer
2025-07-09 11:14:52,526 - ERROR - Unexpected error: 'NoneType' object cannot be interpreted as an integer
2025-07-09 11:14:52,994 - ERROR - Unexpected error: 'NoneType' object cannot be interpreted as an integer
2025-07-09 11:14:55,757 - ERROR - Unexpected error: 'NoneType' object cannot be interpreted as an integer
2025-07-09 11:15:03,369 - ERROR - Unexpected error: 'NoneType' object cannot be interpreted as an integer
2025-07-09 11:15:07,451 - ERROR - Unexpected error: 'NoneType' object cannot be interpreted as an integer
2025-07-09 11:15:09,065 - ERROR - Unexpected error: 'NoneType' object cannot be interpreted as an integer
2025-07-09 11:15:11,135 - ERROR - Unexpected error: 'NoneType' object cannot be interpreted as an integer
2025-07-09 11:15:13,418 - ERROR - Unexpected error: 'NoneType' object cannot be interpreted as an integer
2025-07-09 11:15:13,761 - ERROR - Unexpected error: 'NoneType' object cannot be interpreted as an integer
2025-07-09 11:15:15,909 - ERROR - Unexpected error: 'NoneType' object cannot be interpreted as an integer
2025-07-09 11:15:18,724 - ERROR - Unexpected error: 'NoneType' object cannot be interpreted as an integer
2025-07-09 11:15:22,750 - ERROR - Unexpected error: 'NoneType' object cannot be interpreted as an integer
2025-07-09 11:15:23,752 - ERROR - Unexpected error: 'NoneType' object cannot be interpreted as an integer
2025-07-09 11:15:29,249 - ERROR - Unexpected error: 'NoneType' object cannot be interpreted as an integer
2025-07-09 11:15:36,317 - ERROR - Unexpected error: 'NoneType' object cannot be interpreted as an integer
2025-07-09 11:15:41,422 - ERROR - Unexpected error: 'NoneType' object cannot be interpreted as an integer
2025-07-09 11:15:46,332 - ERROR - Unexpected error: 'NoneType' object cannot be interpreted as an integer
2025-07-09 11:15:48,058 - ERROR - Unexpected error: 'NoneType' object cannot be interpreted as an integer
2025-07-09 11:16:02,517 - ERROR - Unexpected error: 'NoneType' object cannot be interpreted as an integer
2025-07-09 11:16:05,204 - ERROR - Unexpected error: 'NoneType' object cannot be interpreted as an integer
2025-07-09 11:16:07,819 - ERROR - Unexpected error: 'NoneType' object cannot be interpreted as an integer
2025-07-09 11:16:08,450 - ERROR - Unexpected error: 'NoneType' object cannot be interpreted as an integer
2025-07-09 11:16:14,674 - ERROR - Unexpected error: 'NoneType' object cannot be interpreted as an integer
2025-07-09 11:16:15,826 - ERROR - Unexpected error: 'NoneType' object cannot be interpreted as an integer
2025-07-09 11:16:16,161 - ERROR - Unexpected error: 'NoneType' object cannot be interpreted as an integer
2025-07-09 11:16:17,828 - INFO - Processed 4000 users so far
2025-07-09 11:16:19,389 - ERROR - Unexpected error: 'NoneType' object cannot be interpreted as an integer
2025-07-09 11:16:21,315 - ERROR - Unexpected error: 'NoneType' object cannot be interpreted as an integer
2025-07-09 11:16:28,195 - ERROR - Unexpected error: 'NoneType' object cannot be interpreted as an integer
2025-07-09 11:16:30,544 - ERROR - Unexpected error: 'NoneType' object cannot be interpreted as an integer
2025-07-09 11:16:37,788 - ERROR - Unexpected error: 'NoneType' object cannot be interpreted as an integer
2025-07-09 11:16:42,772 - ERROR - Unexpected error: 'NoneType' object cannot be interpreted as an integer
2025-07-09 11:16:48,423 - ERROR - Unexpected error: 'NoneType' object cannot be interpreted as an integer
2025-07-09 11:16:54,561 - ERROR - Unexpected error: 'NoneType' object cannot be interpreted as an integer
2025-07-09 11:17:00,428 - ERROR - Unexpected error: 'NoneType' object cannot be interpreted as an integer
2025-07-09 11:17:08,786 - ERROR - Unexpected error: 'NoneType' object cannot be interpreted as an integer
2025-07-09 11:17:17,418 - ERROR - Unexpected error: 'NoneType' object cannot be interpreted as an integer
2025-07-09 11:17:18,632 - ERROR - Unexpected error: 'NoneType' object cannot be interpreted as an integer
2025-07-09 11:17:23,015 - ERROR - Unexpected error: 'NoneType' object cannot be interpreted as an integer
2025-07-09 11:17:27,767 - ERROR - Unexpected error: 'NoneType' object cannot be interpreted as an integer
2025-07-09 11:17:33,286 - ERROR - Unexpected error: 'NoneType' object cannot be interpreted as an integer
2025-07-09 11:17:34,677 - ERROR - Unexpected error: 'NoneType' object cannot be interpreted as an integer
2025-07-09 11:17:40,339 - ERROR - Unexpected error: 'NoneType' object cannot be interpreted as an integer
2025-07-09 11:17:54,327 - ERROR - Unexpected error: 'NoneType' object cannot be interpreted as an integer
2025-07-09 11:18:06,174 - ERROR - Unexpected error: 'NoneType' object cannot be interpreted as an integer
2025-07-09 11:18:06,485 - ERROR - Unexpected error: 'NoneType' object cannot be interpreted as an integer
2025-07-09 11:18:18,707 - ERROR - Unexpected error: 'NoneType' object cannot be interpreted as an integer
2025-07-09 11:18:24,132 - ERROR - Unexpected error: 'NoneType' object cannot be interpreted as an integer
2025-07-09 11:18:24,812 - ERROR - Unexpected error: 'NoneType' object cannot be interpreted as an integer
2025-07-09 11:18:26,104 - ERROR - Unexpected error: 'NoneType' object cannot be interpreted as an integer
2025-07-09 11:18:26,862 - ERROR - Unexpected error: 'NoneType' object cannot be interpreted as an integer
2025-07-09 11:18:31,887 - ERROR - Unexpected error: 'NoneType' object cannot be interpreted as an integer
2025-07-09 11:18:40,108 - ERROR - Unexpected error: 'NoneType' object cannot be interpreted as an integer
2025-07-09 11:18:43,293 - ERROR - Unexpected error: 'NoneType' object cannot be interpreted as an integer
2025-07-09 11:18:44,971 - ERROR - Unexpected error: 'NoneType' object cannot be interpreted as an integer
2025-07-09 11:18:53,002 - ERROR - Unexpected error: 'NoneType' object cannot be interpreted as an integer
2025-07-09 11:18:53,897 - ERROR - Unexpected error: 'NoneType' object cannot be interpreted as an integer
2025-07-09 11:18:57,696 - ERROR - Unexpected error: 'NoneType' object cannot be interpreted as an integer
2025-07-09 11:19:08,052 - ERROR - Unexpected error: 'NoneType' object cannot be interpreted as an integer
2025-07-09 11:19:11,753 - ERROR - Unexpected error: 'NoneType' object cannot be interpreted as an integer
2025-07-09 11:19:14,366 - ERROR - Unexpected error: 'NoneType' object cannot be interpreted as an integer
2025-07-09 11:19:16,804 - ERROR - Unexpected error: 'NoneType' object cannot be interpreted as an integer
2025-07-09 11:19:22,370 - ERROR - Unexpected error: 'NoneType' object cannot be interpreted as an integer
2025-07-09 11:19:25,510 - ERROR - Unexpected error: 'NoneType' object cannot be interpreted as an integer
2025-07-09 11:19:26,419 - ERROR - Unexpected error: 'NoneType' object cannot be interpreted as an integer
2025-07-09 11:19:31,941 - ERROR - Unexpected error: 'NoneType' object cannot be interpreted as an integer
2025-07-09 11:19:34,920 - ERROR - Unexpected error: 'NoneType' object cannot be interpreted as an integer
2025-07-09 11:19:38,191 - ERROR - Unexpected error: 'NoneType' object cannot be interpreted as an integer
2025-07-09 11:19:43,829 - ERROR - Unexpected error: 'NoneType' object cannot be interpreted as an integer
2025-07-09 11:19:44,141 - ERROR - Unexpected error: 'NoneType' object cannot be interpreted as an integer
2025-07-09 11:19:48,616 - ERROR - Unexpected error: 'NoneType' object cannot be interpreted as an integer
2025-07-09 11:19:49,921 - ERROR - Unexpected error: 'NoneType' object cannot be interpreted as an integer
2025-07-09 11:19:58,450 - ERROR - Unexpected error: 'NoneType' object cannot be interpreted as an integer
2025-07-09 11:20:00,490 - ERROR - Unexpected error: 'NoneType' object cannot be interpreted as an integer
2025-07-09 11:20:00,946 - ERROR - Unexpected error: 'NoneType' object cannot be interpreted as an integer
2025-07-09 11:20:02,526 - ERROR - Unexpected error: 'NoneType' object cannot be interpreted as an integer
2025-07-09 11:20:03,198 - ERROR - Unexpected error: 'NoneType' object cannot be interpreted as an integer
2025-07-09 11:20:05,206 - ERROR - Unexpected error: 'NoneType' object cannot be interpreted as an integer
2025-07-09 11:20:06,030 - ERROR - Unexpected error: 'NoneType' object cannot be interpreted as an integer
2025-07-09 11:20:19,395 - ERROR - Unexpected error: 'NoneType' object cannot be interpreted as an integer
2025-07-09 11:20:31,310 - ERROR - Unexpected error: 'NoneType' object cannot be interpreted as an integer
2025-07-09 11:20:36,609 - ERROR - Unexpected error: 'NoneType' object cannot be interpreted as an integer
2025-07-09 11:20:56,823 - ERROR - Unexpected error: 'NoneType' object cannot be interpreted as an integer
2025-07-09 11:21:00,951 - ERROR - Unexpected error: 'NoneType' object cannot be interpreted as an integer
2025-07-09 11:21:02,692 - ERROR - Unexpected error: 'NoneType' object cannot be interpreted as an integer
2025-07-09 11:21:04,080 - ERROR - Unexpected error: 'NoneType' object cannot be interpreted as an integer
2025-07-09 11:21:06,693 - ERROR - Unexpected error: 'NoneType' object cannot be interpreted as an integer
2025-07-09 11:21:07,797 - ERROR - Unexpected error: 'NoneType' object cannot be interpreted as an integer
2025-07-09 11:21:11,579 - ERROR - Unexpected error: 'NoneType' object cannot be interpreted as an integer
2025-07-09 11:21:15,335 - ERROR - Unexpected error: 'NoneType' object cannot be interpreted as an integer
2025-07-09 11:21:24,541 - ERROR - Unexpected error: 'NoneType' object cannot be interpreted as an integer
2025-07-09 11:21:36,899 - ERROR - Unexpected error: 'NoneType' object cannot be interpreted as an integer
2025-07-09 11:21:42,747 - ERROR - Unexpected error: 'NoneType' object cannot be interpreted as an integer
2025-07-09 11:21:45,569 - ERROR - Unexpected error: 'NoneType' object cannot be interpreted as an integer
2025-07-09 11:21:45,861 - ERROR - Unexpected error: 'NoneType' object cannot be interpreted as an integer
2025-07-09 11:21:46,407 - ERROR - Unexpected error: 'NoneType' object cannot be interpreted as an integer
2025-07-09 11:21:48,709 - ERROR - Unexpected error: 'NoneType' object cannot be interpreted as an integer
2025-07-09 11:21:53,581 - ERROR - Unexpected error: 'NoneType' object cannot be interpreted as an integer
2025-07-09 11:21:57,978 - ERROR - Unexpected error: 'NoneType' object cannot be interpreted as an integer
2025-07-09 11:22:01,363 - ERROR - Unexpected error: 'NoneType' object cannot be interpreted as an integer
2025-07-09 11:22:05,513 - ERROR - Unexpected error: 'NoneType' object cannot be interpreted as an integer
2025-07-09 11:22:05,678 - ERROR - Unexpected error: 'NoneType' object cannot be interpreted as an integer
2025-07-09 11:22:11,504 - ERROR - Unexpected error: 'NoneType' object cannot be interpreted as an integer
2025-07-09 11:22:16,643 - ERROR - Unexpected error: 'NoneType' object cannot be interpreted as an integer
2025-07-09 11:22:18,070 - ERROR - Unexpected error: 'NoneType' object cannot be interpreted as an integer
2025-07-09 11:22:25,930 - ERROR - Unexpected error: 'NoneType' object cannot be interpreted as an integer
2025-07-09 11:22:26,676 - ERROR - Unexpected error: 'NoneType' object cannot be interpreted as an integer
2025-07-09 11:22:32,533 - ERROR - Unexpected error: 'NoneType' object cannot be interpreted as an integer
2025-07-09 11:22:33,041 - ERROR - Unexpected error: 'NoneType' object cannot be interpreted as an integer
2025-07-09 11:22:50,395 - ERROR - Unexpected error: 'NoneType' object cannot be interpreted as an integer
2025-07-09 11:22:50,700 - ERROR - Unexpected error: 'NoneType' object cannot be interpreted as an integer
2025-07-09 11:22:57,532 - ERROR - Unexpected error: 'NoneType' object cannot be interpreted as an integer
2025-07-09 11:22:57,692 - ERROR - Unexpected error: 'NoneType' object cannot be interpreted as an integer
2025-07-09 11:23:02,121 - ERROR - Unexpected error: 'NoneType' object cannot be interpreted as an integer
2025-07-09 11:23:05,380 - ERROR - Unexpected error: 'NoneType' object cannot be interpreted as an integer
2025-07-09 11:23:09,917 - ERROR - Unexpected error: 'NoneType' object cannot be interpreted as an integer
2025-07-09 11:23:19,946 - ERROR - Unexpected error: 'NoneType' object cannot be interpreted as an integer
2025-07-09 11:23:24,422 - ERROR - Unexpected error: 'NoneType' object cannot be interpreted as an integer
2025-07-09 11:23:26,637 - ERROR - Unexpected error: 'NoneType' object cannot be interpreted as an integer
2025-07-09 11:23:28,506 - ERROR - Unexpected error: 'NoneType' object cannot be interpreted as an integer
2025-07-09 11:23:32,994 - ERROR - Unexpected error: 'NoneType' object cannot be interpreted as an integer
2025-07-09 11:23:33,636 - ERROR - Unexpected error: 'NoneType' object cannot be interpreted as an integer
2025-07-09 11:23:37,369 - ERROR - Unexpected error: 'NoneType' object cannot be interpreted as an integer
2025-07-09 11:23:44,716 - ERROR - Unexpected error: 'NoneType' object cannot be interpreted as an integer
2025-07-09 11:23:47,939 - ERROR - Unexpected error: 'NoneType' object cannot be interpreted as an integer
2025-07-09 11:23:55,677 - ERROR - Unexpected error: 'NoneType' object cannot be interpreted as an integer
2025-07-09 11:23:59,571 - ERROR - Unexpected error: 'NoneType' object cannot be interpreted as an integer
2025-07-09 11:24:06,290 - ERROR - Unexpected error: 'NoneType' object cannot be interpreted as an integer
2025-07-09 11:24:12,749 - ERROR - Unexpected error: 'NoneType' object cannot be interpreted as an integer
2025-07-09 11:24:13,212 - ERROR - Unexpected error: 'NoneType' object cannot be interpreted as an integer
2025-07-09 11:24:18,552 - ERROR - Unexpected error: 'NoneType' object cannot be interpreted as an integer
2025-07-09 11:24:20,440 - ERROR - Unexpected error: 'NoneType' object cannot be interpreted as an integer
2025-07-09 11:24:22,122 - ERROR - Unexpected error: 'NoneType' object cannot be interpreted as an integer
2025-07-09 11:24:22,599 - ERROR - Unexpected error: 'NoneType' object cannot be interpreted as an integer
2025-07-09 11:24:23,080 - ERROR - Unexpected error: 'NoneType' object cannot be interpreted as an integer
2025-07-09 11:24:24,002 - ERROR - Unexpected error: 'NoneType' object cannot be interpreted as an integer
2025-07-09 11:24:29,678 - ERROR - Unexpected error: 'NoneType' object cannot be interpreted as an integer
2025-07-09 11:24:31,808 - ERROR - Unexpected error: 'NoneType' object cannot be interpreted as an integer
2025-07-09 11:24:37,199 - ERROR - Unexpected error: 'NoneType' object cannot be interpreted as an integer
2025-07-09 11:24:38,378 - ERROR - Unexpected error: 'NoneType' object cannot be interpreted as an integer
2025-07-09 11:24:47,791 - ERROR - Unexpected error: 'NoneType' object cannot be interpreted as an integer
2025-07-09 11:24:49,663 - ERROR - Unexpected error: 'NoneType' object cannot be interpreted as an integer
2025-07-09 11:24:52,107 - ERROR - Unexpected error: 'NoneType' object cannot be interpreted as an integer
2025-07-09 11:24:52,417 - ERROR - Unexpected error: 'NoneType' object cannot be interpreted as an integer
2025-07-09 11:24:56,117 - ERROR - Unexpected error: 'NoneType' object cannot be interpreted as an integer
2025-07-09 11:25:01,717 - ERROR - Unexpected error: 'NoneType' object cannot be interpreted as an integer
2025-07-09 11:25:03,449 - ERROR - Unexpected error: 'NoneType' object cannot be interpreted as an integer
2025-07-09 11:25:15,896 - ERROR - Unexpected error: 'NoneType' object cannot be interpreted as an integer
2025-07-09 11:26:07,540 - ERROR - Unexpected error: 'NoneType' object cannot be interpreted as an integer
2025-07-09 11:26:08,278 - ERROR - Unexpected error: 'NoneType' object cannot be interpreted as an integer
2025-07-09 11:26:22,990 - ERROR - Unexpected error: 'NoneType' object cannot be interpreted as an integer
2025-07-09 11:26:24,501 - ERROR - Unexpected error: 'NoneType' object cannot be interpreted as an integer
2025-07-09 11:26:53,063 - ERROR - Request failed: 422 Client Error: Unprocessable Entity for url: https://arctic-shift.photon-reddit.com/api/posts/search?author=Necessary_Baker_7458&after=1641016800&before=1745989200&limit=auto&sort=asc&meta-app=download-tool
2025-07-09 11:26:57,033 - ERROR - Unexpected error: 'NoneType' object cannot be interpreted as an integer
2025-07-09 11:27:02,259 - ERROR - Unexpected error: 'NoneType' object cannot be interpreted as an integer
2025-07-09 11:27:06,909 - ERROR - Unexpected error: 'NoneType' object cannot be interpreted as an integer
2025-07-09 11:27:14,873 - ERROR - Unexpected error: 'NoneType' object cannot be interpreted as an integer
2025-07-09 11:27:19,168 - ERROR - Unexpected error: 'NoneType' object cannot be interpreted as an integer
2025-07-09 11:27:37,252 - ERROR - Unexpected error: 'NoneType' object cannot be interpreted as an integer
2025-07-09 11:27:42,860 - ERROR - Unexpected error: 'NoneType' object cannot be interpreted as an integer
2025-07-09 11:27:45,317 - ERROR - Unexpected error: 'NoneType' object cannot be interpreted as an integer
2025-07-09 11:27:51,711 - ERROR - Unexpected error: 'NoneType' object cannot be interpreted as an integer
2025-07-09 11:27:54,540 - ERROR - Unexpected error: 'NoneType' object cannot be interpreted as an integer
2025-07-09 11:27:54,835 - ERROR - Unexpected error: 'NoneType' object cannot be interpreted as an integer
2025-07-09 11:27:59,691 - ERROR - Unexpected error: 'NoneType' object cannot be interpreted as an integer
2025-07-09 11:28:01,595 - ERROR - Unexpected error: 'NoneType' object cannot be interpreted as an integer
2025-07-09 11:28:08,150 - ERROR - Unexpected error: 'NoneType' object cannot be interpreted as an integer
2025-07-09 11:28:11,179 - ERROR - Unexpected error: 'NoneType' object cannot be interpreted as an integer
2025-07-09 11:28:15,735 - ERROR - Unexpected error: 'NoneType' object cannot be interpreted as an integer
2025-07-09 11:28:16,022 - ERROR - Unexpected error: 'NoneType' object cannot be interpreted as an integer
2025-07-09 11:28:19,822 - INFO - Processed 6000 users so far
2025-07-09 11:28:20,773 - ERROR - Unexpected error: 'NoneType' object cannot be interpreted as an integer
2025-07-09 11:28:25,023 - ERROR - Unexpected error: 'NoneType' object cannot be interpreted as an integer
2025-07-09 11:28:37,462 - ERROR - Unexpected error: 'NoneType' object cannot be interpreted as an integer
2025-07-09 11:30:53,848 - ERROR - Unexpected error: 'NoneType' object cannot be interpreted as an integer
2025-07-09 11:30:54,026 - ERROR - Unexpected error: 'NoneType' object cannot be interpreted as an integer
2025-07-09 11:30:55,221 - ERROR - Unexpected error: 'NoneType' object cannot be interpreted as an integer
2025-07-09 11:30:58,121 - ERROR - Unexpected error: 'NoneType' object cannot be interpreted as an integer
2025-07-09 11:30:59,301 - ERROR - Unexpected error: 'NoneType' object cannot be interpreted as an integer
2025-07-09 11:31:01,890 - ERROR - Unexpected error: 'NoneType' object cannot be interpreted as an integer
2025-07-09 11:31:06,454 - ERROR - Unexpected error: 'NoneType' object cannot be interpreted as an integer
2025-07-09 11:31:11,553 - ERROR - Unexpected error: 'NoneType' object cannot be interpreted as an integer
2025-07-09 11:31:16,162 - ERROR - Unexpected error: 'NoneType' object cannot be interpreted as an integer
2025-07-09 11:31:21,374 - ERROR - Unexpected error: 'NoneType' object cannot be interpreted as an integer
2025-07-09 11:31:25,709 - ERROR - Unexpected error: 'NoneType' object cannot be interpreted as an integer
2025-07-09 11:31:32,055 - ERROR - Unexpected error: 'NoneType' object cannot be interpreted as an integer
2025-07-09 11:31:43,150 - ERROR - Unexpected error: 'NoneType' object cannot be interpreted as an integer
2025-07-09 11:31:43,681 - ERROR - Unexpected error: 'NoneType' object cannot be interpreted as an integer
2025-07-09 11:31:54,244 - ERROR - Unexpected error: 'NoneType' object cannot be interpreted as an integer
2025-07-09 11:31:54,624 - ERROR - Unexpected error: 'NoneType' object cannot be interpreted as an integer
2025-07-09 11:32:00,487 - ERROR - Unexpected error: 'NoneType' object cannot be interpreted as an integer
2025-07-09 11:32:02,658 - ERROR - Unexpected error: 'NoneType' object cannot be interpreted as an integer
2025-07-09 11:32:26,408 - ERROR - Unexpected error: 'NoneType' object cannot be interpreted as an integer
2025-07-09 11:32:35,448 - ERROR - Unexpected error: 'NoneType' object cannot be interpreted as an integer
2025-07-09 11:32:36,887 - ERROR - Unexpected error: 'NoneType' object cannot be interpreted as an integer
2025-07-09 11:32:37,365 - ERROR - Unexpected error: 'NoneType' object cannot be interpreted as an integer
2025-07-09 11:32:43,435 - ERROR - Unexpected error: 'NoneType' object cannot be interpreted as an integer
2025-07-09 11:32:47,356 - ERROR - Unexpected error: 'NoneType' object cannot be interpreted as an integer
2025-07-09 11:32:50,414 - ERROR - Unexpected error: 'NoneType' object cannot be interpreted as an integer
2025-07-09 11:32:55,213 - ERROR - Unexpected error: 'NoneType' object cannot be interpreted as an integer
2025-07-09 11:32:57,304 - ERROR - Unexpected error: 'NoneType' object cannot be interpreted as an integer
2025-07-09 11:33:07,188 - ERROR - Unexpected error: 'NoneType' object cannot be interpreted as an integer
2025-07-09 11:33:08,871 - ERROR - Unexpected error: 'NoneType' object cannot be interpreted as an integer
2025-07-09 11:33:09,529 - ERROR - Unexpected error: 'NoneType' object cannot be interpreted as an integer
2025-07-09 11:33:33,576 - ERROR - Unexpected error: 'NoneType' object cannot be interpreted as an integer
2025-07-09 11:33:48,328 - ERROR - Unexpected error: 'NoneType' object cannot be interpreted as an integer
2025-07-09 11:33:51,602 - ERROR - Unexpected error: 'NoneType' object cannot be interpreted as an integer
2025-07-09 11:34:04,341 - ERROR - Unexpected error: 'NoneType' object cannot be interpreted as an integer
2025-07-09 11:34:09,639 - ERROR - Unexpected error: 'NoneType' object cannot be interpreted as an integer
2025-07-09 11:34:28,312 - ERROR - Unexpected error: 'NoneType' object cannot be interpreted as an integer
2025-07-09 11:34:29,441 - ERROR - Unexpected error: 'NoneType' object cannot be interpreted as an integer
2025-07-09 11:34:42,647 - ERROR - Unexpected error: 'NoneType' object cannot be interpreted as an integer
2025-07-09 11:34:46,654 - ERROR - Unexpected error: 'NoneType' object cannot be interpreted as an integer
2025-07-09 11:34:56,315 - ERROR - Unexpected error: 'NoneType' object cannot be interpreted as an integer
2025-07-09 11:34:59,884 - ERROR - Unexpected error: 'NoneType' object cannot be interpreted as an integer
2025-07-09 11:35:01,313 - ERROR - Unexpected error: 'NoneType' object cannot be interpreted as an integer
2025-07-09 11:35:03,613 - ERROR - Unexpected error: 'NoneType' object cannot be interpreted as an integer
2025-07-09 11:35:05,544 - ERROR - Unexpected error: 'NoneType' object cannot be interpreted as an integer
2025-07-09 11:35:12,402 - ERROR - Unexpected error: 'NoneType' object cannot be interpreted as an integer
2025-07-09 11:35:12,861 - ERROR - Unexpected error: 'NoneType' object cannot be interpreted as an integer
2025-07-09 11:35:14,104 - ERROR - Unexpected error: 'NoneType' object cannot be interpreted as an integer
2025-07-09 11:35:18,157 - ERROR - Unexpected error: 'NoneType' object cannot be interpreted as an integer
2025-07-09 11:35:24,370 - ERROR - Unexpected error: 'NoneType' object cannot be interpreted as an integer
2025-07-09 11:35:47,171 - ERROR - Unexpected error: 'NoneType' object cannot be interpreted as an integer
2025-07-09 11:35:51,560 - ERROR - Unexpected error: 'NoneType' object cannot be interpreted as an integer
2025-07-09 11:35:53,401 - ERROR - Unexpected error: 'NoneType' object cannot be interpreted as an integer
2025-07-09 11:36:07,584 - ERROR - Unexpected error: 'NoneType' object cannot be interpreted as an integer
2025-07-09 11:36:13,534 - ERROR - Unexpected error: 'NoneType' object cannot be interpreted as an integer
2025-07-09 11:36:13,841 - ERROR - Unexpected error: 'NoneType' object cannot be interpreted as an integer
2025-07-09 11:36:16,090 - ERROR - Unexpected error: 'NoneType' object cannot be interpreted as an integer
2025-07-09 11:36:37,166 - ERROR - Unexpected error: 'NoneType' object cannot be interpreted as an integer
2025-07-09 11:36:40,441 - ERROR - Unexpected error: 'NoneType' object cannot be interpreted as an integer
2025-07-09 11:36:45,340 - ERROR - Unexpected error: 'NoneType' object cannot be interpreted as an integer
2025-07-09 11:36:48,945 - ERROR - Unexpected error: 'NoneType' object cannot be interpreted as an integer
2025-07-09 11:36:51,599 - ERROR - Unexpected error: 'NoneType' object cannot be interpreted as an integer
2025-07-09 11:36:55,510 - ERROR - Unexpected error: 'NoneType' object cannot be interpreted as an integer
2025-07-09 11:37:05,713 - ERROR - Unexpected error: 'NoneType' object cannot be interpreted as an integer
2025-07-09 11:37:06,349 - ERROR - Unexpected error: 'NoneType' object cannot be interpreted as an integer
2025-07-09 11:37:08,967 - ERROR - Unexpected error: 'NoneType' object cannot be interpreted as an integer
2025-07-09 11:37:11,653 - ERROR - Unexpected error: 'NoneType' object cannot be interpreted as an integer
2025-07-09 11:37:12,991 - ERROR - Unexpected error: 'NoneType' object cannot be interpreted as an integer
2025-07-09 11:37:15,261 - ERROR - Unexpected error: 'NoneType' object cannot be interpreted as an integer
2025-07-09 11:37:15,755 - ERROR - Unexpected error: 'NoneType' object cannot be interpreted as an integer
2025-07-09 11:37:16,451 - ERROR - Unexpected error: 'NoneType' object cannot be interpreted as an integer
2025-07-09 11:37:18,996 - ERROR - Unexpected error: 'NoneType' object cannot be interpreted as an integer
2025-07-09 11:37:22,484 - ERROR - Unexpected error: 'NoneType' object cannot be interpreted as an integer
2025-07-09 11:37:25,735 - ERROR - Unexpected error: 'NoneType' object cannot be interpreted as an integer
2025-07-09 11:37:27,058 - ERROR - Unexpected error: 'NoneType' object cannot be interpreted as an integer
2025-07-09 11:37:27,716 - ERROR - Unexpected error: 'NoneType' object cannot be interpreted as an integer
2025-07-09 11:37:34,794 - ERROR - Unexpected error: 'NoneType' object cannot be interpreted as an integer
2025-07-09 11:37:36,738 - ERROR - Unexpected error: 'NoneType' object cannot be interpreted as an integer
2025-07-09 11:37:41,436 - ERROR - Unexpected error: 'NoneType' object cannot be interpreted as an integer
2025-07-09 11:38:09,835 - ERROR - Unexpected error: 'NoneType' object cannot be interpreted as an integer
2025-07-09 11:38:13,839 - ERROR - Unexpected error: 'NoneType' object cannot be interpreted as an integer
2025-07-09 11:38:17,053 - ERROR - Unexpected error: 'NoneType' object cannot be interpreted as an integer
2025-07-09 11:38:20,563 - ERROR - Unexpected error: 'NoneType' object cannot be interpreted as an integer
2025-07-09 11:38:21,802 - ERROR - Unexpected error: 'NoneType' object cannot be interpreted as an integer
2025-07-09 11:38:22,451 - ERROR - Unexpected error: 'NoneType' object cannot be interpreted as an integer
2025-07-09 11:38:23,682 - ERROR - Unexpected error: 'NoneType' object cannot be interpreted as an integer
2025-07-09 11:38:34,358 - ERROR - Unexpected error: 'NoneType' object cannot be interpreted as an integer
2025-07-09 11:38:35,224 - ERROR - Unexpected error: 'NoneType' object cannot be interpreted as an integer
2025-07-09 11:38:41,682 - ERROR - Unexpected error: 'NoneType' object cannot be interpreted as an integer
2025-07-09 11:38:46,848 - ERROR - Unexpected error: 'NoneType' object cannot be interpreted as an integer
2025-07-09 11:38:50,927 - ERROR - Unexpected error: 'NoneType' object cannot be interpreted as an integer
2025-07-09 11:39:09,805 - ERROR - Unexpected error: 'NoneType' object cannot be interpreted as an integer
2025-07-09 11:39:12,812 - ERROR - Unexpected error: 'NoneType' object cannot be interpreted as an integer
2025-07-09 11:39:14,079 - ERROR - Unexpected error: 'NoneType' object cannot be interpreted as an integer
2025-07-09 11:39:16,254 - ERROR - Unexpected error: 'NoneType' object cannot be interpreted as an integer
2025-07-09 11:39:22,697 - ERROR - Unexpected error: 'NoneType' object cannot be interpreted as an integer
2025-07-09 11:39:30,755 - ERROR - Unexpected error: 'NoneType' object cannot be interpreted as an integer
2025-07-09 11:39:37,010 - ERROR - Unexpected error: 'NoneType' object cannot be interpreted as an integer
2025-07-09 11:39:45,838 - ERROR - Unexpected error: 'NoneType' object cannot be interpreted as an integer
2025-07-09 11:39:49,404 - ERROR - Unexpected error: 'NoneType' object cannot be interpreted as an integer
2025-07-09 11:39:57,205 - ERROR - Unexpected error: 'NoneType' object cannot be interpreted as an integer
2025-07-09 11:40:07,438 - ERROR - Unexpected error: 'NoneType' object cannot be interpreted as an integer
2025-07-09 11:40:08,539 - ERROR - Unexpected error: 'NoneType' object cannot be interpreted as an integer
2025-07-09 11:40:20,292 - ERROR - Unexpected error: 'NoneType' object cannot be interpreted as an integer
2025-07-09 11:40:22,858 - ERROR - Unexpected error: 'NoneType' object cannot be interpreted as an integer
2025-07-09 11:40:23,177 - ERROR - Unexpected error: 'NoneType' object cannot be interpreted as an integer
2025-07-09 11:40:40,950 - ERROR - Unexpected error: 'NoneType' object cannot be interpreted as an integer
2025-07-09 11:40:42,134 - ERROR - Unexpected error: 'NoneType' object cannot be interpreted as an integer
2025-07-09 11:40:47,853 - ERROR - Unexpected error: 'NoneType' object cannot be interpreted as an integer
2025-07-09 11:40:50,394 - ERROR - Unexpected error: 'NoneType' object cannot be interpreted as an integer
2025-07-09 11:40:52,100 - ERROR - Unexpected error: 'NoneType' object cannot be interpreted as an integer
2025-07-09 11:40:59,514 - ERROR - Unexpected error: 'NoneType' object cannot be interpreted as an integer
2025-07-09 11:41:02,751 - ERROR - Unexpected error: 'NoneType' object cannot be interpreted as an integer
2025-07-09 11:41:02,921 - ERROR - Unexpected error: 'NoneType' object cannot be interpreted as an integer
2025-07-09 11:41:06,850 - ERROR - Unexpected error: 'NoneType' object cannot be interpreted as an integer
2025-07-09 11:41:19,305 - ERROR - Unexpected error: 'NoneType' object cannot be interpreted as an integer
2025-07-09 11:41:27,045 - ERROR - Unexpected error: 'NoneType' object cannot be interpreted as an integer
2025-07-09 11:41:27,303 - ERROR - Unexpected error: 'NoneType' object cannot be interpreted as an integer
2025-07-09 11:41:30,123 - ERROR - Unexpected error: 'NoneType' object cannot be interpreted as an integer
2025-07-09 11:41:32,014 - ERROR - Unexpected error: 'NoneType' object cannot be interpreted as an integer
2025-07-09 11:41:32,332 - ERROR - Unexpected error: 'NoneType' object cannot be interpreted as an integer
2025-07-09 11:41:36,899 - ERROR - Unexpected error: 'NoneType' object cannot be interpreted as an integer
2025-07-09 11:41:44,590 - ERROR - Unexpected error: 'NoneType' object cannot be interpreted as an integer
2025-07-09 11:41:48,920 - ERROR - Unexpected error: 'NoneType' object cannot be interpreted as an integer
2025-07-09 11:42:06,741 - ERROR - Unexpected error: 'NoneType' object cannot be interpreted as an integer
2025-07-09 11:42:08,783 - ERROR - Unexpected error: 'NoneType' object cannot be interpreted as an integer
2025-07-09 11:42:13,087 - ERROR - Unexpected error: 'NoneType' object cannot be interpreted as an integer
2025-07-09 11:42:15,964 - ERROR - Unexpected error: 'NoneType' object cannot be interpreted as an integer
2025-07-09 11:42:17,841 - ERROR - Unexpected error: 'NoneType' object cannot be interpreted as an integer
2025-07-09 11:42:25,157 - INFO - Processed 8000 users so far
2025-07-09 11:42:44,245 - ERROR - Unexpected error: 'NoneType' object cannot be interpreted as an integer
2025-07-09 11:42:47,098 - ERROR - Unexpected error: 'NoneType' object cannot be interpreted as an integer
2025-07-09 11:42:53,685 - ERROR - Unexpected error: 'NoneType' object cannot be interpreted as an integer
2025-07-09 11:42:56,269 - ERROR - Unexpected error: 'NoneType' object cannot be interpreted as an integer
2025-07-09 11:43:03,997 - ERROR - Unexpected error: 'NoneType' object cannot be interpreted as an integer
2025-07-09 11:43:08,709 - ERROR - Unexpected error: 'NoneType' object cannot be interpreted as an integer
2025-07-09 11:43:14,951 - ERROR - Unexpected error: 'NoneType' object cannot be interpreted as an integer
2025-07-09 11:43:25,649 - ERROR - Unexpected error: 'NoneType' object cannot be interpreted as an integer
2025-07-09 11:43:27,121 - ERROR - Unexpected error: 'NoneType' object cannot be interpreted as an integer
2025-07-09 11:43:32,686 - ERROR - Unexpected error: 'NoneType' object cannot be interpreted as an integer
2025-07-09 11:43:33,319 - ERROR - Unexpected error: 'NoneType' object cannot be interpreted as an integer
2025-07-09 11:43:34,468 - ERROR - Unexpected error: 'NoneType' object cannot be interpreted as an integer
2025-07-09 11:44:02,040 - ERROR - Unexpected error: 'NoneType' object cannot be interpreted as an integer
2025-07-09 11:44:04,345 - ERROR - Unexpected error: 'NoneType' object cannot be interpreted as an integer
2025-07-09 11:44:07,569 - ERROR - Unexpected error: 'NoneType' object cannot be interpreted as an integer
2025-07-09 11:44:08,809 - ERROR - Unexpected error: 'NoneType' object cannot be interpreted as an integer
2025-07-09 11:44:15,540 - ERROR - Unexpected error: 'NoneType' object cannot be interpreted as an integer
2025-07-09 11:44:19,613 - ERROR - Unexpected error: 'NoneType' object cannot be interpreted as an integer
2025-07-09 11:44:23,686 - ERROR - Unexpected error: 'NoneType' object cannot be interpreted as an integer
2025-07-09 11:44:30,172 - ERROR - Unexpected error: 'NoneType' object cannot be interpreted as an integer
2025-07-09 11:44:31,342 - ERROR - Unexpected error: 'NoneType' object cannot be interpreted as an integer
2025-07-09 11:44:33,979 - ERROR - Unexpected error: 'NoneType' object cannot be interpreted as an integer
2025-07-09 11:44:40,157 - ERROR - Unexpected error: 'NoneType' object cannot be interpreted as an integer
2025-07-09 11:44:42,373 - ERROR - Unexpected error: 'NoneType' object cannot be interpreted as an integer
2025-07-09 11:44:43,309 - ERROR - Unexpected error: 'NoneType' object cannot be interpreted as an integer
2025-07-09 11:44:44,300 - ERROR - Unexpected error: 'NoneType' object cannot be interpreted as an integer
2025-07-09 11:44:45,088 - ERROR - Unexpected error: 'NoneType' object cannot be interpreted as an integer
2025-07-09 11:44:48,730 - ERROR - Unexpected error: 'NoneType' object cannot be interpreted as an integer
2025-07-09 11:44:50,239 - ERROR - Unexpected error: 'NoneType' object cannot be interpreted as an integer
2025-07-09 11:44:57,551 - ERROR - Unexpected error: 'NoneType' object cannot be interpreted as an integer
2025-07-09 11:45:08,630 - ERROR - Unexpected error: 'NoneType' object cannot be interpreted as an integer
2025-07-09 11:45:12,123 - ERROR - Unexpected error: 'NoneType' object cannot be interpreted as an integer
2025-07-09 11:45:16,735 - ERROR - Unexpected error: 'NoneType' object cannot be interpreted as an integer
2025-07-09 11:45:30,733 - ERROR - Unexpected error: 'NoneType' object cannot be interpreted as an integer
2025-07-09 11:45:31,360 - ERROR - Unexpected error: 'NoneType' object cannot be interpreted as an integer
2025-07-09 11:45:36,373 - ERROR - Unexpected error: 'NoneType' object cannot be interpreted as an integer
2025-07-09 11:45:39,815 - ERROR - Unexpected error: 'NoneType' object cannot be interpreted as an integer
2025-07-09 11:45:45,125 - ERROR - Unexpected error: 'NoneType' object cannot be interpreted as an integer
2025-07-09 11:45:49,696 - ERROR - Unexpected error: 'NoneType' object cannot be interpreted as an integer
2025-07-09 11:45:51,192 - ERROR - Unexpected error: 'NoneType' object cannot be interpreted as an integer
2025-07-09 11:46:02,445 - ERROR - Unexpected error: 'NoneType' object cannot be interpreted as an integer
2025-07-09 11:46:10,121 - ERROR - Unexpected error: 'NoneType' object cannot be interpreted as an integer
2025-07-09 11:46:10,294 - ERROR - Unexpected error: 'NoneType' object cannot be interpreted as an integer
2025-07-09 11:46:18,012 - ERROR - Unexpected error: 'NoneType' object cannot be interpreted as an integer
2025-07-09 11:46:21,729 - ERROR - Unexpected error: 'NoneType' object cannot be interpreted as an integer
2025-07-09 11:46:22,352 - ERROR - Unexpected error: 'NoneType' object cannot be interpreted as an integer
2025-07-09 11:46:23,617 - ERROR - Unexpected error: 'NoneType' object cannot be interpreted as an integer
2025-07-09 11:46:26,449 - ERROR - Unexpected error: 'NoneType' object cannot be interpreted as an integer
2025-07-09 11:46:43,332 - ERROR - Unexpected error: 'NoneType' object cannot be interpreted as an integer
2025-07-09 11:46:50,846 - ERROR - Unexpected error: 'NoneType' object cannot be interpreted as an integer
2025-07-09 11:46:52,817 - ERROR - Unexpected error: 'NoneType' object cannot be interpreted as an integer
2025-07-09 11:46:58,459 - ERROR - Unexpected error: 'NoneType' object cannot be interpreted as an integer
2025-07-09 11:47:02,404 - ERROR - Unexpected error: 'NoneType' object cannot be interpreted as an integer
2025-07-09 11:47:16,603 - ERROR - Unexpected error: 'NoneType' object cannot be interpreted as an integer
2025-07-09 11:47:18,637 - ERROR - Unexpected error: 'NoneType' object cannot be interpreted as an integer
2025-07-09 11:47:19,110 - ERROR - Unexpected error: 'NoneType' object cannot be interpreted as an integer
2025-07-09 11:47:34,463 - ERROR - Unexpected error: 'NoneType' object cannot be interpreted as an integer
2025-07-09 11:47:41,350 - ERROR - Unexpected error: 'NoneType' object cannot be interpreted as an integer
2025-07-09 11:47:41,874 - ERROR - Unexpected error: 'NoneType' object cannot be interpreted as an integer
2025-07-09 11:49:47,044 - ERROR - Unexpected error: 'NoneType' object cannot be interpreted as an integer
2025-07-09 11:49:52,320 - ERROR - Unexpected error: 'NoneType' object cannot be interpreted as an integer
2025-07-09 11:49:53,483 - ERROR - Unexpected error: 'NoneType' object cannot be interpreted as an integer
2025-07-09 11:49:55,825 - ERROR - Unexpected error: 'NoneType' object cannot be interpreted as an integer
2025-07-09 11:49:56,725 - ERROR - Unexpected error: 'NoneType' object cannot be interpreted as an integer
2025-07-09 11:50:12,574 - ERROR - Unexpected error: 'NoneType' object cannot be interpreted as an integer
2025-07-09 11:50:23,373 - ERROR - Unexpected error: 'NoneType' object cannot be interpreted as an integer
2025-07-09 11:50:23,669 - ERROR - Unexpected error: 'NoneType' object cannot be interpreted as an integer
2025-07-09 11:50:35,713 - ERROR - Unexpected error: 'NoneType' object cannot be interpreted as an integer
2025-07-09 11:50:38,761 - ERROR - Unexpected error: 'NoneType' object cannot be interpreted as an integer
2025-07-09 11:50:39,763 - ERROR - Unexpected error: 'NoneType' object cannot be interpreted as an integer
2025-07-09 11:50:52,281 - ERROR - Unexpected error: 'NoneType' object cannot be interpreted as an integer
2025-07-09 11:50:54,524 - ERROR - Unexpected error: 'NoneType' object cannot be interpreted as an integer
2025-07-09 11:50:55,404 - ERROR - Unexpected error: 'NoneType' object cannot be interpreted as an integer
2025-07-09 11:51:06,457 - ERROR - Unexpected error: 'NoneType' object cannot be interpreted as an integer
2025-07-09 11:51:16,643 - ERROR - Unexpected error: 'NoneType' object cannot be interpreted as an integer
2025-07-09 11:51:25,780 - ERROR - Unexpected error: 'NoneType' object cannot be interpreted as an integer
2025-07-09 11:51:26,632 - ERROR - Unexpected error: 'NoneType' object cannot be interpreted as an integer
2025-07-09 11:51:28,213 - ERROR - Unexpected error: 'NoneType' object cannot be interpreted as an integer
2025-07-09 11:51:32,189 - ERROR - Unexpected error: 'NoneType' object cannot be interpreted as an integer
2025-07-09 11:51:34,261 - ERROR - Unexpected error: 'NoneType' object cannot be interpreted as an integer
2025-07-09 11:51:35,793 - ERROR - Unexpected error: 'NoneType' object cannot be interpreted as an integer
2025-07-09 11:51:53,650 - ERROR - Unexpected error: 'NoneType' object cannot be interpreted as an integer
2025-07-09 11:51:55,627 - ERROR - Unexpected error: 'NoneType' object cannot be interpreted as an integer
2025-07-09 11:51:56,918 - ERROR - Unexpected error: 'NoneType' object cannot be interpreted as an integer
2025-07-09 11:51:58,323 - ERROR - Unexpected error: 'NoneType' object cannot be interpreted as an integer
2025-07-09 11:52:00,172 - ERROR - Unexpected error: 'NoneType' object cannot be interpreted as an integer
2025-07-09 11:52:08,403 - ERROR - Unexpected error: 'NoneType' object cannot be interpreted as an integer
2025-07-09 11:52:12,198 - ERROR - Unexpected error: 'NoneType' object cannot be interpreted as an integer
2025-07-09 11:52:12,675 - ERROR - Unexpected error: 'NoneType' object cannot be interpreted as an integer
2025-07-09 11:52:18,674 - ERROR - Unexpected error: 'NoneType' object cannot be interpreted as an integer
2025-07-09 11:52:23,206 - ERROR - Unexpected error: 'NoneType' object cannot be interpreted as an integer
2025-07-09 11:52:27,492 - ERROR - Unexpected error: 'NoneType' object cannot be interpreted as an integer
2025-07-09 11:52:32,308 - ERROR - Unexpected error: 'NoneType' object cannot be interpreted as an integer
2025-07-09 11:52:32,934 - ERROR - Unexpected error: 'NoneType' object cannot be interpreted as an integer
2025-07-09 11:52:36,972 - ERROR - Unexpected error: 'NoneType' object cannot be interpreted as an integer
2025-07-09 11:52:37,592 - ERROR - Unexpected error: 'NoneType' object cannot be interpreted as an integer
2025-07-09 11:52:49,564 - ERROR - Unexpected error: 'NoneType' object cannot be interpreted as an integer
2025-07-09 11:52:53,448 - ERROR - Unexpected error: 'NoneType' object cannot be interpreted as an integer
2025-07-09 11:52:56,322 - ERROR - Unexpected error: 'NoneType' object cannot be interpreted as an integer
2025-07-09 11:53:05,680 - ERROR - Unexpected error: 'NoneType' object cannot be interpreted as an integer
2025-07-09 11:53:07,503 - ERROR - Unexpected error: 'NoneType' object cannot be interpreted as an integer
2025-07-09 11:53:11,529 - ERROR - Unexpected error: 'NoneType' object cannot be interpreted as an integer
2025-07-09 11:53:12,910 - ERROR - Unexpected error: 'NoneType' object cannot be interpreted as an integer
2025-07-09 11:53:14,403 - ERROR - Unexpected error: 'NoneType' object cannot be interpreted as an integer
2025-07-09 11:53:19,827 - ERROR - Unexpected error: 'NoneType' object cannot be interpreted as an integer
2025-07-09 11:53:26,623 - ERROR - Unexpected error: 'NoneType' object cannot be interpreted as an integer
2025-07-09 11:53:31,350 - ERROR - Unexpected error: 'NoneType' object cannot be interpreted as an integer
2025-07-09 11:53:31,512 - ERROR - Unexpected error: 'NoneType' object cannot be interpreted as an integer
2025-07-09 11:53:37,173 - ERROR - Unexpected error: 'NoneType' object cannot be interpreted as an integer
2025-07-09 11:53:37,984 - ERROR - Unexpected error: 'NoneType' object cannot be interpreted as an integer
2025-07-09 11:53:48,560 - ERROR - Unexpected error: 'NoneType' object cannot be interpreted as an integer
2025-07-09 11:53:49,921 - ERROR - Unexpected error: 'NoneType' object cannot be interpreted as an integer
2025-07-09 11:53:52,633 - ERROR - Unexpected error: 'NoneType' object cannot be interpreted as an integer
2025-07-09 11:54:00,556 - ERROR - Unexpected error: 'NoneType' object cannot be interpreted as an integer
2025-07-09 11:54:07,902 - ERROR - Unexpected error: 'NoneType' object cannot be interpreted as an integer
2025-07-09 11:54:17,925 - ERROR - Unexpected error: 'NoneType' object cannot be interpreted as an integer
2025-07-09 11:54:19,621 - ERROR - Unexpected error: 'NoneType' object cannot be interpreted as an integer
2025-07-09 11:54:21,234 - ERROR - Unexpected error: 'NoneType' object cannot be interpreted as an integer
2025-07-09 11:54:24,851 - ERROR - Unexpected error: 'NoneType' object cannot be interpreted as an integer
2025-07-09 11:54:27,953 - ERROR - Unexpected error: 'NoneType' object cannot be interpreted as an integer
2025-07-09 11:54:39,483 - ERROR - Unexpected error: 'NoneType' object cannot be interpreted as an integer
2025-07-09 11:54:41,349 - ERROR - Unexpected error: 'NoneType' object cannot be interpreted as an integer
2025-07-09 11:54:42,647 - ERROR - Unexpected error: 'NoneType' object cannot be interpreted as an integer
2025-07-09 11:54:42,814 - ERROR - Unexpected error: 'NoneType' object cannot be interpreted as an integer
2025-07-09 11:54:43,150 - ERROR - Unexpected error: 'NoneType' object cannot be interpreted as an integer
2025-07-09 11:54:47,170 - INFO - Processed 10000 users so far
2025-07-09 11:54:56,823 - ERROR - Unexpected error: 'NoneType' object cannot be interpreted as an integer
2025-07-09 11:55:07,891 - ERROR - Unexpected error: 'NoneType' object cannot be interpreted as an integer
2025-07-09 11:55:13,401 - ERROR - Unexpected error: 'NoneType' object cannot be interpreted as an integer
2025-07-09 11:55:18,176 - ERROR - Unexpected error: 'NoneType' object cannot be interpreted as an integer
2025-07-09 11:55:18,977 - ERROR - Unexpected error: 'NoneType' object cannot be interpreted as an integer
2025-07-09 11:55:23,879 - ERROR - Unexpected error: 'NoneType' object cannot be interpreted as an integer
2025-07-09 11:55:27,858 - ERROR - Unexpected error: 'NoneType' object cannot be interpreted as an integer
2025-07-09 11:55:43,794 - ERROR - Unexpected error: 'NoneType' object cannot be interpreted as an integer
2025-07-09 11:55:45,596 - ERROR - Unexpected error: 'NoneType' object cannot be interpreted as an integer
2025-07-09 11:55:50,467 - ERROR - Unexpected error: 'NoneType' object cannot be interpreted as an integer
2025-07-09 11:55:50,624 - ERROR - Unexpected error: 'NoneType' object cannot be interpreted as an integer
2025-07-09 11:55:51,083 - ERROR - Unexpected error: 'NoneType' object cannot be interpreted as an integer
2025-07-09 11:55:54,627 - ERROR - Unexpected error: 'NoneType' object cannot be interpreted as an integer
2025-07-09 11:55:59,328 - ERROR - Unexpected error: 'NoneType' object cannot be interpreted as an integer
2025-07-09 11:56:08,972 - ERROR - Unexpected error: 'NoneType' object cannot be interpreted as an integer
2025-07-09 11:56:14,880 - ERROR - Unexpected error: 'NoneType' object cannot be interpreted as an integer
2025-07-09 11:56:16,809 - ERROR - Unexpected error: 'NoneType' object cannot be interpreted as an integer
2025-07-09 11:56:18,392 - ERROR - Unexpected error: 'NoneType' object cannot be interpreted as an integer
2025-07-09 11:56:25,114 - ERROR - Unexpected error: 'NoneType' object cannot be interpreted as an integer
2025-07-09 11:56:28,057 - ERROR - Unexpected error: 'NoneType' object cannot be interpreted as an integer
2025-07-09 11:56:34,416 - ERROR - Unexpected error: 'NoneType' object cannot be interpreted as an integer
2025-07-09 11:56:36,176 - ERROR - Unexpected error: 'NoneType' object cannot be interpreted as an integer
2025-07-09 11:56:38,588 - ERROR - Unexpected error: 'NoneType' object cannot be interpreted as an integer
2025-07-09 11:57:00,982 - ERROR - Unexpected error: 'NoneType' object cannot be interpreted as an integer
2025-07-09 11:57:08,885 - ERROR - Unexpected error: 'NoneType' object cannot be interpreted as an integer
2025-07-09 11:57:18,533 - ERROR - Unexpected error: 'NoneType' object cannot be interpreted as an integer
2025-07-09 11:57:26,227 - ERROR - Unexpected error: 'NoneType' object cannot be interpreted as an integer
2025-07-09 11:57:26,396 - ERROR - Unexpected error: 'NoneType' object cannot be interpreted as an integer
2025-07-09 11:57:31,397 - ERROR - Unexpected error: 'NoneType' object cannot be interpreted as an integer
2025-07-09 11:57:44,175 - ERROR - Unexpected error: 'NoneType' object cannot be interpreted as an integer
2025-07-09 11:57:50,554 - ERROR - Unexpected error: 'NoneType' object cannot be interpreted as an integer
2025-07-09 11:57:55,748 - ERROR - Unexpected error: 'NoneType' object cannot be interpreted as an integer
2025-07-09 11:58:24,952 - ERROR - Unexpected error: 'NoneType' object cannot be interpreted as an integer
2025-07-09 11:58:42,990 - ERROR - Unexpected error: 'NoneType' object cannot be interpreted as an integer
2025-07-09 11:58:43,370 - ERROR - Unexpected error: 'NoneType' object cannot be interpreted as an integer
2025-07-09 11:58:43,673 - ERROR - Unexpected error: 'NoneType' object cannot be interpreted as an integer
2025-07-09 11:58:52,614 - ERROR - Unexpected error: 'NoneType' object cannot be interpreted as an integer
2025-07-09 11:58:59,961 - ERROR - Unexpected error: 'NoneType' object cannot be interpreted as an integer
2025-07-09 11:59:01,782 - ERROR - Unexpected error: 'NoneType' object cannot be interpreted as an integer
2025-07-09 11:59:06,585 - ERROR - Unexpected error: 'NoneType' object cannot be interpreted as an integer
2025-07-09 11:59:18,611 - ERROR - Unexpected error: 'NoneType' object cannot be interpreted as an integer
2025-07-09 11:59:20,963 - ERROR - Unexpected error: 'NoneType' object cannot be interpreted as an integer
2025-07-09 11:59:22,161 - ERROR - Unexpected error: 'NoneType' object cannot be interpreted as an integer
2025-07-09 11:59:25,320 - ERROR - Unexpected error: 'NoneType' object cannot be interpreted as an integer
2025-07-09 11:59:26,134 - ERROR - Unexpected error: 'NoneType' object cannot be interpreted as an integer
2025-07-09 11:59:29,838 - ERROR - Unexpected error: 'NoneType' object cannot be interpreted as an integer
2025-07-09 11:59:32,110 - ERROR - Unexpected error: 'NoneType' object cannot be interpreted as an integer
2025-07-09 11:59:32,405 - ERROR - Unexpected error: 'NoneType' object cannot be interpreted as an integer
2025-07-09 11:59:37,608 - ERROR - Unexpected error: 'NoneType' object cannot be interpreted as an integer
2025-07-09 11:59:38,886 - ERROR - Unexpected error: 'NoneType' object cannot be interpreted as an integer
2025-07-09 11:59:50,946 - ERROR - Unexpected error: 'NoneType' object cannot be interpreted as an integer
2025-07-09 12:00:02,801 - ERROR - Unexpected error: 'NoneType' object cannot be interpreted as an integer
2025-07-09 12:00:04,534 - ERROR - Unexpected error: 'NoneType' object cannot be interpreted as an integer
2025-07-09 12:00:05,021 - ERROR - Unexpected error: 'NoneType' object cannot be interpreted as an integer
2025-07-09 12:00:05,191 - ERROR - Unexpected error: 'NoneType' object cannot be interpreted as an integer
2025-07-09 12:00:08,113 - ERROR - Unexpected error: 'NoneType' object cannot be interpreted as an integer
2025-07-09 12:00:14,240 - ERROR - Unexpected error: 'NoneType' object cannot be interpreted as an integer
2025-07-09 12:00:24,044 - ERROR - Unexpected error: 'NoneType' object cannot be interpreted as an integer
2025-07-09 12:00:43,484 - ERROR - Unexpected error: 'NoneType' object cannot be interpreted as an integer
2025-07-09 12:00:51,654 - ERROR - Unexpected error: 'NoneType' object cannot be interpreted as an integer
2025-07-09 12:00:57,486 - ERROR - Unexpected error: 'NoneType' object cannot be interpreted as an integer
2025-07-09 12:01:05,667 - ERROR - Unexpected error: 'NoneType' object cannot be interpreted as an integer
2025-07-09 12:01:17,367 - ERROR - Unexpected error: 'NoneType' object cannot be interpreted as an integer
2025-07-09 12:01:18,618 - ERROR - Unexpected error: 'NoneType' object cannot be interpreted as an integer
2025-07-09 12:01:29,204 - ERROR - Unexpected error: 'NoneType' object cannot be interpreted as an integer
2025-07-09 12:01:30,624 - ERROR - Unexpected error: 'NoneType' object cannot be interpreted as an integer
2025-07-09 12:01:31,426 - ERROR - Unexpected error: 'NoneType' object cannot be interpreted as an integer
2025-07-09 12:01:39,303 - ERROR - Unexpected error: 'NoneType' object cannot be interpreted as an integer
2025-07-09 12:01:39,961 - ERROR - Unexpected error: 'NoneType' object cannot be interpreted as an integer
2025-07-09 12:01:41,605 - ERROR - Unexpected error: 'NoneType' object cannot be interpreted as an integer
2025-07-09 12:01:48,963 - ERROR - Unexpected error: 'NoneType' object cannot be interpreted as an integer
2025-07-09 12:02:01,200 - ERROR - Unexpected error: 'NoneType' object cannot be interpreted as an integer
2025-07-09 12:02:02,257 - ERROR - Unexpected error: 'NoneType' object cannot be interpreted as an integer
2025-07-09 12:02:02,903 - ERROR - Unexpected error: 'NoneType' object cannot be interpreted as an integer
2025-07-09 12:02:03,744 - ERROR - Unexpected error: 'NoneType' object cannot be interpreted as an integer
2025-07-09 12:02:08,011 - ERROR - Unexpected error: 'NoneType' object cannot be interpreted as an integer
2025-07-09 12:02:08,498 - ERROR - Unexpected error: 'NoneType' object cannot be interpreted as an integer
2025-07-09 12:02:21,482 - ERROR - Unexpected error: 'NoneType' object cannot be interpreted as an integer
2025-07-09 12:02:23,527 - ERROR - Unexpected error: 'NoneType' object cannot be interpreted as an integer
2025-07-09 12:02:25,231 - ERROR - Unexpected error: 'NoneType' object cannot be interpreted as an integer
2025-07-09 12:02:25,593 - ERROR - Unexpected error: 'NoneType' object cannot be interpreted as an integer
2025-07-09 12:02:35,606 - ERROR - Unexpected error: 'NoneType' object cannot be interpreted as an integer
2025-07-09 12:02:38,875 - ERROR - Unexpected error: 'NoneType' object cannot be interpreted as an integer
2025-07-09 12:02:41,077 - ERROR - Unexpected error: 'NoneType' object cannot be interpreted as an integer
2025-07-09 12:02:43,341 - ERROR - Unexpected error: 'NoneType' object cannot be interpreted as an integer
2025-07-09 12:02:43,500 - ERROR - Unexpected error: 'NoneType' object cannot be interpreted as an integer
2025-07-09 12:02:43,663 - ERROR - Unexpected error: 'NoneType' object cannot be interpreted as an integer
2025-07-09 12:02:46,743 - ERROR - Unexpected error: 'NoneType' object cannot be interpreted as an integer
2025-07-09 12:02:47,400 - ERROR - Unexpected error: 'NoneType' object cannot be interpreted as an integer
2025-07-09 12:02:50,029 - ERROR - Unexpected error: 'NoneType' object cannot be interpreted as an integer
2025-07-09 12:02:52,182 - ERROR - Unexpected error: 'NoneType' object cannot be interpreted as an integer
2025-07-09 12:02:55,015 - ERROR - Unexpected error: 'NoneType' object cannot be interpreted as an integer
2025-07-09 12:02:58,247 - ERROR - Unexpected error: 'NoneType' object cannot be interpreted as an integer
2025-07-09 12:02:58,732 - ERROR - Unexpected error: 'NoneType' object cannot be interpreted as an integer
2025-07-09 12:02:59,052 - ERROR - Unexpected error: 'NoneType' object cannot be interpreted as an integer
2025-07-09 12:03:07,672 - ERROR - Unexpected error: 'NoneType' object cannot be interpreted as an integer
2025-07-09 12:03:09,369 - ERROR - Unexpected error: 'NoneType' object cannot be interpreted as an integer
2025-07-09 12:03:11,881 - ERROR - Unexpected error: 'NoneType' object cannot be interpreted as an integer
2025-07-09 12:03:13,235 - ERROR - Unexpected error: 'NoneType' object cannot be interpreted as an integer
2025-07-09 12:03:14,523 - ERROR - Unexpected error: 'NoneType' object cannot be interpreted as an integer
2025-07-09 12:03:24,239 - ERROR - Unexpected error: 'NoneType' object cannot be interpreted as an integer
2025-07-09 12:03:26,800 - ERROR - Unexpected error: 'NoneType' object cannot be interpreted as an integer
2025-07-09 12:03:27,410 - ERROR - Unexpected error: 'NoneType' object cannot be interpreted as an integer
2025-07-09 12:03:36,882 - ERROR - Unexpected error: 'NoneType' object cannot be interpreted as an integer
2025-07-09 12:03:41,515 - ERROR - Unexpected error: 'NoneType' object cannot be interpreted as an integer
2025-07-09 12:03:54,474 - ERROR - Unexpected error: 'NoneType' object cannot be interpreted as an integer
2025-07-09 12:03:59,849 - ERROR - Unexpected error: 'NoneType' object cannot be interpreted as an integer
2025-07-09 12:04:00,014 - ERROR - Unexpected error: 'NoneType' object cannot be interpreted as an integer
2025-07-09 12:04:08,905 - ERROR - Unexpected error: 'NoneType' object cannot be interpreted as an integer
2025-07-09 12:04:11,632 - ERROR - Unexpected error: 'NoneType' object cannot be interpreted as an integer
2025-07-09 12:04:13,233 - ERROR - Unexpected error: 'NoneType' object cannot be interpreted as an integer
2025-07-09 12:04:13,878 - ERROR - Unexpected error: 'NoneType' object cannot be interpreted as an integer
2025-07-09 12:04:23,049 - ERROR - Unexpected error: 'NoneType' object cannot be interpreted as an integer
2025-07-09 12:04:23,353 - ERROR - Unexpected error: 'NoneType' object cannot be interpreted as an integer
2025-07-09 12:04:24,473 - ERROR - Unexpected error: 'NoneType' object cannot be interpreted as an integer
2025-07-09 12:04:25,985 - ERROR - Unexpected error: 'NoneType' object cannot be interpreted as an integer
2025-07-09 12:04:43,126 - ERROR - Unexpected error: 'NoneType' object cannot be interpreted as an integer
2025-07-09 12:04:57,760 - ERROR - Unexpected error: 'NoneType' object cannot be interpreted as an integer
2025-07-09 12:05:03,022 - ERROR - Unexpected error: 'NoneType' object cannot be interpreted as an integer
2025-07-09 12:05:03,660 - ERROR - Unexpected error: 'NoneType' object cannot be interpreted as an integer
2025-07-09 12:05:05,184 - ERROR - Unexpected error: 'NoneType' object cannot be interpreted as an integer
2025-07-09 12:05:22,011 - ERROR - Unexpected error: 'NoneType' object cannot be interpreted as an integer
2025-07-09 12:05:27,136 - ERROR - Request failed: 422 Client Error: Unprocessable Entity for url: https://arctic-shift.photon-reddit.com/api/posts/search?author=Spiritual_Welcome495&after=1641016800&before=1745989200&limit=auto&sort=asc&meta-app=download-tool
2025-07-09 12:05:30,293 - ERROR - Request failed: 422 Client Error: Unprocessable Entity for url: https://arctic-shift.photon-reddit.com/api/posts/search?author=Catstails&after=1641016800&before=1745989200&limit=auto&sort=asc&meta-app=download-tool
2025-07-09 12:05:45,524 - ERROR - Request failed: 500 Server Error: Internal Server Error for url: https://arctic-shift.photon-reddit.com/api/posts/search?author=Ksonpog&after=1641016800&before=1745989200&limit=auto&sort=asc&meta-app=download-tool
2025-07-09 12:05:51,685 - ERROR - Unexpected error: 'NoneType' object cannot be interpreted as an integer
2025-07-09 12:06:00,729 - ERROR - Unexpected error: 'NoneType' object cannot be interpreted as an integer
2025-07-09 12:06:18,305 - ERROR - Unexpected error: 'NoneType' object cannot be interpreted as an integer
2025-07-09 12:06:26,042 - INFO - Processed 12000 users so far
2025-07-09 12:06:29,812 - ERROR - Unexpected error: 'NoneType' object cannot be interpreted as an integer
2025-07-09 12:07:06,230 - ERROR - Request failed: 422 Client Error: Unprocessable Entity for url: https://arctic-shift.photon-reddit.com/api/posts/search?author=HomeworkAfraid5530&after=1641016800&before=1745989200&limit=auto&sort=asc&meta-app=download-tool
2025-07-09 12:07:25,081 - ERROR - Request failed: 422 Client Error: Unprocessable Entity for url: https://arctic-shift.photon-reddit.com/api/posts/search?author=Hilaria94&after=1641016800&before=1745989200&limit=auto&sort=asc&meta-app=download-tool
2025-07-09 12:07:40,778 - ERROR - Request failed: 422 Client Error: Unprocessable Entity for url: https://arctic-shift.photon-reddit.com/api/posts/search?author=theinfernalname&after=1641016800&before=1745989200&limit=auto&sort=asc&meta-app=download-tool
2025-07-09 12:08:07,717 - ERROR - Request failed: 422 Client Error: Unprocessable Entity for url: https://arctic-shift.photon-reddit.com/api/posts/search?author=peculiarbuttonz&after=1641016800&before=1745989200&limit=auto&sort=asc&meta-app=download-tool
2025-07-09 12:08:13,620 - ERROR - Unexpected error: 'NoneType' object cannot be interpreted as an integer
2025-07-09 12:08:18,696 - ERROR - Request failed: 422 Client Error: Unprocessable Entity for url: https://arctic-shift.photon-reddit.com/api/posts/search?author=GodKingNile&after=1641016800&before=1745989200&limit=auto&sort=asc&meta-app=download-tool
2025-07-09 12:08:27,151 - ERROR - Request failed: 500 Server Error: Internal Server Error for url: https://arctic-shift.photon-reddit.com/api/posts/search?author=StanMarsh_SP&after=1641016800&before=1745989200&limit=auto&sort=asc&meta-app=download-tool
2025-07-09 12:08:37,307 - ERROR - Request failed: 422 Client Error: Unprocessable Entity for url: https://arctic-shift.photon-reddit.com/api/posts/search?author=lalalalalala4lyfe&after=1641016800&before=1745989200&limit=auto&sort=asc&meta-app=download-tool
2025-07-09 12:08:50,051 - ERROR - Request failed: 422 Client Error: Unprocessable Entity for url: https://arctic-shift.photon-reddit.com/api/posts/search?author=Sea_Finance_848&after=1641016800&before=1745989200&limit=auto&sort=asc&meta-app=download-tool
2025-07-09 12:09:03,158 - ERROR - Request failed: 422 Client Error: Unprocessable Entity for url: https://arctic-shift.photon-reddit.com/api/posts/search?author=lestrongnebula&after=1641016800&before=1745989200&limit=auto&sort=asc&meta-app=download-tool
2025-07-09 12:09:12,790 - ERROR - Unexpected error: 'NoneType' object cannot be interpreted as an integer
2025-07-09 12:09:25,418 - ERROR - Request failed: 422 Client Error: Unprocessable Entity for url: https://arctic-shift.photon-reddit.com/api/posts/search?author=Physical-Party5951&after=1641016800&before=1745989200&limit=auto&sort=asc&meta-app=download-tool
2025-07-09 12:09:28,490 - ERROR - Unexpected error: 'NoneType' object cannot be interpreted as an integer
2025-07-09 12:09:33,219 - ERROR - Unexpected error: 'NoneType' object cannot be interpreted as an integer
2025-07-09 12:09:44,864 - ERROR - Request failed: 422 Client Error: Unprocessable Entity for url: https://arctic-shift.photon-reddit.com/api/posts/search?author=False-Fisherman&after=1641016800&before=1745989200&limit=auto&sort=asc&meta-app=download-tool
2025-07-09 12:09:55,056 - ERROR - Unexpected error: 'NoneType' object cannot be interpreted as an integer
2025-07-09 12:10:14,437 - ERROR - Unexpected error: 'NoneType' object cannot be interpreted as an integer
2025-07-09 12:10:16,050 - ERROR - Unexpected error: 'NoneType' object cannot be interpreted as an integer
2025-07-09 12:10:19,778 - ERROR - Unexpected error: 'NoneType' object cannot be interpreted as an integer
2025-07-09 12:10:21,711 - ERROR - Unexpected error: 'NoneType' object cannot be interpreted as an integer
2025-07-09 12:10:23,742 - ERROR - Unexpected error: 'NoneType' object cannot be interpreted as an integer
2025-07-09 12:10:26,985 - ERROR - Unexpected error: 'NoneType' object cannot be interpreted as an integer
2025-07-09 12:10:29,435 - ERROR - Unexpected error: 'NoneType' object cannot be interpreted as an integer
2025-07-09 12:10:32,948 - ERROR - Unexpected error: 'NoneType' object cannot be interpreted as an integer
2025-07-09 12:10:33,407 - ERROR - Unexpected error: 'NoneType' object cannot be interpreted as an integer
2025-07-09 12:10:38,497 - ERROR - Unexpected error: 'NoneType' object cannot be interpreted as an integer
2025-07-09 12:10:40,183 - ERROR - Unexpected error: 'NoneType' object cannot be interpreted as an integer
2025-07-09 12:11:00,407 - ERROR - Unexpected error: 'NoneType' object cannot be interpreted as an integer
2025-07-09 12:11:01,354 - ERROR - Unexpected error: 'NoneType' object cannot be interpreted as an integer
2025-07-09 12:11:14,348 - ERROR - Unexpected error: 'NoneType' object cannot be interpreted as an integer
2025-07-09 12:11:22,681 - ERROR - Unexpected error: 'NoneType' object cannot be interpreted as an integer
2025-07-09 12:11:34,182 - ERROR - Unexpected error: 'NoneType' object cannot be interpreted as an integer
2025-07-09 12:11:37,240 - ERROR - Unexpected error: 'NoneType' object cannot be interpreted as an integer
2025-07-09 12:11:39,743 - ERROR - Unexpected error: 'NoneType' object cannot be interpreted as an integer
2025-07-09 12:11:41,280 - ERROR - Unexpected error: 'NoneType' object cannot be interpreted as an integer
2025-07-09 12:12:03,637 - ERROR - Unexpected error: 'NoneType' object cannot be interpreted as an integer
2025-07-09 12:12:08,245 - ERROR - Unexpected error: 'NoneType' object cannot be interpreted as an integer
2025-07-09 12:12:10,011 - ERROR - Unexpected error: 'NoneType' object cannot be interpreted as an integer
2025-07-09 12:12:10,879 - ERROR - Unexpected error: 'NoneType' object cannot be interpreted as an integer
2025-07-09 12:12:12,712 - ERROR - Unexpected error: 'NoneType' object cannot be interpreted as an integer
2025-07-09 12:12:19,561 - ERROR - Unexpected error: 'NoneType' object cannot be interpreted as an integer
2025-07-09 12:12:22,716 - ERROR - Unexpected error: 'NoneType' object cannot be interpreted as an integer
2025-07-09 12:12:34,436 - ERROR - Unexpected error: 'NoneType' object cannot be interpreted as an integer
2025-07-09 12:12:37,103 - ERROR - Unexpected error: 'NoneType' object cannot be interpreted as an integer
2025-07-09 12:12:47,552 - ERROR - Unexpected error: 'NoneType' object cannot be interpreted as an integer
2025-07-09 12:12:48,569 - ERROR - Unexpected error: 'NoneType' object cannot be interpreted as an integer
2025-07-09 12:12:56,893 - ERROR - Unexpected error: 'NoneType' object cannot be interpreted as an integer
2025-07-09 12:12:58,812 - ERROR - Unexpected error: 'NoneType' object cannot be interpreted as an integer
2025-07-09 12:13:09,836 - ERROR - Unexpected error: 'NoneType' object cannot be interpreted as an integer
2025-07-09 12:13:11,501 - ERROR - Unexpected error: 'NoneType' object cannot be interpreted as an integer
2025-07-09 12:13:12,377 - ERROR - Unexpected error: 'NoneType' object cannot be interpreted as an integer
2025-07-09 12:13:25,122 - ERROR - Unexpected error: 'NoneType' object cannot be interpreted as an integer
2025-07-09 12:13:28,470 - ERROR - Unexpected error: 'NoneType' object cannot be interpreted as an integer
2025-07-09 12:13:32,400 - ERROR - Unexpected error: 'NoneType' object cannot be interpreted as an integer
2025-07-09 12:13:46,618 - ERROR - Unexpected error: 'NoneType' object cannot be interpreted as an integer
2025-07-09 12:13:51,408 - ERROR - Unexpected error: 'NoneType' object cannot be interpreted as an integer
2025-07-09 12:13:55,445 - ERROR - Unexpected error: 'NoneType' object cannot be interpreted as an integer
2025-07-09 12:13:56,601 - ERROR - Unexpected error: 'NoneType' object cannot be interpreted as an integer
2025-07-09 12:14:16,703 - ERROR - Unexpected error: 'NoneType' object cannot be interpreted as an integer
2025-07-09 12:14:19,937 - ERROR - Unexpected error: 'NoneType' object cannot be interpreted as an integer
2025-07-09 12:14:24,016 - ERROR - Unexpected error: 'NoneType' object cannot be interpreted as an integer
2025-07-09 12:14:26,591 - ERROR - Unexpected error: 'NoneType' object cannot be interpreted as an integer
2025-07-09 12:14:28,965 - ERROR - Unexpected error: 'NoneType' object cannot be interpreted as an integer
2025-07-09 12:14:34,555 - ERROR - Unexpected error: 'NoneType' object cannot be interpreted as an integer
2025-07-09 12:14:40,260 - ERROR - Unexpected error: 'NoneType' object cannot be interpreted as an integer
2025-07-09 12:14:48,677 - ERROR - Unexpected error: 'NoneType' object cannot be interpreted as an integer
2025-07-09 12:14:48,972 - ERROR - Unexpected error: 'NoneType' object cannot be interpreted as an integer
2025-07-09 12:14:52,436 - ERROR - Unexpected error: 'NoneType' object cannot be interpreted as an integer
2025-07-09 12:14:59,048 - ERROR - Unexpected error: 'NoneType' object cannot be interpreted as an integer
2025-07-09 12:15:00,398 - ERROR - Unexpected error: 'NoneType' object cannot be interpreted as an integer
2025-07-09 12:15:06,242 - ERROR - Unexpected error: 'NoneType' object cannot be interpreted as an integer
2025-07-09 12:15:22,483 - ERROR - Unexpected error: 'NoneType' object cannot be interpreted as an integer
2025-07-09 12:15:39,648 - ERROR - Unexpected error: 'NoneType' object cannot be interpreted as an integer
2025-07-09 12:15:42,042 - ERROR - Unexpected error: 'NoneType' object cannot be interpreted as an integer
2025-07-09 12:15:55,256 - ERROR - Unexpected error: 'NoneType' object cannot be interpreted as an integer
2025-07-09 12:16:05,944 - ERROR - Unexpected error: 'NoneType' object cannot be interpreted as an integer
2025-07-09 12:16:06,717 - ERROR - Unexpected error: 'NoneType' object cannot be interpreted as an integer
2025-07-09 12:16:16,428 - ERROR - Unexpected error: 'NoneType' object cannot be interpreted as an integer
2025-07-09 12:16:18,749 - ERROR - Unexpected error: 'NoneType' object cannot be interpreted as an integer
2025-07-09 12:16:19,240 - ERROR - Unexpected error: 'NoneType' object cannot be interpreted as an integer
2025-07-09 12:16:28,219 - ERROR - Unexpected error: 'NoneType' object cannot be interpreted as an integer
2025-07-09 12:16:28,846 - ERROR - Unexpected error: 'NoneType' object cannot be interpreted as an integer
2025-07-09 12:16:35,400 - ERROR - Unexpected error: 'NoneType' object cannot be interpreted as an integer
2025-07-09 12:16:38,434 - ERROR - Unexpected error: 'NoneType' object cannot be interpreted as an integer
2025-07-09 12:16:48,099 - ERROR - Unexpected error: 'NoneType' object cannot be interpreted as an integer
2025-07-09 12:16:49,607 - ERROR - Unexpected error: 'NoneType' object cannot be interpreted as an integer
2025-07-09 12:17:06,263 - ERROR - Unexpected error: 'NoneType' object cannot be interpreted as an integer
2025-07-09 12:17:07,628 - ERROR - Unexpected error: 'NoneType' object cannot be interpreted as an integer
2025-07-09 12:17:29,286 - ERROR - Unexpected error: 'NoneType' object cannot be interpreted as an integer
2025-07-09 12:17:35,591 - ERROR - Unexpected error: 'NoneType' object cannot be interpreted as an integer
2025-07-09 12:17:44,788 - ERROR - Unexpected error: 'NoneType' object cannot be interpreted as an integer
2025-07-09 12:17:54,408 - ERROR - Unexpected error: 'NoneType' object cannot be interpreted as an integer
2025-07-09 12:17:54,705 - ERROR - Unexpected error: 'NoneType' object cannot be interpreted as an integer
2025-07-09 12:17:57,060 - ERROR - Unexpected error: 'NoneType' object cannot be interpreted as an integer
2025-07-09 12:18:10,386 - ERROR - Unexpected error: 'NoneType' object cannot be interpreted as an integer
2025-07-09 12:18:12,924 - ERROR - Unexpected error: 'NoneType' object cannot be interpreted as an integer
2025-07-09 12:18:15,435 - ERROR - Unexpected error: 'NoneType' object cannot be interpreted as an integer
2025-07-09 12:18:28,679 - ERROR - Unexpected error: 'NoneType' object cannot be interpreted as an integer
2025-07-09 12:18:29,630 - ERROR - Unexpected error: 'NoneType' object cannot be interpreted as an integer
2025-07-09 12:18:34,091 - ERROR - Unexpected error: 'NoneType' object cannot be interpreted as an integer
2025-07-09 12:18:35,910 - ERROR - Unexpected error: 'NoneType' object cannot be interpreted as an integer
2025-07-09 12:18:51,747 - ERROR - Unexpected error: 'NoneType' object cannot be interpreted as an integer
2025-07-09 12:19:04,698 - ERROR - Unexpected error: 'NoneType' object cannot be interpreted as an integer
2025-07-09 12:19:09,862 - ERROR - Unexpected error: 'NoneType' object cannot be interpreted as an integer
2025-07-09 12:19:28,752 - ERROR - Unexpected error: 'NoneType' object cannot be interpreted as an integer
2025-07-09 12:19:33,152 - ERROR - Unexpected error: 'NoneType' object cannot be interpreted as an integer
2025-07-09 12:19:38,933 - ERROR - Unexpected error: 'NoneType' object cannot be interpreted as an integer
2025-07-09 12:19:57,776 - ERROR - Unexpected error: 'NoneType' object cannot be interpreted as an integer
2025-07-09 12:20:04,898 - ERROR - Unexpected error: 'NoneType' object cannot be interpreted as an integer
2025-07-09 12:20:27,136 - INFO - Processed 14000 users so far
2025-07-09 12:20:32,913 - ERROR - Unexpected error: 'NoneType' object cannot be interpreted as an integer
2025-07-09 12:20:33,661 - ERROR - Unexpected error: 'NoneType' object cannot be interpreted as an integer
2025-07-09 12:20:34,136 - ERROR - Unexpected error: 'NoneType' object cannot be interpreted as an integer
2025-07-09 12:20:43,113 - ERROR - Unexpected error: 'NoneType' object cannot be interpreted as an integer
2025-07-09 12:20:43,649 - ERROR - Unexpected error: 'NoneType' object cannot be interpreted as an integer
2025-07-09 12:20:46,910 - ERROR - Unexpected error: 'NoneType' object cannot be interpreted as an integer
2025-07-09 12:20:51,581 - ERROR - Unexpected error: 'NoneType' object cannot be interpreted as an integer
2025-07-09 12:20:52,088 - ERROR - Unexpected error: 'NoneType' object cannot be interpreted as an integer
2025-07-09 12:20:55,153 - ERROR - Unexpected error: 'NoneType' object cannot be interpreted as an integer
2025-07-09 12:21:00,208 - ERROR - Unexpected error: 'NoneType' object cannot be interpreted as an integer
2025-07-09 12:21:02,050 - ERROR - Unexpected error: 'NoneType' object cannot be interpreted as an integer
2025-07-09 12:21:02,223 - ERROR - Unexpected error: 'NoneType' object cannot be interpreted as an integer
2025-07-09 12:21:03,738 - ERROR - Unexpected error: 'NoneType' object cannot be interpreted as an integer
2025-07-09 12:21:06,368 - ERROR - Unexpected error: 'NoneType' object cannot be interpreted as an integer
2025-07-09 12:21:12,484 - ERROR - Unexpected error: 'NoneType' object cannot be interpreted as an integer
2025-07-09 12:21:16,647 - ERROR - Unexpected error: 'NoneType' object cannot be interpreted as an integer
2025-07-09 12:21:22,364 - ERROR - Unexpected error: 'NoneType' object cannot be interpreted as an integer
2025-07-09 12:21:25,922 - ERROR - Unexpected error: 'NoneType' object cannot be interpreted as an integer
2025-07-09 12:21:27,494 - ERROR - Unexpected error: 'NoneType' object cannot be interpreted as an integer
2025-07-09 12:21:30,210 - ERROR - Unexpected error: 'NoneType' object cannot be interpreted as an integer
2025-07-09 12:21:48,362 - ERROR - Unexpected error: 'NoneType' object cannot be interpreted as an integer
2025-07-09 12:21:49,342 - ERROR - Unexpected error: 'NoneType' object cannot be interpreted as an integer
2025-07-09 12:21:50,960 - ERROR - Unexpected error: 'NoneType' object cannot be interpreted as an integer
2025-07-09 12:21:51,800 - ERROR - Unexpected error: 'NoneType' object cannot be interpreted as an integer
2025-07-09 12:21:52,609 - ERROR - Unexpected error: 'NoneType' object cannot be interpreted as an integer
2025-07-09 12:22:16,682 - ERROR - Unexpected error: 'NoneType' object cannot be interpreted as an integer
2025-07-09 12:22:19,418 - ERROR - Unexpected error: 'NoneType' object cannot be interpreted as an integer
2025-07-09 12:22:20,086 - ERROR - Unexpected error: 'NoneType' object cannot be interpreted as an integer
2025-07-09 12:22:23,252 - ERROR - Unexpected error: 'NoneType' object cannot be interpreted as an integer
2025-07-09 12:22:25,526 - ERROR - Unexpected error: 'NoneType' object cannot be interpreted as an integer
2025-07-09 12:22:25,724 - ERROR - Unexpected error: 'NoneType' object cannot be interpreted as an integer
2025-07-09 12:22:27,986 - ERROR - Unexpected error: 'NoneType' object cannot be interpreted as an integer
2025-07-09 12:22:28,608 - ERROR - Unexpected error: 'NoneType' object cannot be interpreted as an integer
2025-07-09 12:22:35,630 - ERROR - Unexpected error: 'NoneType' object cannot be interpreted as an integer
2025-07-09 12:22:46,300 - ERROR - Unexpected error: 'NoneType' object cannot be interpreted as an integer
2025-07-09 12:22:47,186 - ERROR - Unexpected error: 'NoneType' object cannot be interpreted as an integer
2025-07-09 12:22:51,136 - ERROR - Unexpected error: 'NoneType' object cannot be interpreted as an integer
2025-07-09 12:22:51,631 - ERROR - Unexpected error: 'NoneType' object cannot be interpreted as an integer
2025-07-09 12:22:54,930 - ERROR - Unexpected error: 'NoneType' object cannot be interpreted as an integer
2025-07-09 12:22:57,307 - ERROR - Unexpected error: 'NoneType' object cannot be interpreted as an integer
2025-07-09 12:23:25,831 - ERROR - Unexpected error: 'NoneType' object cannot be interpreted as an integer
2025-07-09 12:23:28,847 - ERROR - Unexpected error: 'NoneType' object cannot be interpreted as an integer
2025-07-09 12:23:29,010 - ERROR - Unexpected error: 'NoneType' object cannot be interpreted as an integer
2025-07-09 12:23:30,462 - ERROR - Unexpected error: 'NoneType' object cannot be interpreted as an integer
2025-07-09 12:23:32,386 - ERROR - Unexpected error: 'NoneType' object cannot be interpreted as an integer
2025-07-09 12:23:33,658 - ERROR - Unexpected error: 'NoneType' object cannot be interpreted as an integer
2025-07-09 12:23:35,180 - ERROR - Unexpected error: 'NoneType' object cannot be interpreted as an integer
2025-07-09 12:23:48,994 - ERROR - Unexpected error: 'NoneType' object cannot be interpreted as an integer
2025-07-09 12:23:52,850 - ERROR - Unexpected error: 'NoneType' object cannot be interpreted as an integer
2025-07-09 12:23:55,041 - ERROR - Unexpected error: 'NoneType' object cannot be interpreted as an integer
2025-07-09 12:23:55,524 - ERROR - Unexpected error: 'NoneType' object cannot be interpreted as an integer
2025-07-09 12:23:55,690 - ERROR - Unexpected error: 'NoneType' object cannot be interpreted as an integer
2025-07-09 12:24:06,654 - ERROR - Unexpected error: 'NoneType' object cannot be interpreted as an integer
2025-07-09 12:24:18,255 - ERROR - Unexpected error: 'NoneType' object cannot be interpreted as an integer
2025-07-09 12:24:25,449 - ERROR - Unexpected error: 'NoneType' object cannot be interpreted as an integer
2025-07-09 12:24:25,617 - ERROR - Unexpected error: 'NoneType' object cannot be interpreted as an integer
2025-07-09 12:24:29,215 - ERROR - Unexpected error: 'NoneType' object cannot be interpreted as an integer
2025-07-09 12:24:33,400 - ERROR - Unexpected error: 'NoneType' object cannot be interpreted as an integer
2025-07-09 12:24:35,194 - ERROR - Unexpected error: 'NoneType' object cannot be interpreted as an integer
2025-07-09 12:24:43,506 - ERROR - Unexpected error: 'NoneType' object cannot be interpreted as an integer
2025-07-09 12:24:47,034 - ERROR - Unexpected error: 'NoneType' object cannot be interpreted as an integer
2025-07-09 12:24:48,805 - ERROR - Unexpected error: 'NoneType' object cannot be interpreted as an integer
2025-07-09 12:24:59,737 - ERROR - Unexpected error: 'NoneType' object cannot be interpreted as an integer
2025-07-09 12:25:03,804 - ERROR - Unexpected error: 'NoneType' object cannot be interpreted as an integer
2025-07-09 12:25:14,570 - ERROR - Unexpected error: 'NoneType' object cannot be interpreted as an integer
2025-07-09 12:25:21,765 - ERROR - Unexpected error: 'NoneType' object cannot be interpreted as an integer
2025-07-09 12:25:23,701 - ERROR - Unexpected error: 'NoneType' object cannot be interpreted as an integer
2025-07-09 12:25:27,771 - ERROR - Unexpected error: 'NoneType' object cannot be interpreted as an integer
2025-07-09 12:25:31,974 - ERROR - Unexpected error: 'NoneType' object cannot be interpreted as an integer
2025-07-09 12:25:37,482 - ERROR - Unexpected error: 'NoneType' object cannot be interpreted as an integer
2025-07-09 12:25:39,019 - ERROR - Unexpected error: 'NoneType' object cannot be interpreted as an integer
2025-07-09 12:25:44,296 - ERROR - Unexpected error: 'NoneType' object cannot be interpreted as an integer
2025-07-09 12:25:47,509 - ERROR - Unexpected error: 'NoneType' object cannot be interpreted as an integer
2025-07-09 12:25:47,685 - ERROR - Unexpected error: 'NoneType' object cannot be interpreted as an integer
2025-07-09 12:25:50,374 - ERROR - Unexpected error: 'NoneType' object cannot be interpreted as an integer
2025-07-09 12:25:51,771 - ERROR - Unexpected error: 'NoneType' object cannot be interpreted as an integer
2025-07-09 12:26:08,957 - ERROR - Unexpected error: 'NoneType' object cannot be interpreted as an integer
2025-07-09 12:26:09,843 - ERROR - Unexpected error: 'NoneType' object cannot be interpreted as an integer
2025-07-09 12:26:13,698 - ERROR - Unexpected error: 'NoneType' object cannot be interpreted as an integer
2025-07-09 12:26:14,674 - ERROR - Unexpected error: 'NoneType' object cannot be interpreted as an integer
2025-07-09 12:26:15,689 - ERROR - Unexpected error: 'NoneType' object cannot be interpreted as an integer
2025-07-09 12:26:17,434 - ERROR - Unexpected error: 'NoneType' object cannot be interpreted as an integer
2025-07-09 12:26:22,016 - ERROR - Unexpected error: 'NoneType' object cannot be interpreted as an integer
2025-07-09 12:26:30,239 - ERROR - Unexpected error: 'NoneType' object cannot be interpreted as an integer
2025-07-09 12:26:31,788 - ERROR - Unexpected error: 'NoneType' object cannot be interpreted as an integer
2025-07-09 12:26:35,307 - ERROR - Unexpected error: 'NoneType' object cannot be interpreted as an integer
2025-07-09 12:26:48,642 - ERROR - Unexpected error: 'NoneType' object cannot be interpreted as an integer
2025-07-09 12:26:50,392 - ERROR - Unexpected error: 'NoneType' object cannot be interpreted as an integer
2025-07-09 12:26:57,272 - ERROR - Unexpected error: 'NoneType' object cannot be interpreted as an integer
2025-07-09 12:26:58,700 - ERROR - Unexpected error: 'NoneType' object cannot be interpreted as an integer
2025-07-09 12:29:06,288 - ERROR - Unexpected error: 'NoneType' object cannot be interpreted as an integer
2025-07-09 12:29:08,730 - ERROR - Unexpected error: 'NoneType' object cannot be interpreted as an integer
2025-07-09 12:29:34,883 - ERROR - Unexpected error: 'NoneType' object cannot be interpreted as an integer
2025-07-09 12:29:53,036 - ERROR - Unexpected error: 'NoneType' object cannot be interpreted as an integer
2025-07-09 12:29:53,378 - ERROR - Unexpected error: 'NoneType' object cannot be interpreted as an integer
2025-07-09 12:29:56,881 - ERROR - Unexpected error: 'NoneType' object cannot be interpreted as an integer
2025-07-09 12:30:12,358 - ERROR - Unexpected error: 'NoneType' object cannot be interpreted as an integer
2025-07-09 12:30:13,908 - ERROR - Unexpected error: 'NoneType' object cannot be interpreted as an integer
2025-07-09 12:30:23,784 - ERROR - Unexpected error: 'NoneType' object cannot be interpreted as an integer
2025-07-09 12:30:23,956 - ERROR - Unexpected error: 'NoneType' object cannot be interpreted as an integer
2025-07-09 12:30:26,085 - ERROR - Unexpected error: 'NoneType' object cannot be interpreted as an integer
2025-07-09 12:30:28,820 - ERROR - Unexpected error: 'NoneType' object cannot be interpreted as an integer
2025-07-09 12:30:28,986 - ERROR - Unexpected error: 'NoneType' object cannot be interpreted as an integer
2025-07-09 12:30:32,377 - ERROR - Unexpected error: 'NoneType' object cannot be interpreted as an integer
2025-07-09 12:30:37,894 - ERROR - Unexpected error: 'NoneType' object cannot be interpreted as an integer
2025-07-09 12:30:41,463 - ERROR - Unexpected error: 'NoneType' object cannot be interpreted as an integer
2025-07-09 12:30:42,372 - ERROR - Unexpected error: 'NoneType' object cannot be interpreted as an integer
2025-07-09 12:30:42,834 - ERROR - Unexpected error: 'NoneType' object cannot be interpreted as an integer
2025-07-09 12:30:56,646 - ERROR - Unexpected error: 'NoneType' object cannot be interpreted as an integer
2025-07-09 12:30:57,522 - ERROR - Unexpected error: 'NoneType' object cannot be interpreted as an integer
2025-07-09 12:31:05,384 - ERROR - Unexpected error: 'NoneType' object cannot be interpreted as an integer
2025-07-09 12:31:05,679 - ERROR - Unexpected error: 'NoneType' object cannot be interpreted as an integer
2025-07-09 12:31:08,488 - ERROR - Unexpected error: 'NoneType' object cannot be interpreted as an integer
2025-07-09 12:31:09,266 - ERROR - Unexpected error: 'NoneType' object cannot be interpreted as an integer
2025-07-09 12:31:10,934 - ERROR - Unexpected error: 'NoneType' object cannot be interpreted as an integer
2025-07-09 12:31:14,904 - ERROR - Unexpected error: 'NoneType' object cannot be interpreted as an integer
2025-07-09 12:31:16,009 - ERROR - Unexpected error: 'NoneType' object cannot be interpreted as an integer
2025-07-09 12:31:18,716 - ERROR - Unexpected error: 'NoneType' object cannot be interpreted as an integer
2025-07-09 12:31:19,310 - ERROR - Unexpected error: 'NoneType' object cannot be interpreted as an integer
2025-07-09 12:31:19,962 - ERROR - Unexpected error: 'NoneType' object cannot be interpreted as an integer
2025-07-09 12:31:27,212 - ERROR - Unexpected error: 'NoneType' object cannot be interpreted as an integer
2025-07-09 12:31:35,393 - ERROR - Unexpected error: 'NoneType' object cannot be interpreted as an integer
2025-07-09 12:31:47,185 - ERROR - Unexpected error: 'NoneType' object cannot be interpreted as an integer
2025-07-09 12:31:51,672 - ERROR - Unexpected error: 'NoneType' object cannot be interpreted as an integer
2025-07-09 12:32:07,553 - ERROR - Unexpected error: 'NoneType' object cannot be interpreted as an integer
2025-07-09 12:32:10,099 - ERROR - Unexpected error: 'NoneType' object cannot be interpreted as an integer
2025-07-09 12:32:10,266 - ERROR - Unexpected error: 'NoneType' object cannot be interpreted as an integer
2025-07-09 12:32:12,501 - ERROR - Unexpected error: 'NoneType' object cannot be interpreted as an integer
2025-07-09 12:32:18,755 - ERROR - Unexpected error: 'NoneType' object cannot be interpreted as an integer
2025-07-09 12:32:23,982 - ERROR - Unexpected error: 'NoneType' object cannot be interpreted as an integer
2025-07-09 12:32:25,725 - ERROR - Unexpected error: 'NoneType' object cannot be interpreted as an integer
2025-07-09 12:32:27,261 - INFO - Processed 16000 users so far
2025-07-09 12:32:39,682 - ERROR - Unexpected error: 'NoneType' object cannot be interpreted as an integer
2025-07-09 12:32:44,172 - ERROR - Unexpected error: 'NoneType' object cannot be interpreted as an integer
2025-07-09 12:32:45,867 - ERROR - Unexpected error: 'NoneType' object cannot be interpreted as an integer
2025-07-09 12:32:53,815 - ERROR - Unexpected error: 'NoneType' object cannot be interpreted as an integer
2025-07-09 12:32:54,284 - ERROR - Unexpected error: 'NoneType' object cannot be interpreted as an integer
2025-07-09 12:33:05,960 - ERROR - Unexpected error: 'NoneType' object cannot be interpreted as an integer
2025-07-09 12:33:14,578 - ERROR - Unexpected error: 'NoneType' object cannot be interpreted as an integer
2025-07-09 12:33:22,093 - ERROR - Unexpected error: 'NoneType' object cannot be interpreted as an integer
2025-07-09 12:33:24,242 - ERROR - Unexpected error: 'NoneType' object cannot be interpreted as an integer
2025-07-09 12:33:25,632 - ERROR - Unexpected error: 'NoneType' object cannot be interpreted as an integer
2025-07-09 12:33:27,412 - ERROR - Unexpected error: 'NoneType' object cannot be interpreted as an integer
2025-07-09 12:33:28,872 - ERROR - Unexpected error: 'NoneType' object cannot be interpreted as an integer
2025-07-09 12:33:38,258 - ERROR - Unexpected error: 'NoneType' object cannot be interpreted as an integer
2025-07-09 12:33:38,890 - ERROR - Unexpected error: 'NoneType' object cannot be interpreted as an integer
2025-07-09 12:33:43,989 - ERROR - Unexpected error: 'NoneType' object cannot be interpreted as an integer
2025-07-09 12:34:01,167 - ERROR - Unexpected error: 'NoneType' object cannot be interpreted as an integer
2025-07-09 12:34:21,240 - ERROR - Unexpected error: 'NoneType' object cannot be interpreted as an integer
2025-07-09 12:34:23,122 - ERROR - Unexpected error: 'NoneType' object cannot be interpreted as an integer
2025-07-09 12:34:39,745 - ERROR - Unexpected error: 'NoneType' object cannot be interpreted as an integer
2025-07-09 12:34:48,061 - ERROR - Unexpected error: 'NoneType' object cannot be interpreted as an integer
2025-07-09 12:34:52,375 - ERROR - Unexpected error: 'NoneType' object cannot be interpreted as an integer
2025-07-09 12:34:52,542 - ERROR - Unexpected error: 'NoneType' object cannot be interpreted as an integer
2025-07-09 12:34:53,867 - ERROR - Unexpected error: 'NoneType' object cannot be interpreted as an integer
2025-07-09 12:34:54,792 - ERROR - Unexpected error: 'NoneType' object cannot be interpreted as an integer
2025-07-09 12:34:58,053 - ERROR - Unexpected error: 'NoneType' object cannot be interpreted as an integer
2025-07-09 12:34:58,505 - ERROR - Unexpected error: 'NoneType' object cannot be interpreted as an integer
2025-07-09 12:35:00,257 - ERROR - Unexpected error: 'NoneType' object cannot be interpreted as an integer
2025-07-09 12:35:10,263 - ERROR - Unexpected error: 'NoneType' object cannot be interpreted as an integer
2025-07-09 12:35:19,214 - ERROR - Unexpected error: 'NoneType' object cannot be interpreted as an integer
2025-07-09 12:35:28,885 - ERROR - Unexpected error: 'NoneType' object cannot be interpreted as an integer
2025-07-09 12:35:30,955 - ERROR - Unexpected error: 'NoneType' object cannot be interpreted as an integer
2025-07-09 12:35:33,918 - ERROR - Unexpected error: 'NoneType' object cannot be interpreted as an integer
2025-07-09 12:35:37,466 - ERROR - Unexpected error: 'NoneType' object cannot be interpreted as an integer
2025-07-09 12:35:49,113 - ERROR - Unexpected error: 'NoneType' object cannot be interpreted as an integer
2025-07-09 12:35:58,007 - ERROR - Unexpected error: 'NoneType' object cannot be interpreted as an integer
2025-07-09 12:36:12,750 - ERROR - Unexpected error: 'NoneType' object cannot be interpreted as an integer
2025-07-09 12:36:14,321 - ERROR - Unexpected error: 'NoneType' object cannot be interpreted as an integer
2025-07-09 12:36:15,849 - ERROR - Unexpected error: 'NoneType' object cannot be interpreted as an integer
2025-07-09 12:36:22,737 - ERROR - Unexpected error: 'NoneType' object cannot be interpreted as an integer
2025-07-09 12:36:33,821 - ERROR - Unexpected error: 'NoneType' object cannot be interpreted as an integer
2025-07-09 12:36:38,389 - ERROR - Unexpected error: 'NoneType' object cannot be interpreted as an integer
2025-07-09 12:36:39,013 - ERROR - Unexpected error: 'NoneType' object cannot be interpreted as an integer
2025-07-09 12:36:43,225 - ERROR - Unexpected error: 'NoneType' object cannot be interpreted as an integer
2025-07-09 12:36:55,312 - ERROR - Unexpected error: 'NoneType' object cannot be interpreted as an integer
2025-07-09 12:36:58,722 - ERROR - Unexpected error: 'NoneType' object cannot be interpreted as an integer
2025-07-09 12:37:00,958 - ERROR - Unexpected error: 'NoneType' object cannot be interpreted as an integer
2025-07-09 12:37:01,751 - ERROR - Unexpected error: 'NoneType' object cannot be interpreted as an integer
2025-07-09 12:37:14,225 - ERROR - Unexpected error: 'NoneType' object cannot be interpreted as an integer
2025-07-09 12:37:14,836 - ERROR - Unexpected error: 'NoneType' object cannot be interpreted as an integer
2025-07-09 12:37:15,185 - ERROR - Unexpected error: 'NoneType' object cannot be interpreted as an integer
2025-07-09 12:37:20,151 - ERROR - Unexpected error: 'NoneType' object cannot be interpreted as an integer
2025-07-09 12:37:21,273 - ERROR - Unexpected error: 'NoneType' object cannot be interpreted as an integer
2025-07-09 12:37:21,448 - ERROR - Unexpected error: 'NoneType' object cannot be interpreted as an integer
2025-07-09 12:37:21,778 - ERROR - Unexpected error: 'NoneType' object cannot be interpreted as an integer
2025-07-09 12:37:22,606 - ERROR - Unexpected error: 'NoneType' object cannot be interpreted as an integer
2025-07-09 12:37:32,945 - ERROR - Unexpected error: 'NoneType' object cannot be interpreted as an integer
2025-07-09 12:37:35,364 - ERROR - Unexpected error: 'NoneType' object cannot be interpreted as an integer
2025-07-09 12:37:42,866 - ERROR - Unexpected error: 'NoneType' object cannot be interpreted as an integer
2025-07-09 12:37:50,435 - ERROR - Unexpected error: 'NoneType' object cannot be interpreted as an integer
2025-07-09 12:37:55,516 - ERROR - Unexpected error: 'NoneType' object cannot be interpreted as an integer
2025-07-09 12:37:58,034 - ERROR - Unexpected error: 'NoneType' object cannot be interpreted as an integer
2025-07-09 12:38:04,899 - ERROR - Unexpected error: 'NoneType' object cannot be interpreted as an integer
2025-07-09 12:38:05,970 - ERROR - Unexpected error: 'NoneType' object cannot be interpreted as an integer
2025-07-09 12:38:07,861 - ERROR - Unexpected error: 'NoneType' object cannot be interpreted as an integer
2025-07-09 12:38:09,519 - ERROR - Unexpected error: 'NoneType' object cannot be interpreted as an integer
2025-07-09 12:38:13,338 - ERROR - Unexpected error: 'NoneType' object cannot be interpreted as an integer
2025-07-09 12:38:14,290 - ERROR - Unexpected error: 'NoneType' object cannot be interpreted as an integer
2025-07-09 12:38:20,767 - ERROR - Unexpected error: 'NoneType' object cannot be interpreted as an integer
2025-07-09 12:38:25,640 - ERROR - Unexpected error: 'NoneType' object cannot be interpreted as an integer
2025-07-09 12:38:26,134 - ERROR - Unexpected error: 'NoneType' object cannot be interpreted as an integer
2025-07-09 12:38:27,161 - ERROR - Unexpected error: 'NoneType' object cannot be interpreted as an integer
2025-07-09 12:38:29,041 - ERROR - Unexpected error: 'NoneType' object cannot be interpreted as an integer
2025-07-09 12:38:31,639 - ERROR - Unexpected error: 'NoneType' object cannot be interpreted as an integer
2025-07-09 12:38:42,525 - ERROR - Unexpected error: 'NoneType' object cannot be interpreted as an integer
2025-07-09 12:38:43,605 - ERROR - Unexpected error: 'NoneType' object cannot be interpreted as an integer
2025-07-09 12:38:57,705 - ERROR - Unexpected error: 'NoneType' object cannot be interpreted as an integer
2025-07-09 12:39:02,204 - ERROR - Unexpected error: 'NoneType' object cannot be interpreted as an integer
2025-07-09 12:39:07,159 - ERROR - Unexpected error: 'NoneType' object cannot be interpreted as an integer
2025-07-09 12:39:09,163 - ERROR - Unexpected error: 'NoneType' object cannot be interpreted as an integer
2025-07-09 12:39:10,805 - ERROR - Unexpected error: 'NoneType' object cannot be interpreted as an integer
2025-07-09 12:39:16,251 - ERROR - Unexpected error: 'NoneType' object cannot be interpreted as an integer
2025-07-09 12:39:33,149 - ERROR - Unexpected error: 'NoneType' object cannot be interpreted as an integer
2025-07-09 12:39:36,434 - ERROR - Unexpected error: 'NoneType' object cannot be interpreted as an integer
2025-07-09 12:39:38,190 - ERROR - Unexpected error: 'NoneType' object cannot be interpreted as an integer
2025-07-09 12:39:45,558 - ERROR - Unexpected error: 'NoneType' object cannot be interpreted as an integer
2025-07-09 12:39:48,534 - ERROR - Unexpected error: 'NoneType' object cannot be interpreted as an integer
2025-07-09 12:39:50,597 - ERROR - Unexpected error: 'NoneType' object cannot be interpreted as an integer
2025-07-09 12:39:56,163 - ERROR - Unexpected error: 'NoneType' object cannot be interpreted as an integer
2025-07-09 12:39:56,494 - ERROR - Unexpected error: 'NoneType' object cannot be interpreted as an integer
2025-07-09 12:40:01,836 - ERROR - Unexpected error: 'NoneType' object cannot be interpreted as an integer
2025-07-09 12:40:02,273 - ERROR - Unexpected error: 'NoneType' object cannot be interpreted as an integer
2025-07-09 12:40:10,138 - ERROR - Unexpected error: 'NoneType' object cannot be interpreted as an integer
2025-07-09 12:40:14,408 - ERROR - Unexpected error: 'NoneType' object cannot be interpreted as an integer
2025-07-09 12:40:37,937 - ERROR - Unexpected error: 'NoneType' object cannot be interpreted as an integer
2025-07-09 12:40:39,251 - ERROR - Unexpected error: 'NoneType' object cannot be interpreted as an integer
2025-07-09 12:40:43,662 - ERROR - Unexpected error: 'NoneType' object cannot be interpreted as an integer
2025-07-09 12:40:55,441 - ERROR - Unexpected error: 'NoneType' object cannot be interpreted as an integer
2025-07-09 12:40:55,754 - ERROR - Unexpected error: 'NoneType' object cannot be interpreted as an integer
2025-07-09 12:41:08,222 - ERROR - Unexpected error: 'NoneType' object cannot be interpreted as an integer
2025-07-09 12:41:08,389 - ERROR - Unexpected error: 'NoneType' object cannot be interpreted as an integer
2025-07-09 12:41:12,997 - ERROR - Unexpected error: 'NoneType' object cannot be interpreted as an integer
2025-07-09 12:41:17,422 - ERROR - Unexpected error: 'NoneType' object cannot be interpreted as an integer
2025-07-09 12:41:25,106 - ERROR - Unexpected error: 'NoneType' object cannot be interpreted as an integer
2025-07-09 12:41:28,315 - ERROR - Unexpected error: 'NoneType' object cannot be interpreted as an integer
2025-07-09 12:41:28,937 - ERROR - Unexpected error: 'NoneType' object cannot be interpreted as an integer
2025-07-09 12:41:37,099 - ERROR - Unexpected error: 'NoneType' object cannot be interpreted as an integer
2025-07-09 12:41:42,006 - ERROR - Unexpected error: 'NoneType' object cannot be interpreted as an integer
2025-07-09 12:41:44,049 - ERROR - Unexpected error: 'NoneType' object cannot be interpreted as an integer
2025-07-09 12:41:56,905 - ERROR - Unexpected error: 'NoneType' object cannot be interpreted as an integer
2025-07-09 12:41:58,527 - ERROR - Unexpected error: 'NoneType' object cannot be interpreted as an integer
2025-07-09 12:41:58,816 - ERROR - Unexpected error: 'NoneType' object cannot be interpreted as an integer
2025-07-09 12:41:59,757 - ERROR - Unexpected error: 'NoneType' object cannot be interpreted as an integer
2025-07-09 12:42:02,850 - ERROR - Unexpected error: 'NoneType' object cannot be interpreted as an integer
2025-07-09 12:42:03,816 - ERROR - Unexpected error: 'NoneType' object cannot be interpreted as an integer
2025-07-09 12:42:09,665 - ERROR - Unexpected error: 'NoneType' object cannot be interpreted as an integer
2025-07-09 12:42:16,692 - ERROR - Unexpected error: 'NoneType' object cannot be interpreted as an integer
2025-07-09 12:42:27,657 - ERROR - Unexpected error: 'NoneType' object cannot be interpreted as an integer
2025-07-09 12:42:27,955 - ERROR - Unexpected error: 'NoneType' object cannot be interpreted as an integer
2025-07-09 12:42:34,161 - ERROR - Unexpected error: 'NoneType' object cannot be interpreted as an integer
2025-07-09 12:42:35,598 - INFO - Processed 18000 users so far
2025-07-09 12:42:46,722 - ERROR - Unexpected error: 'NoneType' object cannot be interpreted as an integer
2025-07-09 12:42:48,436 - ERROR - Unexpected error: 'NoneType' object cannot be interpreted as an integer
2025-07-09 12:43:07,618 - ERROR - Unexpected error: 'NoneType' object cannot be interpreted as an integer
2025-07-09 12:43:15,345 - ERROR - Unexpected error: 'NoneType' object cannot be interpreted as an integer
2025-07-09 12:43:17,768 - ERROR - Unexpected error: 'NoneType' object cannot be interpreted as an integer
2025-07-09 12:43:42,088 - ERROR - Unexpected error: 'NoneType' object cannot be interpreted as an integer
2025-07-09 12:43:45,063 - ERROR - Unexpected error: 'NoneType' object cannot be interpreted as an integer
2025-07-09 12:43:51,494 - ERROR - Unexpected error: 'NoneType' object cannot be interpreted as an integer
2025-07-09 12:43:59,356 - ERROR - Unexpected error: 'NoneType' object cannot be interpreted as an integer
2025-07-09 12:44:05,238 - ERROR - Unexpected error: 'NoneType' object cannot be interpreted as an integer
2025-07-09 12:44:27,974 - ERROR - Unexpected error: 'NoneType' object cannot be interpreted as an integer
2025-07-09 12:44:45,909 - ERROR - Unexpected error: 'NoneType' object cannot be interpreted as an integer
2025-07-09 12:44:59,173 - ERROR - Unexpected error: 'NoneType' object cannot be interpreted as an integer
2025-07-09 12:45:09,125 - ERROR - Unexpected error: 'NoneType' object cannot be interpreted as an integer
2025-07-09 12:45:18,280 - ERROR - Unexpected error: 'NoneType' object cannot be interpreted as an integer
2025-07-09 12:45:27,251 - ERROR - Unexpected error: 'NoneType' object cannot be interpreted as an integer
2025-07-09 12:45:37,962 - ERROR - Unexpected error: 'NoneType' object cannot be interpreted as an integer
2025-07-09 12:45:46,731 - ERROR - Unexpected error: 'NoneType' object cannot be interpreted as an integer
2025-07-09 12:45:52,357 - ERROR - Unexpected error: 'NoneType' object cannot be interpreted as an integer
2025-07-09 12:46:02,405 - ERROR - Unexpected error: 'NoneType' object cannot be interpreted as an integer
2025-07-09 12:46:04,655 - ERROR - Unexpected error: 'NoneType' object cannot be interpreted as an integer
2025-07-09 12:46:04,835 - ERROR - Unexpected error: 'NoneType' object cannot be interpreted as an integer
2025-07-09 12:46:11,717 - ERROR - Unexpected error: 'NoneType' object cannot be interpreted as an integer
2025-07-09 12:46:12,596 - ERROR - Unexpected error: 'NoneType' object cannot be interpreted as an integer
2025-07-09 12:46:18,703 - ERROR - Unexpected error: 'NoneType' object cannot be interpreted as an integer
2025-07-09 12:46:19,654 - ERROR - Unexpected error: 'NoneType' object cannot be interpreted as an integer
2025-07-09 12:46:24,793 - ERROR - Unexpected error: 'NoneType' object cannot be interpreted as an integer
2025-07-09 12:46:31,171 - ERROR - Unexpected error: 'NoneType' object cannot be interpreted as an integer
2025-07-09 12:46:40,586 - ERROR - Unexpected error: 'NoneType' object cannot be interpreted as an integer
2025-07-09 12:46:49,693 - ERROR - Unexpected error: 'NoneType' object cannot be interpreted as an integer
2025-07-09 12:46:51,399 - ERROR - Unexpected error: 'NoneType' object cannot be interpreted as an integer
2025-07-09 12:46:53,337 - ERROR - Unexpected error: 'NoneType' object cannot be interpreted as an integer
2025-07-09 12:47:01,577 - ERROR - Unexpected error: 'NoneType' object cannot be interpreted as an integer
2025-07-09 12:47:29,189 - ERROR - Unexpected error: 'NoneType' object cannot be interpreted as an integer
2025-07-09 12:47:35,297 - ERROR - Unexpected error: 'NoneType' object cannot be interpreted as an integer
2025-07-09 12:47:40,335 - ERROR - Unexpected error: 'NoneType' object cannot be interpreted as an integer
2025-07-09 12:47:52,294 - ERROR - Unexpected error: 'NoneType' object cannot be interpreted as an integer
2025-07-09 12:48:06,795 - ERROR - Unexpected error: 'NoneType' object cannot be interpreted as an integer
2025-07-09 12:48:11,369 - ERROR - Unexpected error: 'NoneType' object cannot be interpreted as an integer
2025-07-09 12:48:16,802 - ERROR - Unexpected error: 'NoneType' object cannot be interpreted as an integer
2025-07-09 12:48:23,215 - ERROR - Unexpected error: 'NoneType' object cannot be interpreted as an integer
2025-07-09 12:48:32,772 - ERROR - Unexpected error: 'NoneType' object cannot be interpreted as an integer
2025-07-09 12:48:37,254 - ERROR - Unexpected error: 'NoneType' object cannot be interpreted as an integer
2025-07-09 12:48:41,644 - ERROR - Unexpected error: 'NoneType' object cannot be interpreted as an integer
2025-07-09 12:48:41,949 - ERROR - Unexpected error: 'NoneType' object cannot be interpreted as an integer
2025-07-09 12:48:42,389 - ERROR - Unexpected error: 'NoneType' object cannot be interpreted as an integer
2025-07-09 12:48:50,661 - ERROR - Unexpected error: 'NoneType' object cannot be interpreted as an integer
2025-07-09 12:48:54,675 - ERROR - Unexpected error: 'NoneType' object cannot be interpreted as an integer
2025-07-09 12:49:01,065 - ERROR - Unexpected error: 'NoneType' object cannot be interpreted as an integer
2025-07-09 12:49:12,714 - ERROR - Unexpected error: 'NoneType' object cannot be interpreted as an integer
2025-07-09 12:49:13,992 - ERROR - Unexpected error: 'NoneType' object cannot be interpreted as an integer
2025-07-09 12:49:14,319 - ERROR - Unexpected error: 'NoneType' object cannot be interpreted as an integer
2025-07-09 12:49:46,410 - ERROR - Unexpected error: 'NoneType' object cannot be interpreted as an integer
2025-07-09 12:49:47,471 - ERROR - Unexpected error: 'NoneType' object cannot be interpreted as an integer
2025-07-09 12:49:51,483 - ERROR - Unexpected error: 'NoneType' object cannot be interpreted as an integer
2025-07-09 12:49:54,359 - ERROR - Unexpected error: 'NoneType' object cannot be interpreted as an integer
2025-07-09 12:49:55,345 - ERROR - Unexpected error: 'NoneType' object cannot be interpreted as an integer
2025-07-09 12:49:58,056 - ERROR - Unexpected error: 'NoneType' object cannot be interpreted as an integer
2025-07-09 12:50:00,566 - ERROR - Unexpected error: 'NoneType' object cannot be interpreted as an integer
2025-07-09 12:50:00,911 - ERROR - Unexpected error: 'NoneType' object cannot be interpreted as an integer
2025-07-09 12:50:07,486 - ERROR - Unexpected error: 'NoneType' object cannot be interpreted as an integer
2025-07-09 12:50:11,952 - ERROR - Unexpected error: 'NoneType' object cannot be interpreted as an integer
2025-07-09 12:50:14,901 - ERROR - Unexpected error: 'NoneType' object cannot be interpreted as an integer
2025-07-09 12:50:19,332 - ERROR - Unexpected error: 'NoneType' object cannot be interpreted as an integer
2025-07-09 12:50:19,660 - ERROR - Unexpected error: 'NoneType' object cannot be interpreted as an integer
2025-07-09 12:50:34,036 - ERROR - Unexpected error: 'NoneType' object cannot be interpreted as an integer
2025-07-09 12:50:47,152 - ERROR - Unexpected error: 'NoneType' object cannot be interpreted as an integer
2025-07-09 12:50:47,789 - ERROR - Unexpected error: 'NoneType' object cannot be interpreted as an integer
2025-07-09 12:50:52,138 - ERROR - Unexpected error: 'NoneType' object cannot be interpreted as an integer
2025-07-09 12:51:03,637 - ERROR - Unexpected error: 'NoneType' object cannot be interpreted as an integer
2025-07-09 12:51:14,691 - ERROR - Unexpected error: 'NoneType' object cannot be interpreted as an integer
2025-07-09 12:51:20,882 - ERROR - Unexpected error: 'NoneType' object cannot be interpreted as an integer
2025-07-09 12:51:21,712 - ERROR - Unexpected error: 'NoneType' object cannot be interpreted as an integer
2025-07-09 12:51:22,192 - ERROR - Unexpected error: 'NoneType' object cannot be interpreted as an integer
2025-07-09 12:51:29,038 - ERROR - Unexpected error: 'NoneType' object cannot be interpreted as an integer
2025-07-09 12:51:33,359 - ERROR - Unexpected error: 'NoneType' object cannot be interpreted as an integer
2025-07-09 12:51:37,954 - ERROR - Unexpected error: 'NoneType' object cannot be interpreted as an integer
2025-07-09 12:51:46,438 - ERROR - Unexpected error: 'NoneType' object cannot be interpreted as an integer
2025-07-09 12:52:00,188 - ERROR - Unexpected error: 'NoneType' object cannot be interpreted as an integer
2025-07-09 12:52:26,791 - ERROR - Unexpected error: 'NoneType' object cannot be interpreted as an integer
2025-07-09 12:52:27,540 - ERROR - Unexpected error: 'NoneType' object cannot be interpreted as an integer
2025-07-09 12:52:31,278 - ERROR - Unexpected error: 'NoneType' object cannot be interpreted as an integer
2025-07-09 12:52:44,753 - ERROR - Unexpected error: 'NoneType' object cannot be interpreted as an integer
2025-07-09 12:53:01,869 - ERROR - Unexpected error: 'NoneType' object cannot be interpreted as an integer
2025-07-09 12:53:07,031 - ERROR - Unexpected error: 'NoneType' object cannot be interpreted as an integer
2025-07-09 12:53:10,918 - ERROR - Unexpected error: 'NoneType' object cannot be interpreted as an integer
2025-07-09 12:53:12,489 - ERROR - Unexpected error: 'NoneType' object cannot be interpreted as an integer
2025-07-09 12:53:14,767 - ERROR - Unexpected error: 'NoneType' object cannot be interpreted as an integer
2025-07-09 12:53:15,237 - ERROR - Unexpected error: 'NoneType' object cannot be interpreted as an integer
2025-07-09 12:53:25,856 - ERROR - Unexpected error: 'NoneType' object cannot be interpreted as an integer
2025-07-09 12:53:30,391 - ERROR - Unexpected error: 'NoneType' object cannot be interpreted as an integer
2025-07-09 12:53:31,030 - ERROR - Unexpected error: 'NoneType' object cannot be interpreted as an integer
2025-07-09 12:53:31,321 - ERROR - Unexpected error: 'NoneType' object cannot be interpreted as an integer
2025-07-09 12:53:31,832 - ERROR - Unexpected error: 'NoneType' object cannot be interpreted as an integer
2025-07-09 12:53:38,674 - INFO - Processed 20000 users so far
2025-07-09 12:53:54,223 - ERROR - Unexpected error: 'NoneType' object cannot be interpreted as an integer
2025-07-09 12:54:03,634 - ERROR - Unexpected error: 'NoneType' object cannot be interpreted as an integer
2025-07-09 12:54:07,020 - ERROR - Unexpected error: 'NoneType' object cannot be interpreted as an integer
2025-07-09 12:54:15,060 - ERROR - Unexpected error: 'NoneType' object cannot be interpreted as an integer
2025-07-09 12:54:16,518 - ERROR - Unexpected error: 'NoneType' object cannot be interpreted as an integer
2025-07-09 12:54:20,748 - ERROR - Unexpected error: 'NoneType' object cannot be interpreted as an integer
2025-07-09 12:54:32,792 - ERROR - Unexpected error: 'NoneType' object cannot be interpreted as an integer
2025-07-09 12:54:42,519 - ERROR - Unexpected error: 'NoneType' object cannot be interpreted as an integer
2025-07-09 12:54:55,680 - ERROR - Unexpected error: 'NoneType' object cannot be interpreted as an integer
2025-07-09 12:54:57,228 - ERROR - Unexpected error: 'NoneType' object cannot be interpreted as an integer
2025-07-09 12:55:03,338 - ERROR - Unexpected error: 'NoneType' object cannot be interpreted as an integer
2025-07-09 12:55:06,688 - ERROR - Unexpected error: 'NoneType' object cannot be interpreted as an integer
2025-07-09 12:55:14,822 - ERROR - Unexpected error: 'NoneType' object cannot be interpreted as an integer
2025-07-09 12:55:16,200 - ERROR - Unexpected error: 'NoneType' object cannot be interpreted as an integer
2025-07-09 12:55:17,285 - ERROR - Unexpected error: 'NoneType' object cannot be interpreted as an integer
2025-07-09 12:55:22,071 - ERROR - Unexpected error: 'NoneType' object cannot be interpreted as an integer
2025-07-09 12:55:26,644 - ERROR - Unexpected error: 'NoneType' object cannot be interpreted as an integer
2025-07-09 12:55:30,211 - ERROR - Unexpected error: 'NoneType' object cannot be interpreted as an integer
2025-07-09 12:55:40,524 - ERROR - Unexpected error: 'NoneType' object cannot be interpreted as an integer
2025-07-09 12:55:45,259 - ERROR - Unexpected error: 'NoneType' object cannot be interpreted as an integer
2025-07-09 12:55:51,584 - ERROR - Unexpected error: 'NoneType' object cannot be interpreted as an integer
2025-07-09 12:56:30,732 - ERROR - Unexpected error: 'NoneType' object cannot be interpreted as an integer
2025-07-09 12:56:39,673 - ERROR - Unexpected error: 'NoneType' object cannot be interpreted as an integer
2025-07-09 12:56:58,165 - ERROR - Unexpected error: 'NoneType' object cannot be interpreted as an integer
2025-07-09 12:57:18,401 - ERROR - Unexpected error: 'NoneType' object cannot be interpreted as an integer
2025-07-09 12:57:21,092 - ERROR - Unexpected error: 'NoneType' object cannot be interpreted as an integer
2025-07-09 12:57:30,134 - ERROR - Unexpected error: 'NoneType' object cannot be interpreted as an integer
2025-07-09 12:57:33,214 - ERROR - Unexpected error: 'NoneType' object cannot be interpreted as an integer
2025-07-09 12:57:36,043 - ERROR - Unexpected error: 'NoneType' object cannot be interpreted as an integer
2025-07-09 12:57:44,595 - ERROR - Unexpected error: 'NoneType' object cannot be interpreted as an integer
2025-07-09 12:57:48,107 - ERROR - Unexpected error: 'NoneType' object cannot be interpreted as an integer
2025-07-09 12:57:56,256 - ERROR - Unexpected error: 'NoneType' object cannot be interpreted as an integer
2025-07-09 12:57:56,862 - ERROR - Unexpected error: 'NoneType' object cannot be interpreted as an integer
2025-07-09 12:58:19,158 - ERROR - Unexpected error: 'NoneType' object cannot be interpreted as an integer
2025-07-09 12:58:25,006 - ERROR - Unexpected error: 'NoneType' object cannot be interpreted as an integer
2025-07-09 12:58:38,189 - ERROR - Unexpected error: 'NoneType' object cannot be interpreted as an integer
2025-07-09 12:58:48,584 - ERROR - Unexpected error: 'NoneType' object cannot be interpreted as an integer
2025-07-09 12:58:49,227 - ERROR - Unexpected error: 'NoneType' object cannot be interpreted as an integer
2025-07-09 12:58:51,333 - ERROR - Unexpected error: 'NoneType' object cannot be interpreted as an integer
2025-07-09 12:59:03,833 - ERROR - Unexpected error: 'NoneType' object cannot be interpreted as an integer
2025-07-09 12:59:07,538 - ERROR - Unexpected error: 'NoneType' object cannot be interpreted as an integer
2025-07-09 12:59:15,642 - ERROR - Unexpected error: 'NoneType' object cannot be interpreted as an integer
2025-07-09 12:59:17,500 - ERROR - Unexpected error: 'NoneType' object cannot be interpreted as an integer
2025-07-09 12:59:18,301 - ERROR - Unexpected error: 'NoneType' object cannot be interpreted as an integer
2025-07-09 12:59:35,232 - ERROR - Unexpected error: 'NoneType' object cannot be interpreted as an integer
2025-07-09 12:59:57,634 - ERROR - Unexpected error: 'NoneType' object cannot be interpreted as an integer
2025-07-09 12:59:59,043 - ERROR - Unexpected error: 'NoneType' object cannot be interpreted as an integer
2025-07-09 13:00:08,535 - ERROR - Unexpected error: 'NoneType' object cannot be interpreted as an integer
2025-07-09 13:00:09,898 - ERROR - Unexpected error: 'NoneType' object cannot be interpreted as an integer
2025-07-09 13:00:11,938 - ERROR - Unexpected error: 'NoneType' object cannot be interpreted as an integer
2025-07-09 13:00:19,108 - ERROR - Unexpected error: 'NoneType' object cannot be interpreted as an integer
2025-07-09 13:00:21,152 - ERROR - Unexpected error: 'NoneType' object cannot be interpreted as an integer
2025-07-09 13:00:21,316 - ERROR - Unexpected error: 'NoneType' object cannot be interpreted as an integer
2025-07-09 13:00:21,632 - ERROR - Unexpected error: 'NoneType' object cannot be interpreted as an integer
2025-07-09 13:00:31,527 - ERROR - Unexpected error: 'NoneType' object cannot be interpreted as an integer
2025-07-09 13:00:37,265 - ERROR - Unexpected error: 'NoneType' object cannot be interpreted as an integer
2025-07-09 13:00:40,561 - ERROR - Unexpected error: 'NoneType' object cannot be interpreted as an integer
2025-07-09 13:00:40,858 - ERROR - Unexpected error: 'NoneType' object cannot be interpreted as an integer
2025-07-09 13:00:43,052 - ERROR - Unexpected error: 'NoneType' object cannot be interpreted as an integer
2025-07-09 13:00:47,620 - ERROR - Unexpected error: 'NoneType' object cannot be interpreted as an integer
2025-07-09 13:00:58,383 - ERROR - Unexpected error: 'NoneType' object cannot be interpreted as an integer
2025-07-09 13:01:03,002 - ERROR - Unexpected error: 'NoneType' object cannot be interpreted as an integer
2025-07-09 13:01:07,343 - ERROR - Unexpected error: 'NoneType' object cannot be interpreted as an integer
2025-07-09 13:01:10,573 - ERROR - Unexpected error: 'NoneType' object cannot be interpreted as an integer
2025-07-09 13:01:13,875 - ERROR - Unexpected error: 'NoneType' object cannot be interpreted as an integer
2025-07-09 13:01:16,553 - ERROR - Unexpected error: 'NoneType' object cannot be interpreted as an integer
2025-07-09 13:01:28,865 - ERROR - Unexpected error: 'NoneType' object cannot be interpreted as an integer
2025-07-09 13:01:38,930 - ERROR - Unexpected error: 'NoneType' object cannot be interpreted as an integer
2025-07-09 13:01:44,354 - ERROR - Unexpected error: 'NoneType' object cannot be interpreted as an integer
2025-07-09 13:01:53,110 - ERROR - Unexpected error: 'NoneType' object cannot be interpreted as an integer
2025-07-09 13:02:00,747 - ERROR - Unexpected error: 'NoneType' object cannot be interpreted as an integer
2025-07-09 13:02:01,664 - ERROR - Unexpected error: 'NoneType' object cannot be interpreted as an integer
2025-07-09 13:02:06,911 - ERROR - Unexpected error: 'NoneType' object cannot be interpreted as an integer
2025-07-09 13:02:18,586 - ERROR - Unexpected error: 'NoneType' object cannot be interpreted as an integer
2025-07-09 13:02:24,981 - ERROR - Unexpected error: 'NoneType' object cannot be interpreted as an integer
2025-07-09 13:02:39,353 - ERROR - Unexpected error: 'NoneType' object cannot be interpreted as an integer
2025-07-09 13:02:53,749 - ERROR - Unexpected error: 'NoneType' object cannot be interpreted as an integer
2025-07-09 13:02:58,431 - ERROR - Unexpected error: 'NoneType' object cannot be interpreted as an integer
2025-07-09 13:03:23,948 - ERROR - Unexpected error: 'NoneType' object cannot be interpreted as an integer
2025-07-09 13:03:24,473 - ERROR - Unexpected error: 'NoneType' object cannot be interpreted as an integer
2025-07-09 13:03:25,730 - ERROR - Unexpected error: 'NoneType' object cannot be interpreted as an integer
2025-07-09 13:03:44,684 - ERROR - Unexpected error: 'NoneType' object cannot be interpreted as an integer
2025-07-09 13:03:48,978 - ERROR - Unexpected error: 'NoneType' object cannot be interpreted as an integer
2025-07-09 13:03:49,543 - ERROR - Unexpected error: 'NoneType' object cannot be interpreted as an integer
2025-07-09 13:04:05,402 - ERROR - Unexpected error: 'NoneType' object cannot be interpreted as an integer
2025-07-09 13:04:30,558 - ERROR - Unexpected error: 'NoneType' object cannot be interpreted as an integer
2025-07-09 13:04:34,227 - ERROR - Unexpected error: 'NoneType' object cannot be interpreted as an integer
2025-07-09 13:04:38,720 - ERROR - Unexpected error: 'NoneType' object cannot be interpreted as an integer
2025-07-09 13:04:38,887 - ERROR - Unexpected error: 'NoneType' object cannot be interpreted as an integer
2025-07-09 13:04:39,900 - ERROR - Unexpected error: 'NoneType' object cannot be interpreted as an integer
2025-07-09 13:04:41,807 - INFO - Processed 22000 users so far
2025-07-09 13:04:52,963 - ERROR - Unexpected error: 'NoneType' object cannot be interpreted as an integer
2025-07-09 13:04:56,609 - ERROR - Unexpected error: 'NoneType' object cannot be interpreted as an integer
2025-07-09 13:05:00,595 - ERROR - Unexpected error: 'NoneType' object cannot be interpreted as an integer
2025-07-09 13:05:20,134 - ERROR - Unexpected error: 'NoneType' object cannot be interpreted as an integer
2025-07-09 13:05:21,759 - ERROR - Unexpected error: 'NoneType' object cannot be interpreted as an integer
2025-07-09 13:05:27,363 - ERROR - Unexpected error: 'NoneType' object cannot be interpreted as an integer
2025-07-09 13:05:30,135 - ERROR - Unexpected error: 'NoneType' object cannot be interpreted as an integer
2025-07-09 13:05:31,650 - ERROR - Unexpected error: 'NoneType' object cannot be interpreted as an integer
2025-07-09 13:05:33,230 - ERROR - Unexpected error: 'NoneType' object cannot be interpreted as an integer
2025-07-09 13:05:41,229 - ERROR - Unexpected error: 'NoneType' object cannot be interpreted as an integer
2025-07-09 13:05:44,382 - ERROR - Unexpected error: 'NoneType' object cannot be interpreted as an integer
2025-07-09 13:05:46,004 - ERROR - Unexpected error: 'NoneType' object cannot be interpreted as an integer
2025-07-09 13:05:53,885 - ERROR - Unexpected error: 'NoneType' object cannot be interpreted as an integer
2025-07-09 13:05:57,475 - ERROR - Unexpected error: 'NoneType' object cannot be interpreted as an integer
2025-07-09 13:06:06,636 - ERROR - Unexpected error: 'NoneType' object cannot be interpreted as an integer
2025-07-09 13:06:07,882 - ERROR - Unexpected error: 'NoneType' object cannot be interpreted as an integer
2025-07-09 13:06:10,491 - ERROR - Unexpected error: 'NoneType' object cannot be interpreted as an integer
2025-07-09 13:06:13,267 - ERROR - Unexpected error: 'NoneType' object cannot be interpreted as an integer
2025-07-09 13:06:14,218 - ERROR - Unexpected error: 'NoneType' object cannot be interpreted as an integer
2025-07-09 13:06:16,302 - ERROR - Unexpected error: 'NoneType' object cannot be interpreted as an integer
2025-07-09 13:06:17,135 - ERROR - Unexpected error: 'NoneType' object cannot be interpreted as an integer
2025-07-09 13:06:18,710 - ERROR - Unexpected error: 'NoneType' object cannot be interpreted as an integer
2025-07-09 13:06:19,336 - ERROR - Unexpected error: 'NoneType' object cannot be interpreted as an integer
2025-07-09 13:06:20,616 - ERROR - Unexpected error: 'NoneType' object cannot be interpreted as an integer
2025-07-09 13:06:25,689 - ERROR - Unexpected error: 'NoneType' object cannot be interpreted as an integer
2025-07-09 13:06:26,210 - ERROR - Unexpected error: 'NoneType' object cannot be interpreted as an integer
2025-07-09 13:06:26,371 - ERROR - Unexpected error: 'NoneType' object cannot be interpreted as an integer
2025-07-09 13:06:44,739 - ERROR - Unexpected error: 'NoneType' object cannot be interpreted as an integer
2025-07-09 13:06:48,893 - ERROR - Unexpected error: 'NoneType' object cannot be interpreted as an integer
2025-07-09 13:06:53,744 - ERROR - Unexpected error: 'NoneType' object cannot be interpreted as an integer
2025-07-09 13:07:00,172 - ERROR - Unexpected error: 'NoneType' object cannot be interpreted as an integer
2025-07-09 13:07:07,781 - ERROR - Unexpected error: 'NoneType' object cannot be interpreted as an integer
2025-07-09 13:07:09,289 - ERROR - Unexpected error: 'NoneType' object cannot be interpreted as an integer
2025-07-09 13:07:12,559 - ERROR - Unexpected error: 'NoneType' object cannot be interpreted as an integer
2025-07-09 13:07:30,299 - ERROR - Unexpected error: 'NoneType' object cannot be interpreted as an integer
2025-07-09 13:07:33,734 - ERROR - Unexpected error: 'NoneType' object cannot be interpreted as an integer
2025-07-09 13:07:39,729 - ERROR - Unexpected error: 'NoneType' object cannot be interpreted as an integer
2025-07-09 13:07:45,638 - ERROR - Unexpected error: 'NoneType' object cannot be interpreted as an integer
2025-07-09 13:07:48,011 - ERROR - Unexpected error: 'NoneType' object cannot be interpreted as an integer
2025-07-09 13:07:53,280 - ERROR - Unexpected error: 'NoneType' object cannot be interpreted as an integer
2025-07-09 13:08:10,300 - ERROR - Unexpected error: 'NoneType' object cannot be interpreted as an integer
2025-07-09 13:08:14,567 - ERROR - Unexpected error: 'NoneType' object cannot be interpreted as an integer
2025-07-09 13:08:16,877 - ERROR - Unexpected error: 'NoneType' object cannot be interpreted as an integer
2025-07-09 13:08:19,856 - ERROR - Unexpected error: 'NoneType' object cannot be interpreted as an integer
2025-07-09 13:08:20,930 - ERROR - Unexpected error: 'NoneType' object cannot be interpreted as an integer
2025-07-09 13:08:33,307 - ERROR - Unexpected error: 'NoneType' object cannot be interpreted as an integer
2025-07-09 13:08:35,639 - ERROR - Unexpected error: 'NoneType' object cannot be interpreted as an integer
2025-07-09 13:08:37,433 - ERROR - Unexpected error: 'NoneType' object cannot be interpreted as an integer
2025-07-09 13:08:49,007 - ERROR - Unexpected error: 'NoneType' object cannot be interpreted as an integer
2025-07-09 13:08:57,477 - ERROR - Unexpected error: 'NoneType' object cannot be interpreted as an integer
2025-07-09 13:08:59,745 - ERROR - Unexpected error: 'NoneType' object cannot be interpreted as an integer
2025-07-09 13:09:09,256 - ERROR - Unexpected error: 'NoneType' object cannot be interpreted as an integer
2025-07-09 13:09:14,794 - ERROR - Unexpected error: 'NoneType' object cannot be interpreted as an integer
2025-07-09 13:09:19,561 - ERROR - Unexpected error: 'NoneType' object cannot be interpreted as an integer
2025-07-09 13:09:25,368 - ERROR - Unexpected error: 'NoneType' object cannot be interpreted as an integer
2025-07-09 13:09:31,227 - ERROR - Unexpected error: 'NoneType' object cannot be interpreted as an integer
2025-07-09 13:09:42,111 - ERROR - Unexpected error: 'NoneType' object cannot be interpreted as an integer
2025-07-09 13:09:45,356 - ERROR - Unexpected error: 'NoneType' object cannot be interpreted as an integer
2025-07-09 13:09:46,320 - ERROR - Unexpected error: 'NoneType' object cannot be interpreted as an integer
2025-07-09 13:09:56,616 - ERROR - Unexpected error: 'NoneType' object cannot be interpreted as an integer
2025-07-09 13:10:04,380 - ERROR - Unexpected error: 'NoneType' object cannot be interpreted as an integer
2025-07-09 13:10:16,426 - ERROR - Unexpected error: 'NoneType' object cannot be interpreted as an integer
2025-07-09 13:10:22,804 - ERROR - Unexpected error: 'NoneType' object cannot be interpreted as an integer
2025-07-09 13:10:24,873 - ERROR - Unexpected error: 'NoneType' object cannot be interpreted as an integer
2025-07-09 13:10:25,325 - ERROR - Unexpected error: 'NoneType' object cannot be interpreted as an integer
2025-07-09 13:10:25,969 - ERROR - Unexpected error: 'NoneType' object cannot be interpreted as an integer
2025-07-09 13:10:31,549 - ERROR - Unexpected error: 'NoneType' object cannot be interpreted as an integer
2025-07-09 13:10:38,880 - ERROR - Unexpected error: 'NoneType' object cannot be interpreted as an integer
2025-07-09 13:10:42,071 - ERROR - Unexpected error: 'NoneType' object cannot be interpreted as an integer
2025-07-09 13:10:45,750 - ERROR - Unexpected error: 'NoneType' object cannot be interpreted as an integer
2025-07-09 13:10:50,639 - ERROR - Unexpected error: 'NoneType' object cannot be interpreted as an integer
2025-07-09 13:10:51,158 - ERROR - Unexpected error: 'NoneType' object cannot be interpreted as an integer
2025-07-09 13:11:04,410 - ERROR - Unexpected error: 'NoneType' object cannot be interpreted as an integer
2025-07-09 13:11:05,712 - ERROR - Unexpected error: 'NoneType' object cannot be interpreted as an integer
2025-07-09 13:11:11,001 - ERROR - Unexpected error: 'NoneType' object cannot be interpreted as an integer
2025-07-09 13:11:18,458 - ERROR - Unexpected error: 'NoneType' object cannot be interpreted as an integer
2025-07-09 13:11:22,032 - ERROR - Unexpected error: 'NoneType' object cannot be interpreted as an integer
2025-07-09 13:11:29,538 - ERROR - Unexpected error: 'NoneType' object cannot be interpreted as an integer
2025-07-09 13:11:31,185 - ERROR - Unexpected error: 'NoneType' object cannot be interpreted as an integer
2025-07-09 13:11:36,301 - ERROR - Unexpected error: 'NoneType' object cannot be interpreted as an integer
2025-07-09 13:11:40,586 - ERROR - Unexpected error: 'NoneType' object cannot be interpreted as an integer
2025-07-09 13:11:44,003 - ERROR - Unexpected error: 'NoneType' object cannot be interpreted as an integer
2025-07-09 13:11:44,625 - ERROR - Unexpected error: 'NoneType' object cannot be interpreted as an integer
2025-07-09 13:11:46,745 - ERROR - Unexpected error: 'NoneType' object cannot be interpreted as an integer
2025-07-09 13:11:49,191 - ERROR - Unexpected error: 'NoneType' object cannot be interpreted as an integer
2025-07-09 13:11:51,202 - ERROR - Unexpected error: 'NoneType' object cannot be interpreted as an integer
2025-07-09 13:11:51,671 - ERROR - Unexpected error: 'NoneType' object cannot be interpreted as an integer
2025-07-09 13:12:04,021 - ERROR - Unexpected error: 'NoneType' object cannot be interpreted as an integer
2025-07-09 13:12:08,561 - ERROR - Unexpected error: 'NoneType' object cannot be interpreted as an integer
2025-07-09 13:12:12,324 - ERROR - Unexpected error: 'NoneType' object cannot be interpreted as an integer
2025-07-09 13:12:12,975 - ERROR - Unexpected error: 'NoneType' object cannot be interpreted as an integer
2025-07-09 13:12:18,890 - ERROR - Unexpected error: 'NoneType' object cannot be interpreted as an integer
2025-07-09 13:12:19,515 - ERROR - Unexpected error: 'NoneType' object cannot be interpreted as an integer
2025-07-09 13:12:24,994 - ERROR - Unexpected error: 'NoneType' object cannot be interpreted as an integer
2025-07-09 13:12:36,133 - ERROR - Unexpected error: 'NoneType' object cannot be interpreted as an integer
2025-07-09 13:12:49,626 - ERROR - Unexpected error: 'NoneType' object cannot be interpreted as an integer
2025-07-09 13:12:52,042 - ERROR - Unexpected error: 'NoneType' object cannot be interpreted as an integer
2025-07-09 13:12:58,259 - ERROR - Unexpected error: 'NoneType' object cannot be interpreted as an integer
2025-07-09 13:12:59,437 - ERROR - Unexpected error: 'NoneType' object cannot be interpreted as an integer
2025-07-09 13:13:00,357 - ERROR - Unexpected error: 'NoneType' object cannot be interpreted as an integer
2025-07-09 13:13:14,023 - ERROR - Unexpected error: 'NoneType' object cannot be interpreted as an integer
2025-07-09 13:13:15,370 - ERROR - Unexpected error: 'NoneType' object cannot be interpreted as an integer
2025-07-09 13:13:22,194 - ERROR - Unexpected error: 'NoneType' object cannot be interpreted as an integer
2025-07-09 13:13:23,567 - ERROR - Unexpected error: 'NoneType' object cannot be interpreted as an integer
2025-07-09 13:13:32,336 - ERROR - Unexpected error: 'NoneType' object cannot be interpreted as an integer
2025-07-09 13:13:32,657 - ERROR - Unexpected error: 'NoneType' object cannot be interpreted as an integer
2025-07-09 13:13:33,107 - ERROR - Unexpected error: 'NoneType' object cannot be interpreted as an integer
2025-07-09 13:13:34,336 - ERROR - Unexpected error: 'NoneType' object cannot be interpreted as an integer
2025-07-09 13:13:35,467 - ERROR - Unexpected error: 'NoneType' object cannot be interpreted as an integer
2025-07-09 13:13:42,524 - ERROR - Unexpected error: 'NoneType' object cannot be interpreted as an integer
2025-07-09 13:13:46,800 - ERROR - Unexpected error: 'NoneType' object cannot be interpreted as an integer
2025-07-09 13:13:47,745 - ERROR - Unexpected error: 'NoneType' object cannot be interpreted as an integer
2025-07-09 13:13:48,386 - ERROR - Unexpected error: 'NoneType' object cannot be interpreted as an integer
2025-07-09 13:13:57,785 - ERROR - Unexpected error: 'NoneType' object cannot be interpreted as an integer
2025-07-09 13:14:05,484 - ERROR - Unexpected error: 'NoneType' object cannot be interpreted as an integer
2025-07-09 13:14:10,504 - ERROR - Unexpected error: 'NoneType' object cannot be interpreted as an integer
2025-07-09 13:14:25,176 - ERROR - Unexpected error: 'NoneType' object cannot be interpreted as an integer
2025-07-09 13:14:27,145 - ERROR - Unexpected error: 'NoneType' object cannot be interpreted as an integer
2025-07-09 13:14:40,261 - ERROR - Unexpected error: 'NoneType' object cannot be interpreted as an integer
2025-07-09 13:14:40,711 - ERROR - Unexpected error: 'NoneType' object cannot be interpreted as an integer
2025-07-09 13:14:51,541 - INFO - Processed 24000 users so far
2025-07-09 13:15:02,170 - ERROR - Unexpected error: 'NoneType' object cannot be interpreted as an integer
2025-07-09 13:15:07,385 - ERROR - Unexpected error: 'NoneType' object cannot be interpreted as an integer
2025-07-09 13:15:11,206 - ERROR - Unexpected error: 'NoneType' object cannot be interpreted as an integer
2025-07-09 13:15:14,492 - ERROR - Unexpected error: 'NoneType' object cannot be interpreted as an integer
2025-07-09 13:15:29,346 - ERROR - Unexpected error: 'NoneType' object cannot be interpreted as an integer
2025-07-09 13:15:37,164 - ERROR - Unexpected error: 'NoneType' object cannot be interpreted as an integer
2025-07-09 13:15:38,117 - ERROR - Unexpected error: 'NoneType' object cannot be interpreted as an integer
2025-07-09 13:15:42,517 - ERROR - Unexpected error: 'NoneType' object cannot be interpreted as an integer
2025-07-09 13:15:56,500 - ERROR - Unexpected error: 'NoneType' object cannot be interpreted as an integer
2025-07-09 13:16:01,466 - ERROR - Unexpected error: 'NoneType' object cannot be interpreted as an integer
2025-07-09 13:16:03,368 - ERROR - Unexpected error: 'NoneType' object cannot be interpreted as an integer
2025-07-09 13:16:04,847 - ERROR - Unexpected error: 'NoneType' object cannot be interpreted as an integer
2025-07-09 13:16:07,909 - ERROR - Unexpected error: 'NoneType' object cannot be interpreted as an integer
2025-07-09 13:16:08,493 - ERROR - Unexpected error: 'NoneType' object cannot be interpreted as an integer
2025-07-09 13:16:14,221 - ERROR - Unexpected error: 'NoneType' object cannot be interpreted as an integer
2025-07-09 13:16:16,104 - ERROR - Unexpected error: 'NoneType' object cannot be interpreted as an integer
2025-07-09 13:16:20,953 - ERROR - Unexpected error: 'NoneType' object cannot be interpreted as an integer
2025-07-09 13:16:23,197 - ERROR - Unexpected error: 'NoneType' object cannot be interpreted as an integer
2025-07-09 13:16:48,385 - ERROR - Unexpected error: 'NoneType' object cannot be interpreted as an integer
2025-07-09 13:16:51,296 - ERROR - Unexpected error: 'NoneType' object cannot be interpreted as an integer
2025-07-09 13:17:07,032 - ERROR - Unexpected error: 'NoneType' object cannot be interpreted as an integer
2025-07-09 13:17:28,142 - ERROR - Unexpected error: 'NoneType' object cannot be interpreted as an integer
2025-07-09 13:17:37,323 - ERROR - Unexpected error: 'NoneType' object cannot be interpreted as an integer
2025-07-09 13:17:37,489 - ERROR - Unexpected error: 'NoneType' object cannot be interpreted as an integer
2025-07-09 13:17:43,693 - ERROR - Unexpected error: 'NoneType' object cannot be interpreted as an integer
2025-07-09 13:17:44,192 - ERROR - Unexpected error: 'NoneType' object cannot be interpreted as an integer
2025-07-09 13:17:45,906 - ERROR - Unexpected error: 'NoneType' object cannot be interpreted as an integer
2025-07-09 13:17:50,913 - ERROR - Unexpected error: 'NoneType' object cannot be interpreted as an integer
2025-07-09 13:18:00,402 - ERROR - Unexpected error: 'NoneType' object cannot be interpreted as an integer
2025-07-09 13:20:01,797 - ERROR - Unexpected error: 'NoneType' object cannot be interpreted as an integer
2025-07-09 13:20:02,739 - ERROR - Unexpected error: 'NoneType' object cannot be interpreted as an integer
2025-07-09 13:20:07,770 - ERROR - Unexpected error: 'NoneType' object cannot be interpreted as an integer
2025-07-09 13:20:10,396 - ERROR - Unexpected error: 'NoneType' object cannot be interpreted as an integer
2025-07-09 13:20:18,139 - ERROR - Unexpected error: 'NoneType' object cannot be interpreted as an integer
2025-07-09 13:20:18,929 - ERROR - Unexpected error: 'NoneType' object cannot be interpreted as an integer
2025-07-09 13:20:24,008 - ERROR - Unexpected error: 'NoneType' object cannot be interpreted as an integer
2025-07-09 13:20:31,066 - ERROR - Unexpected error: 'NoneType' object cannot be interpreted as an integer
2025-07-09 13:20:31,476 - ERROR - Unexpected error: 'NoneType' object cannot be interpreted as an integer
2025-07-09 13:20:45,640 - ERROR - Unexpected error: 'NoneType' object cannot be interpreted as an integer
2025-07-09 13:20:54,810 - ERROR - Unexpected error: 'NoneType' object cannot be interpreted as an integer
2025-07-09 13:20:57,227 - ERROR - Unexpected error: 'NoneType' object cannot be interpreted as an integer
2025-07-09 13:21:00,524 - ERROR - Unexpected error: 'NoneType' object cannot be interpreted as an integer
2025-07-09 13:21:08,124 - ERROR - Unexpected error: 'NoneType' object cannot be interpreted as an integer
2025-07-09 13:21:13,345 - ERROR - Unexpected error: 'NoneType' object cannot be interpreted as an integer
2025-07-09 13:21:25,009 - ERROR - Unexpected error: 'NoneType' object cannot be interpreted as an integer
2025-07-09 13:21:29,735 - ERROR - Unexpected error: 'NoneType' object cannot be interpreted as an integer
2025-07-09 13:21:31,250 - ERROR - Unexpected error: 'NoneType' object cannot be interpreted as an integer
2025-07-09 13:21:33,351 - ERROR - Unexpected error: 'NoneType' object cannot be interpreted as an integer
2025-07-09 13:21:34,017 - ERROR - Unexpected error: 'NoneType' object cannot be interpreted as an integer
2025-07-09 13:21:36,811 - ERROR - Unexpected error: 'NoneType' object cannot be interpreted as an integer
2025-07-09 13:21:39,015 - ERROR - Unexpected error: 'NoneType' object cannot be interpreted as an integer
2025-07-09 13:21:42,265 - ERROR - Unexpected error: 'NoneType' object cannot be interpreted as an integer
2025-07-09 13:21:44,006 - ERROR - Unexpected error: 'NoneType' object cannot be interpreted as an integer
2025-07-09 13:21:44,982 - ERROR - Unexpected error: 'NoneType' object cannot be interpreted as an integer
2025-07-09 13:21:45,879 - ERROR - Unexpected error: 'NoneType' object cannot be interpreted as an integer
2025-07-09 13:21:46,055 - ERROR - Unexpected error: 'NoneType' object cannot be interpreted as an integer
2025-07-09 13:21:47,854 - ERROR - Unexpected error: 'NoneType' object cannot be interpreted as an integer
2025-07-09 13:21:48,033 - ERROR - Unexpected error: 'NoneType' object cannot be interpreted as an integer
2025-07-09 13:21:52,128 - ERROR - Unexpected error: 'NoneType' object cannot be interpreted as an integer
2025-07-09 13:21:54,365 - ERROR - Unexpected error: 'NoneType' object cannot be interpreted as an integer
2025-07-09 13:22:00,635 - ERROR - Unexpected error: 'NoneType' object cannot be interpreted as an integer
2025-07-09 13:22:00,841 - ERROR - Unexpected error: 'NoneType' object cannot be interpreted as an integer
2025-07-09 13:22:02,929 - ERROR - Unexpected error: 'NoneType' object cannot be interpreted as an integer
2025-07-09 13:22:05,848 - ERROR - Unexpected error: 'NoneType' object cannot be interpreted as an integer
2025-07-09 13:22:20,479 - ERROR - Unexpected error: 'NoneType' object cannot be interpreted as an integer
2025-07-09 13:22:25,943 - ERROR - Unexpected error: 'NoneType' object cannot be interpreted as an integer
2025-07-09 13:22:29,775 - ERROR - Unexpected error: 'NoneType' object cannot be interpreted as an integer
2025-07-09 13:22:46,160 - ERROR - Unexpected error: 'NoneType' object cannot be interpreted as an integer
2025-07-09 13:22:48,477 - ERROR - Unexpected error: 'NoneType' object cannot be interpreted as an integer
2025-07-09 13:22:50,682 - ERROR - Unexpected error: 'NoneType' object cannot be interpreted as an integer
2025-07-09 13:22:51,491 - ERROR - Unexpected error: 'NoneType' object cannot be interpreted as an integer
2025-07-09 13:22:52,025 - ERROR - Unexpected error: 'NoneType' object cannot be interpreted as an integer
2025-07-09 13:22:55,501 - ERROR - Unexpected error: 'NoneType' object cannot be interpreted as an integer
2025-07-09 13:23:11,423 - ERROR - Unexpected error: 'NoneType' object cannot be interpreted as an integer
2025-07-09 13:23:14,221 - ERROR - Unexpected error: 'NoneType' object cannot be interpreted as an integer
2025-07-09 13:23:22,193 - ERROR - Unexpected error: 'NoneType' object cannot be interpreted as an integer
2025-07-09 13:23:22,796 - ERROR - Unexpected error: 'NoneType' object cannot be interpreted as an integer
2025-07-09 13:23:23,482 - ERROR - Unexpected error: 'NoneType' object cannot be interpreted as an integer
2025-07-09 13:23:29,510 - ERROR - Unexpected error: 'NoneType' object cannot be interpreted as an integer
2025-07-09 13:23:32,086 - ERROR - Unexpected error: 'NoneType' object cannot be interpreted as an integer
2025-07-09 13:23:37,512 - ERROR - Unexpected error: 'NoneType' object cannot be interpreted as an integer
2025-07-09 13:23:40,957 - ERROR - Unexpected error: 'NoneType' object cannot be interpreted as an integer
2025-07-09 13:23:41,276 - ERROR - Unexpected error: 'NoneType' object cannot be interpreted as an integer
2025-07-09 13:23:45,783 - ERROR - Unexpected error: 'NoneType' object cannot be interpreted as an integer
2025-07-09 13:24:08,935 - ERROR - Unexpected error: 'NoneType' object cannot be interpreted as an integer
2025-07-09 13:24:12,833 - ERROR - Unexpected error: 'NoneType' object cannot be interpreted as an integer
2025-07-09 13:24:21,558 - ERROR - Unexpected error: 'NoneType' object cannot be interpreted as an integer
2025-07-09 13:24:36,328 - ERROR - Unexpected error: 'NoneType' object cannot be interpreted as an integer
2025-07-09 13:24:39,476 - ERROR - Unexpected error: 'NoneType' object cannot be interpreted as an integer
2025-07-09 13:24:40,615 - ERROR - Unexpected error: 'NoneType' object cannot be interpreted as an integer
2025-07-09 13:24:54,384 - ERROR - Unexpected error: 'NoneType' object cannot be interpreted as an integer
2025-07-09 13:25:12,974 - ERROR - Unexpected error: 'NoneType' object cannot be interpreted as an integer
2025-07-09 13:25:23,122 - ERROR - Unexpected error: 'NoneType' object cannot be interpreted as an integer
2025-07-09 13:25:26,003 - ERROR - Unexpected error: 'NoneType' object cannot be interpreted as an integer
2025-07-09 13:25:28,316 - ERROR - Unexpected error: 'NoneType' object cannot be interpreted as an integer
2025-07-09 13:25:46,785 - ERROR - Unexpected error: 'NoneType' object cannot be interpreted as an integer
2025-07-09 13:25:52,484 - ERROR - Unexpected error: 'NoneType' object cannot be interpreted as an integer
2025-07-09 13:26:07,097 - ERROR - Unexpected error: 'NoneType' object cannot be interpreted as an integer
2025-07-09 13:26:09,518 - ERROR - Unexpected error: 'NoneType' object cannot be interpreted as an integer
2025-07-09 13:26:15,485 - ERROR - Unexpected error: 'NoneType' object cannot be interpreted as an integer
2025-07-09 13:26:18,152 - ERROR - Unexpected error: 'NoneType' object cannot be interpreted as an integer
2025-07-09 13:26:29,345 - ERROR - Unexpected error: 'NoneType' object cannot be interpreted as an integer
2025-07-09 13:26:41,992 - ERROR - Unexpected error: 'NoneType' object cannot be interpreted as an integer
2025-07-09 13:26:42,799 - ERROR - Unexpected error: 'NoneType' object cannot be interpreted as an integer
2025-07-09 13:26:44,814 - ERROR - Unexpected error: 'NoneType' object cannot be interpreted as an integer
2025-07-09 13:26:48,246 - ERROR - Unexpected error: 'NoneType' object cannot be interpreted as an integer
2025-07-09 13:26:54,188 - ERROR - Unexpected error: 'NoneType' object cannot be interpreted as an integer
2025-07-09 13:26:58,516 - ERROR - Unexpected error: 'NoneType' object cannot be interpreted as an integer
2025-07-09 13:27:02,367 - ERROR - Unexpected error: 'NoneType' object cannot be interpreted as an integer
2025-07-09 13:27:12,826 - ERROR - Unexpected error: 'NoneType' object cannot be interpreted as an integer
2025-07-09 13:27:15,373 - ERROR - Unexpected error: 'NoneType' object cannot be interpreted as an integer
2025-07-09 13:27:17,659 - ERROR - Unexpected error: 'NoneType' object cannot be interpreted as an integer
2025-07-09 13:27:21,885 - ERROR - Unexpected error: 'NoneType' object cannot be interpreted as an integer
2025-07-09 13:27:24,713 - ERROR - Unexpected error: 'NoneType' object cannot be interpreted as an integer
2025-07-09 13:27:24,887 - ERROR - Unexpected error: 'NoneType' object cannot be interpreted as an integer
2025-07-09 13:27:28,059 - ERROR - Unexpected error: 'NoneType' object cannot be interpreted as an integer
2025-07-09 13:27:34,251 - ERROR - Unexpected error: 'NoneType' object cannot be interpreted as an integer
2025-07-09 13:27:45,908 - ERROR - Unexpected error: 'NoneType' object cannot be interpreted as an integer
2025-07-09 13:27:48,430 - INFO - Processed 26000 users so far
2025-07-09 13:27:48,716 - ERROR - Unexpected error: 'NoneType' object cannot be interpreted as an integer
2025-07-09 13:27:52,348 - ERROR - Unexpected error: 'NoneType' object cannot be interpreted as an integer
2025-07-09 13:27:53,591 - ERROR - Unexpected error: 'NoneType' object cannot be interpreted as an integer
2025-07-09 13:27:55,128 - ERROR - Unexpected error: 'NoneType' object cannot be interpreted as an integer
2025-07-09 13:28:09,501 - ERROR - Unexpected error: 'NoneType' object cannot be interpreted as an integer
2025-07-09 13:28:12,426 - ERROR - Unexpected error: 'NoneType' object cannot be interpreted as an integer
2025-07-09 13:28:12,933 - ERROR - Unexpected error: 'NoneType' object cannot be interpreted as an integer
2025-07-09 13:28:18,777 - ERROR - Unexpected error: 'NoneType' object cannot be interpreted as an integer
2025-07-09 13:28:19,926 - ERROR - Unexpected error: 'NoneType' object cannot be interpreted as an integer
2025-07-09 13:28:24,105 - ERROR - Unexpected error: 'NoneType' object cannot be interpreted as an integer
2025-07-09 13:28:28,947 - ERROR - Unexpected error: 'NoneType' object cannot be interpreted as an integer
2025-07-09 13:28:29,422 - ERROR - Unexpected error: 'NoneType' object cannot be interpreted as an integer
2025-07-09 13:28:32,466 - ERROR - Unexpected error: 'NoneType' object cannot be interpreted as an integer
2025-07-09 13:28:35,425 - ERROR - Unexpected error: 'NoneType' object cannot be interpreted as an integer
2025-07-09 13:30:38,828 - ERROR - Unexpected error: 'NoneType' object cannot be interpreted as an integer
2025-07-09 13:30:49,490 - ERROR - Unexpected error: 'NoneType' object cannot be interpreted as an integer
2025-07-09 13:30:51,608 - ERROR - Unexpected error: 'NoneType' object cannot be interpreted as an integer
2025-07-09 13:31:04,600 - ERROR - Unexpected error: 'NoneType' object cannot be interpreted as an integer
2025-07-09 13:31:09,758 - ERROR - Unexpected error: 'NoneType' object cannot be interpreted as an integer
2025-07-09 13:31:14,571 - ERROR - Unexpected error: 'NoneType' object cannot be interpreted as an integer
2025-07-09 13:31:25,515 - ERROR - Unexpected error: 'NoneType' object cannot be interpreted as an integer
2025-07-09 13:31:34,407 - ERROR - Unexpected error: 'NoneType' object cannot be interpreted as an integer
2025-07-09 13:31:37,112 - ERROR - Unexpected error: 'NoneType' object cannot be interpreted as an integer
2025-07-09 13:31:45,794 - ERROR - Unexpected error: 'NoneType' object cannot be interpreted as an integer
2025-07-09 13:31:45,972 - ERROR - Unexpected error: 'NoneType' object cannot be interpreted as an integer
2025-07-09 13:31:55,665 - ERROR - Unexpected error: 'NoneType' object cannot be interpreted as an integer
2025-07-09 13:31:58,272 - ERROR - Unexpected error: 'NoneType' object cannot be interpreted as an integer
2025-07-09 13:32:00,025 - ERROR - Unexpected error: 'NoneType' object cannot be interpreted as an integer
2025-07-09 13:32:01,374 - ERROR - Unexpected error: 'NoneType' object cannot be interpreted as an integer
2025-07-09 13:32:04,079 - ERROR - Unexpected error: 'NoneType' object cannot be interpreted as an integer
2025-07-09 13:32:06,538 - ERROR - Unexpected error: 'NoneType' object cannot be interpreted as an integer
2025-07-09 13:32:10,024 - ERROR - Unexpected error: 'NoneType' object cannot be interpreted as an integer
2025-07-09 13:32:27,011 - ERROR - Unexpected error: 'NoneType' object cannot be interpreted as an integer
2025-07-09 13:32:28,342 - ERROR - Unexpected error: 'NoneType' object cannot be interpreted as an integer
2025-07-09 13:32:30,217 - ERROR - Unexpected error: 'NoneType' object cannot be interpreted as an integer
2025-07-09 13:32:30,380 - ERROR - Unexpected error: 'NoneType' object cannot be interpreted as an integer
2025-07-09 13:32:37,547 - ERROR - Unexpected error: 'NoneType' object cannot be interpreted as an integer
2025-07-09 13:32:44,055 - ERROR - Unexpected error: 'NoneType' object cannot be interpreted as an integer
2025-07-09 13:32:51,773 - ERROR - Unexpected error: 'NoneType' object cannot be interpreted as an integer
2025-07-09 13:32:56,004 - ERROR - Unexpected error: 'NoneType' object cannot be interpreted as an integer
2025-07-09 13:33:00,492 - ERROR - Unexpected error: 'NoneType' object cannot be interpreted as an integer
2025-07-09 13:33:04,781 - ERROR - Unexpected error: 'NoneType' object cannot be interpreted as an integer
2025-07-09 13:33:13,007 - ERROR - Unexpected error: 'NoneType' object cannot be interpreted as an integer
2025-07-09 13:33:30,693 - ERROR - Unexpected error: 'NoneType' object cannot be interpreted as an integer
2025-07-09 13:33:37,787 - ERROR - Unexpected error: 'NoneType' object cannot be interpreted as an integer
2025-07-09 13:33:39,958 - ERROR - Unexpected error: 'NoneType' object cannot be interpreted as an integer
2025-07-09 13:33:47,347 - ERROR - Unexpected error: 'NoneType' object cannot be interpreted as an integer
2025-07-09 13:33:54,223 - ERROR - Unexpected error: 'NoneType' object cannot be interpreted as an integer
2025-07-09 13:33:56,486 - ERROR - Unexpected error: 'NoneType' object cannot be interpreted as an integer
2025-07-09 13:33:59,013 - ERROR - Unexpected error: 'NoneType' object cannot be interpreted as an integer
2025-07-09 13:33:59,470 - ERROR - Unexpected error: 'NoneType' object cannot be interpreted as an integer
2025-07-09 13:34:19,841 - ERROR - Unexpected error: 'NoneType' object cannot be interpreted as an integer
2025-07-09 13:34:26,547 - ERROR - Unexpected error: 'NoneType' object cannot be interpreted as an integer
2025-07-09 13:34:28,466 - ERROR - Unexpected error: 'NoneType' object cannot be interpreted as an integer
2025-07-09 13:34:29,135 - ERROR - Unexpected error: 'NoneType' object cannot be interpreted as an integer
2025-07-09 13:34:35,247 - ERROR - Unexpected error: 'NoneType' object cannot be interpreted as an integer
2025-07-09 13:34:36,809 - ERROR - Unexpected error: 'NoneType' object cannot be interpreted as an integer
2025-07-09 13:34:38,734 - ERROR - Unexpected error: 'NoneType' object cannot be interpreted as an integer
2025-07-09 13:34:41,113 - ERROR - Unexpected error: 'NoneType' object cannot be interpreted as an integer
2025-07-09 13:34:55,852 - ERROR - Unexpected error: 'NoneType' object cannot be interpreted as an integer
2025-07-09 13:35:07,781 - ERROR - Unexpected error: 'NoneType' object cannot be interpreted as an integer
2025-07-09 13:35:07,947 - ERROR - Unexpected error: 'NoneType' object cannot be interpreted as an integer
2025-07-09 13:35:18,766 - ERROR - Unexpected error: 'NoneType' object cannot be interpreted as an integer
2025-07-09 13:35:31,178 - ERROR - Unexpected error: 'NoneType' object cannot be interpreted as an integer
2025-07-09 13:35:34,380 - ERROR - Unexpected error: 'NoneType' object cannot be interpreted as an integer
2025-07-09 13:35:36,434 - ERROR - Unexpected error: 'NoneType' object cannot be interpreted as an integer
2025-07-09 13:35:42,839 - ERROR - Unexpected error: 'NoneType' object cannot be interpreted as an integer
2025-07-09 13:35:47,830 - ERROR - Unexpected error: 'NoneType' object cannot be interpreted as an integer
2025-07-09 13:35:52,820 - ERROR - Unexpected error: 'NoneType' object cannot be interpreted as an integer
2025-07-09 13:35:56,400 - ERROR - Unexpected error: 'NoneType' object cannot be interpreted as an integer
2025-07-09 13:36:08,249 - ERROR - Unexpected error: 'NoneType' object cannot be interpreted as an integer
2025-07-09 13:36:08,925 - ERROR - Unexpected error: 'NoneType' object cannot be interpreted as an integer
2025-07-09 13:36:18,819 - ERROR - Unexpected error: 'NoneType' object cannot be interpreted as an integer
2025-07-09 13:36:21,950 - ERROR - Unexpected error: 'NoneType' object cannot be interpreted as an integer
2025-07-09 13:36:37,057 - ERROR - Unexpected error: 'NoneType' object cannot be interpreted as an integer
2025-07-09 13:36:40,045 - ERROR - Unexpected error: 'NoneType' object cannot be interpreted as an integer
2025-07-09 13:36:50,689 - ERROR - Unexpected error: 'NoneType' object cannot be interpreted as an integer
2025-07-09 13:36:51,718 - ERROR - Unexpected error: 'NoneType' object cannot be interpreted as an integer
2025-07-09 13:36:53,709 - ERROR - Unexpected error: 'NoneType' object cannot be interpreted as an integer
2025-07-09 13:36:54,354 - ERROR - Unexpected error: 'NoneType' object cannot be interpreted as an integer
2025-07-09 13:36:56,055 - ERROR - Unexpected error: 'NoneType' object cannot be interpreted as an integer
2025-07-09 13:36:56,226 - ERROR - Unexpected error: 'NoneType' object cannot be interpreted as an integer
2025-07-09 13:36:58,173 - ERROR - Unexpected error: 'NoneType' object cannot be interpreted as an integer
2025-07-09 13:36:59,624 - ERROR - Unexpected error: 'NoneType' object cannot be interpreted as an integer
2025-07-09 13:37:05,385 - ERROR - Unexpected error: 'NoneType' object cannot be interpreted as an integer
2025-07-09 13:37:07,785 - ERROR - Unexpected error: 'NoneType' object cannot be interpreted as an integer
2025-07-09 13:37:09,522 - ERROR - Unexpected error: 'NoneType' object cannot be interpreted as an integer
2025-07-09 13:37:10,132 - ERROR - Unexpected error: 'NoneType' object cannot be interpreted as an integer
2025-07-09 13:37:18,717 - ERROR - Unexpected error: 'NoneType' object cannot be interpreted as an integer
2025-07-09 13:37:20,151 - ERROR - Unexpected error: 'NoneType' object cannot be interpreted as an integer
2025-07-09 13:37:24,048 - ERROR - Unexpected error: 'NoneType' object cannot be interpreted as an integer
2025-07-09 13:37:36,788 - ERROR - Unexpected error: 'NoneType' object cannot be interpreted as an integer
2025-07-09 13:37:39,395 - ERROR - Unexpected error: 'NoneType' object cannot be interpreted as an integer
2025-07-09 13:37:51,163 - ERROR - Unexpected error: 'NoneType' object cannot be interpreted as an integer
2025-07-09 13:37:54,765 - ERROR - Unexpected error: 'NoneType' object cannot be interpreted as an integer
2025-07-09 13:37:57,270 - ERROR - Unexpected error: 'NoneType' object cannot be interpreted as an integer
2025-07-09 13:37:59,605 - ERROR - Unexpected error: 'NoneType' object cannot be interpreted as an integer
2025-07-09 13:38:00,559 - ERROR - Unexpected error: 'NoneType' object cannot be interpreted as an integer
2025-07-09 13:38:01,793 - ERROR - Unexpected error: 'NoneType' object cannot be interpreted as an integer
2025-07-09 13:38:02,284 - ERROR - Unexpected error: 'NoneType' object cannot be interpreted as an integer
2025-07-09 13:38:05,143 - ERROR - Unexpected error: 'NoneType' object cannot be interpreted as an integer
2025-07-09 13:38:09,484 - ERROR - Unexpected error: 'NoneType' object cannot be interpreted as an integer
2025-07-09 13:38:12,479 - ERROR - Unexpected error: 'NoneType' object cannot be interpreted as an integer
2025-07-09 13:38:14,438 - ERROR - Unexpected error: 'NoneType' object cannot be interpreted as an integer
2025-07-09 13:38:34,672 - ERROR - Unexpected error: 'NoneType' object cannot be interpreted as an integer
2025-07-09 13:38:46,391 - ERROR - Unexpected error: 'NoneType' object cannot be interpreted as an integer
2025-07-09 13:38:46,574 - ERROR - Unexpected error: 'NoneType' object cannot be interpreted as an integer
2025-07-09 13:38:51,442 - ERROR - Unexpected error: 'NoneType' object cannot be interpreted as an integer
2025-07-09 13:38:54,510 - ERROR - Unexpected error: 'NoneType' object cannot be interpreted as an integer
2025-07-09 13:39:16,355 - ERROR - Unexpected error: 'NoneType' object cannot be interpreted as an integer
2025-07-09 13:39:18,180 - ERROR - Unexpected error: 'NoneType' object cannot be interpreted as an integer
2025-07-09 13:39:20,630 - ERROR - Unexpected error: 'NoneType' object cannot be interpreted as an integer
2025-07-09 13:39:21,757 - ERROR - Unexpected error: 'NoneType' object cannot be interpreted as an integer
2025-07-09 13:39:29,840 - ERROR - Unexpected error: 'NoneType' object cannot be interpreted as an integer
2025-07-09 13:39:34,190 - ERROR - Unexpected error: 'NoneType' object cannot be interpreted as an integer
2025-07-09 13:39:35,575 - ERROR - Unexpected error: 'NoneType' object cannot be interpreted as an integer
2025-07-09 13:39:40,081 - ERROR - Unexpected error: 'NoneType' object cannot be interpreted as an integer
2025-07-09 13:39:41,929 - ERROR - Unexpected error: 'NoneType' object cannot be interpreted as an integer
2025-07-09 13:39:56,659 - ERROR - Unexpected error: 'NoneType' object cannot be interpreted as an integer
2025-07-09 13:39:57,458 - ERROR - Unexpected error: 'NoneType' object cannot be interpreted as an integer
2025-07-09 13:40:00,213 - ERROR - Unexpected error: 'NoneType' object cannot be interpreted as an integer
2025-07-09 13:40:09,222 - ERROR - Unexpected error: 'NoneType' object cannot be interpreted as an integer
2025-07-09 13:40:11,762 - ERROR - Unexpected error: 'NoneType' object cannot be interpreted as an integer
2025-07-09 13:40:15,523 - ERROR - Unexpected error: 'NoneType' object cannot be interpreted as an integer
2025-07-09 13:40:17,885 - ERROR - Unexpected error: 'NoneType' object cannot be interpreted as an integer
2025-07-09 13:40:22,850 - INFO - Processed 28000 users so far
2025-07-09 13:40:23,422 - ERROR - Unexpected error: 'NoneType' object cannot be interpreted as an integer
2025-07-09 13:40:24,339 - ERROR - Unexpected error: 'NoneType' object cannot be interpreted as an integer
2025-07-09 13:40:41,906 - ERROR - Request failed: 422 Client Error: Unprocessable Entity for url: https://arctic-shift.photon-reddit.com/api/posts/search?author=Cuzzii&after=1641016800&before=1745989200&limit=auto&sort=asc&meta-app=download-tool
2025-07-09 13:40:45,060 - ERROR - Request failed: 422 Client Error: Unprocessable Entity for url: https://arctic-shift.photon-reddit.com/api/posts/search?author=tlogic2023&after=1641016800&before=1745989200&limit=auto&sort=asc&meta-app=download-tool
2025-07-09 13:40:56,329 - ERROR - Unexpected error: 'NoneType' object cannot be interpreted as an integer
2025-07-09 13:40:59,813 - ERROR - Unexpected error: 'NoneType' object cannot be interpreted as an integer
2025-07-09 13:41:00,778 - ERROR - Unexpected error: 'NoneType' object cannot be interpreted as an integer
2025-07-09 13:41:01,103 - ERROR - Unexpected error: 'NoneType' object cannot be interpreted as an integer
2025-07-09 13:41:02,752 - ERROR - Unexpected error: 'NoneType' object cannot be interpreted as an integer
2025-07-09 13:41:04,092 - ERROR - Unexpected error: 'NoneType' object cannot be interpreted as an integer
2025-07-09 13:41:06,549 - ERROR - Unexpected error: 'NoneType' object cannot be interpreted as an integer
2025-07-09 13:41:10,194 - ERROR - Unexpected error: 'NoneType' object cannot be interpreted as an integer
2025-07-09 13:41:12,424 - ERROR - Unexpected error: 'NoneType' object cannot be interpreted as an integer
2025-07-09 13:41:13,498 - ERROR - Unexpected error: 'NoneType' object cannot be interpreted as an integer
2025-07-09 13:41:18,086 - ERROR - Unexpected error: 'NoneType' object cannot be interpreted as an integer
2025-07-09 13:41:19,464 - ERROR - Unexpected error: 'NoneType' object cannot be interpreted as an integer
2025-07-09 13:41:22,863 - ERROR - Unexpected error: 'NoneType' object cannot be interpreted as an integer
2025-07-09 13:41:24,983 - ERROR - Unexpected error: 'NoneType' object cannot be interpreted as an integer
2025-07-09 13:41:27,446 - ERROR - Unexpected error: 'NoneType' object cannot be interpreted as an integer
2025-07-09 13:41:27,916 - ERROR - Unexpected error: 'NoneType' object cannot be interpreted as an integer
2025-07-09 13:41:32,514 - ERROR - Unexpected error: 'NoneType' object cannot be interpreted as an integer
2025-07-09 13:41:34,007 - ERROR - Unexpected error: 'NoneType' object cannot be interpreted as an integer
2025-07-09 13:41:37,159 - ERROR - Unexpected error: 'NoneType' object cannot be interpreted as an integer
2025-07-09 13:41:37,994 - ERROR - Unexpected error: 'NoneType' object cannot be interpreted as an integer
2025-07-09 13:41:39,247 - ERROR - Unexpected error: 'NoneType' object cannot be interpreted as an integer
2025-07-09 13:41:51,148 - ERROR - Unexpected error: 'NoneType' object cannot be interpreted as an integer
2025-07-09 13:41:52,067 - ERROR - Unexpected error: 'NoneType' object cannot be interpreted as an integer
2025-07-09 13:41:54,816 - ERROR - Unexpected error: 'NoneType' object cannot be interpreted as an integer
2025-07-09 13:42:03,737 - ERROR - Unexpected error: 'NoneType' object cannot be interpreted as an integer
2025-07-09 13:42:25,364 - ERROR - Unexpected error: 'NoneType' object cannot be interpreted as an integer
2025-07-09 13:42:30,989 - ERROR - Unexpected error: 'NoneType' object cannot be interpreted as an integer
2025-07-09 13:42:43,952 - ERROR - Unexpected error: 'NoneType' object cannot be interpreted as an integer
2025-07-09 13:42:45,432 - ERROR - Unexpected error: 'NoneType' object cannot be interpreted as an integer
2025-07-09 13:42:49,754 - ERROR - Unexpected error: 'NoneType' object cannot be interpreted as an integer
2025-07-09 13:42:50,081 - ERROR - Unexpected error: 'NoneType' object cannot be interpreted as an integer
2025-07-09 13:42:52,737 - ERROR - Unexpected error: 'NoneType' object cannot be interpreted as an integer
2025-07-09 13:43:10,365 - ERROR - Unexpected error: 'NoneType' object cannot be interpreted as an integer
2025-07-09 13:43:16,629 - ERROR - Unexpected error: 'NoneType' object cannot be interpreted as an integer
2025-07-09 13:43:25,903 - ERROR - Unexpected error: 'NoneType' object cannot be interpreted as an integer
2025-07-09 13:43:45,005 - ERROR - Unexpected error: 'NoneType' object cannot be interpreted as an integer
2025-07-09 13:43:46,461 - ERROR - Unexpected error: 'NoneType' object cannot be interpreted as an integer
2025-07-09 13:43:54,511 - ERROR - Unexpected error: 'NoneType' object cannot be interpreted as an integer
2025-07-09 13:44:06,146 - ERROR - Unexpected error: 'NoneType' object cannot be interpreted as an integer
2025-07-09 13:44:09,903 - ERROR - Unexpected error: 'NoneType' object cannot be interpreted as an integer
2025-07-09 13:44:32,562 - ERROR - Unexpected error: 'NoneType' object cannot be interpreted as an integer
2025-07-09 13:44:37,536 - ERROR - Unexpected error: 'NoneType' object cannot be interpreted as an integer
2025-07-09 13:44:42,991 - ERROR - Unexpected error: 'NoneType' object cannot be interpreted as an integer
2025-07-09 13:44:46,307 - ERROR - Unexpected error: 'NoneType' object cannot be interpreted as an integer
2025-07-09 13:44:48,971 - ERROR - Unexpected error: 'NoneType' object cannot be interpreted as an integer
2025-07-09 13:44:50,311 - ERROR - Unexpected error: 'NoneType' object cannot be interpreted as an integer
2025-07-09 13:44:52,097 - ERROR - Unexpected error: 'NoneType' object cannot be interpreted as an integer
2025-07-09 13:44:54,961 - ERROR - Unexpected error: 'NoneType' object cannot be interpreted as an integer
2025-07-09 13:45:05,114 - ERROR - Unexpected error: 'NoneType' object cannot be interpreted as an integer
2025-07-09 13:45:20,351 - ERROR - Unexpected error: 'NoneType' object cannot be interpreted as an integer
2025-07-09 13:45:32,133 - ERROR - Unexpected error: 'NoneType' object cannot be interpreted as an integer
2025-07-09 13:45:39,893 - ERROR - Unexpected error: 'NoneType' object cannot be interpreted as an integer
2025-07-09 13:45:48,043 - ERROR - Unexpected error: 'NoneType' object cannot be interpreted as an integer
2025-07-09 13:45:58,166 - ERROR - Unexpected error: 'NoneType' object cannot be interpreted as an integer
2025-07-09 13:45:59,557 - ERROR - Unexpected error: 'NoneType' object cannot be interpreted as an integer
2025-07-09 13:46:09,854 - ERROR - Unexpected error: 'NoneType' object cannot be interpreted as an integer
2025-07-09 13:46:22,473 - ERROR - Unexpected error: 'NoneType' object cannot be interpreted as an integer
2025-07-09 13:46:23,446 - ERROR - Unexpected error: 'NoneType' object cannot be interpreted as an integer
2025-07-09 13:46:31,310 - ERROR - Unexpected error: 'NoneType' object cannot be interpreted as an integer
2025-07-09 13:46:34,168 - ERROR - Unexpected error: 'NoneType' object cannot be interpreted as an integer
2025-07-09 13:46:36,363 - ERROR - Unexpected error: 'NoneType' object cannot be interpreted as an integer
2025-07-09 13:46:40,057 - ERROR - Unexpected error: 'NoneType' object cannot be interpreted as an integer
2025-07-09 13:46:40,594 - ERROR - Unexpected error: 'NoneType' object cannot be interpreted as an integer
2025-07-09 13:46:45,090 - ERROR - Unexpected error: 'NoneType' object cannot be interpreted as an integer
2025-07-09 13:46:53,279 - ERROR - Unexpected error: 'NoneType' object cannot be interpreted as an integer
2025-07-09 13:46:56,113 - ERROR - Unexpected error: 'NoneType' object cannot be interpreted as an integer
2025-07-09 13:47:14,899 - ERROR - Unexpected error: 'NoneType' object cannot be interpreted as an integer
2025-07-09 13:47:24,832 - ERROR - Unexpected error: 'NoneType' object cannot be interpreted as an integer
2025-07-09 13:47:39,091 - ERROR - Unexpected error: 'NoneType' object cannot be interpreted as an integer
2025-07-09 13:47:43,168 - ERROR - Unexpected error: 'NoneType' object cannot be interpreted as an integer
2025-07-09 13:47:47,271 - ERROR - Unexpected error: 'NoneType' object cannot be interpreted as an integer
2025-07-09 13:48:00,309 - ERROR - Unexpected error: 'NoneType' object cannot be interpreted as an integer
2025-07-09 13:48:00,758 - ERROR - Unexpected error: 'NoneType' object cannot be interpreted as an integer
2025-07-09 13:48:08,402 - ERROR - Unexpected error: 'NoneType' object cannot be interpreted as an integer
2025-07-09 13:48:09,855 - ERROR - Unexpected error: 'NoneType' object cannot be interpreted as an integer
2025-07-09 13:48:16,963 - ERROR - Unexpected error: 'NoneType' object cannot be interpreted as an integer
2025-07-09 13:48:21,346 - ERROR - Unexpected error: 'NoneType' object cannot be interpreted as an integer
2025-07-09 13:48:21,753 - ERROR - Unexpected error: 'NoneType' object cannot be interpreted as an integer
2025-07-09 13:48:35,483 - ERROR - Unexpected error: 'NoneType' object cannot be interpreted as an integer
2025-07-09 13:48:39,067 - ERROR - Unexpected error: 'NoneType' object cannot be interpreted as an integer
2025-07-09 13:48:41,711 - ERROR - Unexpected error: 'NoneType' object cannot be interpreted as an integer
2025-07-09 13:48:49,281 - ERROR - Unexpected error: 'NoneType' object cannot be interpreted as an integer
2025-07-09 13:48:57,311 - ERROR - Unexpected error: 'NoneType' object cannot be interpreted as an integer
2025-07-09 13:49:00,750 - ERROR - Unexpected error: 'NoneType' object cannot be interpreted as an integer
2025-07-09 13:49:03,310 - ERROR - Unexpected error: 'NoneType' object cannot be interpreted as an integer
2025-07-09 13:49:08,015 - ERROR - Unexpected error: 'NoneType' object cannot be interpreted as an integer
2025-07-09 13:49:10,220 - ERROR - Unexpected error: 'NoneType' object cannot be interpreted as an integer
2025-07-09 13:49:19,842 - ERROR - Unexpected error: 'NoneType' object cannot be interpreted as an integer
2025-07-09 13:49:22,659 - ERROR - Unexpected error: 'NoneType' object cannot be interpreted as an integer
2025-07-09 13:49:27,878 - ERROR - Unexpected error: 'NoneType' object cannot be interpreted as an integer
2025-07-09 13:49:34,657 - ERROR - Unexpected error: 'NoneType' object cannot be interpreted as an integer
2025-07-09 13:49:41,799 - ERROR - Unexpected error: 'NoneType' object cannot be interpreted as an integer
2025-07-09 13:49:59,587 - ERROR - Unexpected error: 'NoneType' object cannot be interpreted as an integer
2025-07-09 13:50:04,574 - ERROR - Unexpected error: 'NoneType' object cannot be interpreted as an integer
2025-07-09 13:50:05,047 - ERROR - Unexpected error: 'NoneType' object cannot be interpreted as an integer
2025-07-09 13:50:11,307 - ERROR - Unexpected error: 'NoneType' object cannot be interpreted as an integer
2025-07-09 13:50:12,851 - ERROR - Unexpected error: 'NoneType' object cannot be interpreted as an integer
2025-07-09 13:50:19,993 - ERROR - Unexpected error: 'NoneType' object cannot be interpreted as an integer
2025-07-09 13:50:24,704 - ERROR - Unexpected error: 'NoneType' object cannot be interpreted as an integer
2025-07-09 13:50:28,316 - ERROR - Unexpected error: 'NoneType' object cannot be interpreted as an integer
2025-07-09 13:50:28,651 - ERROR - Unexpected error: 'NoneType' object cannot be interpreted as an integer
2025-07-09 13:50:39,535 - ERROR - Unexpected error: 'NoneType' object cannot be interpreted as an integer
2025-07-09 13:50:51,436 - ERROR - Unexpected error: 'NoneType' object cannot be interpreted as an integer
2025-07-09 13:50:52,926 - ERROR - Unexpected error: 'NoneType' object cannot be interpreted as an integer
2025-07-09 13:50:53,816 - INFO - Processed 30000 users so far
2025-07-09 13:50:54,329 - ERROR - Unexpected error: 'NoneType' object cannot be interpreted as an integer
2025-07-09 13:50:56,516 - ERROR - Unexpected error: 'NoneType' object cannot be interpreted as an integer
2025-07-09 13:51:11,446 - ERROR - Unexpected error: 'NoneType' object cannot be interpreted as an integer
2025-07-09 13:51:15,425 - ERROR - Unexpected error: 'NoneType' object cannot be interpreted as an integer
2025-07-09 13:51:20,634 - ERROR - Unexpected error: 'NoneType' object cannot be interpreted as an integer
2025-07-09 13:51:28,251 - ERROR - Unexpected error: 'NoneType' object cannot be interpreted as an integer
2025-07-09 13:51:30,514 - ERROR - Unexpected error: 'NoneType' object cannot be interpreted as an integer
2025-07-09 13:51:33,503 - ERROR - Unexpected error: 'NoneType' object cannot be interpreted as an integer
2025-07-09 13:51:36,577 - ERROR - Unexpected error: 'NoneType' object cannot be interpreted as an integer
2025-07-09 13:51:44,042 - ERROR - Unexpected error: 'NoneType' object cannot be interpreted as an integer
2025-07-09 13:51:48,345 - ERROR - Unexpected error: 'NoneType' object cannot be interpreted as an integer
2025-07-09 13:51:53,941 - ERROR - Unexpected error: 'NoneType' object cannot be interpreted as an integer
2025-07-09 13:51:56,153 - ERROR - Unexpected error: 'NoneType' object cannot be interpreted as an integer
2025-07-09 13:51:56,786 - ERROR - Unexpected error: 'NoneType' object cannot be interpreted as an integer
2025-07-09 13:52:15,397 - ERROR - Unexpected error: 'NoneType' object cannot be interpreted as an integer
2025-07-09 13:52:22,072 - ERROR - Unexpected error: 'NoneType' object cannot be interpreted as an integer
2025-07-09 13:52:27,608 - ERROR - Unexpected error: 'NoneType' object cannot be interpreted as an integer
2025-07-09 13:52:32,982 - ERROR - Unexpected error: 'NoneType' object cannot be interpreted as an integer
2025-07-09 13:52:42,257 - ERROR - Unexpected error: 'NoneType' object cannot be interpreted as an integer
2025-07-09 13:52:54,414 - ERROR - Unexpected error: 'NoneType' object cannot be interpreted as an integer
2025-07-09 13:52:56,202 - ERROR - Unexpected error: 'NoneType' object cannot be interpreted as an integer
2025-07-09 13:52:59,350 - ERROR - Unexpected error: 'NoneType' object cannot be interpreted as an integer
2025-07-09 13:53:01,496 - ERROR - Unexpected error: 'NoneType' object cannot be interpreted as an integer
2025-07-09 13:53:14,276 - ERROR - Unexpected error: 'NoneType' object cannot be interpreted as an integer
2025-07-09 13:53:16,416 - ERROR - Unexpected error: 'NoneType' object cannot be interpreted as an integer
2025-07-09 13:53:17,571 - ERROR - Unexpected error: 'NoneType' object cannot be interpreted as an integer
2025-07-09 13:53:18,087 - ERROR - Unexpected error: 'NoneType' object cannot be interpreted as an integer
2025-07-09 13:53:20,637 - ERROR - Unexpected error: 'NoneType' object cannot be interpreted as an integer
2025-07-09 13:53:29,626 - ERROR - Unexpected error: 'NoneType' object cannot be interpreted as an integer
2025-07-09 13:53:29,792 - ERROR - Unexpected error: 'NoneType' object cannot be interpreted as an integer
2025-07-09 13:53:36,396 - ERROR - Unexpected error: 'NoneType' object cannot be interpreted as an integer
2025-07-09 13:53:41,789 - ERROR - Unexpected error: 'NoneType' object cannot be interpreted as an integer
2025-07-09 13:53:46,595 - ERROR - Unexpected error: 'NoneType' object cannot be interpreted as an integer
2025-07-09 13:53:58,766 - ERROR - Unexpected error: 'NoneType' object cannot be interpreted as an integer
2025-07-09 13:54:08,843 - ERROR - Unexpected error: 'NoneType' object cannot be interpreted as an integer
2025-07-09 13:54:12,272 - ERROR - Unexpected error: 'NoneType' object cannot be interpreted as an integer
2025-07-09 13:54:15,427 - ERROR - Unexpected error: 'NoneType' object cannot be interpreted as an integer
2025-07-09 13:54:25,097 - ERROR - Unexpected error: 'NoneType' object cannot be interpreted as an integer
2025-07-09 13:54:27,698 - ERROR - Unexpected error: 'NoneType' object cannot be interpreted as an integer
2025-07-09 13:54:29,188 - ERROR - Unexpected error: 'NoneType' object cannot be interpreted as an integer
2025-07-09 13:54:31,142 - ERROR - Unexpected error: 'NoneType' object cannot be interpreted as an integer
2025-07-09 13:54:42,237 - ERROR - Unexpected error: 'NoneType' object cannot be interpreted as an integer
2025-07-09 13:54:46,675 - ERROR - Unexpected error: 'NoneType' object cannot be interpreted as an integer
2025-07-09 13:54:50,601 - ERROR - Unexpected error: 'NoneType' object cannot be interpreted as an integer
2025-07-09 13:54:51,244 - ERROR - Unexpected error: 'NoneType' object cannot be interpreted as an integer
2025-07-09 13:54:54,683 - ERROR - Unexpected error: 'NoneType' object cannot be interpreted as an integer
2025-07-09 13:54:55,213 - ERROR - Unexpected error: 'NoneType' object cannot be interpreted as an integer
2025-07-09 13:54:59,989 - ERROR - Unexpected error: 'NoneType' object cannot be interpreted as an integer
2025-07-09 13:55:32,095 - ERROR - Unexpected error: 'NoneType' object cannot be interpreted as an integer
2025-07-09 13:55:35,160 - ERROR - Unexpected error: 'NoneType' object cannot be interpreted as an integer
2025-07-09 13:55:46,161 - ERROR - Unexpected error: 'NoneType' object cannot be interpreted as an integer
2025-07-09 13:55:49,467 - ERROR - Unexpected error: 'NoneType' object cannot be interpreted as an integer
2025-07-09 13:56:01,159 - ERROR - Unexpected error: 'NoneType' object cannot be interpreted as an integer
2025-07-09 13:56:17,222 - ERROR - Unexpected error: 'NoneType' object cannot be interpreted as an integer
2025-07-09 13:56:24,599 - ERROR - Unexpected error: 'NoneType' object cannot be interpreted as an integer
2025-07-09 13:56:28,178 - ERROR - Unexpected error: 'NoneType' object cannot be interpreted as an integer
2025-07-09 13:56:35,738 - ERROR - Unexpected error: 'NoneType' object cannot be interpreted as an integer
2025-07-09 13:56:52,469 - ERROR - Unexpected error: 'NoneType' object cannot be interpreted as an integer
2025-07-09 13:57:20,198 - ERROR - Unexpected error: 'NoneType' object cannot be interpreted as an integer
2025-07-09 13:57:23,219 - ERROR - Unexpected error: 'NoneType' object cannot be interpreted as an integer
2025-07-09 13:57:29,711 - ERROR - Unexpected error: 'NoneType' object cannot be interpreted as an integer
2025-07-09 13:57:35,021 - ERROR - Unexpected error: 'NoneType' object cannot be interpreted as an integer
2025-07-09 13:57:36,485 - ERROR - Unexpected error: 'NoneType' object cannot be interpreted as an integer
2025-07-09 13:57:38,573 - ERROR - Unexpected error: 'NoneType' object cannot be interpreted as an integer
2025-07-09 13:57:47,497 - ERROR - Unexpected error: 'NoneType' object cannot be interpreted as an integer
2025-07-09 13:57:49,173 - ERROR - Unexpected error: 'NoneType' object cannot be interpreted as an integer
2025-07-09 13:57:53,648 - ERROR - Unexpected error: 'NoneType' object cannot be interpreted as an integer
2025-07-09 13:58:00,035 - ERROR - Unexpected error: 'NoneType' object cannot be interpreted as an integer
2025-07-09 13:58:17,224 - ERROR - Unexpected error: 'NoneType' object cannot be interpreted as an integer
2025-07-09 13:58:25,493 - ERROR - Unexpected error: 'NoneType' object cannot be interpreted as an integer
2025-07-09 13:58:29,511 - ERROR - Unexpected error: 'NoneType' object cannot be interpreted as an integer
2025-07-09 13:58:34,857 - ERROR - Unexpected error: 'NoneType' object cannot be interpreted as an integer
2025-07-09 13:58:35,362 - ERROR - Unexpected error: 'NoneType' object cannot be interpreted as an integer
2025-07-09 13:58:37,910 - ERROR - Unexpected error: 'NoneType' object cannot be interpreted as an integer
2025-07-09 13:58:54,447 - ERROR - Unexpected error: 'NoneType' object cannot be interpreted as an integer
2025-07-09 13:59:06,985 - ERROR - Unexpected error: 'NoneType' object cannot be interpreted as an integer
2025-07-09 13:59:12,758 - ERROR - Unexpected error: 'NoneType' object cannot be interpreted as an integer
2025-07-09 13:59:16,279 - ERROR - Unexpected error: 'NoneType' object cannot be interpreted as an integer
2025-07-09 13:59:18,626 - ERROR - Unexpected error: 'NoneType' object cannot be interpreted as an integer
2025-07-09 13:59:21,597 - ERROR - Unexpected error: 'NoneType' object cannot be interpreted as an integer
2025-07-09 13:59:23,706 - ERROR - Unexpected error: 'NoneType' object cannot be interpreted as an integer
2025-07-09 13:59:25,515 - ERROR - Unexpected error: 'NoneType' object cannot be interpreted as an integer
2025-07-09 13:59:42,661 - ERROR - Unexpected error: 'NoneType' object cannot be interpreted as an integer
2025-07-09 13:59:46,505 - ERROR - Unexpected error: 'NoneType' object cannot be interpreted as an integer
2025-07-09 13:59:53,466 - ERROR - Unexpected error: 'NoneType' object cannot be interpreted as an integer
2025-07-09 14:00:13,700 - ERROR - Unexpected error: 'NoneType' object cannot be interpreted as an integer
2025-07-09 14:00:18,129 - ERROR - Unexpected error: 'NoneType' object cannot be interpreted as an integer
2025-07-09 14:00:21,236 - ERROR - Unexpected error: 'NoneType' object cannot be interpreted as an integer
2025-07-09 14:00:23,942 - ERROR - Unexpected error: 'NoneType' object cannot be interpreted as an integer
2025-07-09 14:00:24,621 - ERROR - Unexpected error: 'NoneType' object cannot be interpreted as an integer
2025-07-09 14:00:26,808 - ERROR - Unexpected error: 'NoneType' object cannot be interpreted as an integer
2025-07-09 14:00:27,544 - ERROR - Unexpected error: 'NoneType' object cannot be interpreted as an integer
2025-07-09 14:00:41,077 - ERROR - Unexpected error: 'NoneType' object cannot be interpreted as an integer
2025-07-09 14:00:43,173 - ERROR - Unexpected error: 'NoneType' object cannot be interpreted as an integer
2025-07-09 14:00:43,350 - ERROR - Unexpected error: 'NoneType' object cannot be interpreted as an integer
2025-07-09 14:00:48,356 - ERROR - Unexpected error: 'NoneType' object cannot be interpreted as an integer
2025-07-09 14:00:50,929 - ERROR - Unexpected error: 'NoneType' object cannot be interpreted as an integer
2025-07-09 14:00:54,740 - ERROR - Unexpected error: 'NoneType' object cannot be interpreted as an integer
2025-07-09 14:01:06,797 - ERROR - Unexpected error: 'NoneType' object cannot be interpreted as an integer
2025-07-09 14:01:11,721 - ERROR - Unexpected error: 'NoneType' object cannot be interpreted as an integer
2025-07-09 14:01:19,180 - ERROR - Unexpected error: 'NoneType' object cannot be interpreted as an integer
2025-07-09 14:01:33,050 - ERROR - Unexpected error: 'NoneType' object cannot be interpreted as an integer
2025-07-09 14:01:35,292 - INFO - Processed 32000 users so far
2025-07-09 14:01:38,247 - ERROR - Unexpected error: 'NoneType' object cannot be interpreted as an integer
2025-07-09 14:01:52,953 - ERROR - Unexpected error: 'NoneType' object cannot be interpreted as an integer
2025-07-09 14:04:29,132 - ERROR - Unexpected error: 'NoneType' object cannot be interpreted as an integer
2025-07-09 14:04:33,903 - ERROR - Unexpected error: 'NoneType' object cannot be interpreted as an integer
2025-07-09 14:04:34,901 - ERROR - Unexpected error: 'NoneType' object cannot be interpreted as an integer
2025-07-09 14:04:42,937 - ERROR - Unexpected error: 'NoneType' object cannot be interpreted as an integer
2025-07-09 14:04:54,847 - ERROR - Unexpected error: 'NoneType' object cannot be interpreted as an integer
2025-07-09 14:04:58,869 - ERROR - Unexpected error: 'NoneType' object cannot be interpreted as an integer
2025-07-09 14:05:12,129 - ERROR - Unexpected error: 'NoneType' object cannot be interpreted as an integer
2025-07-09 14:05:14,829 - ERROR - Unexpected error: 'NoneType' object cannot be interpreted as an integer
2025-07-09 14:05:17,118 - ERROR - Unexpected error: 'NoneType' object cannot be interpreted as an integer
2025-07-09 14:05:21,208 - ERROR - Unexpected error: 'NoneType' object cannot be interpreted as an integer
2025-07-09 14:05:21,829 - ERROR - Unexpected error: 'NoneType' object cannot be interpreted as an integer
2025-07-09 14:05:24,575 - ERROR - Unexpected error: 'NoneType' object cannot be interpreted as an integer
2025-07-09 14:05:37,235 - ERROR - Unexpected error: 'NoneType' object cannot be interpreted as an integer
2025-07-09 14:05:47,792 - ERROR - Unexpected error: 'NoneType' object cannot be interpreted as an integer
2025-07-09 14:06:10,495 - ERROR - Unexpected error: 'NoneType' object cannot be interpreted as an integer
2025-07-09 14:06:13,229 - ERROR - Unexpected error: 'NoneType' object cannot be interpreted as an integer
2025-07-09 14:06:17,741 - ERROR - Unexpected error: 'NoneType' object cannot be interpreted as an integer
2025-07-09 14:06:24,739 - ERROR - Unexpected error: 'NoneType' object cannot be interpreted as an integer
2025-07-09 14:06:38,694 - ERROR - Unexpected error: 'NoneType' object cannot be interpreted as an integer
2025-07-09 14:06:39,022 - ERROR - Unexpected error: 'NoneType' object cannot be interpreted as an integer
2025-07-09 14:06:59,329 - ERROR - Unexpected error: 'NoneType' object cannot be interpreted as an integer
2025-07-09 14:07:02,020 - ERROR - Unexpected error: 'NoneType' object cannot be interpreted as an integer
2025-07-09 14:07:02,369 - ERROR - Unexpected error: 'NoneType' object cannot be interpreted as an integer
2025-07-09 14:07:07,769 - ERROR - Unexpected error: 'NoneType' object cannot be interpreted as an integer
2025-07-09 14:07:08,939 - ERROR - Unexpected error: 'NoneType' object cannot be interpreted as an integer
2025-07-09 14:07:14,852 - ERROR - Unexpected error: 'NoneType' object cannot be interpreted as an integer
2025-07-09 14:07:32,297 - ERROR - Unexpected error: 'NoneType' object cannot be interpreted as an integer
2025-07-09 14:07:34,757 - ERROR - Unexpected error: 'NoneType' object cannot be interpreted as an integer
2025-07-09 14:07:36,094 - ERROR - Unexpected error: 'NoneType' object cannot be interpreted as an integer
2025-07-09 14:07:37,244 - ERROR - Unexpected error: 'NoneType' object cannot be interpreted as an integer
2025-07-09 14:07:39,082 - ERROR - Unexpected error: 'NoneType' object cannot be interpreted as an integer
2025-07-09 14:07:44,484 - ERROR - Unexpected error: 'NoneType' object cannot be interpreted as an integer
2025-07-09 14:08:17,639 - ERROR - Unexpected error: 'NoneType' object cannot be interpreted as an integer
2025-07-09 14:08:26,234 - ERROR - Unexpected error: 'NoneType' object cannot be interpreted as an integer
2025-07-09 14:08:27,172 - ERROR - Unexpected error: 'NoneType' object cannot be interpreted as an integer
2025-07-09 14:08:27,344 - ERROR - Unexpected error: 'NoneType' object cannot be interpreted as an integer
2025-07-09 14:08:28,445 - ERROR - Unexpected error: 'NoneType' object cannot be interpreted as an integer
2025-07-09 14:08:32,983 - ERROR - Unexpected error: 'NoneType' object cannot be interpreted as an integer
2025-07-09 14:08:41,952 - ERROR - Unexpected error: 'NoneType' object cannot be interpreted as an integer
2025-07-09 14:08:48,131 - ERROR - Unexpected error: 'NoneType' object cannot be interpreted as an integer
2025-07-09 14:08:52,528 - ERROR - Unexpected error: 'NoneType' object cannot be interpreted as an integer
2025-07-09 14:09:05,375 - ERROR - Unexpected error: 'NoneType' object cannot be interpreted as an integer
2025-07-09 14:09:06,506 - ERROR - Unexpected error: 'NoneType' object cannot be interpreted as an integer
2025-07-09 14:09:13,916 - ERROR - Unexpected error: 'NoneType' object cannot be interpreted as an integer
2025-07-09 14:09:25,305 - ERROR - Unexpected error: 'NoneType' object cannot be interpreted as an integer
2025-07-09 14:09:26,136 - ERROR - Unexpected error: 'NoneType' object cannot be interpreted as an integer
2025-07-09 14:09:31,929 - ERROR - Unexpected error: 'NoneType' object cannot be interpreted as an integer
2025-07-09 14:09:40,374 - ERROR - Unexpected error: 'NoneType' object cannot be interpreted as an integer
2025-07-09 14:09:48,450 - ERROR - Unexpected error: 'NoneType' object cannot be interpreted as an integer
2025-07-09 14:09:51,284 - ERROR - Unexpected error: 'NoneType' object cannot be interpreted as an integer
2025-07-09 14:10:13,475 - ERROR - Unexpected error: 'NoneType' object cannot be interpreted as an integer
2025-07-09 14:10:18,466 - ERROR - Unexpected error: 'NoneType' object cannot be interpreted as an integer
2025-07-09 14:10:19,777 - ERROR - Unexpected error: 'NoneType' object cannot be interpreted as an integer
2025-07-09 14:10:23,528 - ERROR - Unexpected error: 'NoneType' object cannot be interpreted as an integer
2025-07-09 14:10:27,139 - ERROR - Unexpected error: 'NoneType' object cannot be interpreted as an integer
2025-07-09 14:10:43,710 - ERROR - Unexpected error: 'NoneType' object cannot be interpreted as an integer
2025-07-09 14:10:44,593 - ERROR - Unexpected error: 'NoneType' object cannot be interpreted as an integer
2025-07-09 14:10:58,848 - ERROR - Unexpected error: 'NoneType' object cannot be interpreted as an integer
2025-07-09 14:11:04,306 - ERROR - Unexpected error: 'NoneType' object cannot be interpreted as an integer
2025-07-09 14:11:06,265 - ERROR - Unexpected error: 'NoneType' object cannot be interpreted as an integer
2025-07-09 14:11:20,242 - ERROR - Unexpected error: 'NoneType' object cannot be interpreted as an integer
2025-07-09 14:11:25,311 - ERROR - Unexpected error: 'NoneType' object cannot be interpreted as an integer
2025-07-09 14:11:29,033 - ERROR - Unexpected error: 'NoneType' object cannot be interpreted as an integer
2025-07-09 14:11:35,898 - ERROR - Unexpected error: 'NoneType' object cannot be interpreted as an integer
2025-07-09 14:11:59,324 - ERROR - Unexpected error: 'NoneType' object cannot be interpreted as an integer
2025-07-09 14:11:59,610 - ERROR - Unexpected error: 'NoneType' object cannot be interpreted as an integer
2025-07-09 14:12:10,450 - ERROR - Unexpected error: 'NoneType' object cannot be interpreted as an integer
2025-07-09 14:12:18,344 - ERROR - Unexpected error: 'NoneType' object cannot be interpreted as an integer
2025-07-09 14:12:19,910 - ERROR - Unexpected error: 'NoneType' object cannot be interpreted as an integer
2025-07-09 14:12:20,836 - ERROR - Unexpected error: 'NoneType' object cannot be interpreted as an integer
2025-07-09 14:12:21,753 - ERROR - Unexpected error: 'NoneType' object cannot be interpreted as an integer
2025-07-09 14:12:25,838 - ERROR - Unexpected error: 'NoneType' object cannot be interpreted as an integer
2025-07-09 14:12:29,286 - ERROR - Unexpected error: 'NoneType' object cannot be interpreted as an integer
2025-07-09 14:12:31,113 - ERROR - Unexpected error: 'NoneType' object cannot be interpreted as an integer
2025-07-09 14:12:33,522 - ERROR - Unexpected error: 'NoneType' object cannot be interpreted as an integer
2025-07-09 14:12:41,275 - ERROR - Unexpected error: 'NoneType' object cannot be interpreted as an integer
2025-07-09 14:12:50,086 - ERROR - Unexpected error: 'NoneType' object cannot be interpreted as an integer
2025-07-09 14:12:50,735 - ERROR - Unexpected error: 'NoneType' object cannot be interpreted as an integer
2025-07-09 14:12:51,873 - ERROR - Unexpected error: 'NoneType' object cannot be interpreted as an integer
2025-07-09 14:13:08,453 - ERROR - Unexpected error: 'NoneType' object cannot be interpreted as an integer
2025-07-09 14:13:11,792 - ERROR - Unexpected error: 'NoneType' object cannot be interpreted as an integer
2025-07-09 14:13:17,482 - ERROR - Unexpected error: 'NoneType' object cannot be interpreted as an integer
2025-07-09 14:13:27,340 - ERROR - Unexpected error: 'NoneType' object cannot be interpreted as an integer
2025-07-09 14:13:38,032 - ERROR - Unexpected error: 'NoneType' object cannot be interpreted as an integer
2025-07-09 14:13:49,520 - INFO - Processed 34000 users so far
2025-07-09 14:13:54,205 - ERROR - Unexpected error: 'NoneType' object cannot be interpreted as an integer
2025-07-09 14:13:56,691 - ERROR - Unexpected error: 'NoneType' object cannot be interpreted as an integer
2025-07-09 14:13:57,171 - ERROR - Unexpected error: 'NoneType' object cannot be interpreted as an integer
2025-07-09 14:14:06,609 - ERROR - Unexpected error: 'NoneType' object cannot be interpreted as an integer
2025-07-09 14:14:20,369 - ERROR - Unexpected error: 'NoneType' object cannot be interpreted as an integer
2025-07-09 14:14:27,175 - ERROR - Unexpected error: 'NoneType' object cannot be interpreted as an integer
2025-07-09 14:14:35,119 - ERROR - Unexpected error: 'NoneType' object cannot be interpreted as an integer
2025-07-09 14:14:46,519 - ERROR - Unexpected error: 'NoneType' object cannot be interpreted as an integer
2025-07-09 14:14:47,588 - ERROR - Unexpected error: 'NoneType' object cannot be interpreted as an integer
2025-07-09 14:15:06,351 - ERROR - Unexpected error: 'NoneType' object cannot be interpreted as an integer
2025-07-09 14:15:06,859 - ERROR - Unexpected error: 'NoneType' object cannot be interpreted as an integer
2025-07-09 14:15:09,632 - ERROR - Unexpected error: 'NoneType' object cannot be interpreted as an integer
2025-07-09 14:15:20,622 - ERROR - Unexpected error: 'NoneType' object cannot be interpreted as an integer
2025-07-09 14:15:21,774 - ERROR - Unexpected error: 'NoneType' object cannot be interpreted as an integer
2025-07-09 14:15:32,133 - ERROR - Unexpected error: 'NoneType' object cannot be interpreted as an integer
2025-07-09 14:15:34,224 - ERROR - Unexpected error: 'NoneType' object cannot be interpreted as an integer
2025-07-09 14:15:41,141 - ERROR - Unexpected error: 'NoneType' object cannot be interpreted as an integer
2025-07-09 14:15:43,947 - ERROR - Unexpected error: 'NoneType' object cannot be interpreted as an integer
2025-07-09 14:16:11,418 - ERROR - Unexpected error: 'NoneType' object cannot be interpreted as an integer
2025-07-09 14:16:11,929 - ERROR - Unexpected error: 'NoneType' object cannot be interpreted as an integer
2025-07-09 14:16:25,604 - ERROR - Unexpected error: 'NoneType' object cannot be interpreted as an integer
2025-07-09 14:16:26,164 - ERROR - Unexpected error: 'NoneType' object cannot be interpreted as an integer
2025-07-09 14:16:29,316 - ERROR - Unexpected error: 'NoneType' object cannot be interpreted as an integer
2025-07-09 14:16:32,217 - ERROR - Unexpected error: 'NoneType' object cannot be interpreted as an integer
2025-07-09 14:16:36,352 - ERROR - Unexpected error: 'NoneType' object cannot be interpreted as an integer
2025-07-09 14:16:43,206 - ERROR - Unexpected error: 'NoneType' object cannot be interpreted as an integer
2025-07-09 14:16:52,569 - ERROR - Unexpected error: 'NoneType' object cannot be interpreted as an integer
2025-07-09 14:16:58,546 - ERROR - Unexpected error: 'NoneType' object cannot be interpreted as an integer
2025-07-09 14:17:00,568 - ERROR - Unexpected error: 'NoneType' object cannot be interpreted as an integer
2025-07-09 14:17:19,669 - ERROR - Unexpected error: 'NoneType' object cannot be interpreted as an integer
2025-07-09 14:17:22,475 - ERROR - Unexpected error: 'NoneType' object cannot be interpreted as an integer
2025-07-09 14:17:24,739 - ERROR - Unexpected error: 'NoneType' object cannot be interpreted as an integer
2025-07-09 14:17:32,246 - ERROR - Unexpected error: 'NoneType' object cannot be interpreted as an integer
2025-07-09 14:17:44,181 - ERROR - Unexpected error: 'NoneType' object cannot be interpreted as an integer
2025-07-09 14:17:47,385 - ERROR - Unexpected error: 'NoneType' object cannot be interpreted as an integer
2025-07-09 14:18:11,200 - ERROR - Unexpected error: 'NoneType' object cannot be interpreted as an integer
2025-07-09 14:18:18,468 - ERROR - Unexpected error: 'NoneType' object cannot be interpreted as an integer
2025-07-09 14:18:22,317 - ERROR - Unexpected error: 'NoneType' object cannot be interpreted as an integer
2025-07-09 14:18:23,377 - ERROR - Unexpected error: 'NoneType' object cannot be interpreted as an integer
2025-07-09 14:18:30,277 - ERROR - Unexpected error: 'NoneType' object cannot be interpreted as an integer
2025-07-09 14:18:35,751 - ERROR - Unexpected error: 'NoneType' object cannot be interpreted as an integer
2025-07-09 14:18:49,034 - ERROR - Unexpected error: 'NoneType' object cannot be interpreted as an integer
2025-07-09 14:18:54,475 - ERROR - Unexpected error: 'NoneType' object cannot be interpreted as an integer
2025-07-09 14:19:13,259 - ERROR - Unexpected error: 'NoneType' object cannot be interpreted as an integer
2025-07-09 14:19:19,760 - ERROR - Unexpected error: 'NoneType' object cannot be interpreted as an integer
2025-07-09 14:19:25,843 - ERROR - Unexpected error: 'NoneType' object cannot be interpreted as an integer
2025-07-09 14:19:46,050 - ERROR - Unexpected error: 'NoneType' object cannot be interpreted as an integer
2025-07-09 14:19:47,040 - ERROR - Unexpected error: 'NoneType' object cannot be interpreted as an integer
2025-07-09 14:19:53,324 - ERROR - Unexpected error: 'NoneType' object cannot be interpreted as an integer
2025-07-09 14:19:54,698 - ERROR - Unexpected error: 'NoneType' object cannot be interpreted as an integer
2025-07-09 14:19:59,724 - ERROR - Unexpected error: 'NoneType' object cannot be interpreted as an integer
2025-07-09 14:20:08,925 - ERROR - Unexpected error: 'NoneType' object cannot be interpreted as an integer
2025-07-09 14:20:09,878 - ERROR - Unexpected error: 'NoneType' object cannot be interpreted as an integer
2025-07-09 14:20:18,950 - ERROR - Unexpected error: 'NoneType' object cannot be interpreted as an integer
2025-07-09 14:20:23,462 - ERROR - Unexpected error: 'NoneType' object cannot be interpreted as an integer
2025-07-09 14:20:28,514 - ERROR - Unexpected error: 'NoneType' object cannot be interpreted as an integer
2025-07-09 14:20:29,483 - ERROR - Unexpected error: 'NoneType' object cannot be interpreted as an integer
2025-07-09 14:20:33,339 - ERROR - Unexpected error: 'NoneType' object cannot be interpreted as an integer
2025-07-09 14:20:42,250 - ERROR - Unexpected error: 'NoneType' object cannot be interpreted as an integer
2025-07-09 14:20:50,133 - ERROR - Unexpected error: 'NoneType' object cannot be interpreted as an integer
2025-07-09 14:20:55,585 - ERROR - Unexpected error: 'NoneType' object cannot be interpreted as an integer
2025-07-09 14:20:59,465 - ERROR - Unexpected error: 'NoneType' object cannot be interpreted as an integer
2025-07-09 14:21:11,267 - ERROR - Unexpected error: 'NoneType' object cannot be interpreted as an integer
2025-07-09 14:21:13,483 - ERROR - Unexpected error: 'NoneType' object cannot be interpreted as an integer
2025-07-09 14:21:15,423 - ERROR - Unexpected error: 'NoneType' object cannot be interpreted as an integer
2025-07-09 14:21:16,539 - ERROR - Unexpected error: 'NoneType' object cannot be interpreted as an integer
2025-07-09 14:21:29,752 - ERROR - Unexpected error: 'NoneType' object cannot be interpreted as an integer
2025-07-09 14:21:31,091 - ERROR - Unexpected error: 'NoneType' object cannot be interpreted as an integer
2025-07-09 14:21:35,645 - ERROR - Unexpected error: 'NoneType' object cannot be interpreted as an integer
2025-07-09 14:21:45,377 - ERROR - Unexpected error: 'NoneType' object cannot be interpreted as an integer
2025-07-09 14:21:46,377 - ERROR - Unexpected error: 'NoneType' object cannot be interpreted as an integer
2025-07-09 14:21:47,905 - ERROR - Unexpected error: 'NoneType' object cannot be interpreted as an integer
2025-07-09 14:21:48,213 - ERROR - Unexpected error: 'NoneType' object cannot be interpreted as an integer
2025-07-09 14:21:55,447 - ERROR - Unexpected error: 'NoneType' object cannot be interpreted as an integer
2025-07-09 14:21:56,262 - ERROR - Unexpected error: 'NoneType' object cannot be interpreted as an integer
2025-07-09 14:22:08,570 - ERROR - Unexpected error: 'NoneType' object cannot be interpreted as an integer
2025-07-09 14:22:17,091 - ERROR - Unexpected error: 'NoneType' object cannot be interpreted as an integer
2025-07-09 14:22:32,971 - ERROR - Unexpected error: 'NoneType' object cannot be interpreted as an integer
2025-07-09 14:22:45,861 - ERROR - Unexpected error: 'NoneType' object cannot be interpreted as an integer
2025-07-09 14:22:46,215 - ERROR - Unexpected error: 'NoneType' object cannot be interpreted as an integer
2025-07-09 14:22:49,571 - ERROR - Unexpected error: 'NoneType' object cannot be interpreted as an integer
2025-07-09 14:22:50,797 - ERROR - Unexpected error: 'NoneType' object cannot be interpreted as an integer
2025-07-09 14:22:55,381 - ERROR - Unexpected error: 'NoneType' object cannot be interpreted as an integer
2025-07-09 14:22:59,228 - ERROR - Unexpected error: 'NoneType' object cannot be interpreted as an integer
2025-07-09 14:23:09,845 - ERROR - Unexpected error: 'NoneType' object cannot be interpreted as an integer
2025-07-09 14:23:11,734 - ERROR - Unexpected error: 'NoneType' object cannot be interpreted as an integer
2025-07-09 14:23:12,906 - INFO - Processed 36000 users so far
2025-07-09 14:23:14,234 - ERROR - Unexpected error: 'NoneType' object cannot be interpreted as an integer
2025-07-09 14:23:18,601 - ERROR - Unexpected error: 'NoneType' object cannot be interpreted as an integer
2025-07-09 14:23:20,102 - ERROR - Unexpected error: 'NoneType' object cannot be interpreted as an integer
2025-07-09 14:23:21,269 - ERROR - Unexpected error: 'NoneType' object cannot be interpreted as an integer
2025-07-09 14:23:28,944 - ERROR - Unexpected error: 'NoneType' object cannot be interpreted as an integer
2025-07-09 14:23:32,333 - ERROR - Unexpected error: 'NoneType' object cannot be interpreted as an integer
2025-07-09 14:23:32,971 - ERROR - Unexpected error: 'NoneType' object cannot be interpreted as an integer
2025-07-09 14:23:49,237 - ERROR - Unexpected error: 'NoneType' object cannot be interpreted as an integer
2025-07-09 14:23:52,571 - ERROR - Request failed: 422 Client Error: Unprocessable Entity for url: https://arctic-shift.photon-reddit.com/api/posts/search?author=ComfortableMaster543&after=1641016800&before=1745989200&limit=auto&sort=asc&meta-app=download-tool
2025-07-09 14:23:55,721 - ERROR - Request failed: 422 Client Error: Unprocessable Entity for url: https://arctic-shift.photon-reddit.com/api/posts/search?author=earthlingneuron&after=1641016800&before=1745989200&limit=auto&sort=asc&meta-app=download-tool
2025-07-09 14:23:58,862 - ERROR - Unexpected error: 'NoneType' object cannot be interpreted as an integer
2025-07-09 14:24:04,495 - ERROR - Unexpected error: 'NoneType' object cannot be interpreted as an integer
2025-07-09 14:24:04,791 - ERROR - Unexpected error: 'NoneType' object cannot be interpreted as an integer
2025-07-09 14:24:19,396 - ERROR - Unexpected error: 'NoneType' object cannot be interpreted as an integer
2025-07-09 14:24:25,242 - ERROR - Unexpected error: 'NoneType' object cannot be interpreted as an integer
2025-07-09 14:24:50,317 - ERROR - Unexpected error: 'NoneType' object cannot be interpreted as an integer
2025-07-09 14:24:53,835 - ERROR - Unexpected error: 'NoneType' object cannot be interpreted as an integer
2025-07-09 14:25:02,259 - ERROR - Unexpected error: 'NoneType' object cannot be interpreted as an integer
2025-07-09 14:25:25,531 - ERROR - Unexpected error: 'NoneType' object cannot be interpreted as an integer
2025-07-09 14:25:29,842 - ERROR - Unexpected error: 'NoneType' object cannot be interpreted as an integer
2025-07-09 14:25:31,123 - ERROR - Unexpected error: 'NoneType' object cannot be interpreted as an integer
2025-07-09 14:25:31,322 - ERROR - Unexpected error: 'NoneType' object cannot be interpreted as an integer
2025-07-09 14:25:47,590 - ERROR - Unexpected error: 'NoneType' object cannot be interpreted as an integer
2025-07-09 14:25:54,850 - ERROR - Unexpected error: 'NoneType' object cannot be interpreted as an integer
2025-07-09 14:25:58,245 - ERROR - Unexpected error: 'NoneType' object cannot be interpreted as an integer
2025-07-09 14:26:00,086 - ERROR - Unexpected error: 'NoneType' object cannot be interpreted as an integer
2025-07-09 14:26:03,024 - ERROR - Unexpected error: 'NoneType' object cannot be interpreted as an integer
2025-07-09 14:26:04,414 - ERROR - Unexpected error: 'NoneType' object cannot be interpreted as an integer
2025-07-09 14:26:05,087 - ERROR - Unexpected error: 'NoneType' object cannot be interpreted as an integer
2025-07-09 14:26:14,495 - ERROR - Unexpected error: 'NoneType' object cannot be interpreted as an integer
2025-07-09 14:26:43,268 - ERROR - Unexpected error: 'NoneType' object cannot be interpreted as an integer
2025-07-09 14:26:58,719 - ERROR - Unexpected error: 'NoneType' object cannot be interpreted as an integer
2025-07-09 14:27:05,586 - ERROR - Unexpected error: 'NoneType' object cannot be interpreted as an integer
2025-07-09 14:27:06,272 - ERROR - Unexpected error: 'NoneType' object cannot be interpreted as an integer
2025-07-09 14:27:09,355 - ERROR - Unexpected error: 'NoneType' object cannot be interpreted as an integer
2025-07-09 14:27:53,998 - ERROR - Unexpected error: 'NoneType' object cannot be interpreted as an integer
2025-07-09 14:28:16,165 - ERROR - Unexpected error: 'NoneType' object cannot be interpreted as an integer
2025-07-09 14:28:32,740 - ERROR - Unexpected error: 'NoneType' object cannot be interpreted as an integer
2025-07-09 14:28:42,316 - ERROR - Unexpected error: 'NoneType' object cannot be interpreted as an integer
2025-07-09 14:28:42,477 - ERROR - Unexpected error: 'NoneType' object cannot be interpreted as an integer
2025-07-09 14:28:43,569 - ERROR - Unexpected error: 'NoneType' object cannot be interpreted as an integer
2025-07-09 14:28:55,896 - ERROR - Unexpected error: 'NoneType' object cannot be interpreted as an integer
2025-07-09 14:29:00,211 - ERROR - Unexpected error: 'NoneType' object cannot be interpreted as an integer
2025-07-09 14:29:26,739 - ERROR - Unexpected error: 'NoneType' object cannot be interpreted as an integer
2025-07-09 14:29:33,654 - ERROR - Unexpected error: 'NoneType' object cannot be interpreted as an integer
2025-07-09 14:29:38,849 - ERROR - Unexpected error: 'NoneType' object cannot be interpreted as an integer
2025-07-09 14:29:49,046 - ERROR - Unexpected error: 'NoneType' object cannot be interpreted as an integer
2025-07-09 14:29:56,692 - ERROR - Unexpected error: 'NoneType' object cannot be interpreted as an integer
2025-07-09 14:29:59,739 - ERROR - Unexpected error: 'NoneType' object cannot be interpreted as an integer
2025-07-09 14:30:22,306 - ERROR - Unexpected error: 'NoneType' object cannot be interpreted as an integer
2025-07-09 14:30:25,954 - ERROR - Unexpected error: 'NoneType' object cannot be interpreted as an integer
2025-07-09 14:30:32,313 - ERROR - Unexpected error: 'NoneType' object cannot be interpreted as an integer
2025-07-09 14:30:41,252 - ERROR - Unexpected error: 'NoneType' object cannot be interpreted as an integer
2025-07-09 14:30:42,636 - ERROR - Unexpected error: 'NoneType' object cannot be interpreted as an integer
2025-07-09 14:30:53,676 - ERROR - Unexpected error: 'NoneType' object cannot be interpreted as an integer
2025-07-09 14:30:55,888 - ERROR - Unexpected error: 'NoneType' object cannot be interpreted as an integer
2025-07-09 14:31:08,965 - ERROR - Unexpected error: 'NoneType' object cannot be interpreted as an integer
2025-07-09 14:31:10,733 - ERROR - Unexpected error: 'NoneType' object cannot be interpreted as an integer
2025-07-09 14:31:18,442 - ERROR - Unexpected error: 'NoneType' object cannot be interpreted as an integer
2025-07-09 14:31:19,930 - ERROR - Unexpected error: 'NoneType' object cannot be interpreted as an integer
2025-07-09 14:31:35,656 - ERROR - Unexpected error: 'NoneType' object cannot be interpreted as an integer
2025-07-09 14:32:07,880 - ERROR - Unexpected error: 'NoneType' object cannot be interpreted as an integer
2025-07-09 14:32:18,341 - ERROR - Unexpected error: 'NoneType' object cannot be interpreted as an integer
2025-07-09 14:32:21,386 - ERROR - Unexpected error: 'NoneType' object cannot be interpreted as an integer
2025-07-09 14:32:26,327 - ERROR - Unexpected error: 'NoneType' object cannot be interpreted as an integer
2025-07-09 14:32:29,318 - ERROR - Unexpected error: 'NoneType' object cannot be interpreted as an integer
2025-07-09 14:32:33,644 - ERROR - Unexpected error: 'NoneType' object cannot be interpreted as an integer
2025-07-09 14:32:37,022 - ERROR - Unexpected error: 'NoneType' object cannot be interpreted as an integer
2025-07-09 14:32:45,866 - ERROR - Unexpected error: 'NoneType' object cannot be interpreted as an integer
2025-07-09 14:32:53,452 - INFO - Processed 38000 users so far
2025-07-09 14:33:02,977 - ERROR - Unexpected error: 'NoneType' object cannot be interpreted as an integer
2025-07-09 14:33:27,785 - ERROR - Unexpected error: 'NoneType' object cannot be interpreted as an integer
2025-07-09 14:33:35,182 - ERROR - Unexpected error: 'NoneType' object cannot be interpreted as an integer
2025-07-09 14:33:37,332 - ERROR - Unexpected error: 'NoneType' object cannot be interpreted as an integer
2025-07-09 14:33:41,648 - ERROR - Unexpected error: 'NoneType' object cannot be interpreted as an integer
2025-07-09 14:33:44,619 - ERROR - Unexpected error: 'NoneType' object cannot be interpreted as an integer
2025-07-09 14:33:52,113 - ERROR - Unexpected error: 'NoneType' object cannot be interpreted as an integer
2025-07-09 14:34:01,506 - ERROR - Unexpected error: 'NoneType' object cannot be interpreted as an integer
2025-07-09 14:34:05,335 - ERROR - Unexpected error: 'NoneType' object cannot be interpreted as an integer
2025-07-09 14:34:06,818 - ERROR - Unexpected error: 'NoneType' object cannot be interpreted as an integer
2025-07-09 14:34:10,327 - ERROR - Unexpected error: 'NoneType' object cannot be interpreted as an integer
2025-07-09 14:34:13,888 - ERROR - Unexpected error: 'NoneType' object cannot be interpreted as an integer
2025-07-09 14:34:20,407 - ERROR - Unexpected error: 'NoneType' object cannot be interpreted as an integer
2025-07-09 14:34:22,657 - ERROR - Unexpected error: 'NoneType' object cannot be interpreted as an integer
2025-07-09 14:34:28,760 - ERROR - Unexpected error: 'NoneType' object cannot be interpreted as an integer
2025-07-09 14:34:29,554 - ERROR - Unexpected error: 'NoneType' object cannot be interpreted as an integer
2025-07-09 14:34:33,783 - ERROR - Unexpected error: 'NoneType' object cannot be interpreted as an integer
2025-07-09 14:34:39,095 - ERROR - Unexpected error: 'NoneType' object cannot be interpreted as an integer
2025-07-09 14:34:41,349 - ERROR - Unexpected error: 'NoneType' object cannot be interpreted as an integer
2025-07-09 14:34:45,493 - ERROR - Unexpected error: 'NoneType' object cannot be interpreted as an integer
2025-07-09 14:34:58,984 - ERROR - Unexpected error: 'NoneType' object cannot be interpreted as an integer
2025-07-09 14:35:03,514 - ERROR - Unexpected error: 'NoneType' object cannot be interpreted as an integer
2025-07-09 14:35:41,075 - ERROR - Unexpected error: 'NoneType' object cannot be interpreted as an integer
2025-07-09 14:35:41,405 - ERROR - Unexpected error: 'NoneType' object cannot be interpreted as an integer
2025-07-09 14:35:49,762 - ERROR - Unexpected error: 'NoneType' object cannot be interpreted as an integer
2025-07-09 14:35:52,001 - ERROR - Unexpected error: 'NoneType' object cannot be interpreted as an integer
2025-07-09 14:35:57,028 - ERROR - Unexpected error: 'NoneType' object cannot be interpreted as an integer
2025-07-09 14:35:59,526 - ERROR - Unexpected error: 'NoneType' object cannot be interpreted as an integer
2025-07-09 14:36:27,454 - ERROR - Unexpected error: 'NoneType' object cannot be interpreted as an integer
2025-07-09 14:36:28,178 - ERROR - Unexpected error: 'NoneType' object cannot be interpreted as an integer
2025-07-09 14:36:28,569 - ERROR - Unexpected error: 'NoneType' object cannot be interpreted as an integer
2025-07-09 14:36:34,341 - ERROR - Unexpected error: 'NoneType' object cannot be interpreted as an integer
2025-07-09 14:36:42,351 - ERROR - Unexpected error: 'NoneType' object cannot be interpreted as an integer
2025-07-09 14:36:42,840 - ERROR - Unexpected error: 'NoneType' object cannot be interpreted as an integer
2025-07-09 14:36:51,057 - ERROR - Unexpected error: 'NoneType' object cannot be interpreted as an integer
2025-07-09 14:36:55,705 - ERROR - Unexpected error: 'NoneType' object cannot be interpreted as an integer
2025-07-09 14:36:58,628 - ERROR - Unexpected error: 'NoneType' object cannot be interpreted as an integer
2025-07-09 14:36:59,021 - ERROR - Unexpected error: 'NoneType' object cannot be interpreted as an integer
2025-07-09 14:37:24,630 - ERROR - Unexpected error: 'NoneType' object cannot be interpreted as an integer
2025-07-09 14:37:43,032 - ERROR - Unexpected error: 'NoneType' object cannot be interpreted as an integer
2025-07-09 14:38:06,826 - ERROR - Unexpected error: 'NoneType' object cannot be interpreted as an integer
2025-07-09 14:38:12,527 - ERROR - Unexpected error: 'NoneType' object cannot be interpreted as an integer
2025-07-09 14:38:14,897 - ERROR - Unexpected error: 'NoneType' object cannot be interpreted as an integer
2025-07-09 14:38:23,214 - ERROR - Unexpected error: 'NoneType' object cannot be interpreted as an integer
2025-07-09 14:38:23,839 - ERROR - Unexpected error: 'NoneType' object cannot be interpreted as an integer
2025-07-09 14:38:26,033 - ERROR - Unexpected error: 'NoneType' object cannot be interpreted as an integer
2025-07-09 14:38:38,301 - ERROR - Unexpected error: 'NoneType' object cannot be interpreted as an integer
2025-07-09 14:38:41,894 - ERROR - Unexpected error: 'NoneType' object cannot be interpreted as an integer
2025-07-09 14:38:43,358 - ERROR - Unexpected error: 'NoneType' object cannot be interpreted as an integer
2025-07-09 14:38:45,222 - ERROR - Unexpected error: 'NoneType' object cannot be interpreted as an integer
2025-07-09 14:38:45,857 - ERROR - Unexpected error: 'NoneType' object cannot be interpreted as an integer
2025-07-09 14:39:02,658 - ERROR - Unexpected error: 'NoneType' object cannot be interpreted as an integer
2025-07-09 14:39:06,087 - ERROR - Unexpected error: 'NoneType' object cannot be interpreted as an integer
2025-07-09 14:39:11,395 - ERROR - Unexpected error: 'NoneType' object cannot be interpreted as an integer
2025-07-09 14:39:11,851 - ERROR - Unexpected error: 'NoneType' object cannot be interpreted as an integer
2025-07-09 14:39:19,541 - ERROR - Unexpected error: 'NoneType' object cannot be interpreted as an integer
2025-07-09 14:39:27,237 - ERROR - Unexpected error: 'NoneType' object cannot be interpreted as an integer
2025-07-09 14:40:10,529 - ERROR - Unexpected error: 'NoneType' object cannot be interpreted as an integer
2025-07-09 14:40:44,262 - ERROR - Unexpected error: 'NoneType' object cannot be interpreted as an integer
2025-07-09 14:40:49,131 - ERROR - Unexpected error: 'NoneType' object cannot be interpreted as an integer
2025-07-09 14:41:02,346 - ERROR - Unexpected error: 'NoneType' object cannot be interpreted as an integer
2025-07-09 14:41:08,297 - ERROR - Unexpected error: 'NoneType' object cannot be interpreted as an integer
2025-07-09 14:41:15,664 - ERROR - Unexpected error: 'NoneType' object cannot be interpreted as an integer
2025-07-09 14:41:21,377 - ERROR - Unexpected error: 'NoneType' object cannot be interpreted as an integer
2025-07-09 14:41:27,935 - ERROR - Unexpected error: 'NoneType' object cannot be interpreted as an integer
2025-07-09 14:41:34,532 - ERROR - Unexpected error: 'NoneType' object cannot be interpreted as an integer
2025-07-09 14:41:35,050 - ERROR - Unexpected error: 'NoneType' object cannot be interpreted as an integer
2025-07-09 14:41:52,195 - ERROR - Unexpected error: 'NoneType' object cannot be interpreted as an integer
2025-07-09 14:42:00,254 - ERROR - Unexpected error: 'NoneType' object cannot be interpreted as an integer
2025-07-09 14:42:01,385 - ERROR - Unexpected error: 'NoneType' object cannot be interpreted as an integer
2025-07-09 14:42:18,082 - ERROR - Unexpected error: 'NoneType' object cannot be interpreted as an integer
2025-07-09 14:42:21,444 - ERROR - Unexpected error: 'NoneType' object cannot be interpreted as an integer
2025-07-09 14:42:22,198 - ERROR - Unexpected error: 'NoneType' object cannot be interpreted as an integer
2025-07-09 14:42:39,602 - ERROR - Unexpected error: 'NoneType' object cannot be interpreted as an integer
2025-07-09 14:42:45,206 - ERROR - Unexpected error: 'NoneType' object cannot be interpreted as an integer
2025-07-09 14:42:46,005 - ERROR - Unexpected error: 'NoneType' object cannot be interpreted as an integer
2025-07-09 14:42:55,000 - ERROR - Unexpected error: 'NoneType' object cannot be interpreted as an integer
2025-07-09 14:43:03,882 - ERROR - Unexpected error: 'NoneType' object cannot be interpreted as an integer
2025-07-09 14:43:21,681 - INFO - Processed 40000 users so far
2025-07-09 14:43:30,887 - ERROR - Unexpected error: 'NoneType' object cannot be interpreted as an integer
2025-07-09 14:43:37,392 - ERROR - Unexpected error: 'NoneType' object cannot be interpreted as an integer
2025-07-09 14:43:39,124 - ERROR - Unexpected error: 'NoneType' object cannot be interpreted as an integer
2025-07-09 14:43:44,476 - ERROR - Unexpected error: 'NoneType' object cannot be interpreted as an integer
2025-07-09 14:43:45,002 - ERROR - Unexpected error: 'NoneType' object cannot be interpreted as an integer
2025-07-09 14:43:59,826 - ERROR - Unexpected error: 'NoneType' object cannot be interpreted as an integer
2025-07-09 14:44:04,169 - ERROR - Unexpected error: 'NoneType' object cannot be interpreted as an integer
2025-07-09 14:44:05,257 - ERROR - Unexpected error: 'NoneType' object cannot be interpreted as an integer
2025-07-09 14:44:09,836 - ERROR - Unexpected error: 'NoneType' object cannot be interpreted as an integer
2025-07-09 14:44:41,363 - ERROR - Unexpected error: 'NoneType' object cannot be interpreted as an integer
2025-07-09 14:45:01,386 - ERROR - Unexpected error: 'NoneType' object cannot be interpreted as an integer
2025-07-09 14:45:02,371 - ERROR - Unexpected error: 'NoneType' object cannot be interpreted as an integer
2025-07-09 14:45:07,758 - ERROR - Unexpected error: 'NoneType' object cannot be interpreted as an integer
2025-07-09 14:45:20,570 - ERROR - Unexpected error: 'NoneType' object cannot be interpreted as an integer
2025-07-09 14:45:27,414 - ERROR - Unexpected error: 'NoneType' object cannot be interpreted as an integer
2025-07-09 14:45:45,562 - ERROR - Unexpected error: 'NoneType' object cannot be interpreted as an integer
2025-07-09 14:45:57,084 - ERROR - Unexpected error: 'NoneType' object cannot be interpreted as an integer
2025-07-09 14:46:14,421 - ERROR - Unexpected error: 'NoneType' object cannot be interpreted as an integer
2025-07-09 14:46:16,652 - ERROR - Unexpected error: 'NoneType' object cannot be interpreted as an integer
2025-07-09 14:46:47,887 - ERROR - Unexpected error: 'NoneType' object cannot be interpreted as an integer
2025-07-09 14:46:57,769 - ERROR - Unexpected error: 'NoneType' object cannot be interpreted as an integer
2025-07-09 14:47:11,573 - ERROR - Unexpected error: 'NoneType' object cannot be interpreted as an integer
2025-07-09 14:47:16,968 - ERROR - Unexpected error: 'NoneType' object cannot be interpreted as an integer
2025-07-09 14:47:17,737 - ERROR - Unexpected error: 'NoneType' object cannot be interpreted as an integer
2025-07-09 14:47:29,349 - ERROR - Unexpected error: 'NoneType' object cannot be interpreted as an integer
2025-07-09 14:47:31,257 - ERROR - Unexpected error: 'NoneType' object cannot be interpreted as an integer
2025-07-09 14:47:53,360 - ERROR - Unexpected error: 'NoneType' object cannot be interpreted as an integer
2025-07-09 14:47:54,803 - ERROR - Unexpected error: 'NoneType' object cannot be interpreted as an integer
2025-07-09 14:47:56,091 - ERROR - Unexpected error: 'NoneType' object cannot be interpreted as an integer
2025-07-09 14:48:01,202 - ERROR - Unexpected error: 'NoneType' object cannot be interpreted as an integer
2025-07-09 14:48:01,375 - ERROR - Unexpected error: 'NoneType' object cannot be interpreted as an integer
2025-07-09 14:48:03,256 - ERROR - Unexpected error: 'NoneType' object cannot be interpreted as an integer
2025-07-09 14:48:12,245 - ERROR - Unexpected error: 'NoneType' object cannot be interpreted as an integer
2025-07-09 14:48:12,410 - ERROR - Unexpected error: 'NoneType' object cannot be interpreted as an integer
2025-07-09 14:48:20,620 - ERROR - Unexpected error: 'NoneType' object cannot be interpreted as an integer
2025-07-09 14:48:29,329 - ERROR - Unexpected error: 'NoneType' object cannot be interpreted as an integer
2025-07-09 14:48:43,315 - ERROR - Unexpected error: 'NoneType' object cannot be interpreted as an integer
2025-07-09 14:49:11,400 - ERROR - Unexpected error: 'NoneType' object cannot be interpreted as an integer
2025-07-09 14:49:12,880 - ERROR - Unexpected error: 'NoneType' object cannot be interpreted as an integer
2025-07-09 14:49:14,278 - ERROR - Unexpected error: 'NoneType' object cannot be interpreted as an integer
2025-07-09 14:49:24,840 - ERROR - Unexpected error: 'NoneType' object cannot be interpreted as an integer
2025-07-09 14:49:25,190 - ERROR - Unexpected error: 'NoneType' object cannot be interpreted as an integer
2025-07-09 14:49:25,836 - ERROR - Unexpected error: 'NoneType' object cannot be interpreted as an integer
2025-07-09 14:49:33,909 - ERROR - Unexpected error: 'NoneType' object cannot be interpreted as an integer
2025-07-09 14:49:34,259 - ERROR - Unexpected error: 'NoneType' object cannot be interpreted as an integer
2025-07-09 14:49:34,646 - ERROR - Unexpected error: 'NoneType' object cannot be interpreted as an integer
2025-07-09 14:49:37,945 - ERROR - Unexpected error: 'NoneType' object cannot be interpreted as an integer
2025-07-09 14:49:52,578 - ERROR - Unexpected error: 'NoneType' object cannot be interpreted as an integer
2025-07-09 14:50:14,308 - ERROR - Unexpected error: 'NoneType' object cannot be interpreted as an integer
2025-07-09 14:50:15,897 - ERROR - Unexpected error: 'NoneType' object cannot be interpreted as an integer
2025-07-09 14:50:22,053 - ERROR - Unexpected error: 'NoneType' object cannot be interpreted as an integer
2025-07-09 14:50:25,277 - ERROR - Unexpected error: 'NoneType' object cannot be interpreted as an integer
2025-07-09 14:50:42,283 - ERROR - Unexpected error: 'NoneType' object cannot be interpreted as an integer
2025-07-09 14:50:43,724 - ERROR - Unexpected error: 'NoneType' object cannot be interpreted as an integer
2025-07-09 14:50:43,899 - ERROR - Unexpected error: 'NoneType' object cannot be interpreted as an integer
2025-07-09 14:50:44,360 - ERROR - Unexpected error: 'NoneType' object cannot be interpreted as an integer
2025-07-09 14:50:48,264 - ERROR - Unexpected error: 'NoneType' object cannot be interpreted as an integer
2025-07-09 14:50:52,296 - ERROR - Unexpected error: 'NoneType' object cannot be interpreted as an integer
2025-07-09 14:51:08,934 - ERROR - Unexpected error: 'NoneType' object cannot be interpreted as an integer
2025-07-09 14:51:10,243 - ERROR - Unexpected error: 'NoneType' object cannot be interpreted as an integer
2025-07-09 14:51:11,018 - ERROR - Unexpected error: 'NoneType' object cannot be interpreted as an integer
2025-07-09 14:51:48,124 - ERROR - Unexpected error: 'NoneType' object cannot be interpreted as an integer
2025-07-09 14:51:49,082 - ERROR - Unexpected error: 'NoneType' object cannot be interpreted as an integer
2025-07-09 14:51:56,173 - ERROR - Unexpected error: 'NoneType' object cannot be interpreted as an integer
2025-07-09 14:51:57,563 - ERROR - Unexpected error: 'NoneType' object cannot be interpreted as an integer
2025-07-09 14:51:58,766 - ERROR - Unexpected error: 'NoneType' object cannot be interpreted as an integer
2025-07-09 14:52:04,419 - ERROR - Unexpected error: 'NoneType' object cannot be interpreted as an integer
2025-07-09 14:52:08,990 - ERROR - Unexpected error: 'NoneType' object cannot be interpreted as an integer
2025-07-09 14:52:09,434 - ERROR - Unexpected error: 'NoneType' object cannot be interpreted as an integer
2025-07-09 14:52:16,384 - ERROR - Unexpected error: 'NoneType' object cannot be interpreted as an integer
2025-07-09 14:52:27,050 - ERROR - Unexpected error: 'NoneType' object cannot be interpreted as an integer
2025-07-09 14:52:29,957 - ERROR - Unexpected error: 'NoneType' object cannot be interpreted as an integer
2025-07-09 14:52:55,876 - ERROR - Unexpected error: 'NoneType' object cannot be interpreted as an integer
2025-07-09 14:52:59,624 - ERROR - Unexpected error: 'NoneType' object cannot be interpreted as an integer
2025-07-09 14:53:00,358 - ERROR - Unexpected error: 'NoneType' object cannot be interpreted as an integer
2025-07-09 14:53:18,957 - ERROR - Unexpected error: 'NoneType' object cannot be interpreted as an integer
2025-07-09 14:53:25,241 - ERROR - Unexpected error: 'NoneType' object cannot be interpreted as an integer
2025-07-09 14:53:27,115 - ERROR - Unexpected error: 'NoneType' object cannot be interpreted as an integer
2025-07-09 14:53:32,539 - ERROR - Unexpected error: 'NoneType' object cannot be interpreted as an integer
2025-07-09 14:53:38,347 - ERROR - Unexpected error: 'NoneType' object cannot be interpreted as an integer
2025-07-09 14:53:41,174 - ERROR - Unexpected error: 'NoneType' object cannot be interpreted as an integer
2025-07-09 14:53:45,494 - ERROR - Request failed: 422 Client Error: Unprocessable Entity for url: https://arctic-shift.photon-reddit.com/api/posts/search?author=Chumpback&after=1641016800&before=1745989200&limit=auto&sort=asc&meta-app=download-tool
2025-07-09 14:53:51,905 - ERROR - Unexpected error: 'NoneType' object cannot be interpreted as an integer
2025-07-09 14:53:51,907 - INFO - Processed 42000 users so far
2025-07-09 14:53:55,721 - ERROR - Unexpected error: 'NoneType' object cannot be interpreted as an integer
2025-07-09 14:54:26,891 - ERROR - Unexpected error: 'NoneType' object cannot be interpreted as an integer
2025-07-09 14:54:27,062 - ERROR - Unexpected error: 'NoneType' object cannot be interpreted as an integer
2025-07-09 14:54:49,132 - ERROR - Unexpected error: 'NoneType' object cannot be interpreted as an integer
2025-07-09 14:54:50,953 - ERROR - Unexpected error: 'NoneType' object cannot be interpreted as an integer
2025-07-09 14:54:53,858 - ERROR - Unexpected error: 'NoneType' object cannot be interpreted as an integer
2025-07-09 14:54:56,662 - ERROR - Unexpected error: 'NoneType' object cannot be interpreted as an integer
2025-07-09 14:55:03,518 - ERROR - Unexpected error: 'NoneType' object cannot be interpreted as an integer
2025-07-09 14:55:10,813 - ERROR - Unexpected error: 'NoneType' object cannot be interpreted as an integer
2025-07-09 14:55:12,742 - ERROR - Unexpected error: 'NoneType' object cannot be interpreted as an integer
2025-07-09 14:55:18,751 - ERROR - Unexpected error: 'NoneType' object cannot be interpreted as an integer
2025-07-09 14:55:28,609 - ERROR - Unexpected error: 'NoneType' object cannot be interpreted as an integer
2025-07-09 14:55:31,798 - ERROR - Unexpected error: 'NoneType' object cannot be interpreted as an integer
2025-07-09 14:55:32,599 - ERROR - Unexpected error: 'NoneType' object cannot be interpreted as an integer
2025-07-09 14:55:40,314 - ERROR - Unexpected error: 'NoneType' object cannot be interpreted as an integer
2025-07-09 14:56:01,387 - ERROR - Unexpected error: 'NoneType' object cannot be interpreted as an integer
2025-07-09 14:56:02,693 - ERROR - Unexpected error: 'NoneType' object cannot be interpreted as an integer
2025-07-09 14:56:04,879 - ERROR - Unexpected error: 'NoneType' object cannot be interpreted as an integer
2025-07-09 14:56:11,008 - ERROR - Unexpected error: 'NoneType' object cannot be interpreted as an integer
2025-07-09 14:58:16,506 - ERROR - Unexpected error: 'NoneType' object cannot be interpreted as an integer
2025-07-09 14:58:25,538 - ERROR - Unexpected error: 'NoneType' object cannot be interpreted as an integer
2025-07-09 14:58:52,048 - ERROR - Unexpected error: 'NoneType' object cannot be interpreted as an integer
2025-07-09 14:59:02,426 - ERROR - Unexpected error: 'NoneType' object cannot be interpreted as an integer
2025-07-09 14:59:09,901 - ERROR - Unexpected error: 'NoneType' object cannot be interpreted as an integer
2025-07-09 14:59:27,642 - ERROR - Unexpected error: 'NoneType' object cannot be interpreted as an integer
2025-07-09 14:59:30,996 - ERROR - Unexpected error: 'NoneType' object cannot be interpreted as an integer
2025-07-09 14:59:37,385 - ERROR - Unexpected error: 'NoneType' object cannot be interpreted as an integer
2025-07-09 14:59:45,221 - ERROR - Unexpected error: 'NoneType' object cannot be interpreted as an integer
2025-07-09 15:00:03,887 - ERROR - Unexpected error: 'NoneType' object cannot be interpreted as an integer
2025-07-09 15:00:05,452 - ERROR - Unexpected error: 'NoneType' object cannot be interpreted as an integer
2025-07-09 15:00:32,614 - ERROR - Unexpected error: 'NoneType' object cannot be interpreted as an integer
2025-07-09 15:01:00,204 - ERROR - Unexpected error: 'NoneType' object cannot be interpreted as an integer
2025-07-09 15:01:22,225 - ERROR - Unexpected error: 'NoneType' object cannot be interpreted as an integer
2025-07-09 15:01:23,827 - ERROR - Unexpected error: 'NoneType' object cannot be interpreted as an integer
2025-07-09 15:01:33,715 - ERROR - Unexpected error: 'NoneType' object cannot be interpreted as an integer
2025-07-09 15:01:37,812 - ERROR - Unexpected error: 'NoneType' object cannot be interpreted as an integer
2025-07-09 15:01:54,401 - ERROR - Unexpected error: 'NoneType' object cannot be interpreted as an integer
2025-07-09 15:01:55,763 - ERROR - Unexpected error: 'NoneType' object cannot be interpreted as an integer
2025-07-09 15:01:58,441 - ERROR - Unexpected error: 'NoneType' object cannot be interpreted as an integer
2025-07-09 15:02:03,220 - ERROR - Unexpected error: 'NoneType' object cannot be interpreted as an integer
2025-07-09 15:02:05,138 - ERROR - Unexpected error: 'NoneType' object cannot be interpreted as an integer
2025-07-09 15:02:08,122 - ERROR - Unexpected error: 'NoneType' object cannot be interpreted as an integer
2025-07-09 15:02:17,267 - ERROR - Unexpected error: 'NoneType' object cannot be interpreted as an integer
2025-07-09 15:02:36,246 - ERROR - Unexpected error: 'NoneType' object cannot be interpreted as an integer
2025-07-09 15:03:03,217 - ERROR - Unexpected error: 'NoneType' object cannot be interpreted as an integer
2025-07-09 15:03:03,536 - ERROR - Unexpected error: 'NoneType' object cannot be interpreted as an integer
2025-07-09 15:03:14,588 - ERROR - Unexpected error: 'NoneType' object cannot be interpreted as an integer
2025-07-09 15:03:15,990 - ERROR - Unexpected error: 'NoneType' object cannot be interpreted as an integer
2025-07-09 15:03:20,979 - ERROR - Unexpected error: 'NoneType' object cannot be interpreted as an integer
2025-07-09 15:03:24,413 - ERROR - Unexpected error: 'NoneType' object cannot be interpreted as an integer
2025-07-09 15:03:29,185 - ERROR - Unexpected error: 'NoneType' object cannot be interpreted as an integer
2025-07-09 15:03:32,225 - ERROR - Unexpected error: 'NoneType' object cannot be interpreted as an integer
2025-07-09 15:03:41,024 - ERROR - Unexpected error: 'NoneType' object cannot be interpreted as an integer
2025-07-09 15:03:43,240 - ERROR - Unexpected error: 'NoneType' object cannot be interpreted as an integer
2025-07-09 15:03:46,806 - ERROR - Unexpected error: 'NoneType' object cannot be interpreted as an integer
2025-07-09 15:04:27,539 - ERROR - Unexpected error: 'NoneType' object cannot be interpreted as an integer
2025-07-09 15:04:32,815 - ERROR - Unexpected error: 'NoneType' object cannot be interpreted as an integer
2025-07-09 15:04:40,023 - ERROR - Unexpected error: 'NoneType' object cannot be interpreted as an integer
2025-07-09 15:04:42,496 - ERROR - Unexpected error: 'NoneType' object cannot be interpreted as an integer
2025-07-09 15:04:48,076 - ERROR - Unexpected error: 'NoneType' object cannot be interpreted as an integer
2025-07-09 15:04:55,875 - ERROR - Unexpected error: 'NoneType' object cannot be interpreted as an integer
2025-07-09 15:05:06,740 - ERROR - Unexpected error: 'NoneType' object cannot be interpreted as an integer
2025-07-09 15:05:37,778 - ERROR - Unexpected error: 'NoneType' object cannot be interpreted as an integer
2025-07-09 15:05:39,034 - ERROR - Unexpected error: 'NoneType' object cannot be interpreted as an integer
2025-07-09 15:05:51,034 - ERROR - Unexpected error: 'NoneType' object cannot be interpreted as an integer
2025-07-09 15:05:53,909 - ERROR - Unexpected error: 'NoneType' object cannot be interpreted as an integer
2025-07-09 15:06:00,570 - ERROR - Unexpected error: 'NoneType' object cannot be interpreted as an integer
2025-07-09 15:06:07,343 - INFO - Processed 44000 users so far
2025-07-09 15:06:10,954 - ERROR - Unexpected error: 'NoneType' object cannot be interpreted as an integer
2025-07-09 15:06:15,736 - ERROR - Unexpected error: 'NoneType' object cannot be interpreted as an integer
2025-07-09 15:06:19,204 - ERROR - Unexpected error: 'NoneType' object cannot be interpreted as an integer
2025-07-09 15:06:20,118 - ERROR - Unexpected error: 'NoneType' object cannot be interpreted as an integer
2025-07-09 15:06:24,981 - ERROR - Unexpected error: 'NoneType' object cannot be interpreted as an integer
2025-07-09 15:06:28,271 - ERROR - Unexpected error: 'NoneType' object cannot be interpreted as an integer
2025-07-09 15:06:29,919 - ERROR - Unexpected error: 'NoneType' object cannot be interpreted as an integer
2025-07-09 15:06:35,000 - ERROR - Unexpected error: 'NoneType' object cannot be interpreted as an integer
2025-07-09 15:06:35,627 - ERROR - Unexpected error: 'NoneType' object cannot be interpreted as an integer
2025-07-09 15:06:39,428 - ERROR - Unexpected error: 'NoneType' object cannot be interpreted as an integer
2025-07-09 15:06:47,154 - ERROR - Unexpected error: 'NoneType' object cannot be interpreted as an integer
2025-07-09 15:06:47,951 - ERROR - Unexpected error: 'NoneType' object cannot be interpreted as an integer
2025-07-09 15:06:49,907 - ERROR - Unexpected error: 'NoneType' object cannot be interpreted as an integer
2025-07-09 15:07:02,560 - ERROR - Unexpected error: 'NoneType' object cannot be interpreted as an integer
2025-07-09 15:07:16,438 - ERROR - Unexpected error: 'NoneType' object cannot be interpreted as an integer
2025-07-09 15:07:26,330 - ERROR - Unexpected error: 'NoneType' object cannot be interpreted as an integer
2025-07-09 15:07:40,635 - ERROR - Unexpected error: 'NoneType' object cannot be interpreted as an integer
2025-07-09 15:07:41,357 - ERROR - Unexpected error: 'NoneType' object cannot be interpreted as an integer
2025-07-09 15:07:43,542 - ERROR - Unexpected error: 'NoneType' object cannot be interpreted as an integer
2025-07-09 15:07:44,533 - ERROR - Unexpected error: 'NoneType' object cannot be interpreted as an integer
2025-07-09 15:07:59,477 - ERROR - Unexpected error: 'NoneType' object cannot be interpreted as an integer
2025-07-09 15:08:06,724 - ERROR - Unexpected error: 'NoneType' object cannot be interpreted as an integer
2025-07-09 15:08:09,724 - ERROR - Unexpected error: 'NoneType' object cannot be interpreted as an integer
2025-07-09 15:08:11,680 - ERROR - Unexpected error: 'NoneType' object cannot be interpreted as an integer
2025-07-09 15:08:14,867 - ERROR - Unexpected error: 'NoneType' object cannot be interpreted as an integer
2025-07-09 15:08:18,345 - ERROR - Unexpected error: 'NoneType' object cannot be interpreted as an integer
2025-07-09 15:08:39,178 - ERROR - Unexpected error: 'NoneType' object cannot be interpreted as an integer
2025-07-09 15:08:44,930 - ERROR - Unexpected error: 'NoneType' object cannot be interpreted as an integer
2025-07-09 15:08:56,265 - ERROR - Unexpected error: 'NoneType' object cannot be interpreted as an integer
2025-07-09 15:08:59,529 - ERROR - Unexpected error: 'NoneType' object cannot be interpreted as an integer
2025-07-09 15:09:04,346 - ERROR - Unexpected error: 'NoneType' object cannot be interpreted as an integer
2025-07-09 15:09:04,967 - ERROR - Unexpected error: 'NoneType' object cannot be interpreted as an integer
2025-07-09 15:09:24,938 - ERROR - Unexpected error: 'NoneType' object cannot be interpreted as an integer
2025-07-09 15:09:42,177 - ERROR - Unexpected error: 'NoneType' object cannot be interpreted as an integer
2025-07-09 15:09:44,632 - ERROR - Unexpected error: 'NoneType' object cannot be interpreted as an integer
2025-07-09 15:10:08,236 - ERROR - Unexpected error: 'NoneType' object cannot be interpreted as an integer
2025-07-09 15:10:10,811 - ERROR - Unexpected error: 'NoneType' object cannot be interpreted as an integer
2025-07-09 15:10:20,641 - ERROR - Unexpected error: 'NoneType' object cannot be interpreted as an integer
2025-07-09 15:10:52,950 - ERROR - Unexpected error: 'NoneType' object cannot be interpreted as an integer
2025-07-09 15:10:55,708 - ERROR - Unexpected error: 'NoneType' object cannot be interpreted as an integer
2025-07-09 15:10:57,539 - ERROR - Unexpected error: 'NoneType' object cannot be interpreted as an integer
2025-07-09 15:11:07,695 - ERROR - Unexpected error: 'NoneType' object cannot be interpreted as an integer
2025-07-09 15:11:21,528 - ERROR - Unexpected error: 'NoneType' object cannot be interpreted as an integer
2025-07-09 15:11:37,169 - ERROR - Unexpected error: 'NoneType' object cannot be interpreted as an integer
2025-07-09 15:11:56,442 - ERROR - Unexpected error: 'NoneType' object cannot be interpreted as an integer
2025-07-09 15:12:36,136 - ERROR - Unexpected error: 'NoneType' object cannot be interpreted as an integer
2025-07-09 15:12:46,245 - ERROR - Unexpected error: 'NoneType' object cannot be interpreted as an integer
2025-07-09 15:12:51,476 - ERROR - Unexpected error: 'NoneType' object cannot be interpreted as an integer
2025-07-09 15:12:57,291 - ERROR - Unexpected error: 'NoneType' object cannot be interpreted as an integer
2025-07-09 15:12:57,922 - ERROR - Unexpected error: 'NoneType' object cannot be interpreted as an integer
2025-07-09 15:13:11,188 - ERROR - Unexpected error: 'NoneType' object cannot be interpreted as an integer
2025-07-09 15:13:12,498 - ERROR - Unexpected error: 'NoneType' object cannot be interpreted as an integer
2025-07-09 15:13:26,138 - ERROR - Unexpected error: 'NoneType' object cannot be interpreted as an integer
2025-07-09 15:13:32,922 - ERROR - Unexpected error: 'NoneType' object cannot be interpreted as an integer
2025-07-09 15:13:41,225 - ERROR - Unexpected error: 'NoneType' object cannot be interpreted as an integer
2025-07-09 15:13:44,098 - ERROR - Unexpected error: 'NoneType' object cannot be interpreted as an integer
2025-07-09 15:13:49,138 - ERROR - Unexpected error: 'NoneType' object cannot be interpreted as an integer
2025-07-09 15:13:54,445 - ERROR - Unexpected error: 'NoneType' object cannot be interpreted as an integer
2025-07-09 15:15:06,896 - ERROR - Unexpected error: 'NoneType' object cannot be interpreted as an integer
2025-07-09 15:15:17,201 - ERROR - Unexpected error: 'NoneType' object cannot be interpreted as an integer
2025-07-09 15:15:49,199 - ERROR - Unexpected error: 'NoneType' object cannot be interpreted as an integer
2025-07-09 15:15:52,284 - ERROR - Unexpected error: 'NoneType' object cannot be interpreted as an integer
2025-07-09 15:15:54,598 - ERROR - Unexpected error: 'NoneType' object cannot be interpreted as an integer
2025-07-09 15:16:01,674 - ERROR - Unexpected error: 'NoneType' object cannot be interpreted as an integer
2025-07-09 15:16:02,951 - ERROR - Unexpected error: 'NoneType' object cannot be interpreted as an integer
2025-07-09 15:16:05,695 - ERROR - Unexpected error: 'NoneType' object cannot be interpreted as an integer
2025-07-09 15:16:07,383 - ERROR - Unexpected error: 'NoneType' object cannot be interpreted as an integer
2025-07-09 15:16:11,345 - ERROR - Unexpected error: 'NoneType' object cannot be interpreted as an integer
2025-07-09 15:16:13,570 - ERROR - Unexpected error: 'NoneType' object cannot be interpreted as an integer
2025-07-09 15:16:19,730 - INFO - Processed 46000 users so far
2025-07-09 15:16:22,301 - ERROR - Unexpected error: 'NoneType' object cannot be interpreted as an integer
2025-07-09 15:16:33,170 - ERROR - Unexpected error: 'NoneType' object cannot be interpreted as an integer
2025-07-09 15:16:38,299 - ERROR - Unexpected error: 'NoneType' object cannot be interpreted as an integer
2025-07-09 15:16:55,714 - ERROR - Unexpected error: 'NoneType' object cannot be interpreted as an integer
2025-07-09 15:17:00,289 - ERROR - Unexpected error: 'NoneType' object cannot be interpreted as an integer
2025-07-09 15:17:27,732 - ERROR - Unexpected error: 'NoneType' object cannot be interpreted as an integer
2025-07-09 15:17:30,326 - ERROR - Unexpected error: 'NoneType' object cannot be interpreted as an integer
2025-07-09 15:17:35,057 - ERROR - Unexpected error: 'NoneType' object cannot be interpreted as an integer
2025-07-09 15:17:35,221 - ERROR - Unexpected error: 'NoneType' object cannot be interpreted as an integer
2025-07-09 15:17:38,797 - ERROR - Unexpected error: 'NoneType' object cannot be interpreted as an integer
2025-07-09 15:18:09,578 - ERROR - Unexpected error: 'NoneType' object cannot be interpreted as an integer
2025-07-09 15:18:15,064 - ERROR - Unexpected error: 'NoneType' object cannot be interpreted as an integer
2025-07-09 15:18:25,915 - ERROR - Unexpected error: 'NoneType' object cannot be interpreted as an integer
2025-07-09 15:18:42,815 - ERROR - Unexpected error: 'NoneType' object cannot be interpreted as an integer
2025-07-09 15:18:52,941 - ERROR - Unexpected error: 'NoneType' object cannot be interpreted as an integer
2025-07-09 15:18:59,323 - ERROR - Unexpected error: 'NoneType' object cannot be interpreted as an integer
2025-07-09 15:19:12,235 - ERROR - Unexpected error: 'NoneType' object cannot be interpreted as an integer
2025-07-09 15:19:12,928 - ERROR - Unexpected error: 'NoneType' object cannot be interpreted as an integer
2025-07-09 15:19:13,986 - ERROR - Unexpected error: 'NoneType' object cannot be interpreted as an integer
2025-07-09 15:19:15,073 - ERROR - Unexpected error: 'NoneType' object cannot be interpreted as an integer
2025-07-09 15:19:57,832 - ERROR - Unexpected error: 'NoneType' object cannot be interpreted as an integer
2025-07-09 15:20:05,963 - ERROR - Unexpected error: 'NoneType' object cannot be interpreted as an integer
2025-07-09 15:20:08,856 - ERROR - Unexpected error: 'NoneType' object cannot be interpreted as an integer
2025-07-09 15:20:27,057 - ERROR - Unexpected error: 'NoneType' object cannot be interpreted as an integer
2025-07-09 15:20:35,800 - ERROR - Unexpected error: 'NoneType' object cannot be interpreted as an integer
2025-07-09 15:20:40,193 - ERROR - Unexpected error: 'NoneType' object cannot be interpreted as an integer
2025-07-09 15:20:41,884 - ERROR - Unexpected error: 'NoneType' object cannot be interpreted as an integer
2025-07-09 15:20:42,066 - ERROR - Unexpected error: 'NoneType' object cannot be interpreted as an integer
2025-07-09 15:20:52,123 - ERROR - Unexpected error: 'NoneType' object cannot be interpreted as an integer
2025-07-09 15:20:55,453 - ERROR - Unexpected error: 'NoneType' object cannot be interpreted as an integer
2025-07-09 15:21:24,115 - ERROR - Unexpected error: 'NoneType' object cannot be interpreted as an integer
2025-07-09 15:21:43,802 - ERROR - Unexpected error: 'NoneType' object cannot be interpreted as an integer
2025-07-09 15:21:51,688 - ERROR - Unexpected error: 'NoneType' object cannot be interpreted as an integer
2025-07-09 15:21:58,830 - ERROR - Unexpected error: 'NoneType' object cannot be interpreted as an integer
2025-07-09 15:22:01,426 - ERROR - Unexpected error: 'NoneType' object cannot be interpreted as an integer
2025-07-09 15:22:15,749 - ERROR - Unexpected error: 'NoneType' object cannot be interpreted as an integer
2025-07-09 15:22:41,000 - ERROR - Unexpected error: 'NoneType' object cannot be interpreted as an integer
2025-07-09 15:22:41,447 - ERROR - Unexpected error: 'NoneType' object cannot be interpreted as an integer
2025-07-09 15:22:53,837 - ERROR - Unexpected error: 'NoneType' object cannot be interpreted as an integer
2025-07-09 15:23:00,640 - ERROR - Unexpected error: 'NoneType' object cannot be interpreted as an integer
2025-07-09 15:23:12,389 - ERROR - Unexpected error: 'NoneType' object cannot be interpreted as an integer
2025-07-09 15:23:33,450 - ERROR - Unexpected error: 'NoneType' object cannot be interpreted as an integer
2025-07-09 15:23:52,642 - ERROR - Unexpected error: 'NoneType' object cannot be interpreted as an integer
2025-07-09 15:23:57,845 - ERROR - Unexpected error: 'NoneType' object cannot be interpreted as an integer
2025-07-09 15:24:05,331 - ERROR - Unexpected error: 'NoneType' object cannot be interpreted as an integer
2025-07-09 15:24:12,315 - ERROR - Unexpected error: 'NoneType' object cannot be interpreted as an integer
2025-07-09 15:24:18,161 - ERROR - Unexpected error: 'NoneType' object cannot be interpreted as an integer
2025-07-09 15:24:23,518 - ERROR - Unexpected error: 'NoneType' object cannot be interpreted as an integer
2025-07-09 15:24:30,907 - ERROR - Unexpected error: 'NoneType' object cannot be interpreted as an integer
2025-07-09 15:24:34,153 - ERROR - Unexpected error: 'NoneType' object cannot be interpreted as an integer
2025-07-09 15:24:37,298 - ERROR - Unexpected error: 'NoneType' object cannot be interpreted as an integer
2025-07-09 15:24:58,019 - ERROR - Unexpected error: 'NoneType' object cannot be interpreted as an integer
2025-07-09 15:25:06,490 - ERROR - Unexpected error: 'NoneType' object cannot be interpreted as an integer
2025-07-09 15:25:22,814 - ERROR - Unexpected error: 'NoneType' object cannot be interpreted as an integer
2025-07-09 15:25:27,084 - ERROR - Unexpected error: 'NoneType' object cannot be interpreted as an integer
2025-07-09 15:25:43,114 - ERROR - Unexpected error: 'NoneType' object cannot be interpreted as an integer
2025-07-09 15:25:52,797 - ERROR - Unexpected error: 'NoneType' object cannot be interpreted as an integer
2025-07-09 15:25:53,452 - ERROR - Unexpected error: 'NoneType' object cannot be interpreted as an integer
2025-07-09 15:25:54,234 - ERROR - Unexpected error: 'NoneType' object cannot be interpreted as an integer
2025-07-09 15:25:58,462 - ERROR - Unexpected error: 'NoneType' object cannot be interpreted as an integer
2025-07-09 15:26:13,787 - ERROR - Unexpected error: 'NoneType' object cannot be interpreted as an integer
2025-07-09 15:26:17,770 - ERROR - Unexpected error: 'NoneType' object cannot be interpreted as an integer
2025-07-09 15:26:31,040 - ERROR - Unexpected error: 'NoneType' object cannot be interpreted as an integer
2025-07-09 15:26:53,802 - ERROR - Unexpected error: 'NoneType' object cannot be interpreted as an integer
2025-07-09 15:26:58,605 - ERROR - Unexpected error: 'NoneType' object cannot be interpreted as an integer
2025-07-09 15:27:01,957 - ERROR - Unexpected error: 'NoneType' object cannot be interpreted as an integer
2025-07-09 15:27:10,877 - INFO - Processed 48000 users so far
2025-07-09 15:27:12,585 - ERROR - Unexpected error: 'NoneType' object cannot be interpreted as an integer
2025-07-09 15:27:16,930 - ERROR - Unexpected error: 'NoneType' object cannot be interpreted as an integer
2025-07-09 15:27:19,144 - ERROR - Unexpected error: 'NoneType' object cannot be interpreted as an integer
2025-07-09 15:27:23,296 - ERROR - Unexpected error: 'NoneType' object cannot be interpreted as an integer
2025-07-09 15:27:26,614 - ERROR - Unexpected error: 'NoneType' object cannot be interpreted as an integer
2025-07-09 15:27:36,776 - ERROR - Request failed: 422 Client Error: Unprocessable Entity for url: https://arctic-shift.photon-reddit.com/api/posts/search?author=tometrist&after=1641016800&before=1745989200&limit=auto&sort=asc&meta-app=download-tool
2025-07-09 15:27:50,560 - ERROR - Unexpected error: 'NoneType' object cannot be interpreted as an integer
2025-07-09 15:28:14,700 - ERROR - Unexpected error: 'NoneType' object cannot be interpreted as an integer
2025-07-09 15:28:26,941 - ERROR - Request failed: 422 Client Error: Unprocessable Entity for url: https://arctic-shift.photon-reddit.com/api/posts/search?author=LilacChica&after=1641016800&before=1745989200&limit=auto&sort=asc&meta-app=download-tool
2025-07-09 15:29:17,453 - ERROR - Request failed: 422 Client Error: Unprocessable Entity for url: https://arctic-shift.photon-reddit.com/api/posts/search?author=Clear-Aside-3342&after=1641016800&before=1745989200&limit=auto&sort=asc&meta-app=download-tool
2025-07-09 15:29:41,052 - ERROR - Request failed: 422 Client Error: Unprocessable Entity for url: https://arctic-shift.photon-reddit.com/api/posts/search?author=Then_Aardvark_2269&after=1641016800&before=1745989200&limit=auto&sort=asc&meta-app=download-tool
2025-07-09 15:29:52,207 - ERROR - Unexpected error: 'NoneType' object cannot be interpreted as an integer
2025-07-09 15:30:26,949 - ERROR - Unexpected error: 'NoneType' object cannot be interpreted as an integer
2025-07-09 15:30:33,551 - ERROR - Unexpected error: 'NoneType' object cannot be interpreted as an integer
2025-07-09 15:30:34,331 - ERROR - Unexpected error: 'NoneType' object cannot be interpreted as an integer
2025-07-09 15:30:40,120 - ERROR - Unexpected error: 'NoneType' object cannot be interpreted as an integer
2025-07-09 15:30:53,642 - ERROR - Unexpected error: 'NoneType' object cannot be interpreted as an integer
2025-07-09 15:31:01,763 - ERROR - Unexpected error: 'NoneType' object cannot be interpreted as an integer
2025-07-09 15:31:04,490 - ERROR - Unexpected error: 'NoneType' object cannot be interpreted as an integer
2025-07-09 15:31:07,590 - ERROR - Unexpected error: 'NoneType' object cannot be interpreted as an integer
2025-07-09 15:31:21,139 - ERROR - Unexpected error: 'NoneType' object cannot be interpreted as an integer
2025-07-09 15:31:39,476 - ERROR - Unexpected error: 'NoneType' object cannot be interpreted as an integer
2025-07-09 15:32:03,189 - ERROR - Unexpected error: 'NoneType' object cannot be interpreted as an integer
2025-07-09 15:32:12,813 - ERROR - Unexpected error: 'NoneType' object cannot be interpreted as an integer
2025-07-09 15:32:15,236 - ERROR - Unexpected error: 'NoneType' object cannot be interpreted as an integer
2025-07-09 15:32:24,251 - ERROR - Unexpected error: 'NoneType' object cannot be interpreted as an integer
2025-07-09 15:32:27,359 - ERROR - Unexpected error: 'NoneType' object cannot be interpreted as an integer
2025-07-09 15:33:03,076 - ERROR - Unexpected error: 'NoneType' object cannot be interpreted as an integer
2025-07-09 15:33:03,912 - ERROR - Unexpected error: 'NoneType' object cannot be interpreted as an integer
2025-07-09 15:33:16,391 - ERROR - Unexpected error: 'NoneType' object cannot be interpreted as an integer
2025-07-09 15:33:21,425 - ERROR - Unexpected error: 'NoneType' object cannot be interpreted as an integer
2025-07-09 15:33:26,816 - ERROR - Unexpected error: 'NoneType' object cannot be interpreted as an integer
2025-07-09 15:33:29,686 - ERROR - Unexpected error: 'NoneType' object cannot be interpreted as an integer
2025-07-09 15:33:31,835 - ERROR - Unexpected error: 'NoneType' object cannot be interpreted as an integer
2025-07-09 15:33:50,697 - ERROR - Unexpected error: 'NoneType' object cannot be interpreted as an integer
2025-07-09 15:34:01,974 - ERROR - Unexpected error: 'NoneType' object cannot be interpreted as an integer
2025-07-09 15:34:16,252 - ERROR - Unexpected error: 'NoneType' object cannot be interpreted as an integer
2025-07-09 15:34:27,039 - ERROR - Unexpected error: 'NoneType' object cannot be interpreted as an integer
2025-07-09 15:34:32,327 - ERROR - Unexpected error: 'NoneType' object cannot be interpreted as an integer
2025-07-09 15:34:34,422 - ERROR - Unexpected error: 'NoneType' object cannot be interpreted as an integer
2025-07-09 15:34:39,025 - ERROR - Unexpected error: 'NoneType' object cannot be interpreted as an integer
2025-07-09 15:34:47,880 - ERROR - Unexpected error: 'NoneType' object cannot be interpreted as an integer
2025-07-09 15:34:50,758 - ERROR - Unexpected error: 'NoneType' object cannot be interpreted as an integer
2025-07-09 15:34:57,290 - ERROR - Unexpected error: 'NoneType' object cannot be interpreted as an integer
2025-07-09 15:35:04,830 - ERROR - Unexpected error: 'NoneType' object cannot be interpreted as an integer
2025-07-09 15:35:05,731 - ERROR - Unexpected error: 'NoneType' object cannot be interpreted as an integer
2025-07-09 15:35:11,289 - ERROR - Unexpected error: 'NoneType' object cannot be interpreted as an integer
2025-07-09 15:35:14,353 - ERROR - Unexpected error: 'NoneType' object cannot be interpreted as an integer
2025-07-09 15:35:21,017 - ERROR - Unexpected error: 'NoneType' object cannot be interpreted as an integer
2025-07-09 15:35:22,589 - ERROR - Unexpected error: 'NoneType' object cannot be interpreted as an integer
2025-07-09 15:35:27,484 - ERROR - Unexpected error: 'NoneType' object cannot be interpreted as an integer
2025-07-09 15:35:36,382 - ERROR - Unexpected error: 'NoneType' object cannot be interpreted as an integer
2025-07-09 15:35:46,645 - ERROR - Unexpected error: 'NoneType' object cannot be interpreted as an integer
2025-07-09 15:35:58,608 - ERROR - Unexpected error: 'NoneType' object cannot be interpreted as an integer
2025-07-09 15:35:59,902 - ERROR - Unexpected error: 'NoneType' object cannot be interpreted as an integer
2025-07-09 15:36:46,423 - ERROR - Unexpected error: 'NoneType' object cannot be interpreted as an integer
2025-07-09 15:36:50,862 - ERROR - Unexpected error: 'NoneType' object cannot be interpreted as an integer
2025-07-09 15:36:52,896 - ERROR - Unexpected error: 'NoneType' object cannot be interpreted as an integer
2025-07-09 15:36:55,535 - ERROR - Unexpected error: 'NoneType' object cannot be interpreted as an integer
2025-07-09 15:37:03,898 - ERROR - Unexpected error: 'NoneType' object cannot be interpreted as an integer
2025-07-09 15:37:16,165 - ERROR - Unexpected error: 'NoneType' object cannot be interpreted as an integer
2025-07-09 15:37:17,581 - ERROR - Unexpected error: 'NoneType' object cannot be interpreted as an integer
2025-07-09 15:37:20,329 - ERROR - Unexpected error: 'NoneType' object cannot be interpreted as an integer
2025-07-09 15:37:33,835 - ERROR - Unexpected error: 'NoneType' object cannot be interpreted as an integer
2025-07-09 15:37:35,363 - ERROR - Unexpected error: 'NoneType' object cannot be interpreted as an integer
2025-07-09 15:37:38,196 - ERROR - Unexpected error: 'NoneType' object cannot be interpreted as an integer
2025-07-09 15:37:38,509 - ERROR - Unexpected error: 'NoneType' object cannot be interpreted as an integer
2025-07-09 15:37:41,278 - ERROR - Unexpected error: 'NoneType' object cannot be interpreted as an integer
2025-07-09 15:37:43,108 - ERROR - Unexpected error: 'NoneType' object cannot be interpreted as an integer
2025-07-09 15:37:51,174 - ERROR - Unexpected error: 'NoneType' object cannot be interpreted as an integer
2025-07-09 15:37:53,172 - ERROR - Unexpected error: 'NoneType' object cannot be interpreted as an integer
2025-07-09 15:38:13,913 - ERROR - Request failed: 422 Client Error: Unprocessable Entity for url: https://arctic-shift.photon-reddit.com/api/posts/search?author=ikeaq&after=1641016800&before=1745989200&limit=auto&sort=asc&meta-app=download-tool
2025-07-09 15:38:44,650 - ERROR - Unexpected error: 'NoneType' object cannot be interpreted as an integer
2025-07-09 15:38:46,624 - ERROR - Unexpected error: 'NoneType' object cannot be interpreted as an integer
2025-07-09 15:39:17,994 - ERROR - Unexpected error: 'NoneType' object cannot be interpreted as an integer
2025-07-09 15:39:19,669 - ERROR - Unexpected error: 'NoneType' object cannot be interpreted as an integer
2025-07-09 15:39:22,941 - ERROR - Unexpected error: 'NoneType' object cannot be interpreted as an integer
2025-07-09 15:39:41,273 - ERROR - Unexpected error: 'NoneType' object cannot be interpreted as an integer
2025-07-09 15:39:47,297 - ERROR - Unexpected error: 'NoneType' object cannot be interpreted as an integer
2025-07-09 15:40:07,366 - ERROR - Unexpected error: 'NoneType' object cannot be interpreted as an integer
2025-07-09 15:40:26,116 - ERROR - Unexpected error: 'NoneType' object cannot be interpreted as an integer
2025-07-09 15:40:30,150 - ERROR - Unexpected error: 'NoneType' object cannot be interpreted as an integer
2025-07-09 15:40:36,097 - ERROR - Unexpected error: 'NoneType' object cannot be interpreted as an integer
2025-07-09 15:40:38,018 - ERROR - Unexpected error: 'NoneType' object cannot be interpreted as an integer
2025-07-09 15:40:47,848 - ERROR - Unexpected error: 'NoneType' object cannot be interpreted as an integer
2025-07-09 15:40:56,174 - INFO - Processed 50000 users so far
2025-07-09 15:40:56,174 - INFO - Reached max user limit (50000), stopping processing
2025-07-09 15:40:56,176 - INFO - Completed processing. Combined output saved to jobs_author_data_batch2.jsonl
