2025-07-08 14:49:08,264 - ERROR - Request failed: 422 Client Error: Unprocessable Entity for url: https://arctic-shift.photon-reddit.com/api/posts/search?author=Callie_20&after=1641016800&before=1745989200&limit=auto&sort=asc&meta-app=download-tool
2025-07-08 14:49:56,827 - ERROR - Request failed: 500 Server Error: Internal Server Error for url: https://arctic-shift.photon-reddit.com/api/posts/search?author=TheRoyalDon&after=1642582878&before=1745989200&limit=auto&sort=asc&meta-app=download-tool
2025-07-08 14:56:40,962 - ERROR - Request failed: 422 Client Error: Unprocessable Entity for url: https://arctic-shift.photon-reddit.com/api/posts/search?author=alphaacenntauri&after=1641016800&before=1745989200&limit=auto&sort=asc&meta-app=download-tool
2025-07-08 14:57:03,552 - ERROR - Request failed: 500 Server Error: Internal Server Error for url: https://arctic-shift.photon-reddit.com/api/posts/search?author=jobsandinternships&after=1641016800&before=1745989200&limit=auto&sort=asc&meta-app=download-tool
2025-07-08 15:02:24,151 - ERROR - Request failed: 422 Client Error: Unprocessable Entity for url: https://arctic-shift.photon-reddit.com/api/posts/search?author=AutoModerator&after=1642323616&before=1745989200&limit=auto&sort=asc&meta-app=download-tool
2025-07-08 15:12:28,325 - ERROR - Request failed: 422 Client Error: Unprocessable Entity for url: https://arctic-shift.photon-reddit.com/api/posts/search?author=Unusual_Piccolo_5083&after=1641016800&before=1745989200&limit=auto&sort=asc&meta-app=download-tool
2025-07-08 15:34:14,299 - ERROR - Request failed: 500 Server Error: Internal Server Error for url: https://arctic-shift.photon-reddit.com/api/posts/search?author=sweetestpancakes&after=1641016800&before=1745989200&limit=auto&sort=asc&meta-app=download-tool
2025-07-08 15:40:52,374 - INFO - Processed 2000 users so far
2025-07-08 15:42:57,461 - ERROR - Request failed: 422 Client Error: Unprocessable Entity for url: https://arctic-shift.photon-reddit.com/api/posts/search?author=Mountebank&after=1641016800&before=1745989200&limit=auto&sort=asc&meta-app=download-tool
2025-07-08 15:44:41,376 - ERROR - Request failed: 422 Client Error: Unprocessable Entity for url: https://arctic-shift.photon-reddit.com/api/posts/search?author=Exact_Whereas_5722&after=1641016800&before=1745989200&limit=auto&sort=asc&meta-app=download-tool
2025-07-08 16:01:14,237 - ERROR - Request failed: 500 Server Error: Internal Server Error for url: https://arctic-shift.photon-reddit.com/api/posts/search?author=rkellymeplz&after=1641016800&before=1745989200&limit=auto&sort=asc&meta-app=download-tool
2025-07-08 16:02:36,053 - ERROR - Request failed: 422 Client Error: Unprocessable Entity for url: https://arctic-shift.photon-reddit.com/api/posts/search?author=babyfarkmcgeezacks&after=1641016800&before=1745989200&limit=auto&sort=asc&meta-app=download-tool
2025-07-08 16:14:57,079 - ERROR - Request failed: 422 Client Error: Unprocessable Entity for url: https://arctic-shift.photon-reddit.com/api/posts/search?author=These_Inevitable_23&after=1641016800&before=1745989200&limit=auto&sort=asc&meta-app=download-tool
2025-07-08 16:15:41,865 - ERROR - Request failed: 422 Client Error: Unprocessable Entity for url: https://arctic-shift.photon-reddit.com/api/posts/search?author=giantqtipz&after=1641016800&before=1745989200&limit=auto&sort=asc&meta-app=download-tool
2025-07-08 16:17:01,145 - ERROR - Request failed: 500 Server Error: Internal Server Error for url: https://arctic-shift.photon-reddit.com/api/posts/search?author=Baberuthless95&after=1641016800&before=1745989200&limit=auto&sort=asc&meta-app=download-tool
2025-07-08 16:17:26,074 - ERROR - Request failed: 422 Client Error: Unprocessable Entity for url: https://arctic-shift.photon-reddit.com/api/posts/search?author=acltearjerker&after=1641016800&before=1745989200&limit=auto&sort=asc&meta-app=download-tool
2025-07-08 16:17:54,541 - ERROR - Request failed: 422 Client Error: Unprocessable Entity for url: https://arctic-shift.photon-reddit.com/api/posts/search?author=BlissfullyAsleep&after=1641016800&before=1745989200&limit=auto&sort=asc&meta-app=download-tool
2025-07-08 16:18:16,836 - ERROR - Request failed: 422 Client Error: Unprocessable Entity for url: https://arctic-shift.photon-reddit.com/api/posts/search?author=Pizzabaker&after=1641016800&before=1745989200&limit=auto&sort=asc&meta-app=download-tool
2025-07-08 16:18:29,747 - ERROR - Request failed: 422 Client Error: Unprocessable Entity for url: https://arctic-shift.photon-reddit.com/api/posts/search?author=BlazingNailsMcGee&after=1641016800&before=1745989200&limit=auto&sort=asc&meta-app=download-tool
2025-07-08 16:18:39,911 - ERROR - Request failed: 422 Client Error: Unprocessable Entity for url: https://arctic-shift.photon-reddit.com/api/posts/search?author=razack788&after=1641016800&before=1745989200&limit=auto&sort=asc&meta-app=download-tool
2025-07-08 16:18:50,329 - ERROR - Request failed: 422 Client Error: Unprocessable Entity for url: https://arctic-shift.photon-reddit.com/api/posts/search?author=OcelotPrize&after=1641016800&before=1745989200&limit=auto&sort=asc&meta-app=download-tool
2025-07-08 16:21:47,478 - ERROR - Request failed: 500 Server Error: Internal Server Error for url: https://arctic-shift.photon-reddit.com/api/posts/search?author=bmg_2017&after=1641016800&before=1745989200&limit=auto&sort=asc&meta-app=download-tool
2025-07-08 16:22:36,617 - ERROR - Request failed: 500 Server Error: Internal Server Error for url: https://arctic-shift.photon-reddit.com/api/posts/search?author=Mcdonaldhashbrown&after=1641016800&before=1745989200&limit=auto&sort=asc&meta-app=download-tool
2025-07-08 16:22:55,292 - ERROR - Request failed: 422 Client Error: Unprocessable Entity for url: https://arctic-shift.photon-reddit.com/api/posts/search?author=DoubleOk7460&after=1641016800&before=1745989200&limit=auto&sort=asc&meta-app=download-tool
2025-07-08 16:23:05,709 - ERROR - Request failed: 422 Client Error: Unprocessable Entity for url: https://arctic-shift.photon-reddit.com/api/posts/search?author=JakeAshes&after=1641016800&before=1745989200&limit=auto&sort=asc&meta-app=download-tool
2025-07-08 16:31:57,110 - ERROR - Request failed: 422 Client Error: Unprocessable Entity for url: https://arctic-shift.photon-reddit.com/api/posts/search?author=ZeusTroanDetected&after=1641016800&before=1745989200&limit=auto&sort=asc&meta-app=download-tool
2025-07-08 16:33:48,767 - ERROR - Request failed: 422 Client Error: Unprocessable Entity for url: https://arctic-shift.photon-reddit.com/api/posts/search?author=JH821020&after=1641016800&before=1745989200&limit=auto&sort=asc&meta-app=download-tool
2025-07-08 16:36:26,342 - ERROR - Unexpected error: 'NoneType' object cannot be interpreted as an integer
2025-07-08 16:36:47,091 - INFO - Processed 4000 users so far
2025-07-08 16:38:29,829 - ERROR - Request failed: 500 Server Error: Internal Server Error for url: https://arctic-shift.photon-reddit.com/api/posts/search?author=larzi&after=1641016800&before=1745989200&limit=auto&sort=asc&meta-app=download-tool
2025-07-08 16:38:39,490 - ERROR - Request failed: 500 Server Error: Internal Server Error for url: https://arctic-shift.photon-reddit.com/api/posts/search?author=GadgetLGogo&after=1641016800&before=1745989200&limit=auto&sort=asc&meta-app=download-tool
2025-07-08 16:40:31,831 - ERROR - Request failed: 422 Client Error: Unprocessable Entity for url: https://arctic-shift.photon-reddit.com/api/posts/search?author=smokedgoudasandwich&after=1641016800&before=1745989200&limit=auto&sort=asc&meta-app=download-tool
2025-07-08 16:43:19,083 - ERROR - Request failed: 500 Server Error: Internal Server Error for url: https://arctic-shift.photon-reddit.com/api/posts/search?author=WelpReview&after=1641016800&before=1745989200&limit=auto&sort=asc&meta-app=download-tool
2025-07-08 16:49:30,500 - ERROR - Request failed: 422 Client Error: Unprocessable Entity for url: https://arctic-shift.photon-reddit.com/api/posts/search?author=titan1978&after=1641016800&before=1745989200&limit=auto&sort=asc&meta-app=download-tool
2025-07-08 16:49:59,120 - ERROR - Request failed: 422 Client Error: Unprocessable Entity for url: https://arctic-shift.photon-reddit.com/api/posts/search?author=wwvladis&after=1641016800&before=1745989200&limit=auto&sort=asc&meta-app=download-tool
2025-07-08 16:50:39,362 - ERROR - Request failed: 422 Client Error: Unprocessable Entity for url: https://arctic-shift.photon-reddit.com/api/posts/search?author=WallStreetDoesntBet&after=1644762105&before=1745989200&limit=auto&sort=asc&meta-app=download-tool
2025-07-08 16:52:55,211 - ERROR - Request failed: 422 Client Error: Unprocessable Entity for url: https://arctic-shift.photon-reddit.com/api/posts/search?author=StrivingAkh&after=1641016800&before=1745989200&limit=auto&sort=asc&meta-app=download-tool
2025-07-08 16:53:15,937 - ERROR - Request failed: 422 Client Error: Unprocessable Entity for url: https://arctic-shift.photon-reddit.com/api/posts/search?author=DanielTheManielll&after=1641016800&before=1745989200&limit=auto&sort=asc&meta-app=download-tool
2025-07-08 16:53:49,650 - ERROR - Request failed: 422 Client Error: Unprocessable Entity for url: https://arctic-shift.photon-reddit.com/api/posts/search?author=orangebellywash&after=1641016800&before=1745989200&limit=auto&sort=asc&meta-app=download-tool
2025-07-08 16:54:33,077 - ERROR - Request failed: 422 Client Error: Unprocessable Entity for url: https://arctic-shift.photon-reddit.com/api/posts/search?author=Various-Shop-4294&after=1641016800&before=1745989200&limit=auto&sort=asc&meta-app=download-tool
2025-07-08 16:55:02,980 - ERROR - Request failed: 500 Server Error: Internal Server Error for url: https://arctic-shift.photon-reddit.com/api/posts/search?author=Pandi_duh&after=1641016800&before=1745989200&limit=auto&sort=asc&meta-app=download-tool
2025-07-08 16:56:18,363 - ERROR - Request failed: 422 Client Error: Unprocessable Entity for url: https://arctic-shift.photon-reddit.com/api/posts/search?author=KenRobinson_au&after=1641016800&before=1745989200&limit=auto&sort=asc&meta-app=download-tool
2025-07-08 16:59:41,279 - ERROR - Unexpected error: 'NoneType' object cannot be interpreted as an integer
2025-07-08 17:04:55,978 - ERROR - Unexpected error: 'NoneType' object cannot be interpreted as an integer
2025-07-08 17:31:41,008 - ERROR - Unexpected error: 'NoneType' object cannot be interpreted as an integer
2025-07-08 17:32:26,243 - INFO - Processed 6000 users so far
2025-07-08 17:35:33,710 - ERROR - Request failed: 422 Client Error: Unprocessable Entity for url: https://arctic-shift.photon-reddit.com/api/posts/search?author=dancingpineapples_&after=1641016800&before=1745989200&limit=auto&sort=asc&meta-app=download-tool
2025-07-08 17:38:37,358 - ERROR - Request failed: 422 Client Error: Unprocessable Entity for url: https://arctic-shift.photon-reddit.com/api/posts/search?author=Wise_Willingness_997&after=1641016800&before=1745989200&limit=auto&sort=asc&meta-app=download-tool
2025-07-08 17:40:48,184 - ERROR - Request failed: 422 Client Error: Unprocessable Entity for url: https://arctic-shift.photon-reddit.com/api/posts/search?author=amitb0130&after=1641016800&before=1745989200&limit=auto&sort=asc&meta-app=download-tool
2025-07-08 17:43:43,307 - ERROR - Request failed: 422 Client Error: Unprocessable Entity for url: https://arctic-shift.photon-reddit.com/api/posts/search?author=Various-Surprise5216&after=1641016800&before=1745989200&limit=auto&sort=asc&meta-app=download-tool
2025-07-08 17:47:43,700 - ERROR - Request failed: 500 Server Error: Internal Server Error for url: https://arctic-shift.photon-reddit.com/api/posts/search?author=_blackpearl_&after=1641016800&before=1745989200&limit=auto&sort=asc&meta-app=download-tool
2025-07-08 17:47:47,032 - ERROR - Unexpected error: 'NoneType' object cannot be interpreted as an integer
2025-07-08 17:54:19,813 - ERROR - Request failed: 422 Client Error: Unprocessable Entity for url: https://arctic-shift.photon-reddit.com/api/posts/search?author=LoveBerriez&after=1641016800&before=1745989200&limit=auto&sort=asc&meta-app=download-tool
2025-07-08 18:24:33,220 - INFO - Processed 8000 users so far
2025-07-08 18:25:00,228 - ERROR - Request failed: 422 Client Error: Unprocessable Entity for url: https://arctic-shift.photon-reddit.com/api/posts/search?author=Lmbaolol&after=1641016800&before=1745989200&limit=auto&sort=asc&meta-app=download-tool
2025-07-08 18:25:39,609 - ERROR - Request failed: 500 Server Error: Internal Server Error for url: https://arctic-shift.photon-reddit.com/api/posts/search?author=vr4gen&after=1641016800&before=1745989200&limit=auto&sort=asc&meta-app=download-tool
2025-07-08 18:28:42,837 - ERROR - Request failed: 500 Server Error: Internal Server Error for url: https://arctic-shift.photon-reddit.com/api/posts/search?author=MillenniumGreed&after=1641016800&before=1745989200&limit=auto&sort=asc&meta-app=download-tool
2025-07-08 18:29:10,760 - ERROR - Request failed: 422 Client Error: Unprocessable Entity for url: https://arctic-shift.photon-reddit.com/api/posts/search?author=Formal-Vacation-6913&after=1641016800&before=1745989200&limit=auto&sort=asc&meta-app=download-tool
2025-07-08 18:31:47,115 - ERROR - Request failed: 422 Client Error: Unprocessable Entity for url: https://arctic-shift.photon-reddit.com/api/posts/search?author=Agusmarvel96&after=1641016800&before=1745989200&limit=auto&sort=asc&meta-app=download-tool
2025-07-08 18:32:11,531 - ERROR - Request failed: 422 Client Error: Unprocessable Entity for url: https://arctic-shift.photon-reddit.com/api/posts/search?author=marccello87&after=1641016800&before=1745989200&limit=auto&sort=asc&meta-app=download-tool
2025-07-08 18:32:22,441 - ERROR - Request failed: 500 Server Error: Internal Server Error for url: https://arctic-shift.photon-reddit.com/api/posts/search?author=llamadog39&after=1641016800&before=1745989200&limit=auto&sort=asc&meta-app=download-tool
2025-07-08 18:32:38,623 - ERROR - Request failed: 422 Client Error: Unprocessable Entity for url: https://arctic-shift.photon-reddit.com/api/posts/search?author=flowergirl9867&after=1641016800&before=1745989200&limit=auto&sort=asc&meta-app=download-tool
2025-07-08 18:38:20,731 - ERROR - Request failed: 422 Client Error: Unprocessable Entity for url: https://arctic-shift.photon-reddit.com/api/posts/search?author=imonabloodbuzz&after=1641016800&before=1745989200&limit=auto&sort=asc&meta-app=download-tool
2025-07-08 19:10:17,257 - INFO - Processed 10000 users so far
2025-07-08 19:20:57,338 - ERROR - Request failed: Response ended prematurely
2025-07-08 19:21:16,777 - ERROR - Request failed: 522 Server Error: <none> for url: https://arctic-shift.photon-reddit.com/api/posts/search?author=cjurban25&after=1641016800&before=1745989200&limit=auto&sort=asc&meta-app=download-tool
2025-07-08 19:21:36,359 - ERROR - Request failed: 522 Server Error: <none> for url: https://arctic-shift.photon-reddit.com/api/posts/search?author=terror_and_loathing&after=1641016800&before=1745989200&limit=auto&sort=asc&meta-app=download-tool
2025-07-08 19:21:56,088 - ERROR - Request failed: 522 Server Error: <none> for url: https://arctic-shift.photon-reddit.com/api/posts/search?author=faxedshadow&after=1641016800&before=1745989200&limit=auto&sort=asc&meta-app=download-tool
2025-07-08 19:22:15,850 - ERROR - Request failed: 522 Server Error: <none> for url: https://arctic-shift.photon-reddit.com/api/posts/search?author=blazingfrost7&after=1641016800&before=1745989200&limit=auto&sort=asc&meta-app=download-tool
2025-07-08 19:22:35,389 - ERROR - Request failed: 522 Server Error: <none> for url: https://arctic-shift.photon-reddit.com/api/posts/search?author=sip-of-water&after=1641016800&before=1745989200&limit=auto&sort=asc&meta-app=download-tool
2025-07-08 19:22:55,033 - ERROR - Request failed: 522 Server Error: <none> for url: https://arctic-shift.photon-reddit.com/api/posts/search?author=BBoyPen&after=1641016800&before=1745989200&limit=auto&sort=asc&meta-app=download-tool
2025-07-08 19:23:14,363 - ERROR - Request failed: 522 Server Error: <none> for url: https://arctic-shift.photon-reddit.com/api/posts/search?author=jaynuggets&after=1641016800&before=1745989200&limit=auto&sort=asc&meta-app=download-tool
2025-07-08 19:23:33,788 - ERROR - Request failed: 522 Server Error: <none> for url: https://arctic-shift.photon-reddit.com/api/posts/search?author=mnathlhome&after=1641016800&before=1745989200&limit=auto&sort=asc&meta-app=download-tool
2025-07-08 19:23:53,187 - ERROR - Request failed: 522 Server Error: <none> for url: https://arctic-shift.photon-reddit.com/api/posts/search?author=Brilliant_Coffee1366&after=1641016800&before=1745989200&limit=auto&sort=asc&meta-app=download-tool
2025-07-08 19:24:12,806 - ERROR - Request failed: 522 Server Error: <none> for url: https://arctic-shift.photon-reddit.com/api/posts/search?author=Competitive-Wall2897&after=1641016800&before=1745989200&limit=auto&sort=asc&meta-app=download-tool
2025-07-08 19:24:32,452 - ERROR - Request failed: 522 Server Error: <none> for url: https://arctic-shift.photon-reddit.com/api/posts/search?author=NekoTsora&after=1641016800&before=1745989200&limit=auto&sort=asc&meta-app=download-tool
2025-07-08 19:24:52,095 - ERROR - Request failed: 522 Server Error: <none> for url: https://arctic-shift.photon-reddit.com/api/posts/search?author=noskinfromapex&after=1641016800&before=1745989200&limit=auto&sort=asc&meta-app=download-tool
2025-07-08 19:25:11,846 - ERROR - Request failed: 522 Server Error: <none> for url: https://arctic-shift.photon-reddit.com/api/posts/search?author=pvreppin&after=1641016800&before=1745989200&limit=auto&sort=asc&meta-app=download-tool
2025-07-08 19:25:31,477 - ERROR - Request failed: 522 Server Error: <none> for url: https://arctic-shift.photon-reddit.com/api/posts/search?author=ToocTooc&after=1641016800&before=1745989200&limit=auto&sort=asc&meta-app=download-tool
2025-07-08 19:25:50,790 - ERROR - Request failed: 522 Server Error: <none> for url: https://arctic-shift.photon-reddit.com/api/posts/search?author=Tortrix250r&after=1641016800&before=1745989200&limit=auto&sort=asc&meta-app=download-tool
2025-07-08 19:26:10,417 - ERROR - Request failed: 522 Server Error: <none> for url: https://arctic-shift.photon-reddit.com/api/posts/search?author=buddybud055&after=1641016800&before=1745989200&limit=auto&sort=asc&meta-app=download-tool
2025-07-08 19:26:30,188 - ERROR - Request failed: 522 Server Error: <none> for url: https://arctic-shift.photon-reddit.com/api/posts/search?author=ThePringle&after=1641016800&before=1745989200&limit=auto&sort=asc&meta-app=download-tool
2025-07-08 19:26:49,550 - ERROR - Request failed: 522 Server Error: <none> for url: https://arctic-shift.photon-reddit.com/api/posts/search?author=Sea_Archer9251&after=1641016800&before=1745989200&limit=auto&sort=asc&meta-app=download-tool
2025-07-08 19:27:09,442 - ERROR - Request failed: 522 Server Error: <none> for url: https://arctic-shift.photon-reddit.com/api/posts/search?author=dirk_gloitzki&after=1641016800&before=1745989200&limit=auto&sort=asc&meta-app=download-tool
2025-07-08 19:27:29,131 - ERROR - Request failed: 522 Server Error: <none> for url: https://arctic-shift.photon-reddit.com/api/posts/search?author=JasonRichie&after=1641016800&before=1745989200&limit=auto&sort=asc&meta-app=download-tool
2025-07-08 19:27:48,597 - ERROR - Request failed: 522 Server Error: <none> for url: https://arctic-shift.photon-reddit.com/api/posts/search?author=Neither_Prior5717&after=1641016800&before=1745989200&limit=auto&sort=asc&meta-app=download-tool
2025-07-08 19:28:08,367 - ERROR - Request failed: 522 Server Error: <none> for url: https://arctic-shift.photon-reddit.com/api/posts/search?author=JacksonHole45&after=1641016800&before=1745989200&limit=auto&sort=asc&meta-app=download-tool
2025-07-08 19:28:28,100 - ERROR - Request failed: 522 Server Error: <none> for url: https://arctic-shift.photon-reddit.com/api/posts/search?author=Much-Elephant&after=1641016800&before=1745989200&limit=auto&sort=asc&meta-app=download-tool
2025-07-08 19:28:47,978 - ERROR - Request failed: 522 Server Error: <none> for url: https://arctic-shift.photon-reddit.com/api/posts/search?author=Nice-War3587&after=1641016800&before=1745989200&limit=auto&sort=asc&meta-app=download-tool
2025-07-08 19:29:07,350 - ERROR - Request failed: 522 Server Error: <none> for url: https://arctic-shift.photon-reddit.com/api/posts/search?author=AnswersA&after=1641016800&before=1745989200&limit=auto&sort=asc&meta-app=download-tool
2025-07-08 19:29:26,887 - ERROR - Request failed: 522 Server Error: <none> for url: https://arctic-shift.photon-reddit.com/api/posts/search?author=smooshie&after=1641016800&before=1745989200&limit=auto&sort=asc&meta-app=download-tool
2025-07-08 19:29:46,439 - ERROR - Request failed: 522 Server Error: <none> for url: https://arctic-shift.photon-reddit.com/api/posts/search?author=cryptid66&after=1641016800&before=1745989200&limit=auto&sort=asc&meta-app=download-tool
2025-07-08 19:30:05,749 - ERROR - Request failed: 522 Server Error: <none> for url: https://arctic-shift.photon-reddit.com/api/posts/search?author=EmoGayRat&after=1641016800&before=1745989200&limit=auto&sort=asc&meta-app=download-tool
2025-07-08 19:30:25,305 - ERROR - Request failed: 522 Server Error: <none> for url: https://arctic-shift.photon-reddit.com/api/posts/search?author=FuneralSafari&after=1641016800&before=1745989200&limit=auto&sort=asc&meta-app=download-tool
2025-07-08 19:30:44,671 - ERROR - Request failed: 522 Server Error: <none> for url: https://arctic-shift.photon-reddit.com/api/posts/search?author=Dry_Outside3018&after=1641016800&before=1745989200&limit=auto&sort=asc&meta-app=download-tool
2025-07-08 19:31:04,199 - ERROR - Request failed: 522 Server Error: <none> for url: https://arctic-shift.photon-reddit.com/api/posts/search?author=Ill_Measurement1664&after=1641016800&before=1745989200&limit=auto&sort=asc&meta-app=download-tool
2025-07-08 19:31:23,704 - ERROR - Request failed: 522 Server Error: <none> for url: https://arctic-shift.photon-reddit.com/api/posts/search?author=purplepill83&after=1641016800&before=1745989200&limit=auto&sort=asc&meta-app=download-tool
2025-07-08 19:31:43,493 - ERROR - Request failed: 522 Server Error: <none> for url: https://arctic-shift.photon-reddit.com/api/posts/search?author=Girlwithasoreneck&after=1641016800&before=1745989200&limit=auto&sort=asc&meta-app=download-tool
2025-07-08 19:32:03,079 - ERROR - Request failed: 522 Server Error: <none> for url: https://arctic-shift.photon-reddit.com/api/posts/search?author=msquared4&after=1641016800&before=1745989200&limit=auto&sort=asc&meta-app=download-tool
2025-07-08 19:32:22,671 - ERROR - Request failed: 522 Server Error: <none> for url: https://arctic-shift.photon-reddit.com/api/posts/search?author=desertsnakes&after=1641016800&before=1745989200&limit=auto&sort=asc&meta-app=download-tool
2025-07-08 19:32:42,363 - ERROR - Request failed: 522 Server Error: <none> for url: https://arctic-shift.photon-reddit.com/api/posts/search?author=RunningPeonies&after=1641016800&before=1745989200&limit=auto&sort=asc&meta-app=download-tool
2025-07-08 19:33:01,674 - ERROR - Request failed: 522 Server Error: <none> for url: https://arctic-shift.photon-reddit.com/api/posts/search?author=Dr_Hodgekins&after=1641016800&before=1745989200&limit=auto&sort=asc&meta-app=download-tool
2025-07-08 19:33:21,339 - ERROR - Request failed: 522 Server Error: <none> for url: https://arctic-shift.photon-reddit.com/api/posts/search?author=chulieo&after=1641016800&before=1745989200&limit=auto&sort=asc&meta-app=download-tool
2025-07-08 19:33:40,811 - ERROR - Request failed: 522 Server Error: <none> for url: https://arctic-shift.photon-reddit.com/api/posts/search?author=Other_Arugula8675309&after=1641016800&before=1745989200&limit=auto&sort=asc&meta-app=download-tool
2025-07-08 19:34:00,453 - ERROR - Request failed: 522 Server Error: <none> for url: https://arctic-shift.photon-reddit.com/api/posts/search?author=BubblegumRuntz&after=1641016800&before=1745989200&limit=auto&sort=asc&meta-app=download-tool
2025-07-08 19:34:19,800 - ERROR - Request failed: 522 Server Error: <none> for url: https://arctic-shift.photon-reddit.com/api/posts/search?author=JE2095&after=1641016800&before=1745989200&limit=auto&sort=asc&meta-app=download-tool
2025-07-08 19:34:39,447 - ERROR - Request failed: 522 Server Error: <none> for url: https://arctic-shift.photon-reddit.com/api/posts/search?author=superide&after=1641016800&before=1745989200&limit=auto&sort=asc&meta-app=download-tool
2025-07-08 19:34:58,806 - ERROR - Request failed: 522 Server Error: <none> for url: https://arctic-shift.photon-reddit.com/api/posts/search?author=Throwawayjob6969&after=1641016800&before=1745989200&limit=auto&sort=asc&meta-app=download-tool
2025-07-08 19:35:18,092 - ERROR - Request failed: 522 Server Error: <none> for url: https://arctic-shift.photon-reddit.com/api/posts/search?author=taylorsuzann&after=1641016800&before=1745989200&limit=auto&sort=asc&meta-app=download-tool
2025-07-08 19:35:37,667 - ERROR - Request failed: 522 Server Error: <none> for url: https://arctic-shift.photon-reddit.com/api/posts/search?author=C1nnam0n_Grrl&after=1641016800&before=1745989200&limit=auto&sort=asc&meta-app=download-tool
2025-07-08 19:35:57,180 - ERROR - Request failed: 522 Server Error: <none> for url: https://arctic-shift.photon-reddit.com/api/posts/search?author=edvardlarouge&after=1641016800&before=1745989200&limit=auto&sort=asc&meta-app=download-tool
2025-07-08 19:36:16,678 - ERROR - Request failed: 522 Server Error: <none> for url: https://arctic-shift.photon-reddit.com/api/posts/search?author=jaaasssc&after=1641016800&before=1745989200&limit=auto&sort=asc&meta-app=download-tool
2025-07-08 19:36:36,444 - ERROR - Request failed: 522 Server Error: <none> for url: https://arctic-shift.photon-reddit.com/api/posts/search?author=rover_hendrix01&after=1641016800&before=1745989200&limit=auto&sort=asc&meta-app=download-tool
2025-07-08 19:36:56,023 - ERROR - Request failed: 522 Server Error: <none> for url: https://arctic-shift.photon-reddit.com/api/posts/search?author=CarDue5743&after=1641016800&before=1745989200&limit=auto&sort=asc&meta-app=download-tool
2025-07-08 19:37:15,790 - ERROR - Request failed: 522 Server Error: <none> for url: https://arctic-shift.photon-reddit.com/api/posts/search?author=Majestic-Crow-8338&after=1641016800&before=1745989200&limit=auto&sort=asc&meta-app=download-tool
2025-07-08 19:37:35,122 - ERROR - Request failed: 522 Server Error: <none> for url: https://arctic-shift.photon-reddit.com/api/posts/search?author=moomoomego&after=1641016800&before=1745989200&limit=auto&sort=asc&meta-app=download-tool
2025-07-08 19:37:54,758 - ERROR - Request failed: 522 Server Error: <none> for url: https://arctic-shift.photon-reddit.com/api/posts/search?author=WittyMight3340&after=1641016800&before=1745989200&limit=auto&sort=asc&meta-app=download-tool
2025-07-08 19:38:14,410 - ERROR - Request failed: 522 Server Error: <none> for url: https://arctic-shift.photon-reddit.com/api/posts/search?author=sadboyhour247&after=1641016800&before=1745989200&limit=auto&sort=asc&meta-app=download-tool
2025-07-08 19:38:34,010 - ERROR - Request failed: 522 Server Error: <none> for url: https://arctic-shift.photon-reddit.com/api/posts/search?author=anonymouscausefuckU&after=1641016800&before=1745989200&limit=auto&sort=asc&meta-app=download-tool
2025-07-08 19:38:53,378 - ERROR - Request failed: 522 Server Error: <none> for url: https://arctic-shift.photon-reddit.com/api/posts/search?author=ExchangeSuccessful72&after=1641016800&before=1745989200&limit=auto&sort=asc&meta-app=download-tool
2025-07-08 19:39:13,077 - ERROR - Request failed: 522 Server Error: <none> for url: https://arctic-shift.photon-reddit.com/api/posts/search?author=keagennn97&after=1641016800&before=1745989200&limit=auto&sort=asc&meta-app=download-tool
2025-07-08 19:39:32,867 - ERROR - Request failed: 522 Server Error: <none> for url: https://arctic-shift.photon-reddit.com/api/posts/search?author=freudianMishap&after=1641016800&before=1745989200&limit=auto&sort=asc&meta-app=download-tool
2025-07-08 19:39:52,577 - ERROR - Request failed: 522 Server Error: <none> for url: https://arctic-shift.photon-reddit.com/api/posts/search?author=sussyamogushot&after=1641016800&before=1745989200&limit=auto&sort=asc&meta-app=download-tool
2025-07-08 19:40:11,931 - ERROR - Request failed: 522 Server Error: <none> for url: https://arctic-shift.photon-reddit.com/api/posts/search?author=BurritoMold&after=1641016800&before=1745989200&limit=auto&sort=asc&meta-app=download-tool
2025-07-08 19:40:31,593 - ERROR - Request failed: 522 Server Error: <none> for url: https://arctic-shift.photon-reddit.com/api/posts/search?author=yalocalcrackhead&after=1641016800&before=1745989200&limit=auto&sort=asc&meta-app=download-tool
2025-07-08 19:40:51,147 - ERROR - Request failed: 522 Server Error: <none> for url: https://arctic-shift.photon-reddit.com/api/posts/search?author=Comprehensive_Back_3&after=1641016800&before=1745989200&limit=auto&sort=asc&meta-app=download-tool
2025-07-08 19:41:10,499 - ERROR - Request failed: 522 Server Error: <none> for url: https://arctic-shift.photon-reddit.com/api/posts/search?author=flyingtriscuit&after=1641016800&before=1745989200&limit=auto&sort=asc&meta-app=download-tool
2025-07-08 19:41:30,019 - ERROR - Request failed: 522 Server Error: <none> for url: https://arctic-shift.photon-reddit.com/api/posts/search?author=ih8myjobhateitaswell&after=1641016800&before=1745989200&limit=auto&sort=asc&meta-app=download-tool
2025-07-08 19:41:49,647 - ERROR - Request failed: 522 Server Error: <none> for url: https://arctic-shift.photon-reddit.com/api/posts/search?author=Tricky_Sample5722&after=1641016800&before=1745989200&limit=auto&sort=asc&meta-app=download-tool
2025-07-08 19:42:09,306 - ERROR - Request failed: 522 Server Error: <none> for url: https://arctic-shift.photon-reddit.com/api/posts/search?author=No-Cobbler-9896&after=1641016800&before=1745989200&limit=auto&sort=asc&meta-app=download-tool
2025-07-08 19:42:28,729 - ERROR - Request failed: 522 Server Error: <none> for url: https://arctic-shift.photon-reddit.com/api/posts/search?author=Due-Guarantee103&after=1641016800&before=1745989200&limit=auto&sort=asc&meta-app=download-tool
2025-07-08 19:42:48,309 - ERROR - Request failed: 522 Server Error: <none> for url: https://arctic-shift.photon-reddit.com/api/posts/search?author=anokogakirai&after=1641016800&before=1745989200&limit=auto&sort=asc&meta-app=download-tool
2025-07-08 19:43:08,060 - ERROR - Request failed: 522 Server Error: <none> for url: https://arctic-shift.photon-reddit.com/api/posts/search?author=escapelife_azzy&after=1641016800&before=1745989200&limit=auto&sort=asc&meta-app=download-tool
2025-07-08 19:43:27,821 - ERROR - Request failed: 522 Server Error: <none> for url: https://arctic-shift.photon-reddit.com/api/posts/search?author=Brand_guru_4984&after=1641016800&before=1745989200&limit=auto&sort=asc&meta-app=download-tool
2025-07-08 19:43:47,525 - ERROR - Request failed: 522 Server Error: <none> for url: https://arctic-shift.photon-reddit.com/api/posts/search?author=Brycemaniac&after=1641016800&before=1745989200&limit=auto&sort=asc&meta-app=download-tool
2025-07-08 19:44:07,037 - ERROR - Request failed: 522 Server Error: <none> for url: https://arctic-shift.photon-reddit.com/api/posts/search?author=tricolorpinto&after=1641016800&before=1745989200&limit=auto&sort=asc&meta-app=download-tool
2025-07-08 19:44:26,683 - ERROR - Request failed: 522 Server Error: <none> for url: https://arctic-shift.photon-reddit.com/api/posts/search?author=ApexPedator69&after=1641016800&before=1745989200&limit=auto&sort=asc&meta-app=download-tool
2025-07-08 19:44:46,330 - ERROR - Request failed: 522 Server Error: <none> for url: https://arctic-shift.photon-reddit.com/api/posts/search?author=esili&after=1641016800&before=1745989200&limit=auto&sort=asc&meta-app=download-tool
2025-07-08 19:45:06,025 - ERROR - Request failed: 522 Server Error: <none> for url: https://arctic-shift.photon-reddit.com/api/posts/search?author=Akelarr3&after=1641016800&before=1745989200&limit=auto&sort=asc&meta-app=download-tool
2025-07-08 19:45:25,444 - ERROR - Request failed: 522 Server Error: <none> for url: https://arctic-shift.photon-reddit.com/api/posts/search?author=realistfake12&after=1641016800&before=1745989200&limit=auto&sort=asc&meta-app=download-tool
2025-07-08 19:45:45,300 - ERROR - Request failed: 522 Server Error: <none> for url: https://arctic-shift.photon-reddit.com/api/posts/search?author=clintonportisdaledav&after=1641016800&before=1745989200&limit=auto&sort=asc&meta-app=download-tool
2025-07-08 19:46:04,912 - ERROR - Request failed: 522 Server Error: <none> for url: https://arctic-shift.photon-reddit.com/api/posts/search?author=TomNguyen&after=1641016800&before=1745989200&limit=auto&sort=asc&meta-app=download-tool
2025-07-08 19:46:24,533 - ERROR - Request failed: 522 Server Error:  for url: https://arctic-shift.photon-reddit.com/api/posts/search?author=houzstuff&after=1641016800&before=1745989200&limit=auto&sort=asc&meta-app=download-tool
2025-07-08 19:46:44,079 - ERROR - Request failed: 522 Server Error:  for url: https://arctic-shift.photon-reddit.com/api/posts/search?author=ill_temper3d_orifice&after=1641016800&before=1745989200&limit=auto&sort=asc&meta-app=download-tool
2025-07-08 19:47:03,713 - ERROR - Request failed: 522 Server Error: <none> for url: https://arctic-shift.photon-reddit.com/api/posts/search?author=Path2None&after=1641016800&before=1745989200&limit=auto&sort=asc&meta-app=download-tool
2025-07-08 19:47:23,397 - ERROR - Request failed: 522 Server Error: <none> for url: https://arctic-shift.photon-reddit.com/api/posts/search?author=Witty-Experience-766&after=1641016800&before=1745989200&limit=auto&sort=asc&meta-app=download-tool
2025-07-08 19:47:42,850 - ERROR - Request failed: 522 Server Error: <none> for url: https://arctic-shift.photon-reddit.com/api/posts/search?author=_HazelSnow_&after=1641016800&before=1745989200&limit=auto&sort=asc&meta-app=download-tool
2025-07-08 19:48:02,166 - ERROR - Request failed: 522 Server Error: <none> for url: https://arctic-shift.photon-reddit.com/api/posts/search?author=Tsh4pp&after=1641016800&before=1745989200&limit=auto&sort=asc&meta-app=download-tool
2025-07-08 19:48:21,962 - ERROR - Request failed: 522 Server Error: <none> for url: https://arctic-shift.photon-reddit.com/api/posts/search?author=OptymizeS&after=1641016800&before=1745989200&limit=auto&sort=asc&meta-app=download-tool
2025-07-08 19:48:41,318 - ERROR - Request failed: 522 Server Error: <none> for url: https://arctic-shift.photon-reddit.com/api/posts/search?author=No-Okra-4225&after=1641016800&before=1745989200&limit=auto&sort=asc&meta-app=download-tool
2025-07-08 19:49:00,827 - ERROR - Request failed: 522 Server Error: <none> for url: https://arctic-shift.photon-reddit.com/api/posts/search?author=expertsngofficial&after=1641016800&before=1745989200&limit=auto&sort=asc&meta-app=download-tool
2025-07-08 19:49:20,248 - ERROR - Request failed: 522 Server Error: <none> for url: https://arctic-shift.photon-reddit.com/api/posts/search?author=Grummbles28&after=1641016800&before=1745989200&limit=auto&sort=asc&meta-app=download-tool
2025-07-08 19:49:39,539 - ERROR - Request failed: 522 Server Error: <none> for url: https://arctic-shift.photon-reddit.com/api/posts/search?author=Specialist_Let_6875&after=1641016800&before=1745989200&limit=auto&sort=asc&meta-app=download-tool
2025-07-08 19:49:59,012 - ERROR - Request failed: 522 Server Error: <none> for url: https://arctic-shift.photon-reddit.com/api/posts/search?author=Skerman207&after=1641016800&before=1745989200&limit=auto&sort=asc&meta-app=download-tool
2025-07-08 19:50:18,350 - ERROR - Request failed: 522 Server Error: <none> for url: https://arctic-shift.photon-reddit.com/api/posts/search?author=Joanie_101&after=1641016800&before=1745989200&limit=auto&sort=asc&meta-app=download-tool
2025-07-08 19:50:37,635 - ERROR - Request failed: 522 Server Error: <none> for url: https://arctic-shift.photon-reddit.com/api/posts/search?author=mshirayaxmanwari&after=1641016800&before=1745989200&limit=auto&sort=asc&meta-app=download-tool
2025-07-08 19:50:57,295 - ERROR - Request failed: 522 Server Error: <none> for url: https://arctic-shift.photon-reddit.com/api/posts/search?author=currentlypracticing&after=1641016800&before=1745989200&limit=auto&sort=asc&meta-app=download-tool
2025-07-08 19:51:16,995 - ERROR - Request failed: 522 Server Error: <none> for url: https://arctic-shift.photon-reddit.com/api/posts/search?author=TrafalgarRules&after=1641016800&before=1745989200&limit=auto&sort=asc&meta-app=download-tool
2025-07-08 19:51:36,398 - ERROR - Request failed: 522 Server Error: <none> for url: https://arctic-shift.photon-reddit.com/api/posts/search?author=International_Ad_180&after=1641016800&before=1745989200&limit=auto&sort=asc&meta-app=download-tool
2025-07-08 19:51:56,111 - ERROR - Request failed: 522 Server Error: <none> for url: https://arctic-shift.photon-reddit.com/api/posts/search?author=anarchyshift&after=1641016800&before=1745989200&limit=auto&sort=asc&meta-app=download-tool
2025-07-08 19:52:15,726 - ERROR - Request failed: 522 Server Error: <none> for url: https://arctic-shift.photon-reddit.com/api/posts/search?author=pinkfloyd55&after=1641016800&before=1745989200&limit=auto&sort=asc&meta-app=download-tool
2025-07-08 19:52:35,356 - ERROR - Request failed: 522 Server Error: <none> for url: https://arctic-shift.photon-reddit.com/api/posts/search?author=socurious_22&after=1641016800&before=1745989200&limit=auto&sort=asc&meta-app=download-tool
2025-07-08 19:52:54,853 - ERROR - Request failed: 522 Server Error: <none> for url: https://arctic-shift.photon-reddit.com/api/posts/search?author=TR_BM&after=1641016800&before=1745989200&limit=auto&sort=asc&meta-app=download-tool
2025-07-08 19:53:14,597 - ERROR - Request failed: 522 Server Error: <none> for url: https://arctic-shift.photon-reddit.com/api/posts/search?author=snsmith2&after=1641016800&before=1745989200&limit=auto&sort=asc&meta-app=download-tool
2025-07-08 19:53:34,140 - ERROR - Request failed: 522 Server Error: <none> for url: https://arctic-shift.photon-reddit.com/api/posts/search?author=BigHoss106&after=1641016800&before=1745989200&limit=auto&sort=asc&meta-app=download-tool
2025-07-08 19:53:53,812 - ERROR - Request failed: 522 Server Error: <none> for url: https://arctic-shift.photon-reddit.com/api/posts/search?author=Jelly_jeans&after=1641016800&before=1745989200&limit=auto&sort=asc&meta-app=download-tool
2025-07-08 19:54:13,308 - ERROR - Request failed: 522 Server Error: <none> for url: https://arctic-shift.photon-reddit.com/api/posts/search?author=Healthy-Spring-9822&after=1641016800&before=1745989200&limit=auto&sort=asc&meta-app=download-tool
2025-07-08 19:54:32,627 - ERROR - Request failed: 522 Server Error: <none> for url: https://arctic-shift.photon-reddit.com/api/posts/search?author=Former-Yellow7394&after=1641016800&before=1745989200&limit=auto&sort=asc&meta-app=download-tool
2025-07-08 19:54:52,128 - ERROR - Request failed: 522 Server Error: <none> for url: https://arctic-shift.photon-reddit.com/api/posts/search?author=sirensxgorgons&after=1641016800&before=1745989200&limit=auto&sort=asc&meta-app=download-tool
2025-07-08 19:55:11,482 - ERROR - Request failed: 522 Server Error: <none> for url: https://arctic-shift.photon-reddit.com/api/posts/search?author=Ok_Fun7249&after=1641016800&before=1745989200&limit=auto&sort=asc&meta-app=download-tool
2025-07-08 19:55:30,947 - ERROR - Request failed: 522 Server Error: <none> for url: https://arctic-shift.photon-reddit.com/api/posts/search?author=Raymartal&after=1641016800&before=1745989200&limit=auto&sort=asc&meta-app=download-tool
2025-07-08 19:55:50,666 - ERROR - Request failed: 522 Server Error: <none> for url: https://arctic-shift.photon-reddit.com/api/posts/search?author=xzylram&after=1641016800&before=1745989200&limit=auto&sort=asc&meta-app=download-tool
2025-07-08 19:56:10,492 - ERROR - Request failed: 522 Server Error: <none> for url: https://arctic-shift.photon-reddit.com/api/posts/search?author=RiceyReddit&after=1641016800&before=1745989200&limit=auto&sort=asc&meta-app=download-tool
2025-07-08 19:56:29,894 - ERROR - Request failed: 522 Server Error: <none> for url: https://arctic-shift.photon-reddit.com/api/posts/search?author=362mike362&after=1641016800&before=1745989200&limit=auto&sort=asc&meta-app=download-tool
2025-07-08 19:56:49,585 - ERROR - Request failed: 522 Server Error: <none> for url: https://arctic-shift.photon-reddit.com/api/posts/search?author=GreenNMean&after=1641016800&before=1745989200&limit=auto&sort=asc&meta-app=download-tool
2025-07-08 19:57:09,119 - ERROR - Request failed: 522 Server Error: <none> for url: https://arctic-shift.photon-reddit.com/api/posts/search?author=necesito_quesadilla&after=1641016800&before=1745989200&limit=auto&sort=asc&meta-app=download-tool
2025-07-08 19:57:28,735 - ERROR - Request failed: 522 Server Error: <none> for url: https://arctic-shift.photon-reddit.com/api/posts/search?author=CompetitiveBattle713&after=1641016800&before=1745989200&limit=auto&sort=asc&meta-app=download-tool
2025-07-08 19:57:48,286 - ERROR - Request failed: 522 Server Error: <none> for url: https://arctic-shift.photon-reddit.com/api/posts/search?author=longrange3334&after=1641016800&before=1745989200&limit=auto&sort=asc&meta-app=download-tool
2025-07-08 19:58:07,891 - ERROR - Request failed: 522 Server Error: <none> for url: https://arctic-shift.photon-reddit.com/api/posts/search?author=swjowk&after=1641016800&before=1745989200&limit=auto&sort=asc&meta-app=download-tool
2025-07-08 19:58:27,526 - ERROR - Request failed: 522 Server Error: <none> for url: https://arctic-shift.photon-reddit.com/api/posts/search?author=bendystraws2468&after=1641016800&before=1745989200&limit=auto&sort=asc&meta-app=download-tool
2025-07-08 19:58:47,268 - ERROR - Request failed: 522 Server Error: <none> for url: https://arctic-shift.photon-reddit.com/api/posts/search?author=sparklezrule&after=1641016800&before=1745989200&limit=auto&sort=asc&meta-app=download-tool
2025-07-08 19:59:06,834 - ERROR - Request failed: 522 Server Error: <none> for url: https://arctic-shift.photon-reddit.com/api/posts/search?author=readingbabe&after=1641016800&before=1745989200&limit=auto&sort=asc&meta-app=download-tool
2025-07-08 19:59:26,603 - ERROR - Request failed: 522 Server Error: <none> for url: https://arctic-shift.photon-reddit.com/api/posts/search?author=notahamfan&after=1641016800&before=1745989200&limit=auto&sort=asc&meta-app=download-tool
2025-07-08 19:59:45,893 - ERROR - Request failed: 522 Server Error: <none> for url: https://arctic-shift.photon-reddit.com/api/posts/search?author=HomestuckPlease&after=1641016800&before=1745989200&limit=auto&sort=asc&meta-app=download-tool
2025-07-08 20:00:05,573 - ERROR - Request failed: 522 Server Error: <none> for url: https://arctic-shift.photon-reddit.com/api/posts/search?author=HoneyRaven&after=1641016800&before=1745989200&limit=auto&sort=asc&meta-app=download-tool
2025-07-08 20:00:25,145 - ERROR - Request failed: 522 Server Error: <none> for url: https://arctic-shift.photon-reddit.com/api/posts/search?author=WTFishappeningnw&after=1641016800&before=1745989200&limit=auto&sort=asc&meta-app=download-tool
2025-07-08 20:00:44,520 - ERROR - Request failed: 522 Server Error: <none> for url: https://arctic-shift.photon-reddit.com/api/posts/search?author=cipher-00&after=1641016800&before=1745989200&limit=auto&sort=asc&meta-app=download-tool
2025-07-08 20:01:04,130 - ERROR - Request failed: 522 Server Error: <none> for url: https://arctic-shift.photon-reddit.com/api/posts/search?author=N0tTh31&after=1641016800&before=1745989200&limit=auto&sort=asc&meta-app=download-tool
2025-07-08 20:01:23,871 - ERROR - Request failed: 522 Server Error: <none> for url: https://arctic-shift.photon-reddit.com/api/posts/search?author=UngaBungster&after=1641016800&before=1745989200&limit=auto&sort=asc&meta-app=download-tool
2025-07-08 20:01:43,205 - ERROR - Request failed: 522 Server Error: <none> for url: https://arctic-shift.photon-reddit.com/api/posts/search?author=karmacapitan&after=1641016800&before=1745989200&limit=auto&sort=asc&meta-app=download-tool
2025-07-08 20:02:02,689 - ERROR - Request failed: 522 Server Error: <none> for url: https://arctic-shift.photon-reddit.com/api/posts/search?author=Alx_xlA&after=1641016800&before=1745989200&limit=auto&sort=asc&meta-app=download-tool
2025-07-08 20:02:22,391 - ERROR - Request failed: 522 Server Error: <none> for url: https://arctic-shift.photon-reddit.com/api/posts/search?author=lasertrailblazer&after=1641016800&before=1745989200&limit=auto&sort=asc&meta-app=download-tool
2025-07-08 20:02:41,807 - ERROR - Request failed: 522 Server Error: <none> for url: https://arctic-shift.photon-reddit.com/api/posts/search?author=FinancialInfant1M&after=1641016800&before=1745989200&limit=auto&sort=asc&meta-app=download-tool
2025-07-08 20:03:01,314 - ERROR - Request failed: 522 Server Error: <none> for url: https://arctic-shift.photon-reddit.com/api/posts/search?author=Substantial-Plan9889&after=1641016800&before=1745989200&limit=auto&sort=asc&meta-app=download-tool
2025-07-08 20:03:20,695 - ERROR - Request failed: 522 Server Error: <none> for url: https://arctic-shift.photon-reddit.com/api/posts/search?author=learnerdiveruk&after=1641016800&before=1745989200&limit=auto&sort=asc&meta-app=download-tool
2025-07-08 20:03:40,248 - ERROR - Request failed: 522 Server Error: <none> for url: https://arctic-shift.photon-reddit.com/api/posts/search?author=acatonmars&after=1641016800&before=1745989200&limit=auto&sort=asc&meta-app=download-tool
2025-07-08 20:03:59,767 - ERROR - Request failed: 522 Server Error: <none> for url: https://arctic-shift.photon-reddit.com/api/posts/search?author=pintsizetnt&after=1641016800&before=1745989200&limit=auto&sort=asc&meta-app=download-tool
2025-07-08 20:04:19,233 - ERROR - Request failed: 522 Server Error: <none> for url: https://arctic-shift.photon-reddit.com/api/posts/search?author=Capital_Pound1277&after=1641016800&before=1745989200&limit=auto&sort=asc&meta-app=download-tool
2025-07-08 20:04:39,004 - ERROR - Request failed: 522 Server Error: <none> for url: https://arctic-shift.photon-reddit.com/api/posts/search?author=Independent-Force259&after=1641016800&before=1745989200&limit=auto&sort=asc&meta-app=download-tool
2025-07-08 20:04:58,411 - ERROR - Request failed: 522 Server Error: <none> for url: https://arctic-shift.photon-reddit.com/api/posts/search?author=mjsb03&after=1641016800&before=1745989200&limit=auto&sort=asc&meta-app=download-tool
2025-07-08 20:05:18,087 - ERROR - Request failed: 522 Server Error: <none> for url: https://arctic-shift.photon-reddit.com/api/posts/search?author=ramon3434&after=1641016800&before=1745989200&limit=auto&sort=asc&meta-app=download-tool
2025-07-08 20:05:37,792 - ERROR - Request failed: 522 Server Error: <none> for url: https://arctic-shift.photon-reddit.com/api/posts/search?author=Rich_Afternoon_2577&after=1641016800&before=1745989200&limit=auto&sort=asc&meta-app=download-tool
2025-07-08 20:05:57,443 - ERROR - Request failed: 522 Server Error: <none> for url: https://arctic-shift.photon-reddit.com/api/posts/search?author=BlueEyedGenius1&after=1641016800&before=1745989200&limit=auto&sort=asc&meta-app=download-tool
2025-07-08 20:06:17,110 - ERROR - Request failed: 522 Server Error: <none> for url: https://arctic-shift.photon-reddit.com/api/posts/search?author=Captainegglegs&after=1641016800&before=1745989200&limit=auto&sort=asc&meta-app=download-tool
2025-07-08 20:06:36,647 - ERROR - Request failed: 522 Server Error: <none> for url: https://arctic-shift.photon-reddit.com/api/posts/search?author=Ok-Contribution9040&after=1641016800&before=1745989200&limit=auto&sort=asc&meta-app=download-tool
2025-07-08 20:06:56,387 - ERROR - Request failed: 522 Server Error: <none> for url: https://arctic-shift.photon-reddit.com/api/posts/search?author=Vivid-Account&after=1641016800&before=1745989200&limit=auto&sort=asc&meta-app=download-tool
2025-07-08 20:07:16,027 - ERROR - Request failed: 522 Server Error: <none> for url: https://arctic-shift.photon-reddit.com/api/posts/search?author=SimplyLove24&after=1641016800&before=1745989200&limit=auto&sort=asc&meta-app=download-tool
2025-07-08 20:07:35,620 - ERROR - Request failed: 522 Server Error: <none> for url: https://arctic-shift.photon-reddit.com/api/posts/search?author=Nateee2021&after=1641016800&before=1745989200&limit=auto&sort=asc&meta-app=download-tool
2025-07-08 20:07:54,984 - ERROR - Request failed: 522 Server Error: <none> for url: https://arctic-shift.photon-reddit.com/api/posts/search?author=k33pyourcookies&after=1641016800&before=1745989200&limit=auto&sort=asc&meta-app=download-tool
2025-07-08 20:08:14,693 - ERROR - Request failed: 522 Server Error: <none> for url: https://arctic-shift.photon-reddit.com/api/posts/search?author=No_Reputation_9364&after=1641016800&before=1745989200&limit=auto&sort=asc&meta-app=download-tool
2025-07-08 20:08:34,004 - ERROR - Request failed: 522 Server Error: <none> for url: https://arctic-shift.photon-reddit.com/api/posts/search?author=Dostrestres&after=1641016800&before=1745989200&limit=auto&sort=asc&meta-app=download-tool
2025-07-08 20:08:53,586 - ERROR - Request failed: 522 Server Error: <none> for url: https://arctic-shift.photon-reddit.com/api/posts/search?author=DiskProfessional1657&after=1641016800&before=1745989200&limit=auto&sort=asc&meta-app=download-tool
2025-07-08 20:09:13,267 - ERROR - Request failed: 522 Server Error: <none> for url: https://arctic-shift.photon-reddit.com/api/posts/search?author=Due-Sand-4309&after=1641016800&before=1745989200&limit=auto&sort=asc&meta-app=download-tool
2025-07-08 20:09:32,825 - ERROR - Request failed: 522 Server Error: <none> for url: https://arctic-shift.photon-reddit.com/api/posts/search?author=untoyou&after=1641016800&before=1745989200&limit=auto&sort=asc&meta-app=download-tool
2025-07-08 20:09:52,483 - ERROR - Request failed: 522 Server Error: <none> for url: https://arctic-shift.photon-reddit.com/api/posts/search?author=asain2022&after=1641016800&before=1745989200&limit=auto&sort=asc&meta-app=download-tool
2025-07-08 20:10:12,091 - ERROR - Request failed: 522 Server Error: <none> for url: https://arctic-shift.photon-reddit.com/api/posts/search?author=Main-Implement-5938&after=1641016800&before=1745989200&limit=auto&sort=asc&meta-app=download-tool
2025-07-08 20:10:31,576 - ERROR - Request failed: 522 Server Error: <none> for url: https://arctic-shift.photon-reddit.com/api/posts/search?author=Seabeeson&after=1641016800&before=1745989200&limit=auto&sort=asc&meta-app=download-tool
2025-07-08 20:10:51,014 - ERROR - Request failed: 522 Server Error: <none> for url: https://arctic-shift.photon-reddit.com/api/posts/search?author=PlateSubstantial2873&after=1641016800&before=1745989200&limit=auto&sort=asc&meta-app=download-tool
2025-07-08 20:11:10,528 - ERROR - Request failed: 522 Server Error: <none> for url: https://arctic-shift.photon-reddit.com/api/posts/search?author=Endorfinator&after=1641016800&before=1745989200&limit=auto&sort=asc&meta-app=download-tool
2025-07-08 20:11:29,879 - ERROR - Request failed: 522 Server Error: <none> for url: https://arctic-shift.photon-reddit.com/api/posts/search?author=OGaccountGotBanned&after=1641016800&before=1745989200&limit=auto&sort=asc&meta-app=download-tool
2025-07-08 20:11:49,788 - ERROR - Request failed: 522 Server Error: <none> for url: https://arctic-shift.photon-reddit.com/api/posts/search?author=throwaway532543&after=1641016800&before=1745989200&limit=auto&sort=asc&meta-app=download-tool
2025-07-08 20:12:09,480 - ERROR - Request failed: 522 Server Error: <none> for url: https://arctic-shift.photon-reddit.com/api/posts/search?author=AbitLost12345&after=1641016800&before=1745989200&limit=auto&sort=asc&meta-app=download-tool
2025-07-08 20:12:28,896 - ERROR - Request failed: 522 Server Error: <none> for url: https://arctic-shift.photon-reddit.com/api/posts/search?author=neonpixels21&after=1641016800&before=1745989200&limit=auto&sort=asc&meta-app=download-tool
2025-07-08 20:12:48,641 - ERROR - Request failed: 522 Server Error: <none> for url: https://arctic-shift.photon-reddit.com/api/posts/search?author=Zealousideal_Hand_51&after=1641016800&before=1745989200&limit=auto&sort=asc&meta-app=download-tool
2025-07-08 20:13:08,478 - ERROR - Request failed: 522 Server Error: <none> for url: https://arctic-shift.photon-reddit.com/api/posts/search?author=xlipxtel&after=1641016800&before=1745989200&limit=auto&sort=asc&meta-app=download-tool
2025-07-08 20:13:28,105 - ERROR - Request failed: 522 Server Error: <none> for url: https://arctic-shift.photon-reddit.com/api/posts/search?author=TheShadowDemon&after=1641016800&before=1745989200&limit=auto&sort=asc&meta-app=download-tool
2025-07-08 20:13:47,832 - ERROR - Request failed: 522 Server Error: <none> for url: https://arctic-shift.photon-reddit.com/api/posts/search?author=SavageOtters&after=1641016800&before=1745989200&limit=auto&sort=asc&meta-app=download-tool
2025-07-08 20:14:07,155 - ERROR - Request failed: 522 Server Error: <none> for url: https://arctic-shift.photon-reddit.com/api/posts/search?author=Sneakymist&after=1641016800&before=1745989200&limit=auto&sort=asc&meta-app=download-tool
2025-07-08 20:14:26,793 - ERROR - Request failed: 522 Server Error: <none> for url: https://arctic-shift.photon-reddit.com/api/posts/search?author=Just-Understanding&after=1641016800&before=1745989200&limit=auto&sort=asc&meta-app=download-tool
2025-07-08 20:14:46,518 - ERROR - Request failed: 522 Server Error: <none> for url: https://arctic-shift.photon-reddit.com/api/posts/search?author=RichExample5315&after=1641016800&before=1745989200&limit=auto&sort=asc&meta-app=download-tool
2025-07-08 20:15:06,333 - ERROR - Request failed: 522 Server Error: <none> for url: https://arctic-shift.photon-reddit.com/api/posts/search?author=Jobsalt1234567&after=1641016800&before=1745989200&limit=auto&sort=asc&meta-app=download-tool
2025-07-08 20:15:25,749 - ERROR - Request failed: 522 Server Error: <none> for url: https://arctic-shift.photon-reddit.com/api/posts/search?author=kirbojones2000&after=1641016800&before=1745989200&limit=auto&sort=asc&meta-app=download-tool
2025-07-08 20:15:45,505 - ERROR - Request failed: 522 Server Error: <none> for url: https://arctic-shift.photon-reddit.com/api/posts/search?author=sarashsh12003&after=1641016800&before=1745989200&limit=auto&sort=asc&meta-app=download-tool
2025-07-08 20:16:04,990 - ERROR - Request failed: 522 Server Error: <none> for url: https://arctic-shift.photon-reddit.com/api/posts/search?author=hamidreview&after=1641016800&before=1745989200&limit=auto&sort=asc&meta-app=download-tool
2025-07-08 20:16:24,769 - ERROR - Request failed: 522 Server Error: <none> for url: https://arctic-shift.photon-reddit.com/api/posts/search?author=Juzt_A_Thr0w_Away&after=1641016800&before=1745989200&limit=auto&sort=asc&meta-app=download-tool
2025-07-08 20:16:44,234 - ERROR - Request failed: 522 Server Error: <none> for url: https://arctic-shift.photon-reddit.com/api/posts/search?author=wesblog&after=1641016800&before=1745989200&limit=auto&sort=asc&meta-app=download-tool
2025-07-08 20:17:03,866 - ERROR - Request failed: 522 Server Error: <none> for url: https://arctic-shift.photon-reddit.com/api/posts/search?author=GooGooGajoob67&after=1641016800&before=1745989200&limit=auto&sort=asc&meta-app=download-tool
2025-07-08 20:17:23,307 - ERROR - Request failed: 522 Server Error: <none> for url: https://arctic-shift.photon-reddit.com/api/posts/search?author=ftp804&after=1641016800&before=1745989200&limit=auto&sort=asc&meta-app=download-tool
2025-07-08 20:17:42,785 - ERROR - Request failed: 522 Server Error: <none> for url: https://arctic-shift.photon-reddit.com/api/posts/search?author=Arborealbro&after=1641016800&before=1745989200&limit=auto&sort=asc&meta-app=download-tool
2025-07-08 20:18:02,183 - ERROR - Request failed: 522 Server Error: <none> for url: https://arctic-shift.photon-reddit.com/api/posts/search?author=itspizzathehut&after=1641016800&before=1745989200&limit=auto&sort=asc&meta-app=download-tool
2025-07-08 20:18:21,816 - ERROR - Request failed: 522 Server Error: <none> for url: https://arctic-shift.photon-reddit.com/api/posts/search?author=ElKnox&after=1641016800&before=1745989200&limit=auto&sort=asc&meta-app=download-tool
2025-07-08 20:18:41,543 - ERROR - Request failed: 522 Server Error: <none> for url: https://arctic-shift.photon-reddit.com/api/posts/search?author=Rainbike80&after=1641016800&before=1745989200&limit=auto&sort=asc&meta-app=download-tool
2025-07-08 20:19:01,268 - ERROR - Request failed: 522 Server Error: <none> for url: https://arctic-shift.photon-reddit.com/api/posts/search?author=thebeastwithin379&after=1641016800&before=1745989200&limit=auto&sort=asc&meta-app=download-tool
2025-07-08 20:19:20,567 - ERROR - Request failed: 522 Server Error: <none> for url: https://arctic-shift.photon-reddit.com/api/posts/search?author=perubia&after=1641016800&before=1745989200&limit=auto&sort=asc&meta-app=download-tool
2025-07-08 20:19:40,262 - ERROR - Request failed: 522 Server Error: <none> for url: https://arctic-shift.photon-reddit.com/api/posts/search?author=Rude_Budget_5180&after=1641016800&before=1745989200&limit=auto&sort=asc&meta-app=download-tool
2025-07-08 20:19:59,600 - ERROR - Request failed: 522 Server Error: <none> for url: https://arctic-shift.photon-reddit.com/api/posts/search?author=morganfreemansnips&after=1641016800&before=1745989200&limit=auto&sort=asc&meta-app=download-tool
2025-07-08 20:20:18,920 - ERROR - Request failed: 522 Server Error: <none> for url: https://arctic-shift.photon-reddit.com/api/posts/search?author=sprinkledsera&after=1641016800&before=1745989200&limit=auto&sort=asc&meta-app=download-tool
2025-07-08 20:20:38,467 - ERROR - Request failed: 522 Server Error: <none> for url: https://arctic-shift.photon-reddit.com/api/posts/search?author=Exciting-Outside-792&after=1641016800&before=1745989200&limit=auto&sort=asc&meta-app=download-tool
2025-07-08 20:20:58,071 - ERROR - Request failed: 522 Server Error: <none> for url: https://arctic-shift.photon-reddit.com/api/posts/search?author=Possible_owl_&after=1641016800&before=1745989200&limit=auto&sort=asc&meta-app=download-tool
2025-07-08 20:21:17,616 - ERROR - Request failed: 522 Server Error: <none> for url: https://arctic-shift.photon-reddit.com/api/posts/search?author=Fantastic_Night365&after=1641016800&before=1745989200&limit=auto&sort=asc&meta-app=download-tool
2025-07-08 20:21:37,277 - ERROR - Request failed: 522 Server Error: <none> for url: https://arctic-shift.photon-reddit.com/api/posts/search?author=RevolutionaryElk7687&after=1641016800&before=1745989200&limit=auto&sort=asc&meta-app=download-tool
2025-07-08 20:21:56,760 - ERROR - Request failed: 522 Server Error: <none> for url: https://arctic-shift.photon-reddit.com/api/posts/search?author=Nice_Bluejay&after=1641016800&before=1745989200&limit=auto&sort=asc&meta-app=download-tool
2025-07-08 20:22:16,141 - ERROR - Request failed: 522 Server Error: <none> for url: https://arctic-shift.photon-reddit.com/api/posts/search?author=EddyB13557&after=1641016800&before=1745989200&limit=auto&sort=asc&meta-app=download-tool
2025-07-08 20:22:35,925 - ERROR - Request failed: 522 Server Error: <none> for url: https://arctic-shift.photon-reddit.com/api/posts/search?author=barbaryaga&after=1641016800&before=1745989200&limit=auto&sort=asc&meta-app=download-tool
2025-07-08 20:22:55,684 - ERROR - Request failed: 522 Server Error: <none> for url: https://arctic-shift.photon-reddit.com/api/posts/search?author=AngryPandaBlog&after=1641016800&before=1745989200&limit=auto&sort=asc&meta-app=download-tool
2025-07-08 20:23:15,078 - ERROR - Request failed: 522 Server Error: <none> for url: https://arctic-shift.photon-reddit.com/api/posts/search?author=dimepennyquarter&after=1641016800&before=1745989200&limit=auto&sort=asc&meta-app=download-tool
2025-07-08 20:23:34,657 - ERROR - Request failed: 522 Server Error: <none> for url: https://arctic-shift.photon-reddit.com/api/posts/search?author=Gobirds_95&after=1641016800&before=1745989200&limit=auto&sort=asc&meta-app=download-tool
2025-07-08 20:23:54,109 - ERROR - Request failed: 522 Server Error: <none> for url: https://arctic-shift.photon-reddit.com/api/posts/search?author=Longjumping-Walk485&after=1641016800&before=1745989200&limit=auto&sort=asc&meta-app=download-tool
2025-07-08 20:24:13,440 - ERROR - Request failed: 522 Server Error: <none> for url: https://arctic-shift.photon-reddit.com/api/posts/search?author=foxxytroxxy&after=1641016800&before=1745989200&limit=auto&sort=asc&meta-app=download-tool
2025-07-08 20:24:32,976 - ERROR - Request failed: 522 Server Error: <none> for url: https://arctic-shift.photon-reddit.com/api/posts/search?author=alloverated&after=1641016800&before=1745989200&limit=auto&sort=asc&meta-app=download-tool
2025-07-08 20:24:52,568 - ERROR - Request failed: 522 Server Error: <none> for url: https://arctic-shift.photon-reddit.com/api/posts/search?author=dirtiestofbuttholes&after=1641016800&before=1745989200&limit=auto&sort=asc&meta-app=download-tool
2025-07-08 20:25:12,197 - ERROR - Request failed: 522 Server Error: <none> for url: https://arctic-shift.photon-reddit.com/api/posts/search?author=AtoliQ&after=1641016800&before=1745989200&limit=auto&sort=asc&meta-app=download-tool
2025-07-08 20:25:31,756 - ERROR - Request failed: 522 Server Error: <none> for url: https://arctic-shift.photon-reddit.com/api/posts/search?author=KeyBoardWarrrior&after=1641016800&before=1745989200&limit=auto&sort=asc&meta-app=download-tool
2025-07-08 20:25:51,326 - ERROR - Request failed: 522 Server Error: <none> for url: https://arctic-shift.photon-reddit.com/api/posts/search?author=Society_AfterZ&after=1641016800&before=1745989200&limit=auto&sort=asc&meta-app=download-tool
2025-07-08 20:26:10,853 - ERROR - Request failed: 522 Server Error: <none> for url: https://arctic-shift.photon-reddit.com/api/posts/search?author=Mindless_Daikon7945&after=1641016800&before=1745989200&limit=auto&sort=asc&meta-app=download-tool
2025-07-08 20:26:30,260 - ERROR - Request failed: 522 Server Error: <none> for url: https://arctic-shift.photon-reddit.com/api/posts/search?author=ALittleHulk&after=1641016800&before=1745989200&limit=auto&sort=asc&meta-app=download-tool
2025-07-08 20:26:50,009 - ERROR - Request failed: 522 Server Error: <none> for url: https://arctic-shift.photon-reddit.com/api/posts/search?author=sanahani199686&after=1641016800&before=1745989200&limit=auto&sort=asc&meta-app=download-tool
2025-07-08 20:27:09,377 - ERROR - Request failed: 522 Server Error: <none> for url: https://arctic-shift.photon-reddit.com/api/posts/search?author=Intelcorporation0&after=1641016800&before=1745989200&limit=auto&sort=asc&meta-app=download-tool
2025-07-08 20:27:28,963 - ERROR - Request failed: 522 Server Error: <none> for url: https://arctic-shift.photon-reddit.com/api/posts/search?author=imkarthi7&after=1641016800&before=1745989200&limit=auto&sort=asc&meta-app=download-tool
2025-07-08 20:27:48,388 - ERROR - Request failed: 522 Server Error: <none> for url: https://arctic-shift.photon-reddit.com/api/posts/search?author=Background_Cry_5611&after=1641016800&before=1745989200&limit=auto&sort=asc&meta-app=download-tool
2025-07-08 20:28:08,121 - ERROR - Request failed: 522 Server Error: <none> for url: https://arctic-shift.photon-reddit.com/api/posts/search?author=Full11123&after=1641016800&before=1745989200&limit=auto&sort=asc&meta-app=download-tool
2025-07-08 20:28:27,610 - ERROR - Request failed: 522 Server Error: <none> for url: https://arctic-shift.photon-reddit.com/api/posts/search?author=cbrrydrz&after=1641016800&before=1745989200&limit=auto&sort=asc&meta-app=download-tool
2025-07-08 20:28:47,180 - ERROR - Request failed: 522 Server Error: <none> for url: https://arctic-shift.photon-reddit.com/api/posts/search?author=jeffreyatkinson&after=1641016800&before=1745989200&limit=auto&sort=asc&meta-app=download-tool
2025-07-08 20:29:06,648 - ERROR - Request failed: 522 Server Error: <none> for url: https://arctic-shift.photon-reddit.com/api/posts/search?author=pixiedustfairystuff&after=1641016800&before=1745989200&limit=auto&sort=asc&meta-app=download-tool
2025-07-08 20:29:26,152 - ERROR - Request failed: 522 Server Error: <none> for url: https://arctic-shift.photon-reddit.com/api/posts/search?author=Eastern-Extension-66&after=1641016800&before=1745989200&limit=auto&sort=asc&meta-app=download-tool
2025-07-08 20:29:45,717 - ERROR - Request failed: 522 Server Error: <none> for url: https://arctic-shift.photon-reddit.com/api/posts/search?author=bummymom&after=1641016800&before=1745989200&limit=auto&sort=asc&meta-app=download-tool
2025-07-08 20:30:05,139 - ERROR - Request failed: 522 Server Error: <none> for url: https://arctic-shift.photon-reddit.com/api/posts/search?author=4thDuck&after=1641016800&before=1745989200&limit=auto&sort=asc&meta-app=download-tool
2025-07-08 20:30:24,565 - ERROR - Request failed: 522 Server Error: <none> for url: https://arctic-shift.photon-reddit.com/api/posts/search?author=BuddyIntelligent2140&after=1641016800&before=1745989200&limit=auto&sort=asc&meta-app=download-tool
2025-07-08 20:30:44,303 - ERROR - Request failed: 522 Server Error: <none> for url: https://arctic-shift.photon-reddit.com/api/posts/search?author=surviving_engineer78&after=1641016800&before=1745989200&limit=auto&sort=asc&meta-app=download-tool
2025-07-08 20:31:03,867 - ERROR - Request failed: 522 Server Error: <none> for url: https://arctic-shift.photon-reddit.com/api/posts/search?author=Ihatesquats_007&after=1641016800&before=1745989200&limit=auto&sort=asc&meta-app=download-tool
2025-07-08 20:31:23,442 - ERROR - Request failed: 522 Server Error: <none> for url: https://arctic-shift.photon-reddit.com/api/posts/search?author=Comfortable_Alarm_55&after=1641016800&before=1745989200&limit=auto&sort=asc&meta-app=download-tool
2025-07-08 20:31:43,018 - ERROR - Request failed: 522 Server Error: <none> for url: https://arctic-shift.photon-reddit.com/api/posts/search?author=RedRose141093&after=1641016800&before=1745989200&limit=auto&sort=asc&meta-app=download-tool
2025-07-08 20:32:02,519 - ERROR - Request failed: 522 Server Error: <none> for url: https://arctic-shift.photon-reddit.com/api/posts/search?author=ProudIntroduction846&after=1641016800&before=1745989200&limit=auto&sort=asc&meta-app=download-tool
2025-07-08 20:32:21,832 - ERROR - Request failed: 522 Server Error: <none> for url: https://arctic-shift.photon-reddit.com/api/posts/search?author=Over-Instance8768&after=1641016800&before=1745989200&limit=auto&sort=asc&meta-app=download-tool
2025-07-08 20:32:41,532 - ERROR - Request failed: 522 Server Error: <none> for url: https://arctic-shift.photon-reddit.com/api/posts/search?author=recruiterguy&after=1641016800&before=1745989200&limit=auto&sort=asc&meta-app=download-tool
2025-07-08 20:33:01,344 - ERROR - Request failed: 522 Server Error: <none> for url: https://arctic-shift.photon-reddit.com/api/posts/search?author=brindle2003&after=1641016800&before=1745989200&limit=auto&sort=asc&meta-app=download-tool
2025-07-08 20:33:20,978 - ERROR - Request failed: 522 Server Error: <none> for url: https://arctic-shift.photon-reddit.com/api/posts/search?author=bishopbull&after=1641016800&before=1745989200&limit=auto&sort=asc&meta-app=download-tool
2025-07-08 20:33:40,684 - ERROR - Request failed: 522 Server Error: <none> for url: https://arctic-shift.photon-reddit.com/api/posts/search?author=UnexpectedFelipe&after=1641016800&before=1745989200&limit=auto&sort=asc&meta-app=download-tool
2025-07-08 20:34:00,419 - ERROR - Request failed: 522 Server Error: <none> for url: https://arctic-shift.photon-reddit.com/api/posts/search?author=i_rae_shun&after=1641016800&before=1745989200&limit=auto&sort=asc&meta-app=download-tool
2025-07-08 20:34:19,909 - ERROR - Request failed: 522 Server Error: <none> for url: https://arctic-shift.photon-reddit.com/api/posts/search?author=Marsuv1us&after=1641016800&before=1745989200&limit=auto&sort=asc&meta-app=download-tool
2025-07-08 20:34:39,396 - ERROR - Request failed: 522 Server Error: <none> for url: https://arctic-shift.photon-reddit.com/api/posts/search?author=Khavotic&after=1641016800&before=1745989200&limit=auto&sort=asc&meta-app=download-tool
2025-07-08 20:34:59,157 - ERROR - Request failed: 522 Server Error: <none> for url: https://arctic-shift.photon-reddit.com/api/posts/search?author=AuroraCloudberry&after=1641016800&before=1745989200&limit=auto&sort=asc&meta-app=download-tool
2025-07-08 20:35:18,463 - ERROR - Request failed: 522 Server Error: <none> for url: https://arctic-shift.photon-reddit.com/api/posts/search?author=k_1_n_g_c_0_1_e&after=1641016800&before=1745989200&limit=auto&sort=asc&meta-app=download-tool
2025-07-08 20:35:37,827 - ERROR - Request failed: 522 Server Error: <none> for url: https://arctic-shift.photon-reddit.com/api/posts/search?author=Minnienurse&after=1641016800&before=1745989200&limit=auto&sort=asc&meta-app=download-tool
2025-07-08 20:35:57,139 - ERROR - Request failed: 522 Server Error: <none> for url: https://arctic-shift.photon-reddit.com/api/posts/search?author=Sheianaplz&after=1641016800&before=1745989200&limit=auto&sort=asc&meta-app=download-tool
2025-07-08 20:36:17,009 - ERROR - Request failed: 522 Server Error: <none> for url: https://arctic-shift.photon-reddit.com/api/posts/search?author=BGarriz&after=1641016800&before=1745989200&limit=auto&sort=asc&meta-app=download-tool
2025-07-08 20:36:36,820 - ERROR - Request failed: 522 Server Error: <none> for url: https://arctic-shift.photon-reddit.com/api/posts/search?author=buildingbeautiful&after=1641016800&before=1745989200&limit=auto&sort=asc&meta-app=download-tool
2025-07-08 20:36:56,720 - ERROR - Request failed: 522 Server Error: <none> for url: https://arctic-shift.photon-reddit.com/api/posts/search?author=lolaidaka&after=1641016800&before=1745989200&limit=auto&sort=asc&meta-app=download-tool
2025-07-08 20:37:16,285 - ERROR - Request failed: 522 Server Error: <none> for url: https://arctic-shift.photon-reddit.com/api/posts/search?author=callie12356&after=1641016800&before=1745989200&limit=auto&sort=asc&meta-app=download-tool
2025-07-08 20:37:35,850 - ERROR - Request failed: 522 Server Error: <none> for url: https://arctic-shift.photon-reddit.com/api/posts/search?author=Targura&after=1641016800&before=1745989200&limit=auto&sort=asc&meta-app=download-tool
2025-07-08 20:37:55,267 - ERROR - Request failed: 522 Server Error: <none> for url: https://arctic-shift.photon-reddit.com/api/posts/search?author=affogatoe&after=1641016800&before=1745989200&limit=auto&sort=asc&meta-app=download-tool
2025-07-08 20:38:15,041 - ERROR - Request failed: 522 Server Error: <none> for url: https://arctic-shift.photon-reddit.com/api/posts/search?author=tsmith347&after=1641016800&before=1745989200&limit=auto&sort=asc&meta-app=download-tool
2025-07-08 20:38:34,503 - ERROR - Request failed: 522 Server Error: <none> for url: https://arctic-shift.photon-reddit.com/api/posts/search?author=RIPKobe_824&after=1641016800&before=1745989200&limit=auto&sort=asc&meta-app=download-tool
2025-07-08 20:38:54,140 - ERROR - Request failed: 522 Server Error: <none> for url: https://arctic-shift.photon-reddit.com/api/posts/search?author=Baby_raccoon_outside&after=1641016800&before=1745989200&limit=auto&sort=asc&meta-app=download-tool
2025-07-08 20:39:13,793 - ERROR - Request failed: 522 Server Error: <none> for url: https://arctic-shift.photon-reddit.com/api/posts/search?author=SpellofDestruction3&after=1641016800&before=1745989200&limit=auto&sort=asc&meta-app=download-tool
2025-07-08 20:39:33,323 - ERROR - Request failed: 522 Server Error: <none> for url: https://arctic-shift.photon-reddit.com/api/posts/search?author=oooi5&after=1641016800&before=1745989200&limit=auto&sort=asc&meta-app=download-tool
2025-07-08 20:39:52,962 - ERROR - Request failed: 522 Server Error: <none> for url: https://arctic-shift.photon-reddit.com/api/posts/search?author=nbplaya94&after=1641016800&before=1745989200&limit=auto&sort=asc&meta-app=download-tool
2025-07-08 20:40:12,521 - ERROR - Request failed: 522 Server Error: <none> for url: https://arctic-shift.photon-reddit.com/api/posts/search?author=CynicalSectopod&after=1641016800&before=1745989200&limit=auto&sort=asc&meta-app=download-tool
2025-07-08 20:40:31,878 - ERROR - Request failed: 522 Server Error: <none> for url: https://arctic-shift.photon-reddit.com/api/posts/search?author=Alert_Ad_3475&after=1641016800&before=1745989200&limit=auto&sort=asc&meta-app=download-tool
2025-07-08 20:40:51,396 - ERROR - Request failed: 522 Server Error: <none> for url: https://arctic-shift.photon-reddit.com/api/posts/search?author=baskingintheglow&after=1641016800&before=1745989200&limit=auto&sort=asc&meta-app=download-tool
2025-07-08 20:41:11,284 - ERROR - Request failed: 522 Server Error: <none> for url: https://arctic-shift.photon-reddit.com/api/posts/search?author=Electronic-Pin-3031&after=1641016800&before=1745989200&limit=auto&sort=asc&meta-app=download-tool
2025-07-08 20:41:31,074 - ERROR - Request failed: 522 Server Error: <none> for url: https://arctic-shift.photon-reddit.com/api/posts/search?author=AtypicalBullshit&after=1641016800&before=1745989200&limit=auto&sort=asc&meta-app=download-tool
2025-07-08 20:41:50,762 - ERROR - Request failed: 522 Server Error: <none> for url: https://arctic-shift.photon-reddit.com/api/posts/search?author=Equivalent_Classic93&after=1641016800&before=1745989200&limit=auto&sort=asc&meta-app=download-tool
2025-07-08 20:42:10,490 - ERROR - Request failed: 522 Server Error: <none> for url: https://arctic-shift.photon-reddit.com/api/posts/search?author=OriginalInterview834&after=1641016800&before=1745989200&limit=auto&sort=asc&meta-app=download-tool
2025-07-08 20:42:30,116 - ERROR - Request failed: 522 Server Error: <none> for url: https://arctic-shift.photon-reddit.com/api/posts/search?author=casamia5997&after=1641016800&before=1745989200&limit=auto&sort=asc&meta-app=download-tool
2025-07-08 20:42:49,809 - ERROR - Request failed: 522 Server Error: <none> for url: https://arctic-shift.photon-reddit.com/api/posts/search?author=kittykat4278&after=1641016800&before=1745989200&limit=auto&sort=asc&meta-app=download-tool
2025-07-08 20:43:09,444 - ERROR - Request failed: 522 Server Error: <none> for url: https://arctic-shift.photon-reddit.com/api/posts/search?author=Ill-Usual-3760&after=1641016800&before=1745989200&limit=auto&sort=asc&meta-app=download-tool
2025-07-08 20:43:29,126 - ERROR - Request failed: 522 Server Error: <none> for url: https://arctic-shift.photon-reddit.com/api/posts/search?author=Tuckyaboimahson&after=1641016800&before=1745989200&limit=auto&sort=asc&meta-app=download-tool
2025-07-08 20:43:48,487 - ERROR - Request failed: 522 Server Error: <none> for url: https://arctic-shift.photon-reddit.com/api/posts/search?author=pepprmint&after=1641016800&before=1745989200&limit=auto&sort=asc&meta-app=download-tool
2025-07-08 20:44:07,816 - ERROR - Request failed: 522 Server Error: <none> for url: https://arctic-shift.photon-reddit.com/api/posts/search?author=Wespinforbro&after=1641016800&before=1745989200&limit=auto&sort=asc&meta-app=download-tool
2025-07-08 20:44:27,604 - ERROR - Request failed: 522 Server Error: <none> for url: https://arctic-shift.photon-reddit.com/api/posts/search?author=Killerwaspp3&after=1641016800&before=1745989200&limit=auto&sort=asc&meta-app=download-tool
2025-07-08 20:44:47,082 - ERROR - Request failed: 522 Server Error: <none> for url: https://arctic-shift.photon-reddit.com/api/posts/search?author=IntrepidCase&after=1641016800&before=1745989200&limit=auto&sort=asc&meta-app=download-tool
2025-07-08 20:45:06,683 - ERROR - Request failed: 522 Server Error: <none> for url: https://arctic-shift.photon-reddit.com/api/posts/search?author=Straight_Comb_1283&after=1641016800&before=1745989200&limit=auto&sort=asc&meta-app=download-tool
2025-07-08 20:45:26,285 - ERROR - Request failed: 522 Server Error: <none> for url: https://arctic-shift.photon-reddit.com/api/posts/search?author=Youngj954&after=1641016800&before=1745989200&limit=auto&sort=asc&meta-app=download-tool
2025-07-08 20:45:46,063 - ERROR - Request failed: 522 Server Error: <none> for url: https://arctic-shift.photon-reddit.com/api/posts/search?author=jforrest99&after=1641016800&before=1745989200&limit=auto&sort=asc&meta-app=download-tool
2025-07-08 20:46:05,617 - ERROR - Request failed: 522 Server Error: <none> for url: https://arctic-shift.photon-reddit.com/api/posts/search?author=Electrical-Dirt2291&after=1641016800&before=1745989200&limit=auto&sort=asc&meta-app=download-tool
2025-07-08 20:46:25,281 - ERROR - Request failed: 522 Server Error: <none> for url: https://arctic-shift.photon-reddit.com/api/posts/search?author=kepave&after=1641016800&before=1745989200&limit=auto&sort=asc&meta-app=download-tool
2025-07-08 20:46:45,064 - ERROR - Request failed: 522 Server Error: <none> for url: https://arctic-shift.photon-reddit.com/api/posts/search?author=joelop&after=1641016800&before=1745989200&limit=auto&sort=asc&meta-app=download-tool
2025-07-08 20:47:04,557 - ERROR - Request failed: 522 Server Error: <none> for url: https://arctic-shift.photon-reddit.com/api/posts/search?author=julieb2397&after=1641016800&before=1745989200&limit=auto&sort=asc&meta-app=download-tool
2025-07-08 20:47:24,058 - ERROR - Request failed: 522 Server Error: <none> for url: https://arctic-shift.photon-reddit.com/api/posts/search?author=dudbuggie&after=1641016800&before=1745989200&limit=auto&sort=asc&meta-app=download-tool
2025-07-08 20:47:43,744 - ERROR - Request failed: 522 Server Error: <none> for url: https://arctic-shift.photon-reddit.com/api/posts/search?author=The_Matias&after=1641016800&before=1745989200&limit=auto&sort=asc&meta-app=download-tool
2025-07-08 20:48:03,203 - ERROR - Request failed: 522 Server Error: <none> for url: https://arctic-shift.photon-reddit.com/api/posts/search?author=potenitalcaroozin&after=1641016800&before=1745989200&limit=auto&sort=asc&meta-app=download-tool
2025-07-08 20:48:22,679 - ERROR - Request failed: 522 Server Error: <none> for url: https://arctic-shift.photon-reddit.com/api/posts/search?author=aerinbadtaste&after=1641016800&before=1745989200&limit=auto&sort=asc&meta-app=download-tool
2025-07-08 20:48:42,486 - ERROR - Request failed: 522 Server Error: <none> for url: https://arctic-shift.photon-reddit.com/api/posts/search?author=kmall95&after=1641016800&before=1745989200&limit=auto&sort=asc&meta-app=download-tool
2025-07-08 20:49:01,921 - ERROR - Request failed: 522 Server Error: <none> for url: https://arctic-shift.photon-reddit.com/api/posts/search?author=zeezolx&after=1641016800&before=1745989200&limit=auto&sort=asc&meta-app=download-tool
2025-07-08 20:49:21,717 - ERROR - Request failed: 522 Server Error: <none> for url: https://arctic-shift.photon-reddit.com/api/posts/search?author=AskAdditional5045&after=1641016800&before=1745989200&limit=auto&sort=asc&meta-app=download-tool
2025-07-08 20:49:41,289 - ERROR - Request failed: 522 Server Error: <none> for url: https://arctic-shift.photon-reddit.com/api/posts/search?author=elhombremysterio&after=1641016800&before=1745989200&limit=auto&sort=asc&meta-app=download-tool
2025-07-08 20:50:00,731 - ERROR - Request failed: 522 Server Error: <none> for url: https://arctic-shift.photon-reddit.com/api/posts/search?author=Dear_Book_5123&after=1641016800&before=1745989200&limit=auto&sort=asc&meta-app=download-tool
2025-07-08 20:50:20,096 - ERROR - Request failed: 522 Server Error: <none> for url: https://arctic-shift.photon-reddit.com/api/posts/search?author=duhrealski&after=1641016800&before=1745989200&limit=auto&sort=asc&meta-app=download-tool
2025-07-08 20:50:39,658 - ERROR - Request failed: 522 Server Error: <none> for url: https://arctic-shift.photon-reddit.com/api/posts/search?author=oppressivepossum&after=1641016800&before=1745989200&limit=auto&sort=asc&meta-app=download-tool
2025-07-08 20:50:59,013 - ERROR - Request failed: 522 Server Error: <none> for url: https://arctic-shift.photon-reddit.com/api/posts/search?author=cantsaynotocheese&after=1641016800&before=1745989200&limit=auto&sort=asc&meta-app=download-tool
2025-07-08 20:51:18,525 - ERROR - Request failed: 522 Server Error: <none> for url: https://arctic-shift.photon-reddit.com/api/posts/search?author=Silent_Marionberry86&after=1641016800&before=1745989200&limit=auto&sort=asc&meta-app=download-tool
2025-07-08 20:51:38,191 - ERROR - Request failed: 522 Server Error: <none> for url: https://arctic-shift.photon-reddit.com/api/posts/search?author=DonovanNer-Zhul&after=1641016800&before=1745989200&limit=auto&sort=asc&meta-app=download-tool
2025-07-08 20:51:57,887 - ERROR - Request failed: 522 Server Error: <none> for url: https://arctic-shift.photon-reddit.com/api/posts/search?author=xiong96m&after=1641016800&before=1745989200&limit=auto&sort=asc&meta-app=download-tool
2025-07-08 20:52:17,421 - ERROR - Request failed: 522 Server Error: <none> for url: https://arctic-shift.photon-reddit.com/api/posts/search?author=Ambitious_Address_69&after=1641016800&before=1745989200&limit=auto&sort=asc&meta-app=download-tool
2025-07-08 20:52:36,760 - ERROR - Request failed: 522 Server Error: <none> for url: https://arctic-shift.photon-reddit.com/api/posts/search?author=moods-&after=1641016800&before=1745989200&limit=auto&sort=asc&meta-app=download-tool
2025-07-08 20:52:56,267 - ERROR - Request failed: 522 Server Error: <none> for url: https://arctic-shift.photon-reddit.com/api/posts/search?author=tripplite1234&after=1641016800&before=1745989200&limit=auto&sort=asc&meta-app=download-tool
2025-07-08 20:53:15,609 - ERROR - Request failed: 522 Server Error: <none> for url: https://arctic-shift.photon-reddit.com/api/posts/search?author=remmm2333&after=1641016800&before=1745989200&limit=auto&sort=asc&meta-app=download-tool
2025-07-08 20:53:34,936 - ERROR - Request failed: 522 Server Error: <none> for url: https://arctic-shift.photon-reddit.com/api/posts/search?author=Gicri&after=1641016800&before=1745989200&limit=auto&sort=asc&meta-app=download-tool
2025-07-08 20:53:54,821 - ERROR - Request failed: 522 Server Error: <none> for url: https://arctic-shift.photon-reddit.com/api/posts/search?author=Zipperclown-m&after=1641016800&before=1745989200&limit=auto&sort=asc&meta-app=download-tool
2025-07-08 20:54:14,333 - ERROR - Request failed: 522 Server Error: <none> for url: https://arctic-shift.photon-reddit.com/api/posts/search?author=Nervous-Bonus-7074&after=1641016800&before=1745989200&limit=auto&sort=asc&meta-app=download-tool
2025-07-08 20:54:34,055 - ERROR - Request failed: 522 Server Error: <none> for url: https://arctic-shift.photon-reddit.com/api/posts/search?author=InsanePowers&after=1641016800&before=1745989200&limit=auto&sort=asc&meta-app=download-tool
2025-07-08 20:54:53,706 - ERROR - Request failed: 522 Server Error: <none> for url: https://arctic-shift.photon-reddit.com/api/posts/search?author=canijustpetmycat&after=1641016800&before=1745989200&limit=auto&sort=asc&meta-app=download-tool
2025-07-08 20:55:13,168 - ERROR - Request failed: 522 Server Error: <none> for url: https://arctic-shift.photon-reddit.com/api/posts/search?author=justpointeyourtoes&after=1641016800&before=1745989200&limit=auto&sort=asc&meta-app=download-tool
2025-07-08 20:55:32,717 - ERROR - Request failed: 522 Server Error: <none> for url: https://arctic-shift.photon-reddit.com/api/posts/search?author=GameofFriendZones&after=1641016800&before=1745989200&limit=auto&sort=asc&meta-app=download-tool
2025-07-08 20:55:52,413 - ERROR - Request failed: 522 Server Error: <none> for url: https://arctic-shift.photon-reddit.com/api/posts/search?author=BagSalt7252&after=1641016800&before=1745989200&limit=auto&sort=asc&meta-app=download-tool
2025-07-08 20:56:11,972 - ERROR - Request failed: 522 Server Error: <none> for url: https://arctic-shift.photon-reddit.com/api/posts/search?author=pizzarolls_22&after=1641016800&before=1745989200&limit=auto&sort=asc&meta-app=download-tool
2025-07-08 20:56:31,363 - ERROR - Request failed: 522 Server Error: <none> for url: https://arctic-shift.photon-reddit.com/api/posts/search?author=jangma&after=1641016800&before=1745989200&limit=auto&sort=asc&meta-app=download-tool
2025-07-08 20:56:50,749 - ERROR - Request failed: 522 Server Error: <none> for url: https://arctic-shift.photon-reddit.com/api/posts/search?author=Traditional-Bit-1839&after=1641016800&before=1745989200&limit=auto&sort=asc&meta-app=download-tool
2025-07-08 20:57:10,091 - ERROR - Request failed: 522 Server Error: <none> for url: https://arctic-shift.photon-reddit.com/api/posts/search?author=StartupQuestionAsker&after=1641016800&before=1745989200&limit=auto&sort=asc&meta-app=download-tool
2025-07-08 20:57:29,688 - ERROR - Request failed: 522 Server Error: <none> for url: https://arctic-shift.photon-reddit.com/api/posts/search?author=ashjadelynx&after=1641016800&before=1745989200&limit=auto&sort=asc&meta-app=download-tool
2025-07-08 20:57:49,416 - ERROR - Request failed: 522 Server Error: <none> for url: https://arctic-shift.photon-reddit.com/api/posts/search?author=david_the_destroyer&after=1641016800&before=1745989200&limit=auto&sort=asc&meta-app=download-tool
2025-07-08 20:58:08,955 - ERROR - Request failed: 522 Server Error: <none> for url: https://arctic-shift.photon-reddit.com/api/posts/search?author=Spare-Consideration2&after=1641016800&before=1745989200&limit=auto&sort=asc&meta-app=download-tool
2025-07-08 20:58:28,306 - ERROR - Request failed: 522 Server Error: <none> for url: https://arctic-shift.photon-reddit.com/api/posts/search?author=sadheartsperson&after=1641016800&before=1745989200&limit=auto&sort=asc&meta-app=download-tool
2025-07-08 20:58:48,220 - ERROR - Request failed: 522 Server Error: <none> for url: https://arctic-shift.photon-reddit.com/api/posts/search?author=Automatic_Patient_52&after=1641016800&before=1745989200&limit=auto&sort=asc&meta-app=download-tool
2025-07-08 20:59:08,026 - ERROR - Request failed: 522 Server Error: <none> for url: https://arctic-shift.photon-reddit.com/api/posts/search?author=ismejia48&after=1641016800&before=1745989200&limit=auto&sort=asc&meta-app=download-tool
2025-07-08 20:59:27,589 - ERROR - Request failed: 522 Server Error: <none> for url: https://arctic-shift.photon-reddit.com/api/posts/search?author=user282428&after=1641016800&before=1745989200&limit=auto&sort=asc&meta-app=download-tool
2025-07-08 20:59:47,061 - ERROR - Request failed: 522 Server Error: <none> for url: https://arctic-shift.photon-reddit.com/api/posts/search?author=Candlesare&after=1641016800&before=1745989200&limit=auto&sort=asc&meta-app=download-tool
2025-07-08 21:00:06,890 - ERROR - Request failed: 522 Server Error: <none> for url: https://arctic-shift.photon-reddit.com/api/posts/search?author=AcceptableSmoke1695&after=1641016800&before=1745989200&limit=auto&sort=asc&meta-app=download-tool
2025-07-08 21:00:26,394 - ERROR - Request failed: 522 Server Error: <none> for url: https://arctic-shift.photon-reddit.com/api/posts/search?author=p0rcelaind0ll&after=1641016800&before=1745989200&limit=auto&sort=asc&meta-app=download-tool
2025-07-08 21:00:46,015 - ERROR - Request failed: 522 Server Error: <none> for url: https://arctic-shift.photon-reddit.com/api/posts/search?author=junejiehuang&after=1641016800&before=1745989200&limit=auto&sort=asc&meta-app=download-tool
2025-07-08 21:01:05,625 - ERROR - Request failed: 522 Server Error: <none> for url: https://arctic-shift.photon-reddit.com/api/posts/search?author=Lanky-Suspect-4750&after=1641016800&before=1745989200&limit=auto&sort=asc&meta-app=download-tool
2025-07-08 21:01:25,456 - ERROR - Request failed: 522 Server Error: <none> for url: https://arctic-shift.photon-reddit.com/api/posts/search?author=RevelationWorks&after=1641016800&before=1745989200&limit=auto&sort=asc&meta-app=download-tool
2025-07-08 21:01:44,915 - ERROR - Request failed: 522 Server Error: <none> for url: https://arctic-shift.photon-reddit.com/api/posts/search?author=th7owaway13&after=1641016800&before=1745989200&limit=auto&sort=asc&meta-app=download-tool
2025-07-08 21:02:04,369 - ERROR - Request failed: 522 Server Error: <none> for url: https://arctic-shift.photon-reddit.com/api/posts/search?author=kyotared&after=1641016800&before=1745989200&limit=auto&sort=asc&meta-app=download-tool
2025-07-08 21:02:23,848 - ERROR - Request failed: 522 Server Error: <none> for url: https://arctic-shift.photon-reddit.com/api/posts/search?author=MinimumCattle5&after=1641016800&before=1745989200&limit=auto&sort=asc&meta-app=download-tool
2025-07-08 21:02:43,429 - ERROR - Request failed: 522 Server Error: <none> for url: https://arctic-shift.photon-reddit.com/api/posts/search?author=Emma_Bsx&after=1641016800&before=1745989200&limit=auto&sort=asc&meta-app=download-tool
2025-07-08 21:03:02,931 - ERROR - Request failed: 522 Server Error: <none> for url: https://arctic-shift.photon-reddit.com/api/posts/search?author=Saranya_jaikumar1999&after=1641016800&before=1745989200&limit=auto&sort=asc&meta-app=download-tool
2025-07-08 21:03:22,319 - ERROR - Request failed: 522 Server Error: <none> for url: https://arctic-shift.photon-reddit.com/api/posts/search?author=Wonder0Man&after=1641016800&before=1745989200&limit=auto&sort=asc&meta-app=download-tool
2025-07-08 21:03:41,722 - ERROR - Request failed: 522 Server Error: <none> for url: https://arctic-shift.photon-reddit.com/api/posts/search?author=anorangeandwhitecat&after=1641016800&before=1745989200&limit=auto&sort=asc&meta-app=download-tool
2025-07-08 21:04:01,156 - ERROR - Request failed: 522 Server Error: <none> for url: https://arctic-shift.photon-reddit.com/api/posts/search?author=Illbus_&after=1641016800&before=1745989200&limit=auto&sort=asc&meta-app=download-tool
2025-07-08 21:04:20,839 - ERROR - Request failed: 522 Server Error: <none> for url: https://arctic-shift.photon-reddit.com/api/posts/search?author=Beneficial-Art5052&after=1641016800&before=1745989200&limit=auto&sort=asc&meta-app=download-tool
2025-07-08 21:04:40,604 - ERROR - Request failed: 522 Server Error: <none> for url: https://arctic-shift.photon-reddit.com/api/posts/search?author=Educational_Cress525&after=1641016800&before=1745989200&limit=auto&sort=asc&meta-app=download-tool
2025-07-08 21:04:59,945 - ERROR - Request failed: 522 Server Error: <none> for url: https://arctic-shift.photon-reddit.com/api/posts/search?author=Articleskidunia&after=1641016800&before=1745989200&limit=auto&sort=asc&meta-app=download-tool
2025-07-08 21:05:19,753 - ERROR - Request failed: 522 Server Error:  for url: https://arctic-shift.photon-reddit.com/api/posts/search?author=Vegetable_Amount4812&after=1641016800&before=1745989200&limit=auto&sort=asc&meta-app=download-tool
2025-07-08 21:05:39,576 - ERROR - Request failed: 522 Server Error: <none> for url: https://arctic-shift.photon-reddit.com/api/posts/search?author=KlausKutter&after=1641016800&before=1745989200&limit=auto&sort=asc&meta-app=download-tool
2025-07-08 21:05:59,202 - ERROR - Request failed: 522 Server Error: <none> for url: https://arctic-shift.photon-reddit.com/api/posts/search?author=pradateapot&after=1641016800&before=1745989200&limit=auto&sort=asc&meta-app=download-tool
2025-07-08 21:06:18,818 - ERROR - Request failed: 522 Server Error: <none> for url: https://arctic-shift.photon-reddit.com/api/posts/search?author=Tnv_laddha18&after=1641016800&before=1745989200&limit=auto&sort=asc&meta-app=download-tool
2025-07-08 21:06:38,648 - ERROR - Request failed: 522 Server Error: <none> for url: https://arctic-shift.photon-reddit.com/api/posts/search?author=Notalabel_4566&after=1641016800&before=1745989200&limit=auto&sort=asc&meta-app=download-tool
2025-07-08 21:06:58,428 - ERROR - Request failed: 522 Server Error: <none> for url: https://arctic-shift.photon-reddit.com/api/posts/search?author=alo91&after=1641016800&before=1745989200&limit=auto&sort=asc&meta-app=download-tool
2025-07-08 21:07:17,810 - ERROR - Request failed: 522 Server Error: <none> for url: https://arctic-shift.photon-reddit.com/api/posts/search?author=killakyle1762&after=1641016800&before=1745989200&limit=auto&sort=asc&meta-app=download-tool
2025-07-08 21:07:37,161 - ERROR - Request failed: 522 Server Error: <none> for url: https://arctic-shift.photon-reddit.com/api/posts/search?author=LoveDicks_69&after=1641016800&before=1745989200&limit=auto&sort=asc&meta-app=download-tool
2025-07-08 21:07:56,696 - ERROR - Request failed: 522 Server Error: <none> for url: https://arctic-shift.photon-reddit.com/api/posts/search?author=SJBSam&after=1641016800&before=1745989200&limit=auto&sort=asc&meta-app=download-tool
2025-07-08 21:08:16,033 - ERROR - Request failed: 522 Server Error: <none> for url: https://arctic-shift.photon-reddit.com/api/posts/search?author=Sea_Switch_2449&after=1641016800&before=1745989200&limit=auto&sort=asc&meta-app=download-tool
2025-07-08 21:08:35,369 - ERROR - Request failed: 522 Server Error: <none> for url: https://arctic-shift.photon-reddit.com/api/posts/search?author=curious-reality&after=1641016800&before=1745989200&limit=auto&sort=asc&meta-app=download-tool
2025-07-08 21:08:55,081 - ERROR - Request failed: 522 Server Error: <none> for url: https://arctic-shift.photon-reddit.com/api/posts/search?author=SolutionPale5969&after=1641016800&before=1745989200&limit=auto&sort=asc&meta-app=download-tool
2025-07-08 21:09:14,684 - ERROR - Request failed: 522 Server Error: <none> for url: https://arctic-shift.photon-reddit.com/api/posts/search?author=Boring_Rich7446&after=1641016800&before=1745989200&limit=auto&sort=asc&meta-app=download-tool
2025-07-08 21:09:34,222 - ERROR - Request failed: 522 Server Error: <none> for url: https://arctic-shift.photon-reddit.com/api/posts/search?author=EhehAyyy&after=1641016800&before=1745989200&limit=auto&sort=asc&meta-app=download-tool
2025-07-08 21:09:53,754 - ERROR - Request failed: 522 Server Error: <none> for url: https://arctic-shift.photon-reddit.com/api/posts/search?author=Much_Amphibian2529&after=1641016800&before=1745989200&limit=auto&sort=asc&meta-app=download-tool
2025-07-08 21:10:13,315 - ERROR - Request failed: 522 Server Error: <none> for url: https://arctic-shift.photon-reddit.com/api/posts/search?author=Travis-marshall&after=1641016800&before=1745989200&limit=auto&sort=asc&meta-app=download-tool
2025-07-08 21:10:33,110 - ERROR - Request failed: 522 Server Error: <none> for url: https://arctic-shift.photon-reddit.com/api/posts/search?author=bellavao&after=1641016800&before=1745989200&limit=auto&sort=asc&meta-app=download-tool
2025-07-08 21:10:52,760 - ERROR - Request failed: 522 Server Error: <none> for url: https://arctic-shift.photon-reddit.com/api/posts/search?author=IDontLikeRylee&after=1641016800&before=1745989200&limit=auto&sort=asc&meta-app=download-tool
2025-07-08 21:11:12,285 - ERROR - Request failed: 522 Server Error: <none> for url: https://arctic-shift.photon-reddit.com/api/posts/search?author=Sea_Stretch2088&after=1641016800&before=1745989200&limit=auto&sort=asc&meta-app=download-tool
2025-07-08 21:11:32,083 - ERROR - Request failed: 522 Server Error: <none> for url: https://arctic-shift.photon-reddit.com/api/posts/search?author=JacqiLoves&after=1641016800&before=1745989200&limit=auto&sort=asc&meta-app=download-tool
2025-07-08 21:11:51,424 - ERROR - Request failed: 522 Server Error: <none> for url: https://arctic-shift.photon-reddit.com/api/posts/search?author=harrykane95&after=1641016800&before=1745989200&limit=auto&sort=asc&meta-app=download-tool
2025-07-08 21:12:11,053 - ERROR - Request failed: 522 Server Error: <none> for url: https://arctic-shift.photon-reddit.com/api/posts/search?author=BenMohamed007&after=1641016800&before=1745989200&limit=auto&sort=asc&meta-app=download-tool
2025-07-08 21:12:30,521 - ERROR - Request failed: 522 Server Error: <none> for url: https://arctic-shift.photon-reddit.com/api/posts/search?author=Seaplane1995&after=1641016800&before=1745989200&limit=auto&sort=asc&meta-app=download-tool
2025-07-08 21:12:49,899 - ERROR - Request failed: 522 Server Error: <none> for url: https://arctic-shift.photon-reddit.com/api/posts/search?author=cuck4bernie69blazeit&after=1641016800&before=1745989200&limit=auto&sort=asc&meta-app=download-tool
2025-07-08 21:13:09,482 - ERROR - Request failed: 522 Server Error: <none> for url: https://arctic-shift.photon-reddit.com/api/posts/search?author=iBraveheartIam&after=1641016800&before=1745989200&limit=auto&sort=asc&meta-app=download-tool
2025-07-08 21:13:29,119 - ERROR - Request failed: 522 Server Error: <none> for url: https://arctic-shift.photon-reddit.com/api/posts/search?author=RBMjamie&after=1641016800&before=1745989200&limit=auto&sort=asc&meta-app=download-tool
2025-07-08 21:13:48,832 - ERROR - Request failed: 522 Server Error: <none> for url: https://arctic-shift.photon-reddit.com/api/posts/search?author=ddd4175&after=1641016800&before=1745989200&limit=auto&sort=asc&meta-app=download-tool
2025-07-08 21:14:08,455 - ERROR - Request failed: 522 Server Error: <none> for url: https://arctic-shift.photon-reddit.com/api/posts/search?author=kashmiri-chai&after=1641016800&before=1745989200&limit=auto&sort=asc&meta-app=download-tool
2025-07-08 21:14:27,921 - ERROR - Request failed: 522 Server Error: <none> for url: https://arctic-shift.photon-reddit.com/api/posts/search?author=Pretty_Restaurant136&after=1641016800&before=1745989200&limit=auto&sort=asc&meta-app=download-tool
2025-07-08 21:14:47,718 - ERROR - Request failed: 522 Server Error: <none> for url: https://arctic-shift.photon-reddit.com/api/posts/search?author=JobConsultant&after=1641016800&before=1745989200&limit=auto&sort=asc&meta-app=download-tool
2025-07-08 21:15:07,529 - ERROR - Request failed: 522 Server Error: <none> for url: https://arctic-shift.photon-reddit.com/api/posts/search?author=bl0nk200&after=1641016800&before=1745989200&limit=auto&sort=asc&meta-app=download-tool
2025-07-08 21:15:27,044 - ERROR - Request failed: 522 Server Error: <none> for url: https://arctic-shift.photon-reddit.com/api/posts/search?author=Rampage_reptiles&after=1641016800&before=1745989200&limit=auto&sort=asc&meta-app=download-tool
2025-07-08 21:15:46,440 - ERROR - Request failed: 522 Server Error: <none> for url: https://arctic-shift.photon-reddit.com/api/posts/search?author=_j0319_&after=1641016800&before=1745989200&limit=auto&sort=asc&meta-app=download-tool
2025-07-08 21:16:05,814 - ERROR - Request failed: 522 Server Error: <none> for url: https://arctic-shift.photon-reddit.com/api/posts/search?author=tjb_motion&after=1641016800&before=1745989200&limit=auto&sort=asc&meta-app=download-tool
2025-07-08 21:16:25,391 - ERROR - Request failed: 522 Server Error: <none> for url: https://arctic-shift.photon-reddit.com/api/posts/search?author=SnooShortcuts1852&after=1641016800&before=1745989200&limit=auto&sort=asc&meta-app=download-tool
2025-07-08 21:16:44,870 - ERROR - Request failed: 522 Server Error: <none> for url: https://arctic-shift.photon-reddit.com/api/posts/search?author=Bakos30&after=1641016800&before=1745989200&limit=auto&sort=asc&meta-app=download-tool
2025-07-08 21:17:04,541 - ERROR - Request failed: 522 Server Error: <none> for url: https://arctic-shift.photon-reddit.com/api/posts/search?author=SteaknSalt&after=1641016800&before=1745989200&limit=auto&sort=asc&meta-app=download-tool
2025-07-08 21:17:23,895 - ERROR - Request failed: 522 Server Error: <none> for url: https://arctic-shift.photon-reddit.com/api/posts/search?author=mycatspeaksfrench&after=1641016800&before=1745989200&limit=auto&sort=asc&meta-app=download-tool
2025-07-08 21:17:43,248 - ERROR - Request failed: 522 Server Error: <none> for url: https://arctic-shift.photon-reddit.com/api/posts/search?author=CharmingSun1682&after=1641016800&before=1745989200&limit=auto&sort=asc&meta-app=download-tool
2025-07-08 21:18:02,958 - ERROR - Request failed: 522 Server Error: <none> for url: https://arctic-shift.photon-reddit.com/api/posts/search?author=corgi_burritos&after=1641016800&before=1745989200&limit=auto&sort=asc&meta-app=download-tool
2025-07-08 21:18:22,708 - ERROR - Request failed: 522 Server Error: <none> for url: https://arctic-shift.photon-reddit.com/api/posts/search?author=Illustrious_Shine412&after=1641016800&before=1745989200&limit=auto&sort=asc&meta-app=download-tool
2025-07-08 21:18:42,482 - ERROR - Request failed: 522 Server Error: <none> for url: https://arctic-shift.photon-reddit.com/api/posts/search?author=moonlittty&after=1641016800&before=1745989200&limit=auto&sort=asc&meta-app=download-tool
2025-07-08 21:19:02,041 - ERROR - Request failed: 522 Server Error: <none> for url: https://arctic-shift.photon-reddit.com/api/posts/search?author=DaHoboFromNJ&after=1641016800&before=1745989200&limit=auto&sort=asc&meta-app=download-tool
2025-07-08 21:19:21,416 - ERROR - Request failed: 522 Server Error: <none> for url: https://arctic-shift.photon-reddit.com/api/posts/search?author=ThrowRA_Puzzleheadss&after=1641016800&before=1745989200&limit=auto&sort=asc&meta-app=download-tool
2025-07-08 21:19:41,245 - ERROR - Request failed: 522 Server Error: <none> for url: https://arctic-shift.photon-reddit.com/api/posts/search?author=feminismandtravel&after=1641016800&before=1745989200&limit=auto&sort=asc&meta-app=download-tool
2025-07-08 21:20:00,670 - ERROR - Request failed: 522 Server Error: <none> for url: https://arctic-shift.photon-reddit.com/api/posts/search?author=madmadrunner256&after=1641016800&before=1745989200&limit=auto&sort=asc&meta-app=download-tool
2025-07-08 21:20:20,317 - ERROR - Request failed: 522 Server Error: <none> for url: https://arctic-shift.photon-reddit.com/api/posts/search?author=spillthebeans53&after=1641016800&before=1745989200&limit=auto&sort=asc&meta-app=download-tool
2025-07-08 21:20:39,873 - ERROR - Request failed: 522 Server Error: <none> for url: https://arctic-shift.photon-reddit.com/api/posts/search?author=sylphrena83&after=1641016800&before=1745989200&limit=auto&sort=asc&meta-app=download-tool
2025-07-08 21:20:59,666 - ERROR - Request failed: 522 Server Error: <none> for url: https://arctic-shift.photon-reddit.com/api/posts/search?author=seeferh&after=1641016800&before=1745989200&limit=auto&sort=asc&meta-app=download-tool
2025-07-08 21:21:19,241 - ERROR - Request failed: 522 Server Error: <none> for url: https://arctic-shift.photon-reddit.com/api/posts/search?author=CurtD34&after=1641016800&before=1745989200&limit=auto&sort=asc&meta-app=download-tool
2025-07-08 21:21:39,018 - ERROR - Request failed: 522 Server Error: <none> for url: https://arctic-shift.photon-reddit.com/api/posts/search?author=loulou_77&after=1641016800&before=1745989200&limit=auto&sort=asc&meta-app=download-tool
2025-07-08 21:21:58,488 - ERROR - Request failed: 522 Server Error: <none> for url: https://arctic-shift.photon-reddit.com/api/posts/search?author=laraaa42069&after=1641016800&before=1745989200&limit=auto&sort=asc&meta-app=download-tool
2025-07-08 21:22:17,823 - ERROR - Request failed: 522 Server Error: <none> for url: https://arctic-shift.photon-reddit.com/api/posts/search?author=strengthandhappiness&after=1641016800&before=1745989200&limit=auto&sort=asc&meta-app=download-tool
2025-07-08 21:22:37,733 - ERROR - Request failed: 522 Server Error: <none> for url: https://arctic-shift.photon-reddit.com/api/posts/search?author=SaltedPork8507&after=1641016800&before=1745989200&limit=auto&sort=asc&meta-app=download-tool
2025-07-08 21:22:57,402 - ERROR - Request failed: 522 Server Error: <none> for url: https://arctic-shift.photon-reddit.com/api/posts/search?author=Wild_Dragonfruit_184&after=1641016800&before=1745989200&limit=auto&sort=asc&meta-app=download-tool
2025-07-08 21:23:17,101 - ERROR - Request failed: 522 Server Error: <none> for url: https://arctic-shift.photon-reddit.com/api/posts/search?author=planpepperoni&after=1641016800&before=1745989200&limit=auto&sort=asc&meta-app=download-tool
2025-07-08 21:23:36,908 - ERROR - Request failed: 522 Server Error: <none> for url: https://arctic-shift.photon-reddit.com/api/posts/search?author=Outrageous_Rest_1576&after=1641016800&before=1745989200&limit=auto&sort=asc&meta-app=download-tool
2025-07-08 21:23:56,499 - ERROR - Request failed: 522 Server Error: <none> for url: https://arctic-shift.photon-reddit.com/api/posts/search?author=cassiopeia1280&after=1641016800&before=1745989200&limit=auto&sort=asc&meta-app=download-tool
2025-07-08 21:24:15,964 - ERROR - Request failed: 522 Server Error: <none> for url: https://arctic-shift.photon-reddit.com/api/posts/search?author=ana5671&after=1641016800&before=1745989200&limit=auto&sort=asc&meta-app=download-tool
2025-07-08 21:24:35,319 - ERROR - Request failed: 522 Server Error: <none> for url: https://arctic-shift.photon-reddit.com/api/posts/search?author=anj786&after=1641016800&before=1745989200&limit=auto&sort=asc&meta-app=download-tool
2025-07-08 21:24:54,702 - ERROR - Request failed: 522 Server Error: <none> for url: https://arctic-shift.photon-reddit.com/api/posts/search?author=onlythebitterest&after=1641016800&before=1745989200&limit=auto&sort=asc&meta-app=download-tool
2025-07-08 21:25:14,213 - ERROR - Request failed: 522 Server Error: <none> for url: https://arctic-shift.photon-reddit.com/api/posts/search?author=morrisseymademedoit&after=1641016800&before=1745989200&limit=auto&sort=asc&meta-app=download-tool
2025-07-08 21:25:33,956 - ERROR - Request failed: 522 Server Error: <none> for url: https://arctic-shift.photon-reddit.com/api/posts/search?author=orzh88&after=1641016800&before=1745989200&limit=auto&sort=asc&meta-app=download-tool
2025-07-08 21:25:53,329 - ERROR - Request failed: 522 Server Error: <none> for url: https://arctic-shift.photon-reddit.com/api/posts/search?author=Takezou-&after=1641016800&before=1745989200&limit=auto&sort=asc&meta-app=download-tool
2025-07-08 21:26:12,980 - ERROR - Request failed: 522 Server Error: <none> for url: https://arctic-shift.photon-reddit.com/api/posts/search?author=Dangerous-Wind6464&after=1641016800&before=1745989200&limit=auto&sort=asc&meta-app=download-tool
2025-07-08 21:26:32,667 - ERROR - Request failed: 522 Server Error:  for url: https://arctic-shift.photon-reddit.com/api/posts/search?author=nanixa&after=1641016800&before=1745989200&limit=auto&sort=asc&meta-app=download-tool
2025-07-08 21:26:52,062 - ERROR - Request failed: 522 Server Error: <none> for url: https://arctic-shift.photon-reddit.com/api/posts/search?author=RandomAccessMelodies&after=1641016800&before=1745989200&limit=auto&sort=asc&meta-app=download-tool
2025-07-08 21:27:11,715 - ERROR - Request failed: 522 Server Error: <none> for url: https://arctic-shift.photon-reddit.com/api/posts/search?author=bookgurl110&after=1641016800&before=1745989200&limit=auto&sort=asc&meta-app=download-tool
2025-07-08 21:27:31,217 - ERROR - Request failed: 522 Server Error: <none> for url: https://arctic-shift.photon-reddit.com/api/posts/search?author=tasseomancer&after=1641016800&before=1745989200&limit=auto&sort=asc&meta-app=download-tool
2025-07-08 21:27:51,032 - ERROR - Request failed: 522 Server Error: <none> for url: https://arctic-shift.photon-reddit.com/api/posts/search?author=Redsoxfannc&after=1641016800&before=1745989200&limit=auto&sort=asc&meta-app=download-tool
2025-07-08 21:28:10,422 - ERROR - Request failed: 522 Server Error: <none> for url: https://arctic-shift.photon-reddit.com/api/posts/search?author=thatandrogirl&after=1641016800&before=1745989200&limit=auto&sort=asc&meta-app=download-tool
2025-07-08 21:28:30,010 - ERROR - Request failed: 522 Server Error: <none> for url: https://arctic-shift.photon-reddit.com/api/posts/search?author=0_Shine_0&after=1641016800&before=1745989200&limit=auto&sort=asc&meta-app=download-tool
2025-07-08 21:28:49,354 - ERROR - Request failed: 522 Server Error: <none> for url: https://arctic-shift.photon-reddit.com/api/posts/search?author=d_school-work&after=1641016800&before=1745989200&limit=auto&sort=asc&meta-app=download-tool
2025-07-08 21:29:08,765 - ERROR - Request failed: 522 Server Error: <none> for url: https://arctic-shift.photon-reddit.com/api/posts/search?author=Aswele&after=1641016800&before=1745989200&limit=auto&sort=asc&meta-app=download-tool
2025-07-08 21:29:28,112 - ERROR - Request failed: 522 Server Error: <none> for url: https://arctic-shift.photon-reddit.com/api/posts/search?author=work_computer_fakme&after=1641016800&before=1745989200&limit=auto&sort=asc&meta-app=download-tool
2025-07-08 21:29:47,653 - ERROR - Request failed: 522 Server Error: <none> for url: https://arctic-shift.photon-reddit.com/api/posts/search?author=nys_queen&after=1641016800&before=1745989200&limit=auto&sort=asc&meta-app=download-tool
2025-07-08 21:30:07,165 - ERROR - Request failed: 522 Server Error: <none> for url: https://arctic-shift.photon-reddit.com/api/posts/search?author=masrur1988&after=1641016800&before=1745989200&limit=auto&sort=asc&meta-app=download-tool
2025-07-08 21:30:26,530 - ERROR - Request failed: 522 Server Error: <none> for url: https://arctic-shift.photon-reddit.com/api/posts/search?author=Esk4r&after=1641016800&before=1745989200&limit=auto&sort=asc&meta-app=download-tool
2025-07-08 21:30:45,937 - ERROR - Request failed: 522 Server Error: <none> for url: https://arctic-shift.photon-reddit.com/api/posts/search?author=jmilkteamami&after=1641016800&before=1745989200&limit=auto&sort=asc&meta-app=download-tool
2025-07-08 21:31:05,563 - ERROR - Request failed: 522 Server Error: <none> for url: https://arctic-shift.photon-reddit.com/api/posts/search?author=JackLambbottom&after=1641016800&before=1745989200&limit=auto&sort=asc&meta-app=download-tool
2025-07-08 21:31:24,877 - ERROR - Request failed: 522 Server Error: <none> for url: https://arctic-shift.photon-reddit.com/api/posts/search?author=Damy_John&after=1641016800&before=1745989200&limit=auto&sort=asc&meta-app=download-tool
2025-07-08 21:31:44,356 - ERROR - Request failed: 522 Server Error: <none> for url: https://arctic-shift.photon-reddit.com/api/posts/search?author=Maleficent-Alfalfa98&after=1641016800&before=1745989200&limit=auto&sort=asc&meta-app=download-tool
2025-07-08 21:32:04,168 - ERROR - Request failed: 522 Server Error: <none> for url: https://arctic-shift.photon-reddit.com/api/posts/search?author=kittooo_&after=1641016800&before=1745989200&limit=auto&sort=asc&meta-app=download-tool
2025-07-08 21:32:23,759 - ERROR - Request failed: 522 Server Error: <none> for url: https://arctic-shift.photon-reddit.com/api/posts/search?author=Trentransit&after=1641016800&before=1745989200&limit=auto&sort=asc&meta-app=download-tool
2025-07-08 21:32:43,194 - ERROR - Request failed: 522 Server Error: <none> for url: https://arctic-shift.photon-reddit.com/api/posts/search?author=QuasiAverageJoe&after=1641016800&before=1745989200&limit=auto&sort=asc&meta-app=download-tool
2025-07-08 21:33:03,027 - ERROR - Request failed: 522 Server Error: <none> for url: https://arctic-shift.photon-reddit.com/api/posts/search?author=Mach_swim&after=1641016800&before=1745989200&limit=auto&sort=asc&meta-app=download-tool
2025-07-08 21:33:22,543 - ERROR - Request failed: 522 Server Error: <none> for url: https://arctic-shift.photon-reddit.com/api/posts/search?author=nugget1994&after=1641016800&before=1745989200&limit=auto&sort=asc&meta-app=download-tool
2025-07-08 21:33:42,163 - ERROR - Request failed: 522 Server Error: <none> for url: https://arctic-shift.photon-reddit.com/api/posts/search?author=Easy_Slip3211&after=1641016800&before=1745989200&limit=auto&sort=asc&meta-app=download-tool
2025-07-08 21:34:01,878 - ERROR - Request failed: 522 Server Error: <none> for url: https://arctic-shift.photon-reddit.com/api/posts/search?author=rockmonkey317&after=1641016800&before=1745989200&limit=auto&sort=asc&meta-app=download-tool
2025-07-08 21:34:21,562 - ERROR - Request failed: 522 Server Error: <none> for url: https://arctic-shift.photon-reddit.com/api/posts/search?author=silenttornado&after=1641016800&before=1745989200&limit=auto&sort=asc&meta-app=download-tool
2025-07-08 21:34:41,254 - ERROR - Request failed: 522 Server Error: <none> for url: https://arctic-shift.photon-reddit.com/api/posts/search?author=BabyDolphinLord2001&after=1641016800&before=1745989200&limit=auto&sort=asc&meta-app=download-tool
2025-07-08 21:35:00,715 - ERROR - Request failed: 522 Server Error: <none> for url: https://arctic-shift.photon-reddit.com/api/posts/search?author=depressedcatburrito&after=1641016800&before=1745989200&limit=auto&sort=asc&meta-app=download-tool
2025-07-08 21:35:20,026 - ERROR - Request failed: 522 Server Error: <none> for url: https://arctic-shift.photon-reddit.com/api/posts/search?author=mi_place&after=1641016800&before=1745989200&limit=auto&sort=asc&meta-app=download-tool
2025-07-08 21:35:39,875 - ERROR - Request failed: 522 Server Error: <none> for url: https://arctic-shift.photon-reddit.com/api/posts/search?author=minoxicleanthrowaway&after=1641016800&before=1745989200&limit=auto&sort=asc&meta-app=download-tool
2025-07-08 21:35:59,362 - ERROR - Request failed: 522 Server Error: <none> for url: https://arctic-shift.photon-reddit.com/api/posts/search?author=icarustheastronaut&after=1641016800&before=1745989200&limit=auto&sort=asc&meta-app=download-tool
2025-07-08 21:36:19,061 - ERROR - Request failed: 522 Server Error: <none> for url: https://arctic-shift.photon-reddit.com/api/posts/search?author=signordud&after=1641016800&before=1745989200&limit=auto&sort=asc&meta-app=download-tool
2025-07-08 21:36:38,457 - ERROR - Request failed: 522 Server Error: <none> for url: https://arctic-shift.photon-reddit.com/api/posts/search?author=Natural-Abies-570&after=1641016800&before=1745989200&limit=auto&sort=asc&meta-app=download-tool
2025-07-08 21:36:57,962 - ERROR - Request failed: 522 Server Error: <none> for url: https://arctic-shift.photon-reddit.com/api/posts/search?author=thebestyoucanbe&after=1641016800&before=1745989200&limit=auto&sort=asc&meta-app=download-tool
2025-07-08 21:37:17,390 - ERROR - Request failed: 522 Server Error: <none> for url: https://arctic-shift.photon-reddit.com/api/posts/search?author=Fun_Confection_3676&after=1641016800&before=1745989200&limit=auto&sort=asc&meta-app=download-tool
2025-07-08 21:37:37,036 - ERROR - Request failed: 522 Server Error: <none> for url: https://arctic-shift.photon-reddit.com/api/posts/search?author=andyguei&after=1641016800&before=1745989200&limit=auto&sort=asc&meta-app=download-tool
2025-07-08 21:37:56,351 - ERROR - Request failed: 522 Server Error: <none> for url: https://arctic-shift.photon-reddit.com/api/posts/search?author=RenzyWenzy&after=1641016800&before=1745989200&limit=auto&sort=asc&meta-app=download-tool
2025-07-08 21:38:16,155 - ERROR - Request failed: 522 Server Error: <none> for url: https://arctic-shift.photon-reddit.com/api/posts/search?author=Eecampbel&after=1641016800&before=1745989200&limit=auto&sort=asc&meta-app=download-tool
2025-07-08 21:38:35,707 - ERROR - Request failed: 522 Server Error: <none> for url: https://arctic-shift.photon-reddit.com/api/posts/search?author=felixdawson&after=1641016800&before=1745989200&limit=auto&sort=asc&meta-app=download-tool
2025-07-08 21:38:55,438 - ERROR - Request failed: 522 Server Error: <none> for url: https://arctic-shift.photon-reddit.com/api/posts/search?author=kennards&after=1641016800&before=1745989200&limit=auto&sort=asc&meta-app=download-tool
2025-07-08 21:39:14,898 - ERROR - Request failed: 522 Server Error: <none> for url: https://arctic-shift.photon-reddit.com/api/posts/search?author=Nysniper47&after=1641016800&before=1745989200&limit=auto&sort=asc&meta-app=download-tool
2025-07-08 21:39:34,295 - ERROR - Request failed: 522 Server Error: <none> for url: https://arctic-shift.photon-reddit.com/api/posts/search?author=Reindeer-Management&after=1641016800&before=1745989200&limit=auto&sort=asc&meta-app=download-tool
2025-07-08 21:39:53,998 - ERROR - Request failed: 522 Server Error: <none> for url: https://arctic-shift.photon-reddit.com/api/posts/search?author=-B-0-&after=1641016800&before=1745989200&limit=auto&sort=asc&meta-app=download-tool
2025-07-08 21:40:13,528 - ERROR - Request failed: 522 Server Error: <none> for url: https://arctic-shift.photon-reddit.com/api/posts/search?author=Apps_R_life8415&after=1641016800&before=1745989200&limit=auto&sort=asc&meta-app=download-tool
2025-07-08 21:40:33,240 - ERROR - Request failed: 522 Server Error: <none> for url: https://arctic-shift.photon-reddit.com/api/posts/search?author=NessaHomie&after=1641016800&before=1745989200&limit=auto&sort=asc&meta-app=download-tool
2025-07-08 21:40:52,867 - ERROR - Request failed: 522 Server Error: <none> for url: https://arctic-shift.photon-reddit.com/api/posts/search?author=Desperate_Economy190&after=1641016800&before=1745989200&limit=auto&sort=asc&meta-app=download-tool
2025-07-08 21:41:12,650 - ERROR - Request failed: 522 Server Error: <none> for url: https://arctic-shift.photon-reddit.com/api/posts/search?author=johnnycha83&after=1641016800&before=1745989200&limit=auto&sort=asc&meta-app=download-tool
2025-07-08 21:41:32,244 - ERROR - Request failed: 522 Server Error: <none> for url: https://arctic-shift.photon-reddit.com/api/posts/search?author=emzellla&after=1641016800&before=1745989200&limit=auto&sort=asc&meta-app=download-tool
2025-07-08 21:41:51,730 - ERROR - Request failed: 522 Server Error: <none> for url: https://arctic-shift.photon-reddit.com/api/posts/search?author=Veggielover23&after=1641016800&before=1745989200&limit=auto&sort=asc&meta-app=download-tool
2025-07-08 21:42:11,152 - ERROR - Request failed: 522 Server Error: <none> for url: https://arctic-shift.photon-reddit.com/api/posts/search?author=Flora48&after=1641016800&before=1745989200&limit=auto&sort=asc&meta-app=download-tool
2025-07-08 21:42:30,905 - ERROR - Request failed: 522 Server Error: <none> for url: https://arctic-shift.photon-reddit.com/api/posts/search?author=Disastrous_Goose898&after=1641016800&before=1745989200&limit=auto&sort=asc&meta-app=download-tool
2025-07-08 21:42:50,519 - ERROR - Request failed: 522 Server Error: <none> for url: https://arctic-shift.photon-reddit.com/api/posts/search?author=SnooDrawings1157&after=1641016800&before=1745989200&limit=auto&sort=asc&meta-app=download-tool
2025-07-08 21:43:10,258 - ERROR - Request failed: 522 Server Error: <none> for url: https://arctic-shift.photon-reddit.com/api/posts/search?author=NoMoreBadRomances&after=1641016800&before=1745989200&limit=auto&sort=asc&meta-app=download-tool
2025-07-08 21:43:29,884 - ERROR - Request failed: 522 Server Error: <none> for url: https://arctic-shift.photon-reddit.com/api/posts/search?author=username1608&after=1641016800&before=1745989200&limit=auto&sort=asc&meta-app=download-tool
2025-07-08 21:43:49,462 - ERROR - Request failed: 522 Server Error: <none> for url: https://arctic-shift.photon-reddit.com/api/posts/search?author=phoenix_jet&after=1641016800&before=1745989200&limit=auto&sort=asc&meta-app=download-tool
2025-07-08 21:44:09,265 - ERROR - Request failed: 522 Server Error: <none> for url: https://arctic-shift.photon-reddit.com/api/posts/search?author=BrokeGamingF&after=1641016800&before=1745989200&limit=auto&sort=asc&meta-app=download-tool
2025-07-08 21:44:29,128 - ERROR - Request failed: 522 Server Error: <none> for url: https://arctic-shift.photon-reddit.com/api/posts/search?author=seijuroo&after=1641016800&before=1745989200&limit=auto&sort=asc&meta-app=download-tool
2025-07-08 21:44:48,914 - ERROR - Request failed: 522 Server Error: <none> for url: https://arctic-shift.photon-reddit.com/api/posts/search?author=danwasxx&after=1641016800&before=1745989200&limit=auto&sort=asc&meta-app=download-tool
2025-07-08 21:45:08,370 - ERROR - Request failed: 522 Server Error: <none> for url: https://arctic-shift.photon-reddit.com/api/posts/search?author=iamthebunnyboy&after=1641016800&before=1745989200&limit=auto&sort=asc&meta-app=download-tool
2025-07-08 21:45:28,128 - ERROR - Request failed: 522 Server Error: <none> for url: https://arctic-shift.photon-reddit.com/api/posts/search?author=LegitimateCucumber95&after=1641016800&before=1745989200&limit=auto&sort=asc&meta-app=download-tool
2025-07-08 21:45:47,881 - ERROR - Request failed: 522 Server Error: <none> for url: https://arctic-shift.photon-reddit.com/api/posts/search?author=kngkth&after=1641016800&before=1745989200&limit=auto&sort=asc&meta-app=download-tool
2025-07-08 21:46:07,661 - ERROR - Request failed: 522 Server Error: <none> for url: https://arctic-shift.photon-reddit.com/api/posts/search?author=RAMDownloader&after=1641016800&before=1745989200&limit=auto&sort=asc&meta-app=download-tool
2025-07-08 21:46:27,363 - ERROR - Request failed: 522 Server Error: <none> for url: https://arctic-shift.photon-reddit.com/api/posts/search?author=No-Coast-9269&after=1641016800&before=1745989200&limit=auto&sort=asc&meta-app=download-tool
2025-07-08 21:46:47,007 - ERROR - Request failed: 522 Server Error: <none> for url: https://arctic-shift.photon-reddit.com/api/posts/search?author=GingerBoochie&after=1641016800&before=1745989200&limit=auto&sort=asc&meta-app=download-tool
2025-07-08 21:47:06,632 - ERROR - Request failed: 522 Server Error: <none> for url: https://arctic-shift.photon-reddit.com/api/posts/search?author=Junior-Ad9189&after=1641016800&before=1745989200&limit=auto&sort=asc&meta-app=download-tool
2025-07-08 21:47:26,243 - ERROR - Request failed: 522 Server Error: <none> for url: https://arctic-shift.photon-reddit.com/api/posts/search?author=Acceptable-Club-258&after=1641016800&before=1745989200&limit=auto&sort=asc&meta-app=download-tool
2025-07-08 21:47:45,752 - ERROR - Request failed: 522 Server Error: <none> for url: https://arctic-shift.photon-reddit.com/api/posts/search?author=LadiGoos7&after=1641016800&before=1745989200&limit=auto&sort=asc&meta-app=download-tool
2025-07-08 21:48:05,370 - ERROR - Request failed: 522 Server Error: <none> for url: https://arctic-shift.photon-reddit.com/api/posts/search?author=NotoriousRocketman&after=1641016800&before=1745989200&limit=auto&sort=asc&meta-app=download-tool
2025-07-08 21:48:25,110 - ERROR - Request failed: 522 Server Error: <none> for url: https://arctic-shift.photon-reddit.com/api/posts/search?author=FromLuxorToEphesus&after=1641016800&before=1745989200&limit=auto&sort=asc&meta-app=download-tool
2025-07-08 21:48:44,403 - ERROR - Request failed: 522 Server Error: <none> for url: https://arctic-shift.photon-reddit.com/api/posts/search?author=wheredidthetequilago&after=1641016800&before=1745989200&limit=auto&sort=asc&meta-app=download-tool
2025-07-08 21:49:04,123 - ERROR - Request failed: 522 Server Error: <none> for url: https://arctic-shift.photon-reddit.com/api/posts/search?author=Mikeman0206&after=1641016800&before=1745989200&limit=auto&sort=asc&meta-app=download-tool
2025-07-08 21:49:23,829 - ERROR - Request failed: 522 Server Error: <none> for url: https://arctic-shift.photon-reddit.com/api/posts/search?author=Fesoi_Uchiha&after=1641016800&before=1745989200&limit=auto&sort=asc&meta-app=download-tool
2025-07-08 21:49:43,224 - ERROR - Request failed: 522 Server Error: <none> for url: https://arctic-shift.photon-reddit.com/api/posts/search?author=JeffCaven&after=1641016800&before=1745989200&limit=auto&sort=asc&meta-app=download-tool
2025-07-08 21:50:02,854 - ERROR - Request failed: 522 Server Error: <none> for url: https://arctic-shift.photon-reddit.com/api/posts/search?author=yougoingmywaydoll&after=1641016800&before=1745989200&limit=auto&sort=asc&meta-app=download-tool
2025-07-08 21:50:22,604 - ERROR - Request failed: 522 Server Error: <none> for url: https://arctic-shift.photon-reddit.com/api/posts/search?author=michiganstudent777&after=1641016800&before=1745989200&limit=auto&sort=asc&meta-app=download-tool
2025-07-08 21:50:42,012 - ERROR - Request failed: 522 Server Error: <none> for url: https://arctic-shift.photon-reddit.com/api/posts/search?author=1999AA&after=1641016800&before=1745989200&limit=auto&sort=asc&meta-app=download-tool
2025-07-08 21:51:01,426 - ERROR - Request failed: 522 Server Error: <none> for url: https://arctic-shift.photon-reddit.com/api/posts/search?author=Tizzy-Lish-727&after=1641016800&before=1745989200&limit=auto&sort=asc&meta-app=download-tool
2025-07-08 21:51:21,166 - ERROR - Request failed: 522 Server Error: <none> for url: https://arctic-shift.photon-reddit.com/api/posts/search?author=Abienekpen&after=1641016800&before=1745989200&limit=auto&sort=asc&meta-app=download-tool
2025-07-08 21:51:40,504 - ERROR - Request failed: 522 Server Error: <none> for url: https://arctic-shift.photon-reddit.com/api/posts/search?author=p0tatozzz&after=1641016800&before=1745989200&limit=auto&sort=asc&meta-app=download-tool
2025-07-08 21:51:59,963 - ERROR - Request failed: 522 Server Error: <none> for url: https://arctic-shift.photon-reddit.com/api/posts/search?author=kittychatblack&after=1641016800&before=1745989200&limit=auto&sort=asc&meta-app=download-tool
2025-07-08 21:52:19,530 - ERROR - Request failed: 522 Server Error: <none> for url: https://arctic-shift.photon-reddit.com/api/posts/search?author=ThatJammyDude&after=1641016800&before=1745989200&limit=auto&sort=asc&meta-app=download-tool
2025-07-08 21:52:39,239 - ERROR - Request failed: 522 Server Error: <none> for url: https://arctic-shift.photon-reddit.com/api/posts/search?author=lifeisgoodx3&after=1641016800&before=1745989200&limit=auto&sort=asc&meta-app=download-tool
2025-07-08 21:52:58,682 - ERROR - Request failed: 522 Server Error: <none> for url: https://arctic-shift.photon-reddit.com/api/posts/search?author=buttermilkcornbread&after=1641016800&before=1745989200&limit=auto&sort=asc&meta-app=download-tool
2025-07-08 21:53:18,039 - ERROR - Request failed: 522 Server Error: <none> for url: https://arctic-shift.photon-reddit.com/api/posts/search?author=ThrowRA3272892&after=1641016800&before=1745989200&limit=auto&sort=asc&meta-app=download-tool
2025-07-08 21:53:37,732 - ERROR - Request failed: 522 Server Error: <none> for url: https://arctic-shift.photon-reddit.com/api/posts/search?author=disneybut4wolves&after=1641016800&before=1745989200&limit=auto&sort=asc&meta-app=download-tool
2025-07-08 21:53:57,433 - ERROR - Request failed: 522 Server Error: <none> for url: https://arctic-shift.photon-reddit.com/api/posts/search?author=Excellent_Hour_411&after=1641016800&before=1745989200&limit=auto&sort=asc&meta-app=download-tool
2025-07-08 21:54:17,094 - ERROR - Request failed: 522 Server Error: <none> for url: https://arctic-shift.photon-reddit.com/api/posts/search?author=amadnomad&after=1641016800&before=1745989200&limit=auto&sort=asc&meta-app=download-tool
2025-07-08 21:54:36,689 - ERROR - Request failed: 522 Server Error: <none> for url: https://arctic-shift.photon-reddit.com/api/posts/search?author=VerdantBiz&after=1641016800&before=1745989200&limit=auto&sort=asc&meta-app=download-tool
2025-07-08 21:54:56,000 - ERROR - Request failed: 522 Server Error: <none> for url: https://arctic-shift.photon-reddit.com/api/posts/search?author=kipcicle&after=1641016800&before=1745989200&limit=auto&sort=asc&meta-app=download-tool
2025-07-08 21:55:15,566 - ERROR - Request failed: 522 Server Error: <none> for url: https://arctic-shift.photon-reddit.com/api/posts/search?author=EcstaticEldritch&after=1641016800&before=1745989200&limit=auto&sort=asc&meta-app=download-tool
2025-07-08 21:55:35,358 - ERROR - Request failed: 522 Server Error: <none> for url: https://arctic-shift.photon-reddit.com/api/posts/search?author=iiPharaoh&after=1641016800&before=1745989200&limit=auto&sort=asc&meta-app=download-tool
2025-07-08 21:55:55,042 - ERROR - Request failed: 522 Server Error: <none> for url: https://arctic-shift.photon-reddit.com/api/posts/search?author=Player91sagar&after=1641016800&before=1745989200&limit=auto&sort=asc&meta-app=download-tool
2025-07-08 21:56:14,790 - ERROR - Request failed: 522 Server Error: <none> for url: https://arctic-shift.photon-reddit.com/api/posts/search?author=FRR78&after=1641016800&before=1745989200&limit=auto&sort=asc&meta-app=download-tool
2025-07-08 21:56:34,451 - ERROR - Request failed: 522 Server Error: <none> for url: https://arctic-shift.photon-reddit.com/api/posts/search?author=ukvisitq&after=1641016800&before=1745989200&limit=auto&sort=asc&meta-app=download-tool
2025-07-08 21:56:54,016 - ERROR - Request failed: 522 Server Error: <none> for url: https://arctic-shift.photon-reddit.com/api/posts/search?author=Randomhero360&after=1641016800&before=1745989200&limit=auto&sort=asc&meta-app=download-tool
2025-07-08 21:57:13,795 - ERROR - Request failed: 522 Server Error: <none> for url: https://arctic-shift.photon-reddit.com/api/posts/search?author=silentpartnerscoop&after=1641016800&before=1745989200&limit=auto&sort=asc&meta-app=download-tool
2025-07-08 21:57:33,598 - ERROR - Request failed: 522 Server Error: <none> for url: https://arctic-shift.photon-reddit.com/api/posts/search?author=Packers16and0&after=1641016800&before=1745989200&limit=auto&sort=asc&meta-app=download-tool
2025-07-08 21:57:53,060 - ERROR - Request failed: 522 Server Error: <none> for url: https://arctic-shift.photon-reddit.com/api/posts/search?author=Ordinary-Macaron-658&after=1641016800&before=1745989200&limit=auto&sort=asc&meta-app=download-tool
2025-07-08 21:58:12,720 - ERROR - Request failed: 522 Server Error: <none> for url: https://arctic-shift.photon-reddit.com/api/posts/search?author=Lucksotmid&after=1641016800&before=1745989200&limit=auto&sort=asc&meta-app=download-tool
2025-07-08 21:58:32,325 - ERROR - Request failed: 522 Server Error: <none> for url: https://arctic-shift.photon-reddit.com/api/posts/search?author=finaree&after=1641016800&before=1745989200&limit=auto&sort=asc&meta-app=download-tool
2025-07-08 21:58:51,643 - ERROR - Request failed: 522 Server Error: <none> for url: https://arctic-shift.photon-reddit.com/api/posts/search?author=windowleaver&after=1641016800&before=1745989200&limit=auto&sort=asc&meta-app=download-tool
2025-07-08 21:59:11,209 - ERROR - Request failed: 522 Server Error: <none> for url: https://arctic-shift.photon-reddit.com/api/posts/search?author=rexnavali&after=1641016800&before=1745989200&limit=auto&sort=asc&meta-app=download-tool
2025-07-08 21:59:30,937 - ERROR - Request failed: 522 Server Error: <none> for url: https://arctic-shift.photon-reddit.com/api/posts/search?author=reckless_minority&after=1641016800&before=1745989200&limit=auto&sort=asc&meta-app=download-tool
2025-07-08 21:59:50,587 - ERROR - Request failed: 522 Server Error: <none> for url: https://arctic-shift.photon-reddit.com/api/posts/search?author=gsnurr3&after=1641016800&before=1745989200&limit=auto&sort=asc&meta-app=download-tool
2025-07-08 22:00:10,391 - ERROR - Request failed: 522 Server Error: <none> for url: https://arctic-shift.photon-reddit.com/api/posts/search?author=collegequestions1234&after=1641016800&before=1745989200&limit=auto&sort=asc&meta-app=download-tool
2025-07-08 22:00:29,957 - ERROR - Request failed: 522 Server Error: <none> for url: https://arctic-shift.photon-reddit.com/api/posts/search?author=rhetoricgroot&after=1641016800&before=1745989200&limit=auto&sort=asc&meta-app=download-tool
2025-07-08 22:00:49,495 - ERROR - Request failed: 522 Server Error: <none> for url: https://arctic-shift.photon-reddit.com/api/posts/search?author=carlthedog2&after=1641016800&before=1745989200&limit=auto&sort=asc&meta-app=download-tool
2025-07-08 22:01:08,836 - ERROR - Request failed: 522 Server Error: <none> for url: https://arctic-shift.photon-reddit.com/api/posts/search?author=moonmints&after=1641016800&before=1745989200&limit=auto&sort=asc&meta-app=download-tool
2025-07-08 22:01:28,322 - ERROR - Request failed: 522 Server Error: <none> for url: https://arctic-shift.photon-reddit.com/api/posts/search?author=bobthebowler123&after=1641016800&before=1745989200&limit=auto&sort=asc&meta-app=download-tool
2025-07-08 22:01:47,790 - ERROR - Request failed: 522 Server Error: <none> for url: https://arctic-shift.photon-reddit.com/api/posts/search?author=PrettySock7839&after=1641016800&before=1745989200&limit=auto&sort=asc&meta-app=download-tool
2025-07-08 22:02:07,386 - ERROR - Request failed: 522 Server Error: <none> for url: https://arctic-shift.photon-reddit.com/api/posts/search?author=DSufficient4090&after=1641016800&before=1745989200&limit=auto&sort=asc&meta-app=download-tool
2025-07-08 22:02:27,103 - ERROR - Request failed: 522 Server Error: <none> for url: https://arctic-shift.photon-reddit.com/api/posts/search?author=HentaiNoon&after=1641016800&before=1745989200&limit=auto&sort=asc&meta-app=download-tool
2025-07-08 22:02:46,526 - ERROR - Request failed: 522 Server Error: <none> for url: https://arctic-shift.photon-reddit.com/api/posts/search?author=SpiderFox525&after=1641016800&before=1745989200&limit=auto&sort=asc&meta-app=download-tool
2025-07-08 22:03:06,003 - ERROR - Request failed: 522 Server Error: <none> for url: https://arctic-shift.photon-reddit.com/api/posts/search?author=Quiet-Habit-9870&after=1641016800&before=1745989200&limit=auto&sort=asc&meta-app=download-tool
2025-07-08 22:03:25,480 - ERROR - Request failed: 522 Server Error: <none> for url: https://arctic-shift.photon-reddit.com/api/posts/search?author=Aniketrooney&after=1641016800&before=1745989200&limit=auto&sort=asc&meta-app=download-tool
2025-07-08 22:03:45,111 - ERROR - Request failed: 522 Server Error: <none> for url: https://arctic-shift.photon-reddit.com/api/posts/search?author=sunshin2021&after=1641016800&before=1745989200&limit=auto&sort=asc&meta-app=download-tool
2025-07-08 22:04:04,683 - ERROR - Request failed: 522 Server Error: <none> for url: https://arctic-shift.photon-reddit.com/api/posts/search?author=mmsa243&after=1641016800&before=1745989200&limit=auto&sort=asc&meta-app=download-tool
2025-07-08 22:04:24,387 - ERROR - Request failed: 522 Server Error: <none> for url: https://arctic-shift.photon-reddit.com/api/posts/search?author=Ok-Grand7329&after=1641016800&before=1745989200&limit=auto&sort=asc&meta-app=download-tool
2025-07-08 22:04:43,986 - ERROR - Request failed: 522 Server Error: <none> for url: https://arctic-shift.photon-reddit.com/api/posts/search?author=momgoo&after=1641016800&before=1745989200&limit=auto&sort=asc&meta-app=download-tool
2025-07-08 22:05:03,375 - ERROR - Request failed: 522 Server Error: <none> for url: https://arctic-shift.photon-reddit.com/api/posts/search?author=WinFar4030&after=1641016800&before=1745989200&limit=auto&sort=asc&meta-app=download-tool
2025-07-08 22:05:22,970 - ERROR - Request failed: 522 Server Error: <none> for url: https://arctic-shift.photon-reddit.com/api/posts/search?author=Accomplished-Prize21&after=1641016800&before=1745989200&limit=auto&sort=asc&meta-app=download-tool
2025-07-08 22:05:42,716 - ERROR - Request failed: 522 Server Error: <none> for url: https://arctic-shift.photon-reddit.com/api/posts/search?author=Prestigious-Dark-625&after=1641016800&before=1745989200&limit=auto&sort=asc&meta-app=download-tool
2025-07-08 22:06:02,218 - ERROR - Request failed: 522 Server Error: <none> for url: https://arctic-shift.photon-reddit.com/api/posts/search?author=SeaworthinessOk2093&after=1641016800&before=1745989200&limit=auto&sort=asc&meta-app=download-tool
2025-07-08 22:06:21,654 - ERROR - Request failed: 522 Server Error: <none> for url: https://arctic-shift.photon-reddit.com/api/posts/search?author=jonodeer&after=1641016800&before=1745989200&limit=auto&sort=asc&meta-app=download-tool
2025-07-08 22:06:41,143 - ERROR - Request failed: 522 Server Error: <none> for url: https://arctic-shift.photon-reddit.com/api/posts/search?author=gunnermcgavin&after=1641016800&before=1745989200&limit=auto&sort=asc&meta-app=download-tool
2025-07-08 22:07:00,666 - ERROR - Request failed: 522 Server Error: <none> for url: https://arctic-shift.photon-reddit.com/api/posts/search?author=Nightchill90&after=1641016800&before=1745989200&limit=auto&sort=asc&meta-app=download-tool
2025-07-08 22:07:20,074 - ERROR - Request failed: 522 Server Error: <none> for url: https://arctic-shift.photon-reddit.com/api/posts/search?author=glitchmaster0001&after=1641016800&before=1745989200&limit=auto&sort=asc&meta-app=download-tool
2025-07-08 22:07:39,687 - ERROR - Request failed: 522 Server Error: <none> for url: https://arctic-shift.photon-reddit.com/api/posts/search?author=LoveCocks88&after=1641016800&before=1745989200&limit=auto&sort=asc&meta-app=download-tool
2025-07-08 22:07:59,334 - ERROR - Request failed: 522 Server Error: <none> for url: https://arctic-shift.photon-reddit.com/api/posts/search?author=XboxThrowaway2017&after=1641016800&before=1745989200&limit=auto&sort=asc&meta-app=download-tool
2025-07-08 22:08:18,757 - ERROR - Request failed: 522 Server Error: <none> for url: https://arctic-shift.photon-reddit.com/api/posts/search?author=SaltFalcon7778&after=1641016800&before=1745989200&limit=auto&sort=asc&meta-app=download-tool
2025-07-08 22:08:38,419 - ERROR - Request failed: 522 Server Error: <none> for url: https://arctic-shift.photon-reddit.com/api/posts/search?author=South-Worker7787&after=1641016800&before=1745989200&limit=auto&sort=asc&meta-app=download-tool
2025-07-08 22:08:58,190 - ERROR - Request failed: 522 Server Error: <none> for url: https://arctic-shift.photon-reddit.com/api/posts/search?author=BigBootyHo__&after=1641016800&before=1745989200&limit=auto&sort=asc&meta-app=download-tool
2025-07-08 22:09:17,861 - ERROR - Request failed: 522 Server Error: <none> for url: https://arctic-shift.photon-reddit.com/api/posts/search?author=vanivaninilla&after=1641016800&before=1745989200&limit=auto&sort=asc&meta-app=download-tool
2025-07-08 22:09:37,299 - ERROR - Request failed: 522 Server Error: <none> for url: https://arctic-shift.photon-reddit.com/api/posts/search?author=buffsop&after=1641016800&before=1745989200&limit=auto&sort=asc&meta-app=download-tool
2025-07-08 22:09:56,869 - ERROR - Request failed: 522 Server Error: <none> for url: https://arctic-shift.photon-reddit.com/api/posts/search?author=Organic_853&after=1641016800&before=1745989200&limit=auto&sort=asc&meta-app=download-tool
2025-07-08 22:10:16,398 - ERROR - Request failed: 522 Server Error: <none> for url: https://arctic-shift.photon-reddit.com/api/posts/search?author=AFantasticClue&after=1641016800&before=1745989200&limit=auto&sort=asc&meta-app=download-tool
2025-07-08 22:10:35,750 - ERROR - Request failed: 522 Server Error: <none> for url: https://arctic-shift.photon-reddit.com/api/posts/search?author=Logical_Ability8132&after=1641016800&before=1745989200&limit=auto&sort=asc&meta-app=download-tool
2025-07-08 22:10:55,499 - ERROR - Request failed: 522 Server Error: <none> for url: https://arctic-shift.photon-reddit.com/api/posts/search?author=ez_chem&after=1641016800&before=1745989200&limit=auto&sort=asc&meta-app=download-tool
2025-07-08 22:11:14,843 - ERROR - Request failed: 522 Server Error: <none> for url: https://arctic-shift.photon-reddit.com/api/posts/search?author=Temporary_Rule2484&after=1641016800&before=1745989200&limit=auto&sort=asc&meta-app=download-tool
2025-07-08 22:11:34,344 - ERROR - Request failed: 522 Server Error: <none> for url: https://arctic-shift.photon-reddit.com/api/posts/search?author=matte_5551&after=1641016800&before=1745989200&limit=auto&sort=asc&meta-app=download-tool
2025-07-08 22:11:54,073 - ERROR - Request failed: 522 Server Error: <none> for url: https://arctic-shift.photon-reddit.com/api/posts/search?author=tinydancer181&after=1641016800&before=1745989200&limit=auto&sort=asc&meta-app=download-tool
2025-07-08 22:12:13,789 - ERROR - Request failed: 522 Server Error: <none> for url: https://arctic-shift.photon-reddit.com/api/posts/search?author=NotKoreanSpy&after=1641016800&before=1745989200&limit=auto&sort=asc&meta-app=download-tool
2025-07-08 22:12:33,217 - ERROR - Request failed: 522 Server Error: <none> for url: https://arctic-shift.photon-reddit.com/api/posts/search?author=mud_dress&after=1641016800&before=1745989200&limit=auto&sort=asc&meta-app=download-tool
2025-07-08 22:12:52,853 - ERROR - Request failed: 522 Server Error: <none> for url: https://arctic-shift.photon-reddit.com/api/posts/search?author=50cent2020&after=1641016800&before=1745989200&limit=auto&sort=asc&meta-app=download-tool
2025-07-08 22:13:12,571 - ERROR - Request failed: 522 Server Error: <none> for url: https://arctic-shift.photon-reddit.com/api/posts/search?author=Brilliant_Mess_8495&after=1641016800&before=1745989200&limit=auto&sort=asc&meta-app=download-tool
2025-07-08 22:13:32,403 - ERROR - Request failed: 522 Server Error: <none> for url: https://arctic-shift.photon-reddit.com/api/posts/search?author=Tipsyyy&after=1641016800&before=1745989200&limit=auto&sort=asc&meta-app=download-tool
2025-07-08 22:13:51,824 - ERROR - Request failed: 522 Server Error: <none> for url: https://arctic-shift.photon-reddit.com/api/posts/search?author=Whoots&after=1641016800&before=1745989200&limit=auto&sort=asc&meta-app=download-tool
2025-07-08 22:14:11,164 - ERROR - Request failed: 522 Server Error: <none> for url: https://arctic-shift.photon-reddit.com/api/posts/search?author=feathersandvelvet&after=1641016800&before=1745989200&limit=auto&sort=asc&meta-app=download-tool
2025-07-08 22:14:30,739 - ERROR - Request failed: 522 Server Error: <none> for url: https://arctic-shift.photon-reddit.com/api/posts/search?author=PlayerPixie&after=1641016800&before=1745989200&limit=auto&sort=asc&meta-app=download-tool
2025-07-08 22:14:50,472 - ERROR - Request failed: 522 Server Error: <none> for url: https://arctic-shift.photon-reddit.com/api/posts/search?author=c_will&after=1641016800&before=1745989200&limit=auto&sort=asc&meta-app=download-tool
2025-07-08 22:15:09,783 - ERROR - Request failed: 522 Server Error: <none> for url: https://arctic-shift.photon-reddit.com/api/posts/search?author=_9pastryeconomist_&after=1641016800&before=1745989200&limit=auto&sort=asc&meta-app=download-tool
2025-07-08 22:15:29,285 - ERROR - Request failed: 522 Server Error: <none> for url: https://arctic-shift.photon-reddit.com/api/posts/search?author=agnostic-infp-neet&after=1641016800&before=1745989200&limit=auto&sort=asc&meta-app=download-tool
2025-07-08 22:36:03,937 - ERROR - Unexpected error: 'NoneType' object cannot be interpreted as an integer
2025-07-08 22:38:54,452 - ERROR - Unexpected error: 'NoneType' object cannot be interpreted as an integer
2025-07-08 22:40:33,955 - INFO - Processed 12000 users so far
2025-07-08 22:41:13,078 - ERROR - Unexpected error: 'NoneType' object cannot be interpreted as an integer
2025-07-08 22:43:09,236 - ERROR - Unexpected error: 'NoneType' object cannot be interpreted as an integer
2025-07-08 22:43:13,084 - ERROR - Unexpected error: 'NoneType' object cannot be interpreted as an integer
2025-07-08 22:44:02,688 - ERROR - Unexpected error: 'NoneType' object cannot be interpreted as an integer
2025-07-08 22:45:14,794 - ERROR - Unexpected error: 'NoneType' object cannot be interpreted as an integer
2025-07-08 22:47:42,222 - ERROR - Unexpected error: 'NoneType' object cannot be interpreted as an integer
2025-07-08 22:48:00,789 - ERROR - Unexpected error: 'NoneType' object cannot be interpreted as an integer
2025-07-08 22:50:58,744 - ERROR - Unexpected error: 'NoneType' object cannot be interpreted as an integer
2025-07-08 22:52:39,711 - INFO - Processed 14000 users so far
2025-07-08 22:57:37,216 - ERROR - Unexpected error: 'NoneType' object cannot be interpreted as an integer
2025-07-08 22:58:13,815 - ERROR - Unexpected error: 'NoneType' object cannot be interpreted as an integer
2025-07-08 23:01:27,594 - ERROR - Unexpected error: 'NoneType' object cannot be interpreted as an integer
2025-07-08 23:02:26,651 - ERROR - Unexpected error: 'NoneType' object cannot be interpreted as an integer
2025-07-08 23:03:31,248 - ERROR - Unexpected error: 'NoneType' object cannot be interpreted as an integer
2025-07-08 23:04:04,935 - ERROR - Unexpected error: 'NoneType' object cannot be interpreted as an integer
2025-07-08 23:04:52,629 - ERROR - Unexpected error: 'NoneType' object cannot be interpreted as an integer
2025-07-08 23:05:46,940 - INFO - Processed 16000 users so far
2025-07-08 23:19:15,111 - INFO - Processed 18000 users so far
2025-07-08 23:28:25,279 - ERROR - Unexpected error: 'NoneType' object cannot be interpreted as an integer
2025-07-08 23:28:25,855 - ERROR - Unexpected error: 'NoneType' object cannot be interpreted as an integer
2025-07-08 23:28:26,782 - ERROR - Unexpected error: 'NoneType' object cannot be interpreted as an integer
2025-07-08 23:28:30,226 - ERROR - Unexpected error: 'NoneType' object cannot be interpreted as an integer
2025-07-08 23:28:30,654 - ERROR - Unexpected error: 'NoneType' object cannot be interpreted as an integer
2025-07-08 23:28:32,721 - ERROR - Unexpected error: 'NoneType' object cannot be interpreted as an integer
2025-07-08 23:28:48,136 - ERROR - Unexpected error: 'NoneType' object cannot be interpreted as an integer
2025-07-08 23:28:52,022 - ERROR - Unexpected error: 'NoneType' object cannot be interpreted as an integer
2025-07-08 23:28:53,257 - ERROR - Unexpected error: 'NoneType' object cannot be interpreted as an integer
2025-07-08 23:28:53,417 - ERROR - Unexpected error: 'NoneType' object cannot be interpreted as an integer
2025-07-08 23:28:57,005 - ERROR - Unexpected error: 'NoneType' object cannot be interpreted as an integer
2025-07-08 23:28:58,958 - ERROR - Unexpected error: 'NoneType' object cannot be interpreted as an integer
2025-07-08 23:28:59,706 - ERROR - Unexpected error: 'NoneType' object cannot be interpreted as an integer
2025-07-08 23:29:01,464 - ERROR - Unexpected error: 'NoneType' object cannot be interpreted as an integer
2025-07-08 23:29:05,094 - ERROR - Unexpected error: 'NoneType' object cannot be interpreted as an integer
2025-07-08 23:29:06,018 - ERROR - Unexpected error: 'NoneType' object cannot be interpreted as an integer
2025-07-08 23:29:13,773 - ERROR - Unexpected error: 'NoneType' object cannot be interpreted as an integer
2025-07-08 23:29:16,980 - ERROR - Unexpected error: 'NoneType' object cannot be interpreted as an integer
2025-07-08 23:29:18,166 - ERROR - Unexpected error: 'NoneType' object cannot be interpreted as an integer
2025-07-08 23:29:20,150 - ERROR - Unexpected error: 'NoneType' object cannot be interpreted as an integer
2025-07-08 23:29:20,307 - ERROR - Unexpected error: 'NoneType' object cannot be interpreted as an integer
2025-07-08 23:29:25,678 - ERROR - Unexpected error: 'NoneType' object cannot be interpreted as an integer
2025-07-08 23:29:27,125 - ERROR - Unexpected error: 'NoneType' object cannot be interpreted as an integer
2025-07-08 23:29:29,757 - ERROR - Unexpected error: 'NoneType' object cannot be interpreted as an integer
2025-07-08 23:29:32,892 - ERROR - Unexpected error: 'NoneType' object cannot be interpreted as an integer
2025-07-08 23:29:34,242 - ERROR - Unexpected error: 'NoneType' object cannot be interpreted as an integer
2025-07-08 23:29:40,944 - ERROR - Unexpected error: 'NoneType' object cannot be interpreted as an integer
2025-07-08 23:29:46,366 - ERROR - Unexpected error: 'NoneType' object cannot be interpreted as an integer
2025-07-08 23:29:47,407 - ERROR - Unexpected error: 'NoneType' object cannot be interpreted as an integer
2025-07-08 23:29:48,672 - ERROR - Unexpected error: 'NoneType' object cannot be interpreted as an integer
2025-07-08 23:29:49,601 - ERROR - Unexpected error: 'NoneType' object cannot be interpreted as an integer
2025-07-08 23:29:52,566 - ERROR - Unexpected error: 'NoneType' object cannot be interpreted as an integer
2025-07-08 23:29:56,295 - ERROR - Unexpected error: 'NoneType' object cannot be interpreted as an integer
2025-07-08 23:30:04,816 - ERROR - Unexpected error: 'NoneType' object cannot be interpreted as an integer
2025-07-08 23:30:05,236 - ERROR - Unexpected error: 'NoneType' object cannot be interpreted as an integer
2025-07-08 23:30:05,693 - ERROR - Unexpected error: 'NoneType' object cannot be interpreted as an integer
2025-07-08 23:30:09,925 - ERROR - Unexpected error: 'NoneType' object cannot be interpreted as an integer
2025-07-08 23:30:15,933 - ERROR - Unexpected error: 'NoneType' object cannot be interpreted as an integer
2025-07-08 23:30:16,795 - ERROR - Unexpected error: 'NoneType' object cannot be interpreted as an integer
2025-07-08 23:30:19,244 - ERROR - Unexpected error: 'NoneType' object cannot be interpreted as an integer
2025-07-08 23:30:19,910 - ERROR - Unexpected error: 'NoneType' object cannot be interpreted as an integer
2025-07-08 23:30:20,080 - ERROR - Unexpected error: 'NoneType' object cannot be interpreted as an integer
2025-07-08 23:30:21,362 - ERROR - Unexpected error: 'NoneType' object cannot be interpreted as an integer
2025-07-08 23:30:24,292 - ERROR - Unexpected error: 'NoneType' object cannot be interpreted as an integer
2025-07-08 23:30:24,699 - ERROR - Unexpected error: 'NoneType' object cannot be interpreted as an integer
2025-07-08 23:30:27,081 - ERROR - Unexpected error: 'NoneType' object cannot be interpreted as an integer
2025-07-08 23:30:29,920 - ERROR - Unexpected error: 'NoneType' object cannot be interpreted as an integer
2025-07-08 23:30:30,079 - ERROR - Unexpected error: 'NoneType' object cannot be interpreted as an integer
2025-07-08 23:30:32,574 - ERROR - Unexpected error: 'NoneType' object cannot be interpreted as an integer
2025-07-08 23:30:34,493 - ERROR - Unexpected error: 'NoneType' object cannot be interpreted as an integer
2025-07-08 23:30:37,215 - ERROR - Unexpected error: 'NoneType' object cannot be interpreted as an integer
2025-07-08 23:30:37,642 - ERROR - Unexpected error: 'NoneType' object cannot be interpreted as an integer
2025-07-08 23:30:44,428 - ERROR - Unexpected error: 'NoneType' object cannot be interpreted as an integer
2025-07-08 23:30:47,468 - ERROR - Unexpected error: 'NoneType' object cannot be interpreted as an integer
2025-07-08 23:30:47,636 - ERROR - Unexpected error: 'NoneType' object cannot be interpreted as an integer
2025-07-08 23:30:49,279 - ERROR - Unexpected error: 'NoneType' object cannot be interpreted as an integer
2025-07-08 23:30:51,112 - ERROR - Unexpected error: 'NoneType' object cannot be interpreted as an integer
2025-07-08 23:30:52,777 - ERROR - Unexpected error: 'NoneType' object cannot be interpreted as an integer
2025-07-08 23:30:59,903 - ERROR - Unexpected error: 'NoneType' object cannot be interpreted as an integer
2025-07-08 23:31:00,257 - ERROR - Unexpected error: 'NoneType' object cannot be interpreted as an integer
2025-07-08 23:31:04,413 - ERROR - Unexpected error: 'NoneType' object cannot be interpreted as an integer
2025-07-08 23:31:08,431 - ERROR - Unexpected error: 'NoneType' object cannot be interpreted as an integer
2025-07-08 23:31:09,326 - ERROR - Unexpected error: 'NoneType' object cannot be interpreted as an integer
2025-07-08 23:31:09,510 - ERROR - Unexpected error: 'NoneType' object cannot be interpreted as an integer
2025-07-08 23:31:10,540 - ERROR - Unexpected error: 'NoneType' object cannot be interpreted as an integer
2025-07-08 23:31:10,542 - INFO - Processed 20000 users so far
2025-07-08 23:31:13,297 - ERROR - Unexpected error: 'NoneType' object cannot be interpreted as an integer
2025-07-08 23:31:23,097 - ERROR - Unexpected error: 'NoneType' object cannot be interpreted as an integer
2025-07-08 23:31:23,256 - ERROR - Unexpected error: 'NoneType' object cannot be interpreted as an integer
2025-07-08 23:31:28,520 - ERROR - Unexpected error: 'NoneType' object cannot be interpreted as an integer
2025-07-08 23:31:28,987 - ERROR - Unexpected error: 'NoneType' object cannot be interpreted as an integer
2025-07-08 23:31:31,005 - ERROR - Unexpected error: 'NoneType' object cannot be interpreted as an integer
2025-07-08 23:31:32,774 - ERROR - Unexpected error: 'NoneType' object cannot be interpreted as an integer
2025-07-08 23:31:33,190 - ERROR - Unexpected error: 'NoneType' object cannot be interpreted as an integer
2025-07-08 23:31:38,232 - ERROR - Unexpected error: 'NoneType' object cannot be interpreted as an integer
2025-07-08 23:31:39,313 - ERROR - Unexpected error: 'NoneType' object cannot be interpreted as an integer
2025-07-08 23:31:52,671 - ERROR - Unexpected error: 'NoneType' object cannot be interpreted as an integer
2025-07-08 23:31:57,590 - ERROR - Unexpected error: 'NoneType' object cannot be interpreted as an integer
2025-07-08 23:31:59,789 - ERROR - Unexpected error: 'NoneType' object cannot be interpreted as an integer
2025-07-08 23:32:02,016 - ERROR - Unexpected error: 'NoneType' object cannot be interpreted as an integer
2025-07-08 23:32:02,871 - ERROR - Unexpected error: 'NoneType' object cannot be interpreted as an integer
2025-07-08 23:32:04,989 - ERROR - Unexpected error: 'NoneType' object cannot be interpreted as an integer
2025-07-08 23:32:05,162 - ERROR - Unexpected error: 'NoneType' object cannot be interpreted as an integer
2025-07-08 23:32:06,020 - ERROR - Unexpected error: 'NoneType' object cannot be interpreted as an integer
2025-07-08 23:32:08,431 - ERROR - Unexpected error: 'NoneType' object cannot be interpreted as an integer
2025-07-08 23:32:14,086 - ERROR - Unexpected error: 'NoneType' object cannot be interpreted as an integer
2025-07-08 23:32:20,985 - ERROR - Unexpected error: 'NoneType' object cannot be interpreted as an integer
2025-07-08 23:32:26,823 - ERROR - Unexpected error: 'NoneType' object cannot be interpreted as an integer
2025-07-08 23:32:27,526 - ERROR - Unexpected error: 'NoneType' object cannot be interpreted as an integer
2025-07-08 23:32:28,026 - ERROR - Unexpected error: 'NoneType' object cannot be interpreted as an integer
2025-07-08 23:32:28,437 - ERROR - Unexpected error: 'NoneType' object cannot be interpreted as an integer
2025-07-08 23:32:29,685 - ERROR - Unexpected error: 'NoneType' object cannot be interpreted as an integer
2025-07-08 23:32:30,821 - ERROR - Unexpected error: 'NoneType' object cannot be interpreted as an integer
2025-07-08 23:32:42,333 - ERROR - Unexpected error: 'NoneType' object cannot be interpreted as an integer
2025-07-08 23:32:45,592 - ERROR - Unexpected error: 'NoneType' object cannot be interpreted as an integer
2025-07-08 23:32:47,499 - ERROR - Unexpected error: 'NoneType' object cannot be interpreted as an integer
2025-07-08 23:32:49,257 - ERROR - Unexpected error: 'NoneType' object cannot be interpreted as an integer
2025-07-08 23:32:50,288 - ERROR - Unexpected error: 'NoneType' object cannot be interpreted as an integer
2025-07-08 23:32:50,451 - ERROR - Unexpected error: 'NoneType' object cannot be interpreted as an integer
2025-07-08 23:32:51,368 - ERROR - Unexpected error: 'NoneType' object cannot be interpreted as an integer
2025-07-08 23:32:52,202 - ERROR - Unexpected error: 'NoneType' object cannot be interpreted as an integer
2025-07-08 23:32:53,173 - ERROR - Unexpected error: 'NoneType' object cannot be interpreted as an integer
2025-07-08 23:32:53,689 - ERROR - Unexpected error: 'NoneType' object cannot be interpreted as an integer
2025-07-08 23:32:54,442 - ERROR - Unexpected error: 'NoneType' object cannot be interpreted as an integer
2025-07-08 23:32:56,676 - ERROR - Unexpected error: 'NoneType' object cannot be interpreted as an integer
2025-07-08 23:32:57,866 - ERROR - Unexpected error: 'NoneType' object cannot be interpreted as an integer
2025-07-08 23:32:59,365 - ERROR - Unexpected error: 'NoneType' object cannot be interpreted as an integer
2025-07-08 23:33:00,264 - ERROR - Unexpected error: 'NoneType' object cannot be interpreted as an integer
2025-07-08 23:33:03,714 - ERROR - Unexpected error: 'NoneType' object cannot be interpreted as an integer
2025-07-08 23:33:04,142 - ERROR - Unexpected error: 'NoneType' object cannot be interpreted as an integer
2025-07-08 23:33:04,330 - ERROR - Unexpected error: 'NoneType' object cannot be interpreted as an integer
2025-07-08 23:33:08,197 - ERROR - Unexpected error: 'NoneType' object cannot be interpreted as an integer
2025-07-08 23:33:09,195 - ERROR - Unexpected error: 'NoneType' object cannot be interpreted as an integer
2025-07-08 23:33:13,585 - ERROR - Unexpected error: 'NoneType' object cannot be interpreted as an integer
2025-07-08 23:33:18,270 - ERROR - Unexpected error: 'NoneType' object cannot be interpreted as an integer
2025-07-08 23:33:19,292 - ERROR - Unexpected error: 'NoneType' object cannot be interpreted as an integer
2025-07-08 23:33:19,458 - ERROR - Unexpected error: 'NoneType' object cannot be interpreted as an integer
2025-07-08 23:33:19,955 - ERROR - Unexpected error: 'NoneType' object cannot be interpreted as an integer
2025-07-08 23:33:22,222 - ERROR - Unexpected error: 'NoneType' object cannot be interpreted as an integer
2025-07-08 23:33:22,710 - ERROR - Unexpected error: 'NoneType' object cannot be interpreted as an integer
2025-07-08 23:33:25,812 - ERROR - Unexpected error: 'NoneType' object cannot be interpreted as an integer
2025-07-08 23:33:26,173 - ERROR - Unexpected error: 'NoneType' object cannot be interpreted as an integer
2025-07-08 23:33:27,201 - ERROR - Unexpected error: 'NoneType' object cannot be interpreted as an integer
2025-07-08 23:33:28,107 - ERROR - Unexpected error: 'NoneType' object cannot be interpreted as an integer
2025-07-08 23:33:28,690 - ERROR - Unexpected error: 'NoneType' object cannot be interpreted as an integer
2025-07-08 23:33:30,776 - ERROR - Unexpected error: 'NoneType' object cannot be interpreted as an integer
2025-07-08 23:33:31,781 - ERROR - Unexpected error: 'NoneType' object cannot be interpreted as an integer
2025-07-08 23:33:33,362 - ERROR - Unexpected error: 'NoneType' object cannot be interpreted as an integer
2025-07-08 23:33:34,533 - ERROR - Unexpected error: 'NoneType' object cannot be interpreted as an integer
2025-07-08 23:33:45,323 - ERROR - Unexpected error: 'NoneType' object cannot be interpreted as an integer
2025-07-08 23:33:45,492 - ERROR - Unexpected error: 'NoneType' object cannot be interpreted as an integer
2025-07-08 23:33:51,841 - ERROR - Unexpected error: 'NoneType' object cannot be interpreted as an integer
2025-07-08 23:33:52,182 - ERROR - Unexpected error: 'NoneType' object cannot be interpreted as an integer
2025-07-08 23:33:53,190 - ERROR - Unexpected error: 'NoneType' object cannot be interpreted as an integer
2025-07-08 23:33:53,841 - ERROR - Unexpected error: 'NoneType' object cannot be interpreted as an integer
2025-07-08 23:33:54,467 - ERROR - Unexpected error: 'NoneType' object cannot be interpreted as an integer
2025-07-08 23:33:55,373 - ERROR - Unexpected error: 'NoneType' object cannot be interpreted as an integer
2025-07-08 23:34:01,886 - ERROR - Unexpected error: 'NoneType' object cannot be interpreted as an integer
2025-07-08 23:34:03,968 - ERROR - Unexpected error: 'NoneType' object cannot be interpreted as an integer
2025-07-08 23:34:04,974 - ERROR - Unexpected error: 'NoneType' object cannot be interpreted as an integer
2025-07-08 23:34:09,379 - ERROR - Unexpected error: 'NoneType' object cannot be interpreted as an integer
2025-07-08 23:34:11,544 - ERROR - Unexpected error: 'NoneType' object cannot be interpreted as an integer
2025-07-08 23:34:12,925 - ERROR - Unexpected error: 'NoneType' object cannot be interpreted as an integer
2025-07-08 23:34:13,084 - ERROR - Unexpected error: 'NoneType' object cannot be interpreted as an integer
2025-07-08 23:34:13,671 - ERROR - Unexpected error: 'NoneType' object cannot be interpreted as an integer
2025-07-08 23:34:16,637 - ERROR - Unexpected error: 'NoneType' object cannot be interpreted as an integer
2025-07-08 23:34:21,424 - ERROR - Unexpected error: 'NoneType' object cannot be interpreted as an integer
2025-07-08 23:34:22,023 - ERROR - Unexpected error: 'NoneType' object cannot be interpreted as an integer
2025-07-08 23:34:23,095 - ERROR - Unexpected error: 'NoneType' object cannot be interpreted as an integer
2025-07-08 23:34:30,049 - ERROR - Unexpected error: 'NoneType' object cannot be interpreted as an integer
2025-07-08 23:34:32,278 - ERROR - Unexpected error: 'NoneType' object cannot be interpreted as an integer
2025-07-08 23:34:35,305 - ERROR - Unexpected error: 'NoneType' object cannot be interpreted as an integer
2025-07-08 23:34:41,730 - ERROR - Unexpected error: 'NoneType' object cannot be interpreted as an integer
2025-07-08 23:34:42,548 - ERROR - Unexpected error: 'NoneType' object cannot be interpreted as an integer
2025-07-08 23:34:43,674 - ERROR - Unexpected error: 'NoneType' object cannot be interpreted as an integer
2025-07-08 23:34:55,875 - ERROR - Unexpected error: 'NoneType' object cannot be interpreted as an integer
2025-07-08 23:34:57,711 - ERROR - Unexpected error: 'NoneType' object cannot be interpreted as an integer
2025-07-08 23:34:58,196 - ERROR - Unexpected error: 'NoneType' object cannot be interpreted as an integer
2025-07-08 23:34:58,946 - ERROR - Unexpected error: 'NoneType' object cannot be interpreted as an integer
2025-07-08 23:35:00,466 - ERROR - Unexpected error: 'NoneType' object cannot be interpreted as an integer
2025-07-08 23:35:02,030 - ERROR - Unexpected error: 'NoneType' object cannot be interpreted as an integer
2025-07-08 23:35:02,692 - ERROR - Unexpected error: 'NoneType' object cannot be interpreted as an integer
2025-07-08 23:35:03,648 - ERROR - Unexpected error: 'NoneType' object cannot be interpreted as an integer
2025-07-08 23:35:04,629 - ERROR - Unexpected error: 'NoneType' object cannot be interpreted as an integer
2025-07-08 23:35:07,206 - ERROR - Unexpected error: 'NoneType' object cannot be interpreted as an integer
2025-07-08 23:35:10,996 - ERROR - Unexpected error: 'NoneType' object cannot be interpreted as an integer
2025-07-08 23:35:13,247 - ERROR - Unexpected error: 'NoneType' object cannot be interpreted as an integer
2025-07-08 23:35:14,266 - ERROR - Unexpected error: 'NoneType' object cannot be interpreted as an integer
2025-07-08 23:35:15,749 - ERROR - Unexpected error: 'NoneType' object cannot be interpreted as an integer
2025-07-08 23:35:16,233 - ERROR - Unexpected error: 'NoneType' object cannot be interpreted as an integer
2025-07-08 23:35:17,861 - ERROR - Unexpected error: 'NoneType' object cannot be interpreted as an integer
2025-07-08 23:35:18,993 - ERROR - Unexpected error: 'NoneType' object cannot be interpreted as an integer
2025-07-08 23:35:23,481 - ERROR - Unexpected error: 'NoneType' object cannot be interpreted as an integer
2025-07-08 23:35:25,053 - ERROR - Unexpected error: 'NoneType' object cannot be interpreted as an integer
2025-07-08 23:35:25,636 - ERROR - Unexpected error: 'NoneType' object cannot be interpreted as an integer
2025-07-08 23:35:27,114 - ERROR - Unexpected error: 'NoneType' object cannot be interpreted as an integer
2025-07-08 23:35:30,045 - ERROR - Unexpected error: 'NoneType' object cannot be interpreted as an integer
2025-07-08 23:35:34,258 - ERROR - Unexpected error: 'NoneType' object cannot be interpreted as an integer
2025-07-08 23:35:35,458 - ERROR - Unexpected error: 'NoneType' object cannot be interpreted as an integer
2025-07-08 23:35:36,190 - ERROR - Unexpected error: 'NoneType' object cannot be interpreted as an integer
2025-07-08 23:35:37,188 - ERROR - Unexpected error: 'NoneType' object cannot be interpreted as an integer
2025-07-08 23:35:38,474 - ERROR - Unexpected error: 'NoneType' object cannot be interpreted as an integer
2025-07-08 23:35:44,839 - ERROR - Unexpected error: 'NoneType' object cannot be interpreted as an integer
2025-07-08 23:35:45,486 - ERROR - Unexpected error: 'NoneType' object cannot be interpreted as an integer
2025-07-08 23:35:49,359 - ERROR - Unexpected error: 'NoneType' object cannot be interpreted as an integer
2025-07-08 23:35:49,523 - ERROR - Unexpected error: 'NoneType' object cannot be interpreted as an integer
2025-07-08 23:35:49,933 - ERROR - Unexpected error: 'NoneType' object cannot be interpreted as an integer
2025-07-08 23:35:50,611 - ERROR - Unexpected error: 'NoneType' object cannot be interpreted as an integer
2025-07-08 23:35:52,588 - ERROR - Unexpected error: 'NoneType' object cannot be interpreted as an integer
2025-07-08 23:35:53,392 - ERROR - Unexpected error: 'NoneType' object cannot be interpreted as an integer
2025-07-08 23:35:53,968 - ERROR - Unexpected error: 'NoneType' object cannot be interpreted as an integer
2025-07-08 23:36:02,399 - ERROR - Unexpected error: 'NoneType' object cannot be interpreted as an integer
2025-07-08 23:36:02,568 - ERROR - Unexpected error: 'NoneType' object cannot be interpreted as an integer
2025-07-08 23:36:04,494 - ERROR - Unexpected error: 'NoneType' object cannot be interpreted as an integer
2025-07-08 23:36:05,430 - ERROR - Unexpected error: 'NoneType' object cannot be interpreted as an integer
2025-07-08 23:36:05,598 - ERROR - Unexpected error: 'NoneType' object cannot be interpreted as an integer
2025-07-08 23:36:06,150 - ERROR - Unexpected error: 'NoneType' object cannot be interpreted as an integer
2025-07-08 23:36:08,494 - ERROR - Unexpected error: 'NoneType' object cannot be interpreted as an integer
2025-07-08 23:36:08,660 - ERROR - Unexpected error: 'NoneType' object cannot be interpreted as an integer
2025-07-08 23:36:10,894 - ERROR - Unexpected error: 'NoneType' object cannot be interpreted as an integer
2025-07-08 23:36:12,254 - ERROR - Unexpected error: 'NoneType' object cannot be interpreted as an integer
2025-07-08 23:36:16,657 - ERROR - Unexpected error: 'NoneType' object cannot be interpreted as an integer
2025-07-08 23:36:18,572 - ERROR - Unexpected error: 'NoneType' object cannot be interpreted as an integer
2025-07-08 23:36:19,825 - ERROR - Unexpected error: 'NoneType' object cannot be interpreted as an integer
2025-07-08 23:36:21,848 - ERROR - Unexpected error: 'NoneType' object cannot be interpreted as an integer
2025-07-08 23:36:23,016 - ERROR - Unexpected error: 'NoneType' object cannot be interpreted as an integer
2025-07-08 23:36:23,729 - ERROR - Unexpected error: 'NoneType' object cannot be interpreted as an integer
2025-07-08 23:36:23,888 - ERROR - Unexpected error: 'NoneType' object cannot be interpreted as an integer
2025-07-08 23:36:24,210 - ERROR - Unexpected error: 'NoneType' object cannot be interpreted as an integer
2025-07-08 23:36:24,364 - ERROR - Unexpected error: 'NoneType' object cannot be interpreted as an integer
2025-07-08 23:36:26,668 - ERROR - Unexpected error: 'NoneType' object cannot be interpreted as an integer
2025-07-08 23:36:33,202 - ERROR - Unexpected error: 'NoneType' object cannot be interpreted as an integer
2025-07-08 23:36:33,806 - ERROR - Unexpected error: 'NoneType' object cannot be interpreted as an integer
2025-07-08 23:36:33,992 - ERROR - Unexpected error: 'NoneType' object cannot be interpreted as an integer
2025-07-08 23:36:34,703 - ERROR - Unexpected error: 'NoneType' object cannot be interpreted as an integer
2025-07-08 23:36:35,873 - ERROR - Unexpected error: 'NoneType' object cannot be interpreted as an integer
2025-07-08 23:36:38,410 - ERROR - Unexpected error: 'NoneType' object cannot be interpreted as an integer
2025-07-08 23:36:38,824 - ERROR - Unexpected error: 'NoneType' object cannot be interpreted as an integer
2025-07-08 23:36:38,981 - ERROR - Unexpected error: 'NoneType' object cannot be interpreted as an integer
2025-07-08 23:36:39,913 - ERROR - Unexpected error: 'NoneType' object cannot be interpreted as an integer
2025-07-08 23:36:43,359 - ERROR - Unexpected error: 'NoneType' object cannot be interpreted as an integer
2025-07-08 23:36:44,226 - ERROR - Unexpected error: 'NoneType' object cannot be interpreted as an integer
2025-07-08 23:36:45,415 - ERROR - Unexpected error: 'NoneType' object cannot be interpreted as an integer
2025-07-08 23:36:47,609 - ERROR - Unexpected error: 'NoneType' object cannot be interpreted as an integer
2025-07-08 23:36:52,658 - ERROR - Unexpected error: 'NoneType' object cannot be interpreted as an integer
2025-07-08 23:36:53,054 - ERROR - Unexpected error: 'NoneType' object cannot be interpreted as an integer
2025-07-08 23:36:54,163 - ERROR - Unexpected error: 'NoneType' object cannot be interpreted as an integer
2025-07-08 23:36:59,562 - ERROR - Unexpected error: 'NoneType' object cannot be interpreted as an integer
2025-07-08 23:37:01,912 - ERROR - Unexpected error: 'NoneType' object cannot be interpreted as an integer
2025-07-08 23:37:03,438 - ERROR - Unexpected error: 'NoneType' object cannot be interpreted as an integer
2025-07-08 23:37:06,366 - ERROR - Unexpected error: 'NoneType' object cannot be interpreted as an integer
2025-07-08 23:37:11,288 - ERROR - Unexpected error: 'NoneType' object cannot be interpreted as an integer
2025-07-08 23:37:12,773 - ERROR - Unexpected error: 'NoneType' object cannot be interpreted as an integer
2025-07-08 23:37:14,619 - ERROR - Unexpected error: 'NoneType' object cannot be interpreted as an integer
2025-07-08 23:37:19,410 - ERROR - Unexpected error: 'NoneType' object cannot be interpreted as an integer
2025-07-08 23:37:20,478 - ERROR - Unexpected error: 'NoneType' object cannot be interpreted as an integer
2025-07-08 23:37:20,915 - ERROR - Unexpected error: 'NoneType' object cannot be interpreted as an integer
2025-07-08 23:37:21,732 - ERROR - Unexpected error: 'NoneType' object cannot be interpreted as an integer
2025-07-08 23:37:23,009 - ERROR - Unexpected error: 'NoneType' object cannot be interpreted as an integer
2025-07-08 23:37:23,531 - ERROR - Unexpected error: 'NoneType' object cannot be interpreted as an integer
2025-07-08 23:37:26,278 - ERROR - Unexpected error: 'NoneType' object cannot be interpreted as an integer
2025-07-08 23:37:29,643 - ERROR - Unexpected error: 'NoneType' object cannot be interpreted as an integer
2025-07-08 23:37:32,609 - ERROR - Unexpected error: 'NoneType' object cannot be interpreted as an integer
2025-07-08 23:37:33,921 - ERROR - Unexpected error: 'NoneType' object cannot be interpreted as an integer
2025-07-08 23:37:36,167 - ERROR - Unexpected error: 'NoneType' object cannot be interpreted as an integer
2025-07-08 23:37:37,840 - ERROR - Unexpected error: 'NoneType' object cannot be interpreted as an integer
2025-07-08 23:37:38,014 - ERROR - Unexpected error: 'NoneType' object cannot be interpreted as an integer
2025-07-08 23:37:38,338 - ERROR - Unexpected error: 'NoneType' object cannot be interpreted as an integer
2025-07-08 23:37:38,662 - ERROR - Unexpected error: 'NoneType' object cannot be interpreted as an integer
2025-07-08 23:37:39,954 - ERROR - Unexpected error: 'NoneType' object cannot be interpreted as an integer
2025-07-08 23:37:40,370 - ERROR - Unexpected error: 'NoneType' object cannot be interpreted as an integer
2025-07-08 23:37:40,695 - ERROR - Unexpected error: 'NoneType' object cannot be interpreted as an integer
2025-07-08 23:37:41,853 - ERROR - Unexpected error: 'NoneType' object cannot be interpreted as an integer
2025-07-08 23:37:48,676 - ERROR - Unexpected error: 'NoneType' object cannot be interpreted as an integer
2025-07-08 23:37:51,929 - ERROR - Unexpected error: 'NoneType' object cannot be interpreted as an integer
2025-07-08 23:37:52,682 - ERROR - Unexpected error: 'NoneType' object cannot be interpreted as an integer
2025-07-08 23:37:54,099 - ERROR - Unexpected error: 'NoneType' object cannot be interpreted as an integer
2025-07-08 23:37:54,516 - ERROR - Unexpected error: 'NoneType' object cannot be interpreted as an integer
2025-07-08 23:37:55,444 - ERROR - Unexpected error: 'NoneType' object cannot be interpreted as an integer
2025-07-08 23:37:55,894 - ERROR - Unexpected error: 'NoneType' object cannot be interpreted as an integer
2025-07-08 23:37:56,540 - ERROR - Unexpected error: 'NoneType' object cannot be interpreted as an integer
2025-07-08 23:37:57,445 - ERROR - Unexpected error: 'NoneType' object cannot be interpreted as an integer
2025-07-08 23:37:57,740 - ERROR - Unexpected error: 'NoneType' object cannot be interpreted as an integer
2025-07-08 23:38:07,837 - ERROR - Unexpected error: 'NoneType' object cannot be interpreted as an integer
2025-07-08 23:38:08,729 - ERROR - Unexpected error: 'NoneType' object cannot be interpreted as an integer
2025-07-08 23:38:13,692 - ERROR - Unexpected error: 'NoneType' object cannot be interpreted as an integer
2025-07-08 23:38:14,061 - ERROR - Unexpected error: 'NoneType' object cannot be interpreted as an integer
2025-07-08 23:38:16,174 - ERROR - Unexpected error: 'NoneType' object cannot be interpreted as an integer
2025-07-08 23:38:21,092 - ERROR - Unexpected error: 'NoneType' object cannot be interpreted as an integer
2025-07-08 23:38:22,709 - ERROR - Unexpected error: 'NoneType' object cannot be interpreted as an integer
2025-07-08 23:38:26,584 - ERROR - Unexpected error: 'NoneType' object cannot be interpreted as an integer
2025-07-08 23:38:30,023 - ERROR - Unexpected error: 'NoneType' object cannot be interpreted as an integer
2025-07-08 23:38:34,483 - ERROR - Unexpected error: 'NoneType' object cannot be interpreted as an integer
2025-07-08 23:38:34,933 - ERROR - Unexpected error: 'NoneType' object cannot be interpreted as an integer
2025-07-08 23:38:35,354 - ERROR - Unexpected error: 'NoneType' object cannot be interpreted as an integer
2025-07-08 23:38:37,220 - ERROR - Unexpected error: 'NoneType' object cannot be interpreted as an integer
2025-07-08 23:38:41,514 - ERROR - Unexpected error: 'NoneType' object cannot be interpreted as an integer
2025-07-08 23:38:41,673 - ERROR - Unexpected error: 'NoneType' object cannot be interpreted as an integer
2025-07-08 23:38:42,954 - ERROR - Unexpected error: 'NoneType' object cannot be interpreted as an integer
2025-07-08 23:38:44,621 - ERROR - Unexpected error: 'NoneType' object cannot be interpreted as an integer
2025-07-08 23:38:45,215 - ERROR - Unexpected error: 'NoneType' object cannot be interpreted as an integer
2025-07-08 23:38:51,041 - ERROR - Unexpected error: 'NoneType' object cannot be interpreted as an integer
2025-07-08 23:38:51,204 - ERROR - Unexpected error: 'NoneType' object cannot be interpreted as an integer
2025-07-08 23:38:53,488 - ERROR - Unexpected error: 'NoneType' object cannot be interpreted as an integer
2025-07-08 23:38:54,604 - ERROR - Unexpected error: 'NoneType' object cannot be interpreted as an integer
2025-07-08 23:38:54,957 - ERROR - Unexpected error: 'NoneType' object cannot be interpreted as an integer
2025-07-08 23:38:55,166 - ERROR - Unexpected error: 'NoneType' object cannot be interpreted as an integer
2025-07-08 23:38:57,233 - ERROR - Unexpected error: 'NoneType' object cannot be interpreted as an integer
2025-07-08 23:38:57,396 - ERROR - Unexpected error: 'NoneType' object cannot be interpreted as an integer
2025-07-08 23:38:57,557 - ERROR - Unexpected error: 'NoneType' object cannot be interpreted as an integer
2025-07-08 23:39:08,879 - ERROR - Unexpected error: 'NoneType' object cannot be interpreted as an integer
2025-07-08 23:39:09,459 - ERROR - Unexpected error: 'NoneType' object cannot be interpreted as an integer
2025-07-08 23:39:09,932 - ERROR - Unexpected error: 'NoneType' object cannot be interpreted as an integer
2025-07-08 23:39:12,957 - ERROR - Unexpected error: 'NoneType' object cannot be interpreted as an integer
2025-07-08 23:39:13,117 - ERROR - Unexpected error: 'NoneType' object cannot be interpreted as an integer
2025-07-08 23:39:14,199 - ERROR - Unexpected error: 'NoneType' object cannot be interpreted as an integer
2025-07-08 23:39:16,060 - ERROR - Unexpected error: 'NoneType' object cannot be interpreted as an integer
2025-07-08 23:39:16,481 - ERROR - Unexpected error: 'NoneType' object cannot be interpreted as an integer
2025-07-08 23:39:17,476 - ERROR - Unexpected error: 'NoneType' object cannot be interpreted as an integer
2025-07-08 23:39:18,208 - ERROR - Unexpected error: 'NoneType' object cannot be interpreted as an integer
2025-07-08 23:39:18,377 - ERROR - Unexpected error: 'NoneType' object cannot be interpreted as an integer
2025-07-08 23:39:19,986 - ERROR - Unexpected error: 'NoneType' object cannot be interpreted as an integer
2025-07-08 23:39:24,416 - ERROR - Unexpected error: 'NoneType' object cannot be interpreted as an integer
2025-07-08 23:39:25,171 - ERROR - Unexpected error: 'NoneType' object cannot be interpreted as an integer
2025-07-08 23:39:26,392 - ERROR - Unexpected error: 'NoneType' object cannot be interpreted as an integer
2025-07-08 23:39:30,609 - ERROR - Unexpected error: 'NoneType' object cannot be interpreted as an integer
2025-07-08 23:39:40,200 - ERROR - Unexpected error: 'NoneType' object cannot be interpreted as an integer
2025-07-08 23:39:42,202 - ERROR - Unexpected error: 'NoneType' object cannot be interpreted as an integer
2025-07-08 23:39:42,535 - ERROR - Unexpected error: 'NoneType' object cannot be interpreted as an integer
2025-07-08 23:39:44,226 - ERROR - Unexpected error: 'NoneType' object cannot be interpreted as an integer
2025-07-08 23:39:46,031 - ERROR - Unexpected error: 'NoneType' object cannot be interpreted as an integer
2025-07-08 23:39:49,382 - ERROR - Unexpected error: 'NoneType' object cannot be interpreted as an integer
2025-07-08 23:39:50,365 - ERROR - Unexpected error: 'NoneType' object cannot be interpreted as an integer
2025-07-08 23:39:50,533 - ERROR - Unexpected error: 'NoneType' object cannot be interpreted as an integer
2025-07-08 23:39:50,697 - ERROR - Unexpected error: 'NoneType' object cannot be interpreted as an integer
2025-07-08 23:39:51,264 - ERROR - Unexpected error: 'NoneType' object cannot be interpreted as an integer
2025-07-08 23:39:51,721 - ERROR - Unexpected error: 'NoneType' object cannot be interpreted as an integer
2025-07-08 23:39:54,972 - ERROR - Unexpected error: 'NoneType' object cannot be interpreted as an integer
2025-07-08 23:39:57,224 - ERROR - Unexpected error: 'NoneType' object cannot be interpreted as an integer
2025-07-08 23:40:00,230 - ERROR - Unexpected error: 'NoneType' object cannot be interpreted as an integer
2025-07-08 23:40:00,886 - ERROR - Unexpected error: 'NoneType' object cannot be interpreted as an integer
2025-07-08 23:40:01,411 - ERROR - Unexpected error: 'NoneType' object cannot be interpreted as an integer
2025-07-08 23:40:03,886 - ERROR - Unexpected error: 'NoneType' object cannot be interpreted as an integer
2025-07-08 23:40:04,747 - ERROR - Unexpected error: 'NoneType' object cannot be interpreted as an integer
2025-07-08 23:40:04,953 - ERROR - Unexpected error: 'NoneType' object cannot be interpreted as an integer
2025-07-08 23:40:07,350 - ERROR - Unexpected error: 'NoneType' object cannot be interpreted as an integer
2025-07-08 23:40:08,846 - ERROR - Unexpected error: 'NoneType' object cannot be interpreted as an integer
2025-07-08 23:40:11,088 - ERROR - Unexpected error: 'NoneType' object cannot be interpreted as an integer
2025-07-08 23:40:14,035 - ERROR - Unexpected error: 'NoneType' object cannot be interpreted as an integer
2025-07-08 23:40:14,370 - ERROR - Unexpected error: 'NoneType' object cannot be interpreted as an integer
2025-07-08 23:40:14,538 - ERROR - Unexpected error: 'NoneType' object cannot be interpreted as an integer
2025-07-08 23:40:15,674 - ERROR - Unexpected error: 'NoneType' object cannot be interpreted as an integer
2025-07-08 23:40:19,017 - ERROR - Unexpected error: 'NoneType' object cannot be interpreted as an integer
2025-07-08 23:40:19,346 - ERROR - Unexpected error: 'NoneType' object cannot be interpreted as an integer
2025-07-08 23:40:19,505 - ERROR - Unexpected error: 'NoneType' object cannot be interpreted as an integer
2025-07-08 23:40:20,179 - ERROR - Unexpected error: 'NoneType' object cannot be interpreted as an integer
2025-07-08 23:40:22,012 - ERROR - Unexpected error: 'NoneType' object cannot be interpreted as an integer
2025-07-08 23:40:23,604 - ERROR - Unexpected error: 'NoneType' object cannot be interpreted as an integer
2025-07-08 23:40:24,175 - ERROR - Unexpected error: 'NoneType' object cannot be interpreted as an integer
2025-07-08 23:40:24,344 - ERROR - Unexpected error: 'NoneType' object cannot be interpreted as an integer
2025-07-08 23:40:25,733 - ERROR - Unexpected error: 'NoneType' object cannot be interpreted as an integer
2025-07-08 23:40:27,055 - ERROR - Unexpected error: 'NoneType' object cannot be interpreted as an integer
2025-07-08 23:40:29,746 - ERROR - Unexpected error: 'NoneType' object cannot be interpreted as an integer
2025-07-08 23:40:30,479 - ERROR - Unexpected error: 'NoneType' object cannot be interpreted as an integer
2025-07-08 23:40:34,585 - ERROR - Unexpected error: 'NoneType' object cannot be interpreted as an integer
2025-07-08 23:40:35,375 - ERROR - Unexpected error: 'NoneType' object cannot be interpreted as an integer
2025-07-08 23:40:35,704 - ERROR - Unexpected error: 'NoneType' object cannot be interpreted as an integer
2025-07-08 23:40:37,813 - ERROR - Unexpected error: 'NoneType' object cannot be interpreted as an integer
2025-07-08 23:40:37,976 - ERROR - Unexpected error: 'NoneType' object cannot be interpreted as an integer
2025-07-08 23:40:38,389 - ERROR - Unexpected error: 'NoneType' object cannot be interpreted as an integer
2025-07-08 23:40:41,278 - ERROR - Unexpected error: 'NoneType' object cannot be interpreted as an integer
2025-07-08 23:40:42,951 - ERROR - Unexpected error: 'NoneType' object cannot be interpreted as an integer
2025-07-08 23:40:46,517 - ERROR - Unexpected error: 'NoneType' object cannot be interpreted as an integer
2025-07-08 23:40:49,742 - ERROR - Unexpected error: 'NoneType' object cannot be interpreted as an integer
2025-07-08 23:40:50,501 - ERROR - Unexpected error: 'NoneType' object cannot be interpreted as an integer
2025-07-08 23:40:51,616 - ERROR - Unexpected error: 'NoneType' object cannot be interpreted as an integer
2025-07-08 23:40:54,457 - ERROR - Unexpected error: 'NoneType' object cannot be interpreted as an integer
2025-07-08 23:40:54,921 - ERROR - Unexpected error: 'NoneType' object cannot be interpreted as an integer
2025-07-08 23:40:55,784 - ERROR - Unexpected error: 'NoneType' object cannot be interpreted as an integer
2025-07-08 23:40:56,769 - ERROR - Unexpected error: 'NoneType' object cannot be interpreted as an integer
2025-07-08 23:40:57,108 - ERROR - Unexpected error: 'NoneType' object cannot be interpreted as an integer
2025-07-08 23:40:57,273 - ERROR - Unexpected error: 'NoneType' object cannot be interpreted as an integer
2025-07-08 23:40:57,440 - ERROR - Unexpected error: 'NoneType' object cannot be interpreted as an integer
2025-07-08 23:40:58,357 - ERROR - Unexpected error: 'NoneType' object cannot be interpreted as an integer
2025-07-08 23:40:59,105 - ERROR - Unexpected error: 'NoneType' object cannot be interpreted as an integer
2025-07-08 23:41:01,109 - ERROR - Unexpected error: 'NoneType' object cannot be interpreted as an integer
2025-07-08 23:41:02,109 - ERROR - Unexpected error: 'NoneType' object cannot be interpreted as an integer
2025-07-08 23:41:02,278 - ERROR - Unexpected error: 'NoneType' object cannot be interpreted as an integer
2025-07-08 23:41:05,202 - ERROR - Unexpected error: 'NoneType' object cannot be interpreted as an integer
2025-07-08 23:41:06,051 - ERROR - Unexpected error: 'NoneType' object cannot be interpreted as an integer
2025-07-08 23:41:06,212 - ERROR - Unexpected error: 'NoneType' object cannot be interpreted as an integer
2025-07-08 23:41:06,626 - ERROR - Unexpected error: 'NoneType' object cannot be interpreted as an integer
2025-07-08 23:41:06,794 - ERROR - Unexpected error: 'NoneType' object cannot be interpreted as an integer
2025-07-08 23:41:08,376 - ERROR - Unexpected error: 'NoneType' object cannot be interpreted as an integer
2025-07-08 23:41:08,547 - ERROR - Unexpected error: 'NoneType' object cannot be interpreted as an integer
2025-07-08 23:41:09,589 - ERROR - Unexpected error: 'NoneType' object cannot be interpreted as an integer
2025-07-08 23:41:11,280 - ERROR - Unexpected error: 'NoneType' object cannot be interpreted as an integer
2025-07-08 23:41:15,864 - ERROR - Unexpected error: 'NoneType' object cannot be interpreted as an integer
2025-07-08 23:41:16,404 - ERROR - Unexpected error: 'NoneType' object cannot be interpreted as an integer
2025-07-08 23:41:16,817 - ERROR - Unexpected error: 'NoneType' object cannot be interpreted as an integer
2025-07-08 23:41:17,146 - ERROR - Unexpected error: 'NoneType' object cannot be interpreted as an integer
2025-07-08 23:41:19,838 - ERROR - Unexpected error: 'NoneType' object cannot be interpreted as an integer
2025-07-08 23:41:21,226 - ERROR - Unexpected error: 'NoneType' object cannot be interpreted as an integer
2025-07-08 23:41:21,386 - ERROR - Unexpected error: 'NoneType' object cannot be interpreted as an integer
2025-07-08 23:41:24,248 - ERROR - Unexpected error: 'NoneType' object cannot be interpreted as an integer
2025-07-08 23:41:24,413 - ERROR - Unexpected error: 'NoneType' object cannot be interpreted as an integer
2025-07-08 23:41:24,821 - ERROR - Unexpected error: 'NoneType' object cannot be interpreted as an integer
2025-07-08 23:41:26,810 - ERROR - Unexpected error: 'NoneType' object cannot be interpreted as an integer
2025-07-08 23:41:29,294 - ERROR - Unexpected error: 'NoneType' object cannot be interpreted as an integer
2025-07-08 23:41:29,460 - ERROR - Unexpected error: 'NoneType' object cannot be interpreted as an integer
2025-07-08 23:41:30,056 - ERROR - Unexpected error: 'NoneType' object cannot be interpreted as an integer
2025-07-08 23:41:32,954 - ERROR - Unexpected error: 'NoneType' object cannot be interpreted as an integer
2025-07-08 23:41:34,293 - ERROR - Unexpected error: 'NoneType' object cannot be interpreted as an integer
2025-07-08 23:41:35,291 - ERROR - Unexpected error: 'NoneType' object cannot be interpreted as an integer
2025-07-08 23:41:36,033 - ERROR - Unexpected error: 'NoneType' object cannot be interpreted as an integer
2025-07-08 23:41:36,340 - ERROR - Unexpected error: 'NoneType' object cannot be interpreted as an integer
2025-07-08 23:41:38,097 - ERROR - Unexpected error: 'NoneType' object cannot be interpreted as an integer
2025-07-08 23:41:39,189 - ERROR - Unexpected error: 'NoneType' object cannot be interpreted as an integer
2025-07-08 23:41:39,674 - ERROR - Unexpected error: 'NoneType' object cannot be interpreted as an integer
2025-07-08 23:41:43,216 - ERROR - Unexpected error: 'NoneType' object cannot be interpreted as an integer
2025-07-08 23:41:45,661 - ERROR - Unexpected error: 'NoneType' object cannot be interpreted as an integer
2025-07-08 23:41:47,991 - ERROR - Unexpected error: 'NoneType' object cannot be interpreted as an integer
2025-07-08 23:41:48,156 - ERROR - Unexpected error: 'NoneType' object cannot be interpreted as an integer
2025-07-08 23:41:49,463 - ERROR - Unexpected error: 'NoneType' object cannot be interpreted as an integer
2025-07-08 23:41:50,763 - ERROR - Unexpected error: 'NoneType' object cannot be interpreted as an integer
2025-07-08 23:41:51,949 - ERROR - Unexpected error: 'NoneType' object cannot be interpreted as an integer
2025-07-08 23:41:52,110 - ERROR - Unexpected error: 'NoneType' object cannot be interpreted as an integer
2025-07-08 23:41:52,741 - ERROR - Unexpected error: 'NoneType' object cannot be interpreted as an integer
2025-07-08 23:41:53,323 - ERROR - Unexpected error: 'NoneType' object cannot be interpreted as an integer
2025-07-08 23:41:53,914 - ERROR - Unexpected error: 'NoneType' object cannot be interpreted as an integer
2025-07-08 23:42:10,675 - ERROR - Unexpected error: 'NoneType' object cannot be interpreted as an integer
2025-07-08 23:42:10,846 - ERROR - Unexpected error: 'NoneType' object cannot be interpreted as an integer
2025-07-08 23:42:15,913 - ERROR - Unexpected error: 'NoneType' object cannot be interpreted as an integer
2025-07-08 23:42:16,331 - ERROR - Unexpected error: 'NoneType' object cannot be interpreted as an integer
2025-07-08 23:42:17,678 - ERROR - Unexpected error: 'NoneType' object cannot be interpreted as an integer
2025-07-08 23:42:18,092 - ERROR - Unexpected error: 'NoneType' object cannot be interpreted as an integer
2025-07-08 23:42:19,844 - ERROR - Unexpected error: 'NoneType' object cannot be interpreted as an integer
2025-07-08 23:42:20,007 - ERROR - Unexpected error: 'NoneType' object cannot be interpreted as an integer
2025-07-08 23:42:20,173 - ERROR - Unexpected error: 'NoneType' object cannot be interpreted as an integer
2025-07-08 23:42:22,359 - ERROR - Unexpected error: 'NoneType' object cannot be interpreted as an integer
2025-07-08 23:42:23,215 - ERROR - Unexpected error: 'NoneType' object cannot be interpreted as an integer
2025-07-08 23:42:25,000 - ERROR - Unexpected error: 'NoneType' object cannot be interpreted as an integer
2025-07-08 23:42:27,216 - ERROR - Unexpected error: 'NoneType' object cannot be interpreted as an integer
2025-07-08 23:42:32,835 - ERROR - Unexpected error: 'NoneType' object cannot be interpreted as an integer
2025-07-08 23:42:33,659 - ERROR - Unexpected error: 'NoneType' object cannot be interpreted as an integer
2025-07-08 23:42:33,993 - ERROR - Unexpected error: 'NoneType' object cannot be interpreted as an integer
2025-07-08 23:42:38,406 - ERROR - Unexpected error: 'NoneType' object cannot be interpreted as an integer
2025-07-08 23:42:43,783 - ERROR - Unexpected error: 'NoneType' object cannot be interpreted as an integer
2025-07-08 23:42:44,674 - ERROR - Unexpected error: 'NoneType' object cannot be interpreted as an integer
2025-07-08 23:42:45,089 - ERROR - Unexpected error: 'NoneType' object cannot be interpreted as an integer
2025-07-08 23:42:50,363 - ERROR - Unexpected error: 'NoneType' object cannot be interpreted as an integer
2025-07-08 23:42:51,784 - ERROR - Unexpected error: 'NoneType' object cannot be interpreted as an integer
2025-07-08 23:42:52,207 - ERROR - Unexpected error: 'NoneType' object cannot be interpreted as an integer
2025-07-08 23:42:52,374 - ERROR - Unexpected error: 'NoneType' object cannot be interpreted as an integer
2025-07-08 23:42:53,537 - ERROR - Unexpected error: 'NoneType' object cannot be interpreted as an integer
2025-07-08 23:42:58,436 - ERROR - Unexpected error: 'NoneType' object cannot be interpreted as an integer
2025-07-08 23:43:00,004 - ERROR - Unexpected error: 'NoneType' object cannot be interpreted as an integer
2025-07-08 23:43:01,342 - ERROR - Unexpected error: 'NoneType' object cannot be interpreted as an integer
2025-07-08 23:43:01,515 - ERROR - Unexpected error: 'NoneType' object cannot be interpreted as an integer
2025-07-08 23:43:01,687 - ERROR - Unexpected error: 'NoneType' object cannot be interpreted as an integer
2025-07-08 23:43:03,509 - ERROR - Unexpected error: 'NoneType' object cannot be interpreted as an integer
2025-07-08 23:43:04,917 - ERROR - Unexpected error: 'NoneType' object cannot be interpreted as an integer
2025-07-08 23:43:05,389 - ERROR - Unexpected error: 'NoneType' object cannot be interpreted as an integer
2025-07-08 23:43:05,922 - ERROR - Unexpected error: 'NoneType' object cannot be interpreted as an integer
2025-07-08 23:43:06,997 - ERROR - Unexpected error: 'NoneType' object cannot be interpreted as an integer
2025-07-08 23:43:07,616 - ERROR - Unexpected error: 'NoneType' object cannot be interpreted as an integer
2025-07-08 23:43:10,512 - ERROR - Unexpected error: 'NoneType' object cannot be interpreted as an integer
2025-07-08 23:43:12,701 - ERROR - Unexpected error: 'NoneType' object cannot be interpreted as an integer
2025-07-08 23:43:15,097 - ERROR - Unexpected error: 'NoneType' object cannot be interpreted as an integer
2025-07-08 23:43:19,697 - ERROR - Unexpected error: 'NoneType' object cannot be interpreted as an integer
2025-07-08 23:43:20,138 - ERROR - Unexpected error: 'NoneType' object cannot be interpreted as an integer
2025-07-08 23:43:21,163 - INFO - Processed 22000 users so far
2025-07-08 23:43:24,325 - ERROR - Unexpected error: 'NoneType' object cannot be interpreted as an integer
2025-07-08 23:43:24,498 - ERROR - Unexpected error: 'NoneType' object cannot be interpreted as an integer
2025-07-08 23:43:25,181 - ERROR - Unexpected error: 'NoneType' object cannot be interpreted as an integer
2025-07-08 23:43:25,512 - ERROR - Unexpected error: 'NoneType' object cannot be interpreted as an integer
2025-07-08 23:43:26,725 - ERROR - Unexpected error: 'NoneType' object cannot be interpreted as an integer
2025-07-08 23:43:27,142 - ERROR - Unexpected error: 'NoneType' object cannot be interpreted as an integer
2025-07-08 23:43:28,532 - ERROR - Unexpected error: 'NoneType' object cannot be interpreted as an integer
2025-07-08 23:43:33,473 - ERROR - Unexpected error: 'NoneType' object cannot be interpreted as an integer
2025-07-08 23:43:33,892 - ERROR - Unexpected error: 'NoneType' object cannot be interpreted as an integer
2025-07-08 23:43:36,893 - ERROR - Unexpected error: 'NoneType' object cannot be interpreted as an integer
2025-07-08 23:43:37,343 - ERROR - Unexpected error: 'NoneType' object cannot be interpreted as an integer
2025-07-08 23:43:40,328 - ERROR - Unexpected error: 'NoneType' object cannot be interpreted as an integer
2025-07-08 23:43:41,113 - ERROR - Unexpected error: 'NoneType' object cannot be interpreted as an integer
2025-07-08 23:43:41,761 - ERROR - Unexpected error: 'NoneType' object cannot be interpreted as an integer
2025-07-08 23:43:44,867 - ERROR - Unexpected error: 'NoneType' object cannot be interpreted as an integer
2025-07-08 23:43:45,211 - ERROR - Unexpected error: 'NoneType' object cannot be interpreted as an integer
2025-07-08 23:43:45,375 - ERROR - Unexpected error: 'NoneType' object cannot be interpreted as an integer
2025-07-08 23:43:46,926 - ERROR - Unexpected error: 'NoneType' object cannot be interpreted as an integer
2025-07-08 23:43:48,453 - ERROR - Unexpected error: 'NoneType' object cannot be interpreted as an integer
2025-07-08 23:43:51,863 - ERROR - Unexpected error: 'NoneType' object cannot be interpreted as an integer
2025-07-08 23:43:52,027 - ERROR - Unexpected error: 'NoneType' object cannot be interpreted as an integer
2025-07-08 23:43:56,153 - ERROR - Unexpected error: 'NoneType' object cannot be interpreted as an integer
2025-07-08 23:43:56,316 - ERROR - Unexpected error: 'NoneType' object cannot be interpreted as an integer
2025-07-08 23:43:59,108 - ERROR - Unexpected error: 'NoneType' object cannot be interpreted as an integer
2025-07-08 23:44:00,233 - ERROR - Unexpected error: 'NoneType' object cannot be interpreted as an integer
2025-07-08 23:44:01,078 - ERROR - Unexpected error: 'NoneType' object cannot be interpreted as an integer
2025-07-08 23:44:03,608 - ERROR - Unexpected error: 'NoneType' object cannot be interpreted as an integer
2025-07-08 23:44:04,802 - ERROR - Unexpected error: 'NoneType' object cannot be interpreted as an integer
2025-07-08 23:44:14,300 - ERROR - Unexpected error: 'NoneType' object cannot be interpreted as an integer
2025-07-08 23:44:14,467 - ERROR - Unexpected error: 'NoneType' object cannot be interpreted as an integer
2025-07-08 23:44:15,063 - ERROR - Unexpected error: 'NoneType' object cannot be interpreted as an integer
2025-07-08 23:44:18,648 - ERROR - Unexpected error: 'NoneType' object cannot be interpreted as an integer
2025-07-08 23:44:18,861 - ERROR - Unexpected error: 'NoneType' object cannot be interpreted as an integer
2025-07-08 23:44:19,882 - ERROR - Unexpected error: 'NoneType' object cannot be interpreted as an integer
2025-07-08 23:44:22,075 - ERROR - Unexpected error: 'NoneType' object cannot be interpreted as an integer
2025-07-08 23:44:23,013 - ERROR - Unexpected error: 'NoneType' object cannot be interpreted as an integer
2025-07-08 23:44:23,180 - ERROR - Unexpected error: 'NoneType' object cannot be interpreted as an integer
2025-07-08 23:44:25,242 - ERROR - Unexpected error: 'NoneType' object cannot be interpreted as an integer
2025-07-08 23:44:25,661 - ERROR - Unexpected error: 'NoneType' object cannot be interpreted as an integer
2025-07-08 23:44:26,273 - ERROR - Unexpected error: 'NoneType' object cannot be interpreted as an integer
2025-07-08 23:44:27,644 - ERROR - Unexpected error: 'NoneType' object cannot be interpreted as an integer
2025-07-08 23:44:30,017 - ERROR - Unexpected error: 'NoneType' object cannot be interpreted as an integer
2025-07-08 23:44:32,312 - ERROR - Unexpected error: 'NoneType' object cannot be interpreted as an integer
2025-07-08 23:44:36,999 - ERROR - Unexpected error: 'NoneType' object cannot be interpreted as an integer
2025-07-08 23:44:38,457 - ERROR - Unexpected error: 'NoneType' object cannot be interpreted as an integer
2025-07-08 23:44:42,277 - ERROR - Unexpected error: 'NoneType' object cannot be interpreted as an integer
2025-07-08 23:44:44,028 - ERROR - Unexpected error: 'NoneType' object cannot be interpreted as an integer
2025-07-08 23:44:51,186 - ERROR - Unexpected error: 'NoneType' object cannot be interpreted as an integer
2025-07-08 23:44:52,765 - ERROR - Unexpected error: 'NoneType' object cannot be interpreted as an integer
2025-07-08 23:44:56,110 - ERROR - Unexpected error: 'NoneType' object cannot be interpreted as an integer
2025-07-08 23:44:58,609 - ERROR - Unexpected error: 'NoneType' object cannot be interpreted as an integer
2025-07-08 23:44:58,766 - ERROR - Unexpected error: 'NoneType' object cannot be interpreted as an integer
2025-07-08 23:45:12,549 - ERROR - Unexpected error: 'NoneType' object cannot be interpreted as an integer
2025-07-08 23:45:12,719 - ERROR - Unexpected error: 'NoneType' object cannot be interpreted as an integer
2025-07-08 23:45:14,964 - ERROR - Unexpected error: 'NoneType' object cannot be interpreted as an integer
2025-07-08 23:45:15,129 - ERROR - Unexpected error: 'NoneType' object cannot be interpreted as an integer
2025-07-08 23:45:16,842 - ERROR - Unexpected error: 'NoneType' object cannot be interpreted as an integer
2025-07-08 23:45:21,764 - ERROR - Unexpected error: 'NoneType' object cannot be interpreted as an integer
2025-07-08 23:45:23,518 - ERROR - Unexpected error: 'NoneType' object cannot be interpreted as an integer
2025-07-08 23:45:23,937 - ERROR - Unexpected error: 'NoneType' object cannot be interpreted as an integer
2025-07-08 23:45:24,281 - ERROR - Unexpected error: 'NoneType' object cannot be interpreted as an integer
2025-07-08 23:45:27,638 - ERROR - Unexpected error: 'NoneType' object cannot be interpreted as an integer
2025-07-08 23:45:28,836 - ERROR - Unexpected error: 'NoneType' object cannot be interpreted as an integer
2025-07-08 23:45:29,159 - ERROR - Unexpected error: 'NoneType' object cannot be interpreted as an integer
2025-07-08 23:45:31,517 - ERROR - Unexpected error: 'NoneType' object cannot be interpreted as an integer
2025-07-08 23:45:31,932 - ERROR - Unexpected error: 'NoneType' object cannot be interpreted as an integer
2025-07-08 23:45:33,654 - ERROR - Unexpected error: 'NoneType' object cannot be interpreted as an integer
2025-07-08 23:45:33,982 - ERROR - Unexpected error: 'NoneType' object cannot be interpreted as an integer
2025-07-08 23:45:35,066 - ERROR - Unexpected error: 'NoneType' object cannot be interpreted as an integer
2025-07-08 23:45:38,796 - ERROR - Unexpected error: 'NoneType' object cannot be interpreted as an integer
2025-07-08 23:45:39,553 - ERROR - Unexpected error: 'NoneType' object cannot be interpreted as an integer
2025-07-08 23:45:39,711 - ERROR - Unexpected error: 'NoneType' object cannot be interpreted as an integer
2025-07-08 23:45:40,641 - ERROR - Unexpected error: 'NoneType' object cannot be interpreted as an integer
2025-07-08 23:45:41,230 - ERROR - Unexpected error: 'NoneType' object cannot be interpreted as an integer
2025-07-08 23:45:41,908 - ERROR - Unexpected error: 'NoneType' object cannot be interpreted as an integer
2025-07-08 23:45:43,165 - ERROR - Unexpected error: 'NoneType' object cannot be interpreted as an integer
2025-07-08 23:45:44,829 - ERROR - Unexpected error: 'NoneType' object cannot be interpreted as an integer
2025-07-08 23:45:45,157 - ERROR - Unexpected error: 'NoneType' object cannot be interpreted as an integer
2025-07-08 23:45:45,652 - ERROR - Unexpected error: 'NoneType' object cannot be interpreted as an integer
2025-07-08 23:45:46,165 - ERROR - Unexpected error: 'NoneType' object cannot be interpreted as an integer
2025-07-08 23:45:51,996 - ERROR - Unexpected error: 'NoneType' object cannot be interpreted as an integer
2025-07-08 23:45:53,157 - ERROR - Unexpected error: 'NoneType' object cannot be interpreted as an integer
2025-07-08 23:45:55,297 - ERROR - Unexpected error: 'NoneType' object cannot be interpreted as an integer
2025-07-08 23:45:58,079 - ERROR - Unexpected error: 'NoneType' object cannot be interpreted as an integer
2025-07-08 23:45:59,430 - ERROR - Unexpected error: 'NoneType' object cannot be interpreted as an integer
2025-07-08 23:45:59,601 - ERROR - Unexpected error: 'NoneType' object cannot be interpreted as an integer
2025-07-08 23:46:00,179 - ERROR - Unexpected error: 'NoneType' object cannot be interpreted as an integer
2025-07-08 23:46:00,809 - ERROR - Unexpected error: 'NoneType' object cannot be interpreted as an integer
2025-07-08 23:46:01,390 - ERROR - Unexpected error: 'NoneType' object cannot be interpreted as an integer
2025-07-08 23:46:02,902 - ERROR - Unexpected error: 'NoneType' object cannot be interpreted as an integer
2025-07-08 23:46:07,978 - ERROR - Unexpected error: 'NoneType' object cannot be interpreted as an integer
2025-07-08 23:46:08,139 - ERROR - Unexpected error: 'NoneType' object cannot be interpreted as an integer
2025-07-08 23:46:08,352 - ERROR - Unexpected error: 'NoneType' object cannot be interpreted as an integer
2025-07-08 23:46:08,690 - ERROR - Unexpected error: 'NoneType' object cannot be interpreted as an integer
2025-07-08 23:46:13,370 - ERROR - Unexpected error: 'NoneType' object cannot be interpreted as an integer
2025-07-08 23:46:13,701 - ERROR - Unexpected error: 'NoneType' object cannot be interpreted as an integer
2025-07-08 23:46:15,621 - ERROR - Unexpected error: 'NoneType' object cannot be interpreted as an integer
2025-07-08 23:46:18,081 - ERROR - Unexpected error: 'NoneType' object cannot be interpreted as an integer
2025-07-08 23:46:18,716 - ERROR - Unexpected error: 'NoneType' object cannot be interpreted as an integer
2025-07-08 23:46:19,177 - ERROR - Unexpected error: 'NoneType' object cannot be interpreted as an integer
2025-07-08 23:46:20,827 - ERROR - Unexpected error: 'NoneType' object cannot be interpreted as an integer
2025-07-08 23:46:22,222 - ERROR - Unexpected error: 'NoneType' object cannot be interpreted as an integer
2025-07-08 23:46:22,628 - ERROR - Unexpected error: 'NoneType' object cannot be interpreted as an integer
2025-07-08 23:46:24,892 - ERROR - Unexpected error: 'NoneType' object cannot be interpreted as an integer
2025-07-08 23:46:25,395 - ERROR - Unexpected error: 'NoneType' object cannot be interpreted as an integer
2025-07-08 23:46:25,572 - ERROR - Unexpected error: 'NoneType' object cannot be interpreted as an integer
2025-07-08 23:46:26,302 - ERROR - Unexpected error: 'NoneType' object cannot be interpreted as an integer
2025-07-08 23:46:26,469 - ERROR - Unexpected error: 'NoneType' object cannot be interpreted as an integer
2025-07-08 23:46:27,634 - ERROR - Unexpected error: 'NoneType' object cannot be interpreted as an integer
2025-07-08 23:46:27,800 - ERROR - Unexpected error: 'NoneType' object cannot be interpreted as an integer
2025-07-08 23:46:29,116 - ERROR - Unexpected error: 'NoneType' object cannot be interpreted as an integer
2025-07-08 23:46:30,985 - ERROR - Unexpected error: 'NoneType' object cannot be interpreted as an integer
2025-07-08 23:46:41,948 - ERROR - Unexpected error: 'NoneType' object cannot be interpreted as an integer
2025-07-08 23:46:43,761 - ERROR - Unexpected error: 'NoneType' object cannot be interpreted as an integer
2025-07-08 23:46:45,721 - ERROR - Unexpected error: 'NoneType' object cannot be interpreted as an integer
2025-07-08 23:46:49,478 - ERROR - Unexpected error: 'NoneType' object cannot be interpreted as an integer
2025-07-08 23:46:52,918 - ERROR - Unexpected error: 'NoneType' object cannot be interpreted as an integer
2025-07-08 23:46:57,330 - ERROR - Unexpected error: 'NoneType' object cannot be interpreted as an integer
2025-07-08 23:46:59,912 - ERROR - Unexpected error: 'NoneType' object cannot be interpreted as an integer
2025-07-08 23:47:01,887 - ERROR - Unexpected error: 'NoneType' object cannot be interpreted as an integer
2025-07-08 23:47:02,785 - ERROR - Unexpected error: 'NoneType' object cannot be interpreted as an integer
2025-07-08 23:47:05,107 - ERROR - Unexpected error: 'NoneType' object cannot be interpreted as an integer
2025-07-08 23:47:06,589 - ERROR - Unexpected error: 'NoneType' object cannot be interpreted as an integer
2025-07-08 23:47:07,340 - ERROR - Unexpected error: 'NoneType' object cannot be interpreted as an integer
2025-07-08 23:47:07,838 - ERROR - Unexpected error: 'NoneType' object cannot be interpreted as an integer
2025-07-08 23:47:10,344 - ERROR - Unexpected error: 'NoneType' object cannot be interpreted as an integer
2025-07-08 23:47:11,069 - ERROR - Unexpected error: 'NoneType' object cannot be interpreted as an integer
2025-07-08 23:47:12,610 - ERROR - Unexpected error: 'NoneType' object cannot be interpreted as an integer
2025-07-08 23:47:15,882 - ERROR - Unexpected error: 'NoneType' object cannot be interpreted as an integer
2025-07-08 23:47:17,200 - ERROR - Unexpected error: 'NoneType' object cannot be interpreted as an integer
2025-07-08 23:47:21,533 - ERROR - Unexpected error: 'NoneType' object cannot be interpreted as an integer
2025-07-08 23:47:22,345 - ERROR - Unexpected error: 'NoneType' object cannot be interpreted as an integer
2025-07-08 23:47:25,305 - ERROR - Unexpected error: 'NoneType' object cannot be interpreted as an integer
2025-07-08 23:47:26,853 - ERROR - Unexpected error: 'NoneType' object cannot be interpreted as an integer
2025-07-08 23:47:27,830 - ERROR - Unexpected error: 'NoneType' object cannot be interpreted as an integer
2025-07-08 23:47:27,999 - ERROR - Unexpected error: 'NoneType' object cannot be interpreted as an integer
2025-07-08 23:47:30,569 - ERROR - Unexpected error: 'NoneType' object cannot be interpreted as an integer
2025-07-08 23:47:30,730 - ERROR - Unexpected error: 'NoneType' object cannot be interpreted as an integer
2025-07-08 23:47:33,317 - ERROR - Unexpected error: 'NoneType' object cannot be interpreted as an integer
2025-07-08 23:47:38,067 - ERROR - Unexpected error: 'NoneType' object cannot be interpreted as an integer
2025-07-08 23:47:38,228 - ERROR - Unexpected error: 'NoneType' object cannot be interpreted as an integer
2025-07-08 23:47:38,806 - ERROR - Unexpected error: 'NoneType' object cannot be interpreted as an integer
2025-07-08 23:47:40,093 - ERROR - Unexpected error: 'NoneType' object cannot be interpreted as an integer
2025-07-08 23:47:42,218 - ERROR - Unexpected error: 'NoneType' object cannot be interpreted as an integer
2025-07-08 23:47:43,302 - ERROR - Unexpected error: 'NoneType' object cannot be interpreted as an integer
2025-07-08 23:47:43,999 - ERROR - Unexpected error: 'NoneType' object cannot be interpreted as an integer
2025-07-08 23:47:47,984 - ERROR - Unexpected error: 'NoneType' object cannot be interpreted as an integer
2025-07-08 23:47:49,351 - ERROR - Unexpected error: 'NoneType' object cannot be interpreted as an integer
2025-07-08 23:47:51,716 - ERROR - Unexpected error: 'NoneType' object cannot be interpreted as an integer
2025-07-08 23:47:52,985 - ERROR - Unexpected error: 'NoneType' object cannot be interpreted as an integer
2025-07-08 23:47:53,319 - ERROR - Unexpected error: 'NoneType' object cannot be interpreted as an integer
2025-07-08 23:47:54,314 - ERROR - Unexpected error: 'NoneType' object cannot be interpreted as an integer
2025-07-08 23:47:56,509 - ERROR - Unexpected error: 'NoneType' object cannot be interpreted as an integer
2025-07-08 23:47:57,997 - ERROR - Unexpected error: 'NoneType' object cannot be interpreted as an integer
2025-07-08 23:48:01,869 - ERROR - Unexpected error: 'NoneType' object cannot be interpreted as an integer
2025-07-08 23:48:02,327 - ERROR - Unexpected error: 'NoneType' object cannot be interpreted as an integer
2025-07-08 23:48:05,888 - ERROR - Unexpected error: 'NoneType' object cannot be interpreted as an integer
2025-07-08 23:48:06,622 - ERROR - Unexpected error: 'NoneType' object cannot be interpreted as an integer
2025-07-08 23:48:06,982 - ERROR - Unexpected error: 'NoneType' object cannot be interpreted as an integer
2025-07-08 23:48:07,142 - ERROR - Unexpected error: 'NoneType' object cannot be interpreted as an integer
2025-07-08 23:48:08,624 - ERROR - Unexpected error: 'NoneType' object cannot be interpreted as an integer
2025-07-08 23:48:09,522 - ERROR - Unexpected error: 'NoneType' object cannot be interpreted as an integer
2025-07-08 23:48:09,689 - ERROR - Unexpected error: 'NoneType' object cannot be interpreted as an integer
2025-07-08 23:48:13,046 - ERROR - Unexpected error: 'NoneType' object cannot be interpreted as an integer
2025-07-08 23:48:13,375 - ERROR - Unexpected error: 'NoneType' object cannot be interpreted as an integer
2025-07-08 23:48:15,174 - ERROR - Unexpected error: 'NoneType' object cannot be interpreted as an integer
2025-07-08 23:48:15,478 - ERROR - Unexpected error: 'NoneType' object cannot be interpreted as an integer
2025-07-08 23:48:16,996 - ERROR - Unexpected error: 'NoneType' object cannot be interpreted as an integer
2025-07-08 23:48:20,572 - ERROR - Unexpected error: 'NoneType' object cannot be interpreted as an integer
2025-07-08 23:48:22,876 - ERROR - Unexpected error: 'NoneType' object cannot be interpreted as an integer
2025-07-08 23:48:23,711 - ERROR - Unexpected error: 'NoneType' object cannot be interpreted as an integer
2025-07-08 23:48:24,246 - ERROR - Unexpected error: 'NoneType' object cannot be interpreted as an integer
2025-07-08 23:48:26,993 - ERROR - Unexpected error: 'NoneType' object cannot be interpreted as an integer
2025-07-08 23:48:28,516 - ERROR - Unexpected error: 'NoneType' object cannot be interpreted as an integer
2025-07-08 23:48:30,591 - ERROR - Unexpected error: 'NoneType' object cannot be interpreted as an integer
2025-07-08 23:48:32,031 - ERROR - Unexpected error: 'NoneType' object cannot be interpreted as an integer
2025-07-08 23:48:33,763 - ERROR - Unexpected error: 'NoneType' object cannot be interpreted as an integer
2025-07-08 23:48:33,928 - ERROR - Unexpected error: 'NoneType' object cannot be interpreted as an integer
2025-07-08 23:48:37,397 - ERROR - Unexpected error: 'NoneType' object cannot be interpreted as an integer
2025-07-08 23:48:37,559 - ERROR - Unexpected error: 'NoneType' object cannot be interpreted as an integer
2025-07-08 23:48:39,555 - ERROR - Unexpected error: 'NoneType' object cannot be interpreted as an integer
2025-07-08 23:48:43,947 - ERROR - Unexpected error: 'NoneType' object cannot be interpreted as an integer
2025-07-08 23:48:44,262 - ERROR - Unexpected error: 'NoneType' object cannot be interpreted as an integer
2025-07-08 23:48:46,978 - ERROR - Unexpected error: 'NoneType' object cannot be interpreted as an integer
2025-07-08 23:48:47,892 - ERROR - Unexpected error: 'NoneType' object cannot be interpreted as an integer
2025-07-08 23:48:51,907 - ERROR - Unexpected error: 'NoneType' object cannot be interpreted as an integer
2025-07-08 23:48:52,334 - ERROR - Unexpected error: 'NoneType' object cannot be interpreted as an integer
2025-07-08 23:48:52,795 - ERROR - Unexpected error: 'NoneType' object cannot be interpreted as an integer
2025-07-08 23:48:54,704 - ERROR - Unexpected error: 'NoneType' object cannot be interpreted as an integer
2025-07-08 23:48:55,357 - ERROR - Unexpected error: 'NoneType' object cannot be interpreted as an integer
2025-07-08 23:48:55,804 - ERROR - Unexpected error: 'NoneType' object cannot be interpreted as an integer
2025-07-08 23:48:56,638 - ERROR - Unexpected error: 'NoneType' object cannot be interpreted as an integer
2025-07-08 23:48:57,989 - ERROR - Unexpected error: 'NoneType' object cannot be interpreted as an integer
2025-07-08 23:48:59,560 - ERROR - Unexpected error: 'NoneType' object cannot be interpreted as an integer
2025-07-08 23:49:03,935 - ERROR - Unexpected error: 'NoneType' object cannot be interpreted as an integer
2025-07-08 23:49:05,928 - ERROR - Unexpected error: 'NoneType' object cannot be interpreted as an integer
2025-07-08 23:49:07,485 - ERROR - Unexpected error: 'NoneType' object cannot be interpreted as an integer
2025-07-08 23:49:07,901 - ERROR - Unexpected error: 'NoneType' object cannot be interpreted as an integer
2025-07-08 23:49:08,724 - ERROR - Unexpected error: 'NoneType' object cannot be interpreted as an integer
2025-07-08 23:49:12,978 - ERROR - Unexpected error: 'NoneType' object cannot be interpreted as an integer
2025-07-08 23:49:16,057 - ERROR - Unexpected error: 'NoneType' object cannot be interpreted as an integer
2025-07-08 23:49:16,847 - ERROR - Unexpected error: 'NoneType' object cannot be interpreted as an integer
2025-07-08 23:49:22,191 - ERROR - Unexpected error: 'NoneType' object cannot be interpreted as an integer
2025-07-08 23:49:26,023 - ERROR - Unexpected error: 'NoneType' object cannot be interpreted as an integer
2025-07-08 23:49:26,890 - ERROR - Unexpected error: 'NoneType' object cannot be interpreted as an integer
2025-07-08 23:49:27,842 - ERROR - Unexpected error: 'NoneType' object cannot be interpreted as an integer
2025-07-08 23:49:28,003 - ERROR - Unexpected error: 'NoneType' object cannot be interpreted as an integer
2025-07-08 23:49:31,034 - ERROR - Unexpected error: 'NoneType' object cannot be interpreted as an integer
2025-07-08 23:49:34,094 - ERROR - Unexpected error: 'NoneType' object cannot be interpreted as an integer
2025-07-08 23:49:36,215 - ERROR - Unexpected error: 'NoneType' object cannot be interpreted as an integer
2025-07-08 23:49:37,142 - ERROR - Unexpected error: 'NoneType' object cannot be interpreted as an integer
2025-07-08 23:49:37,771 - ERROR - Unexpected error: 'NoneType' object cannot be interpreted as an integer
2025-07-08 23:49:38,689 - ERROR - Unexpected error: 'NoneType' object cannot be interpreted as an integer
2025-07-08 23:49:38,857 - ERROR - Unexpected error: 'NoneType' object cannot be interpreted as an integer
2025-07-08 23:49:40,382 - ERROR - Unexpected error: 'NoneType' object cannot be interpreted as an integer
2025-07-08 23:49:42,001 - ERROR - Unexpected error: 'NoneType' object cannot be interpreted as an integer
2025-07-08 23:49:42,405 - ERROR - Unexpected error: 'NoneType' object cannot be interpreted as an integer
2025-07-08 23:49:43,086 - ERROR - Unexpected error: 'NoneType' object cannot be interpreted as an integer
2025-07-08 23:49:44,267 - ERROR - Unexpected error: 'NoneType' object cannot be interpreted as an integer
2025-07-08 23:49:47,047 - ERROR - Unexpected error: 'NoneType' object cannot be interpreted as an integer
2025-07-08 23:49:47,511 - ERROR - Unexpected error: 'NoneType' object cannot be interpreted as an integer
2025-07-08 23:49:48,317 - ERROR - Unexpected error: 'NoneType' object cannot be interpreted as an integer
2025-07-08 23:49:50,186 - ERROR - Unexpected error: 'NoneType' object cannot be interpreted as an integer
2025-07-08 23:49:53,892 - ERROR - Unexpected error: 'NoneType' object cannot be interpreted as an integer
2025-07-08 23:49:55,949 - ERROR - Unexpected error: 'NoneType' object cannot be interpreted as an integer
2025-07-08 23:49:57,844 - ERROR - Unexpected error: 'NoneType' object cannot be interpreted as an integer
2025-07-08 23:49:58,774 - ERROR - Unexpected error: 'NoneType' object cannot be interpreted as an integer
2025-07-08 23:49:59,221 - ERROR - Unexpected error: 'NoneType' object cannot be interpreted as an integer
2025-07-08 23:49:59,388 - ERROR - Unexpected error: 'NoneType' object cannot be interpreted as an integer
2025-07-08 23:50:00,615 - ERROR - Unexpected error: 'NoneType' object cannot be interpreted as an integer
2025-07-08 23:50:01,890 - ERROR - Unexpected error: 'NoneType' object cannot be interpreted as an integer
2025-07-08 23:50:02,871 - ERROR - Unexpected error: 'NoneType' object cannot be interpreted as an integer
2025-07-08 23:50:09,448 - ERROR - Unexpected error: 'NoneType' object cannot be interpreted as an integer
2025-07-08 23:50:09,968 - ERROR - Unexpected error: 'NoneType' object cannot be interpreted as an integer
2025-07-08 23:50:10,375 - ERROR - Unexpected error: 'NoneType' object cannot be interpreted as an integer
2025-07-08 23:50:10,786 - ERROR - Unexpected error: 'NoneType' object cannot be interpreted as an integer
2025-07-08 23:50:15,694 - ERROR - Unexpected error: 'NoneType' object cannot be interpreted as an integer
2025-07-08 23:50:16,844 - ERROR - Unexpected error: 'NoneType' object cannot be interpreted as an integer
2025-07-08 23:50:17,258 - ERROR - Unexpected error: 'NoneType' object cannot be interpreted as an integer
2025-07-08 23:50:17,786 - ERROR - Unexpected error: 'NoneType' object cannot be interpreted as an integer
2025-07-08 23:50:17,953 - ERROR - Unexpected error: 'NoneType' object cannot be interpreted as an integer
2025-07-08 23:50:18,118 - ERROR - Unexpected error: 'NoneType' object cannot be interpreted as an integer
2025-07-08 23:50:19,052 - ERROR - Unexpected error: 'NoneType' object cannot be interpreted as an integer
2025-07-08 23:50:19,625 - ERROR - Unexpected error: 'NoneType' object cannot be interpreted as an integer
2025-07-08 23:50:21,194 - ERROR - Unexpected error: 'NoneType' object cannot be interpreted as an integer
2025-07-08 23:50:25,250 - ERROR - Unexpected error: 'NoneType' object cannot be interpreted as an integer
2025-07-08 23:50:26,280 - ERROR - Unexpected error: 'NoneType' object cannot be interpreted as an integer
2025-07-08 23:50:30,594 - ERROR - Unexpected error: 'NoneType' object cannot be interpreted as an integer
2025-07-08 23:50:35,052 - ERROR - Unexpected error: 'NoneType' object cannot be interpreted as an integer
2025-07-08 23:50:35,964 - ERROR - Unexpected error: 'NoneType' object cannot be interpreted as an integer
2025-07-08 23:50:36,124 - ERROR - Unexpected error: 'NoneType' object cannot be interpreted as an integer
2025-07-08 23:50:36,718 - ERROR - Unexpected error: 'NoneType' object cannot be interpreted as an integer
2025-07-08 23:50:37,597 - ERROR - Unexpected error: 'NoneType' object cannot be interpreted as an integer
2025-07-08 23:50:39,938 - ERROR - Unexpected error: 'NoneType' object cannot be interpreted as an integer
2025-07-08 23:50:41,584 - ERROR - Unexpected error: 'NoneType' object cannot be interpreted as an integer
2025-07-08 23:50:44,457 - ERROR - Unexpected error: 'NoneType' object cannot be interpreted as an integer
2025-07-08 23:50:45,149 - ERROR - Unexpected error: 'NoneType' object cannot be interpreted as an integer
2025-07-08 23:50:47,559 - ERROR - Unexpected error: 'NoneType' object cannot be interpreted as an integer
2025-07-08 23:50:53,187 - ERROR - Unexpected error: 'NoneType' object cannot be interpreted as an integer
2025-07-08 23:50:54,291 - ERROR - Unexpected error: 'NoneType' object cannot be interpreted as an integer
2025-07-08 23:50:54,857 - ERROR - Unexpected error: 'NoneType' object cannot be interpreted as an integer
2025-07-08 23:50:55,017 - ERROR - Unexpected error: 'NoneType' object cannot be interpreted as an integer
2025-07-08 23:51:00,185 - ERROR - Unexpected error: 'NoneType' object cannot be interpreted as an integer
2025-07-08 23:51:03,278 - ERROR - Unexpected error: 'NoneType' object cannot be interpreted as an integer
2025-07-08 23:51:03,872 - ERROR - Unexpected error: 'NoneType' object cannot be interpreted as an integer
2025-07-08 23:51:04,685 - ERROR - Unexpected error: 'NoneType' object cannot be interpreted as an integer
2025-07-08 23:51:05,385 - ERROR - Unexpected error: 'NoneType' object cannot be interpreted as an integer
2025-07-08 23:51:08,749 - ERROR - Unexpected error: 'NoneType' object cannot be interpreted as an integer
2025-07-08 23:51:09,213 - ERROR - Unexpected error: 'NoneType' object cannot be interpreted as an integer
2025-07-08 23:51:09,969 - ERROR - Unexpected error: 'NoneType' object cannot be interpreted as an integer
2025-07-08 23:51:10,382 - ERROR - Unexpected error: 'NoneType' object cannot be interpreted as an integer
2025-07-08 23:51:14,572 - ERROR - Unexpected error: 'NoneType' object cannot be interpreted as an integer
2025-07-08 23:51:15,084 - ERROR - Unexpected error: 'NoneType' object cannot be interpreted as an integer
2025-07-08 23:51:17,239 - ERROR - Unexpected error: 'NoneType' object cannot be interpreted as an integer
2025-07-08 23:51:18,454 - ERROR - Unexpected error: 'NoneType' object cannot be interpreted as an integer
2025-07-08 23:51:19,736 - ERROR - Unexpected error: 'NoneType' object cannot be interpreted as an integer
2025-07-08 23:51:21,362 - ERROR - Unexpected error: 'NoneType' object cannot be interpreted as an integer
2025-07-08 23:51:23,395 - ERROR - Unexpected error: 'NoneType' object cannot be interpreted as an integer
2025-07-08 23:51:24,345 - ERROR - Unexpected error: 'NoneType' object cannot be interpreted as an integer
2025-07-08 23:51:24,942 - ERROR - Unexpected error: 'NoneType' object cannot be interpreted as an integer
2025-07-08 23:51:25,425 - ERROR - Unexpected error: 'NoneType' object cannot be interpreted as an integer
2025-07-08 23:51:27,095 - ERROR - Unexpected error: 'NoneType' object cannot be interpreted as an integer
2025-07-08 23:51:28,473 - ERROR - Unexpected error: 'NoneType' object cannot be interpreted as an integer
2025-07-08 23:51:29,176 - ERROR - Unexpected error: 'NoneType' object cannot be interpreted as an integer
2025-07-08 23:51:34,308 - ERROR - Unexpected error: 'NoneType' object cannot be interpreted as an integer
2025-07-08 23:51:35,145 - ERROR - Unexpected error: 'NoneType' object cannot be interpreted as an integer
2025-07-08 23:51:35,312 - ERROR - Unexpected error: 'NoneType' object cannot be interpreted as an integer
2025-07-08 23:51:36,170 - ERROR - Unexpected error: 'NoneType' object cannot be interpreted as an integer
2025-07-08 23:51:38,538 - ERROR - Unexpected error: 'NoneType' object cannot be interpreted as an integer
2025-07-08 23:51:39,923 - ERROR - Unexpected error: 'NoneType' object cannot be interpreted as an integer
2025-07-08 23:51:41,172 - ERROR - Unexpected error: 'NoneType' object cannot be interpreted as an integer
2025-07-08 23:51:42,053 - ERROR - Unexpected error: 'NoneType' object cannot be interpreted as an integer
2025-07-08 23:51:42,487 - ERROR - Unexpected error: 'NoneType' object cannot be interpreted as an integer
2025-07-08 23:51:42,722 - ERROR - Unexpected error: 'NoneType' object cannot be interpreted as an integer
2025-07-08 23:51:43,427 - ERROR - Unexpected error: 'NoneType' object cannot be interpreted as an integer
2025-07-08 23:51:44,030 - ERROR - Unexpected error: 'NoneType' object cannot be interpreted as an integer
2025-07-08 23:51:46,377 - ERROR - Unexpected error: 'NoneType' object cannot be interpreted as an integer
2025-07-08 23:51:48,300 - ERROR - Unexpected error: 'NoneType' object cannot be interpreted as an integer
2025-07-08 23:51:48,935 - ERROR - Unexpected error: 'NoneType' object cannot be interpreted as an integer
2025-07-08 23:51:53,590 - ERROR - Unexpected error: 'NoneType' object cannot be interpreted as an integer
2025-07-08 23:51:55,075 - ERROR - Unexpected error: 'NoneType' object cannot be interpreted as an integer
2025-07-08 23:52:01,274 - ERROR - Unexpected error: 'NoneType' object cannot be interpreted as an integer
2025-07-08 23:52:04,263 - ERROR - Unexpected error: 'NoneType' object cannot be interpreted as an integer
2025-07-08 23:52:05,715 - ERROR - Unexpected error: 'NoneType' object cannot be interpreted as an integer
2025-07-08 23:52:05,874 - ERROR - Unexpected error: 'NoneType' object cannot be interpreted as an integer
2025-07-08 23:52:08,527 - ERROR - Unexpected error: 'NoneType' object cannot be interpreted as an integer
2025-07-08 23:52:09,188 - ERROR - Unexpected error: 'NoneType' object cannot be interpreted as an integer
2025-07-08 23:52:10,844 - ERROR - Unexpected error: 'NoneType' object cannot be interpreted as an integer
2025-07-08 23:52:11,004 - ERROR - Unexpected error: 'NoneType' object cannot be interpreted as an integer
2025-07-08 23:52:11,169 - ERROR - Unexpected error: 'NoneType' object cannot be interpreted as an integer
2025-07-08 23:52:11,335 - ERROR - Unexpected error: 'NoneType' object cannot be interpreted as an integer
2025-07-08 23:52:17,058 - ERROR - Unexpected error: 'NoneType' object cannot be interpreted as an integer
2025-07-08 23:52:17,835 - ERROR - Unexpected error: 'NoneType' object cannot be interpreted as an integer
2025-07-08 23:52:19,181 - ERROR - Unexpected error: 'NoneType' object cannot be interpreted as an integer
2025-07-08 23:52:22,473 - ERROR - Unexpected error: 'NoneType' object cannot be interpreted as an integer
2025-07-08 23:52:24,047 - ERROR - Unexpected error: 'NoneType' object cannot be interpreted as an integer
2025-07-08 23:52:26,896 - ERROR - Unexpected error: 'NoneType' object cannot be interpreted as an integer
2025-07-08 23:52:30,286 - ERROR - Unexpected error: 'NoneType' object cannot be interpreted as an integer
2025-07-08 23:52:32,597 - ERROR - Unexpected error: 'NoneType' object cannot be interpreted as an integer
2025-07-08 23:52:33,465 - ERROR - Unexpected error: 'NoneType' object cannot be interpreted as an integer
2025-07-08 23:52:34,555 - ERROR - Unexpected error: 'NoneType' object cannot be interpreted as an integer
2025-07-08 23:52:34,707 - ERROR - Unexpected error: 'NoneType' object cannot be interpreted as an integer
2025-07-08 23:52:34,873 - ERROR - Unexpected error: 'NoneType' object cannot be interpreted as an integer
2025-07-08 23:52:35,035 - ERROR - Unexpected error: 'NoneType' object cannot be interpreted as an integer
2025-07-08 23:52:36,340 - ERROR - Unexpected error: 'NoneType' object cannot be interpreted as an integer
2025-07-08 23:52:36,741 - ERROR - Unexpected error: 'NoneType' object cannot be interpreted as an integer
2025-07-08 23:52:42,286 - ERROR - Unexpected error: 'NoneType' object cannot be interpreted as an integer
2025-07-08 23:52:43,274 - ERROR - Unexpected error: 'NoneType' object cannot be interpreted as an integer
2025-07-08 23:52:43,429 - ERROR - Unexpected error: 'NoneType' object cannot be interpreted as an integer
2025-07-08 23:52:44,252 - ERROR - Unexpected error: 'NoneType' object cannot be interpreted as an integer
2025-07-08 23:52:46,080 - ERROR - Unexpected error: 'NoneType' object cannot be interpreted as an integer
2025-07-08 23:52:47,589 - ERROR - Unexpected error: 'NoneType' object cannot be interpreted as an integer
2025-07-08 23:52:56,714 - ERROR - Unexpected error: 'NoneType' object cannot be interpreted as an integer
2025-07-08 23:52:57,038 - ERROR - Unexpected error: 'NoneType' object cannot be interpreted as an integer
2025-07-08 23:53:00,505 - ERROR - Unexpected error: 'NoneType' object cannot be interpreted as an integer
2025-07-08 23:53:00,671 - ERROR - Unexpected error: 'NoneType' object cannot be interpreted as an integer
2025-07-08 23:53:01,425 - ERROR - Unexpected error: 'NoneType' object cannot be interpreted as an integer
2025-07-08 23:53:05,605 - ERROR - Unexpected error: 'NoneType' object cannot be interpreted as an integer
2025-07-08 23:53:05,782 - ERROR - Unexpected error: 'NoneType' object cannot be interpreted as an integer
2025-07-08 23:53:06,364 - ERROR - Unexpected error: 'NoneType' object cannot be interpreted as an integer
2025-07-08 23:53:07,356 - ERROR - Unexpected error: 'NoneType' object cannot be interpreted as an integer
2025-07-08 23:53:08,198 - ERROR - Unexpected error: 'NoneType' object cannot be interpreted as an integer
2025-07-08 23:53:08,358 - ERROR - Unexpected error: 'NoneType' object cannot be interpreted as an integer
2025-07-08 23:53:08,519 - ERROR - Unexpected error: 'NoneType' object cannot be interpreted as an integer
2025-07-08 23:53:08,935 - ERROR - Unexpected error: 'NoneType' object cannot be interpreted as an integer
2025-07-08 23:53:10,135 - ERROR - Unexpected error: 'NoneType' object cannot be interpreted as an integer
2025-07-08 23:53:10,584 - ERROR - Unexpected error: 'NoneType' object cannot be interpreted as an integer
2025-07-08 23:53:17,056 - ERROR - Unexpected error: 'NoneType' object cannot be interpreted as an integer
2025-07-08 23:53:17,978 - ERROR - Unexpected error: 'NoneType' object cannot be interpreted as an integer
2025-07-08 23:53:18,147 - ERROR - Unexpected error: 'NoneType' object cannot be interpreted as an integer
2025-07-08 23:53:19,711 - ERROR - Unexpected error: 'NoneType' object cannot be interpreted as an integer
2025-07-08 23:53:20,427 - ERROR - Unexpected error: 'NoneType' object cannot be interpreted as an integer
2025-07-08 23:53:20,638 - ERROR - Unexpected error: 'NoneType' object cannot be interpreted as an integer
2025-07-08 23:53:21,498 - ERROR - Unexpected error: 'NoneType' object cannot be interpreted as an integer
2025-07-08 23:53:21,792 - ERROR - Unexpected error: 'NoneType' object cannot be interpreted as an integer
2025-07-08 23:53:22,374 - ERROR - Unexpected error: 'NoneType' object cannot be interpreted as an integer
2025-07-08 23:53:23,285 - ERROR - Unexpected error: 'NoneType' object cannot be interpreted as an integer
2025-07-08 23:53:24,102 - ERROR - Unexpected error: 'NoneType' object cannot be interpreted as an integer
2025-07-08 23:53:24,789 - ERROR - Unexpected error: 'NoneType' object cannot be interpreted as an integer
2025-07-08 23:53:25,422 - ERROR - Unexpected error: 'NoneType' object cannot be interpreted as an integer
2025-07-08 23:53:28,872 - ERROR - Unexpected error: 'NoneType' object cannot be interpreted as an integer
2025-07-08 23:53:30,462 - ERROR - Unexpected error: 'NoneType' object cannot be interpreted as an integer
2025-07-08 23:53:32,735 - ERROR - Unexpected error: 'NoneType' object cannot be interpreted as an integer
2025-07-08 23:53:33,717 - ERROR - Unexpected error: 'NoneType' object cannot be interpreted as an integer
2025-07-08 23:53:33,882 - ERROR - Unexpected error: 'NoneType' object cannot be interpreted as an integer
2025-07-08 23:53:34,510 - ERROR - Unexpected error: 'NoneType' object cannot be interpreted as an integer
2025-07-08 23:53:35,866 - ERROR - Unexpected error: 'NoneType' object cannot be interpreted as an integer
2025-07-08 23:53:37,875 - ERROR - Unexpected error: 'NoneType' object cannot be interpreted as an integer
2025-07-08 23:53:40,756 - ERROR - Unexpected error: 'NoneType' object cannot be interpreted as an integer
2025-07-08 23:53:44,222 - ERROR - Unexpected error: 'NoneType' object cannot be interpreted as an integer
2025-07-08 23:53:45,217 - ERROR - Unexpected error: 'NoneType' object cannot be interpreted as an integer
2025-07-08 23:53:46,388 - ERROR - Unexpected error: 'NoneType' object cannot be interpreted as an integer
2025-07-08 23:53:46,553 - ERROR - Unexpected error: 'NoneType' object cannot be interpreted as an integer
2025-07-08 23:53:47,189 - ERROR - Unexpected error: 'NoneType' object cannot be interpreted as an integer
2025-07-08 23:53:48,520 - ERROR - Unexpected error: 'NoneType' object cannot be interpreted as an integer
2025-07-08 23:53:51,423 - ERROR - Unexpected error: 'NoneType' object cannot be interpreted as an integer
2025-07-08 23:53:52,154 - ERROR - Unexpected error: 'NoneType' object cannot be interpreted as an integer
2025-07-08 23:53:56,891 - ERROR - Unexpected error: 'NoneType' object cannot be interpreted as an integer
2025-07-08 23:53:58,669 - ERROR - Unexpected error: 'NoneType' object cannot be interpreted as an integer
2025-07-08 23:53:59,438 - ERROR - Unexpected error: 'NoneType' object cannot be interpreted as an integer
2025-07-08 23:54:00,181 - ERROR - Unexpected error: 'NoneType' object cannot be interpreted as an integer
2025-07-08 23:54:01,611 - ERROR - Unexpected error: 'NoneType' object cannot be interpreted as an integer
2025-07-08 23:54:04,663 - ERROR - Unexpected error: 'NoneType' object cannot be interpreted as an integer
2025-07-08 23:54:13,374 - ERROR - Unexpected error: 'NoneType' object cannot be interpreted as an integer
2025-07-08 23:54:13,536 - ERROR - Unexpected error: 'NoneType' object cannot be interpreted as an integer
2025-07-08 23:54:15,007 - ERROR - Unexpected error: 'NoneType' object cannot be interpreted as an integer
2025-07-08 23:54:17,868 - ERROR - Unexpected error: 'NoneType' object cannot be interpreted as an integer
2025-07-08 23:54:18,737 - ERROR - Unexpected error: 'NoneType' object cannot be interpreted as an integer
2025-07-08 23:54:18,908 - ERROR - Unexpected error: 'NoneType' object cannot be interpreted as an integer
2025-07-08 23:54:19,521 - ERROR - Unexpected error: 'NoneType' object cannot be interpreted as an integer
2025-07-08 23:54:22,667 - ERROR - Unexpected error: 'NoneType' object cannot be interpreted as an integer
2025-07-08 23:54:29,100 - ERROR - Unexpected error: 'NoneType' object cannot be interpreted as an integer
2025-07-08 23:54:31,374 - ERROR - Unexpected error: 'NoneType' object cannot be interpreted as an integer
2025-07-08 23:54:31,792 - ERROR - Unexpected error: 'NoneType' object cannot be interpreted as an integer
2025-07-08 23:54:31,966 - ERROR - Unexpected error: 'NoneType' object cannot be interpreted as an integer
2025-07-08 23:54:32,525 - ERROR - Unexpected error: 'NoneType' object cannot be interpreted as an integer
2025-07-08 23:54:33,719 - ERROR - Unexpected error: 'NoneType' object cannot be interpreted as an integer
2025-07-08 23:54:35,278 - ERROR - Unexpected error: 'NoneType' object cannot be interpreted as an integer
2025-07-08 23:54:35,444 - ERROR - Unexpected error: 'NoneType' object cannot be interpreted as an integer
2025-07-08 23:54:38,848 - ERROR - Unexpected error: 'NoneType' object cannot be interpreted as an integer
2025-07-08 23:54:39,446 - ERROR - Unexpected error: 'NoneType' object cannot be interpreted as an integer
2025-07-08 23:54:41,739 - ERROR - Unexpected error: 'NoneType' object cannot be interpreted as an integer
2025-07-08 23:54:45,482 - ERROR - Unexpected error: 'NoneType' object cannot be interpreted as an integer
2025-07-08 23:54:46,643 - ERROR - Unexpected error: 'NoneType' object cannot be interpreted as an integer
2025-07-08 23:54:49,730 - ERROR - Unexpected error: 'NoneType' object cannot be interpreted as an integer
2025-07-08 23:54:52,232 - ERROR - Unexpected error: 'NoneType' object cannot be interpreted as an integer
2025-07-08 23:54:54,103 - ERROR - Unexpected error: 'NoneType' object cannot be interpreted as an integer
2025-07-08 23:54:54,981 - ERROR - Unexpected error: 'NoneType' object cannot be interpreted as an integer
2025-07-08 23:54:55,143 - ERROR - Unexpected error: 'NoneType' object cannot be interpreted as an integer
2025-07-08 23:54:56,462 - ERROR - Unexpected error: 'NoneType' object cannot be interpreted as an integer
2025-07-08 23:54:56,885 - ERROR - Unexpected error: 'NoneType' object cannot be interpreted as an integer
2025-07-08 23:54:57,313 - ERROR - Unexpected error: 'NoneType' object cannot be interpreted as an integer
2025-07-08 23:54:57,741 - ERROR - Unexpected error: 'NoneType' object cannot be interpreted as an integer
2025-07-08 23:54:58,199 - ERROR - Unexpected error: 'NoneType' object cannot be interpreted as an integer
2025-07-08 23:55:00,266 - ERROR - Unexpected error: 'NoneType' object cannot be interpreted as an integer
2025-07-08 23:55:00,432 - ERROR - Unexpected error: 'NoneType' object cannot be interpreted as an integer
2025-07-08 23:55:01,656 - ERROR - Unexpected error: 'NoneType' object cannot be interpreted as an integer
2025-07-08 23:55:02,541 - ERROR - Unexpected error: 'NoneType' object cannot be interpreted as an integer
2025-07-08 23:55:04,376 - ERROR - Unexpected error: 'NoneType' object cannot be interpreted as an integer
2025-07-08 23:55:06,134 - ERROR - Unexpected error: 'NoneType' object cannot be interpreted as an integer
2025-07-08 23:55:07,773 - ERROR - Unexpected error: 'NoneType' object cannot be interpreted as an integer
2025-07-08 23:55:08,537 - ERROR - Unexpected error: 'NoneType' object cannot be interpreted as an integer
2025-07-08 23:55:10,192 - ERROR - Unexpected error: 'NoneType' object cannot be interpreted as an integer
2025-07-08 23:55:13,843 - ERROR - Unexpected error: 'NoneType' object cannot be interpreted as an integer
2025-07-08 23:55:14,344 - ERROR - Unexpected error: 'NoneType' object cannot be interpreted as an integer
2025-07-08 23:55:14,666 - ERROR - Unexpected error: 'NoneType' object cannot be interpreted as an integer
2025-07-08 23:55:16,247 - ERROR - Unexpected error: 'NoneType' object cannot be interpreted as an integer
2025-07-08 23:55:16,981 - ERROR - Unexpected error: 'NoneType' object cannot be interpreted as an integer
2025-07-08 23:55:16,982 - INFO - Processed 24000 users so far
2025-07-08 23:55:17,841 - ERROR - Unexpected error: 'NoneType' object cannot be interpreted as an integer
2025-07-08 23:55:18,174 - ERROR - Unexpected error: 'NoneType' object cannot be interpreted as an integer
2025-07-08 23:55:19,784 - ERROR - Unexpected error: 'NoneType' object cannot be interpreted as an integer
2025-07-08 23:55:21,494 - ERROR - Unexpected error: 'NoneType' object cannot be interpreted as an integer
2025-07-08 23:55:21,984 - ERROR - Unexpected error: 'NoneType' object cannot be interpreted as an integer
2025-07-08 23:55:22,397 - ERROR - Unexpected error: 'NoneType' object cannot be interpreted as an integer
2025-07-08 23:55:22,853 - ERROR - Unexpected error: 'NoneType' object cannot be interpreted as an integer
2025-07-08 23:55:25,217 - ERROR - Unexpected error: 'NoneType' object cannot be interpreted as an integer
2025-07-08 23:55:27,587 - ERROR - Unexpected error: 'NoneType' object cannot be interpreted as an integer
2025-07-08 23:55:29,334 - ERROR - Unexpected error: 'NoneType' object cannot be interpreted as an integer
2025-07-08 23:55:30,031 - ERROR - Unexpected error: 'NoneType' object cannot be interpreted as an integer
2025-07-08 23:55:30,911 - ERROR - Unexpected error: 'NoneType' object cannot be interpreted as an integer
2025-07-08 23:55:34,018 - ERROR - Unexpected error: 'NoneType' object cannot be interpreted as an integer
2025-07-08 23:55:35,004 - ERROR - Unexpected error: 'NoneType' object cannot be interpreted as an integer
2025-07-08 23:55:38,354 - ERROR - Unexpected error: 'NoneType' object cannot be interpreted as an integer
2025-07-08 23:55:39,001 - ERROR - Unexpected error: 'NoneType' object cannot be interpreted as an integer
2025-07-08 23:55:42,444 - ERROR - Unexpected error: 'NoneType' object cannot be interpreted as an integer
2025-07-08 23:55:43,191 - ERROR - Unexpected error: 'NoneType' object cannot be interpreted as an integer
2025-07-08 23:55:45,297 - ERROR - Unexpected error: 'NoneType' object cannot be interpreted as an integer
2025-07-08 23:55:45,689 - ERROR - Unexpected error: 'NoneType' object cannot be interpreted as an integer
2025-07-08 23:55:46,356 - ERROR - Unexpected error: 'NoneType' object cannot be interpreted as an integer
2025-07-08 23:55:50,960 - ERROR - Unexpected error: 'NoneType' object cannot be interpreted as an integer
2025-07-08 23:55:51,254 - ERROR - Unexpected error: 'NoneType' object cannot be interpreted as an integer
2025-07-08 23:55:55,789 - ERROR - Unexpected error: 'NoneType' object cannot be interpreted as an integer
2025-07-08 23:55:56,790 - ERROR - Unexpected error: 'NoneType' object cannot be interpreted as an integer
2025-07-08 23:55:57,120 - ERROR - Unexpected error: 'NoneType' object cannot be interpreted as an integer
2025-07-08 23:55:58,763 - ERROR - Unexpected error: 'NoneType' object cannot be interpreted as an integer
2025-07-08 23:55:59,369 - ERROR - Unexpected error: 'NoneType' object cannot be interpreted as an integer
2025-07-08 23:55:59,532 - ERROR - Unexpected error: 'NoneType' object cannot be interpreted as an integer
2025-07-08 23:56:01,731 - ERROR - Unexpected error: 'NoneType' object cannot be interpreted as an integer
2025-07-08 23:56:04,978 - ERROR - Unexpected error: 'NoneType' object cannot be interpreted as an integer
2025-07-08 23:56:05,400 - ERROR - Unexpected error: 'NoneType' object cannot be interpreted as an integer
2025-07-08 23:56:06,197 - ERROR - Unexpected error: 'NoneType' object cannot be interpreted as an integer
2025-07-08 23:56:09,527 - ERROR - Unexpected error: 'NoneType' object cannot be interpreted as an integer
2025-07-08 23:56:09,829 - ERROR - Unexpected error: 'NoneType' object cannot be interpreted as an integer
2025-07-08 23:56:11,923 - ERROR - Unexpected error: 'NoneType' object cannot be interpreted as an integer
2025-07-08 23:56:13,272 - ERROR - Unexpected error: 'NoneType' object cannot be interpreted as an integer
2025-07-08 23:56:14,508 - ERROR - Unexpected error: 'NoneType' object cannot be interpreted as an integer
2025-07-08 23:56:16,293 - ERROR - Unexpected error: 'NoneType' object cannot be interpreted as an integer
2025-07-08 23:56:17,920 - ERROR - Unexpected error: 'NoneType' object cannot be interpreted as an integer
2025-07-08 23:56:20,311 - ERROR - Unexpected error: 'NoneType' object cannot be interpreted as an integer
2025-07-08 23:56:24,481 - ERROR - Unexpected error: 'NoneType' object cannot be interpreted as an integer
2025-07-08 23:56:24,889 - ERROR - Unexpected error: 'NoneType' object cannot be interpreted as an integer
2025-07-08 23:56:25,908 - ERROR - Unexpected error: 'NoneType' object cannot be interpreted as an integer
2025-07-08 23:56:26,100 - ERROR - Unexpected error: 'NoneType' object cannot be interpreted as an integer
2025-07-08 23:56:31,370 - ERROR - Unexpected error: 'NoneType' object cannot be interpreted as an integer
2025-07-08 23:56:31,532 - ERROR - Unexpected error: 'NoneType' object cannot be interpreted as an integer
2025-07-08 23:56:33,355 - ERROR - Unexpected error: 'NoneType' object cannot be interpreted as an integer
2025-07-08 23:56:35,748 - ERROR - Unexpected error: 'NoneType' object cannot be interpreted as an integer
2025-07-08 23:56:37,295 - ERROR - Unexpected error: 'NoneType' object cannot be interpreted as an integer
2025-07-08 23:56:38,411 - ERROR - Unexpected error: 'NoneType' object cannot be interpreted as an integer
2025-07-08 23:56:41,598 - ERROR - Unexpected error: 'NoneType' object cannot be interpreted as an integer
2025-07-08 23:56:43,284 - ERROR - Unexpected error: 'NoneType' object cannot be interpreted as an integer
2025-07-08 23:56:46,501 - ERROR - Unexpected error: 'NoneType' object cannot be interpreted as an integer
2025-07-08 23:56:48,800 - ERROR - Unexpected error: 'NoneType' object cannot be interpreted as an integer
2025-07-08 23:56:52,517 - ERROR - Unexpected error: 'NoneType' object cannot be interpreted as an integer
2025-07-08 23:56:54,535 - ERROR - Unexpected error: 'NoneType' object cannot be interpreted as an integer
2025-07-08 23:56:56,022 - ERROR - Unexpected error: 'NoneType' object cannot be interpreted as an integer
2025-07-08 23:56:57,756 - ERROR - Unexpected error: 'NoneType' object cannot be interpreted as an integer
2025-07-08 23:56:58,294 - ERROR - Unexpected error: 'NoneType' object cannot be interpreted as an integer
2025-07-08 23:57:00,803 - ERROR - Unexpected error: 'NoneType' object cannot be interpreted as an integer
2025-07-08 23:57:01,526 - ERROR - Unexpected error: 'NoneType' object cannot be interpreted as an integer
2025-07-08 23:57:01,948 - ERROR - Unexpected error: 'NoneType' object cannot be interpreted as an integer
2025-07-08 23:57:02,115 - ERROR - Unexpected error: 'NoneType' object cannot be interpreted as an integer
2025-07-08 23:57:02,600 - ERROR - Unexpected error: 'NoneType' object cannot be interpreted as an integer
2025-07-08 23:57:03,728 - ERROR - Unexpected error: 'NoneType' object cannot be interpreted as an integer
2025-07-08 23:57:05,429 - ERROR - Unexpected error: 'NoneType' object cannot be interpreted as an integer
2025-07-08 23:57:06,670 - ERROR - Unexpected error: 'NoneType' object cannot be interpreted as an integer
2025-07-08 23:57:08,267 - ERROR - Unexpected error: 'NoneType' object cannot be interpreted as an integer
2025-07-08 23:57:09,360 - ERROR - Unexpected error: 'NoneType' object cannot be interpreted as an integer
2025-07-08 23:57:09,988 - ERROR - Unexpected error: 'NoneType' object cannot be interpreted as an integer
2025-07-08 23:57:10,674 - ERROR - Unexpected error: 'NoneType' object cannot be interpreted as an integer
2025-07-08 23:57:14,341 - ERROR - Unexpected error: 'NoneType' object cannot be interpreted as an integer
2025-07-08 23:57:15,602 - ERROR - Unexpected error: 'NoneType' object cannot be interpreted as an integer
2025-07-08 23:57:16,800 - ERROR - Unexpected error: 'NoneType' object cannot be interpreted as an integer
2025-07-08 23:57:17,768 - ERROR - Unexpected error: 'NoneType' object cannot be interpreted as an integer
2025-07-08 23:57:21,049 - ERROR - Unexpected error: 'NoneType' object cannot be interpreted as an integer
2025-07-08 23:57:21,213 - ERROR - Unexpected error: 'NoneType' object cannot be interpreted as an integer
2025-07-08 23:57:21,729 - ERROR - Unexpected error: 'NoneType' object cannot be interpreted as an integer
2025-07-08 23:57:22,066 - ERROR - Unexpected error: 'NoneType' object cannot be interpreted as an integer
2025-07-08 23:57:27,583 - ERROR - Unexpected error: 'NoneType' object cannot be interpreted as an integer
2025-07-08 23:57:27,755 - ERROR - Unexpected error: 'NoneType' object cannot be interpreted as an integer
2025-07-08 23:57:28,067 - ERROR - Unexpected error: 'NoneType' object cannot be interpreted as an integer
2025-07-08 23:57:28,502 - ERROR - Unexpected error: 'NoneType' object cannot be interpreted as an integer
2025-07-08 23:57:28,657 - ERROR - Unexpected error: 'NoneType' object cannot be interpreted as an integer
2025-07-08 23:57:28,818 - ERROR - Unexpected error: 'NoneType' object cannot be interpreted as an integer
2025-07-08 23:57:29,601 - ERROR - Unexpected error: 'NoneType' object cannot be interpreted as an integer
2025-07-08 23:57:31,185 - ERROR - Unexpected error: 'NoneType' object cannot be interpreted as an integer
2025-07-08 23:57:31,599 - ERROR - Unexpected error: 'NoneType' object cannot be interpreted as an integer
2025-07-08 23:57:32,593 - ERROR - Unexpected error: 'NoneType' object cannot be interpreted as an integer
2025-07-08 23:57:33,158 - ERROR - Unexpected error: 'NoneType' object cannot be interpreted as an integer
2025-07-08 23:57:33,316 - ERROR - Unexpected error: 'NoneType' object cannot be interpreted as an integer
2025-07-08 23:57:33,505 - ERROR - Unexpected error: 'NoneType' object cannot be interpreted as an integer
2025-07-08 23:57:34,606 - ERROR - Unexpected error: 'NoneType' object cannot be interpreted as an integer
2025-07-08 23:57:34,773 - ERROR - Unexpected error: 'NoneType' object cannot be interpreted as an integer
2025-07-08 23:57:35,236 - ERROR - Unexpected error: 'NoneType' object cannot be interpreted as an integer
2025-07-08 23:57:35,567 - ERROR - Unexpected error: 'NoneType' object cannot be interpreted as an integer
2025-07-08 23:57:36,491 - ERROR - Unexpected error: 'NoneType' object cannot be interpreted as an integer
2025-07-08 23:57:36,791 - ERROR - Unexpected error: 'NoneType' object cannot be interpreted as an integer
2025-07-08 23:57:38,094 - ERROR - Unexpected error: 'NoneType' object cannot be interpreted as an integer
2025-07-08 23:57:38,426 - ERROR - Unexpected error: 'NoneType' object cannot be interpreted as an integer
2025-07-08 23:57:38,747 - ERROR - Unexpected error: 'NoneType' object cannot be interpreted as an integer
2025-07-08 23:57:38,918 - ERROR - Unexpected error: 'NoneType' object cannot be interpreted as an integer
2025-07-08 23:57:39,252 - ERROR - Unexpected error: 'NoneType' object cannot be interpreted as an integer
2025-07-08 23:57:41,467 - ERROR - Unexpected error: 'NoneType' object cannot be interpreted as an integer
2025-07-08 23:57:42,235 - ERROR - Unexpected error: 'NoneType' object cannot be interpreted as an integer
2025-07-08 23:57:43,235 - ERROR - Unexpected error: 'NoneType' object cannot be interpreted as an integer
2025-07-08 23:57:44,830 - ERROR - Unexpected error: 'NoneType' object cannot be interpreted as an integer
2025-07-08 23:57:50,395 - ERROR - Unexpected error: 'NoneType' object cannot be interpreted as an integer
2025-07-08 23:57:50,559 - ERROR - Unexpected error: 'NoneType' object cannot be interpreted as an integer
2025-07-08 23:57:51,382 - ERROR - Unexpected error: 'NoneType' object cannot be interpreted as an integer
2025-07-08 23:57:52,482 - ERROR - Unexpected error: 'NoneType' object cannot be interpreted as an integer
2025-07-08 23:57:53,242 - ERROR - Unexpected error: 'NoneType' object cannot be interpreted as an integer
2025-07-08 23:57:55,337 - ERROR - Unexpected error: 'NoneType' object cannot be interpreted as an integer
2025-07-08 23:57:56,705 - ERROR - Unexpected error: 'NoneType' object cannot be interpreted as an integer
2025-07-08 23:57:58,974 - ERROR - Unexpected error: 'NoneType' object cannot be interpreted as an integer
2025-07-08 23:58:03,219 - ERROR - Unexpected error: 'NoneType' object cannot be interpreted as an integer
2025-07-08 23:58:04,201 - ERROR - Unexpected error: 'NoneType' object cannot be interpreted as an integer
2025-07-08 23:58:05,633 - ERROR - Unexpected error: 'NoneType' object cannot be interpreted as an integer
2025-07-08 23:58:06,046 - ERROR - Unexpected error: 'NoneType' object cannot be interpreted as an integer
2025-07-08 23:58:06,584 - ERROR - Unexpected error: 'NoneType' object cannot be interpreted as an integer
2025-07-08 23:58:06,995 - ERROR - Unexpected error: 'NoneType' object cannot be interpreted as an integer
2025-07-08 23:58:07,877 - ERROR - Unexpected error: 'NoneType' object cannot be interpreted as an integer
2025-07-08 23:58:08,463 - ERROR - Unexpected error: 'NoneType' object cannot be interpreted as an integer
2025-07-08 23:58:09,516 - ERROR - Unexpected error: 'NoneType' object cannot be interpreted as an integer
2025-07-08 23:58:12,018 - ERROR - Unexpected error: 'NoneType' object cannot be interpreted as an integer
2025-07-08 23:58:14,776 - ERROR - Unexpected error: 'NoneType' object cannot be interpreted as an integer
2025-07-08 23:58:19,103 - ERROR - Unexpected error: 'NoneType' object cannot be interpreted as an integer
2025-07-08 23:58:19,922 - ERROR - Unexpected error: 'NoneType' object cannot be interpreted as an integer
2025-07-08 23:58:22,198 - ERROR - Unexpected error: 'NoneType' object cannot be interpreted as an integer
2025-07-08 23:58:22,358 - ERROR - Unexpected error: 'NoneType' object cannot be interpreted as an integer
2025-07-08 23:58:22,774 - ERROR - Unexpected error: 'NoneType' object cannot be interpreted as an integer
2025-07-08 23:58:23,416 - ERROR - Unexpected error: 'NoneType' object cannot be interpreted as an integer
2025-07-08 23:58:24,431 - ERROR - Unexpected error: 'NoneType' object cannot be interpreted as an integer
2025-07-08 23:58:24,588 - ERROR - Unexpected error: 'NoneType' object cannot be interpreted as an integer
2025-07-08 23:58:24,926 - ERROR - Unexpected error: 'NoneType' object cannot be interpreted as an integer
2025-07-08 23:58:26,127 - ERROR - Unexpected error: 'NoneType' object cannot be interpreted as an integer
2025-07-08 23:58:29,327 - ERROR - Unexpected error: 'NoneType' object cannot be interpreted as an integer
2025-07-08 23:58:31,243 - ERROR - Unexpected error: 'NoneType' object cannot be interpreted as an integer
2025-07-08 23:58:33,826 - ERROR - Unexpected error: 'NoneType' object cannot be interpreted as an integer
2025-07-08 23:58:34,873 - ERROR - Unexpected error: 'NoneType' object cannot be interpreted as an integer
2025-07-08 23:58:35,783 - ERROR - Unexpected error: 'NoneType' object cannot be interpreted as an integer
2025-07-08 23:58:37,792 - ERROR - Unexpected error: 'NoneType' object cannot be interpreted as an integer
2025-07-08 23:58:38,218 - ERROR - Unexpected error: 'NoneType' object cannot be interpreted as an integer
2025-07-08 23:58:40,324 - ERROR - Unexpected error: 'NoneType' object cannot be interpreted as an integer
2025-07-08 23:58:40,502 - ERROR - Unexpected error: 'NoneType' object cannot be interpreted as an integer
2025-07-08 23:58:40,663 - ERROR - Unexpected error: 'NoneType' object cannot be interpreted as an integer
2025-07-08 23:58:41,838 - ERROR - Unexpected error: 'NoneType' object cannot be interpreted as an integer
2025-07-08 23:58:41,997 - ERROR - Unexpected error: 'NoneType' object cannot be interpreted as an integer
2025-07-08 23:58:42,318 - ERROR - Unexpected error: 'NoneType' object cannot be interpreted as an integer
2025-07-08 23:58:42,722 - ERROR - Unexpected error: 'NoneType' object cannot be interpreted as an integer
2025-07-08 23:58:43,262 - ERROR - Unexpected error: 'NoneType' object cannot be interpreted as an integer
2025-07-08 23:58:47,380 - ERROR - Unexpected error: 'NoneType' object cannot be interpreted as an integer
2025-07-08 23:58:47,850 - ERROR - Unexpected error: 'NoneType' object cannot be interpreted as an integer
2025-07-08 23:58:48,651 - ERROR - Unexpected error: 'NoneType' object cannot be interpreted as an integer
2025-07-08 23:58:49,450 - ERROR - Unexpected error: 'NoneType' object cannot be interpreted as an integer
2025-07-08 23:58:50,640 - ERROR - Unexpected error: 'NoneType' object cannot be interpreted as an integer
2025-07-08 23:58:52,204 - ERROR - Unexpected error: 'NoneType' object cannot be interpreted as an integer
2025-07-08 23:58:52,369 - ERROR - Unexpected error: 'NoneType' object cannot be interpreted as an integer
2025-07-08 23:58:52,836 - ERROR - Unexpected error: 'NoneType' object cannot be interpreted as an integer
2025-07-08 23:58:53,657 - ERROR - Unexpected error: 'NoneType' object cannot be interpreted as an integer
2025-07-08 23:58:53,991 - ERROR - Unexpected error: 'NoneType' object cannot be interpreted as an integer
2025-07-08 23:58:56,951 - ERROR - Unexpected error: 'NoneType' object cannot be interpreted as an integer
2025-07-08 23:58:58,339 - ERROR - Unexpected error: 'NoneType' object cannot be interpreted as an integer
2025-07-08 23:58:58,987 - ERROR - Unexpected error: 'NoneType' object cannot be interpreted as an integer
2025-07-08 23:58:59,958 - ERROR - Unexpected error: 'NoneType' object cannot be interpreted as an integer
2025-07-08 23:59:00,977 - ERROR - Unexpected error: 'NoneType' object cannot be interpreted as an integer
2025-07-08 23:59:01,713 - ERROR - Unexpected error: 'NoneType' object cannot be interpreted as an integer
2025-07-08 23:59:02,117 - ERROR - Unexpected error: 'NoneType' object cannot be interpreted as an integer
2025-07-08 23:59:02,273 - ERROR - Unexpected error: 'NoneType' object cannot be interpreted as an integer
2025-07-08 23:59:02,486 - ERROR - Unexpected error: 'NoneType' object cannot be interpreted as an integer
2025-07-08 23:59:04,077 - ERROR - Unexpected error: 'NoneType' object cannot be interpreted as an integer
2025-07-08 23:59:06,463 - ERROR - Unexpected error: 'NoneType' object cannot be interpreted as an integer
2025-07-08 23:59:08,201 - ERROR - Unexpected error: 'NoneType' object cannot be interpreted as an integer
2025-07-08 23:59:09,354 - ERROR - Unexpected error: 'NoneType' object cannot be interpreted as an integer
2025-07-08 23:59:15,294 - ERROR - Unexpected error: 'NoneType' object cannot be interpreted as an integer
2025-07-08 23:59:15,626 - ERROR - Unexpected error: 'NoneType' object cannot be interpreted as an integer
2025-07-08 23:59:15,796 - ERROR - Unexpected error: 'NoneType' object cannot be interpreted as an integer
2025-07-08 23:59:15,983 - ERROR - Unexpected error: 'NoneType' object cannot be interpreted as an integer
2025-07-08 23:59:16,450 - ERROR - Unexpected error: 'NoneType' object cannot be interpreted as an integer
2025-07-08 23:59:17,276 - ERROR - Unexpected error: 'NoneType' object cannot be interpreted as an integer
2025-07-08 23:59:18,203 - ERROR - Unexpected error: 'NoneType' object cannot be interpreted as an integer
2025-07-08 23:59:19,233 - ERROR - Unexpected error: 'NoneType' object cannot be interpreted as an integer
2025-07-08 23:59:20,469 - ERROR - Unexpected error: 'NoneType' object cannot be interpreted as an integer
2025-07-08 23:59:20,633 - ERROR - Unexpected error: 'NoneType' object cannot be interpreted as an integer
2025-07-08 23:59:21,139 - ERROR - Unexpected error: 'NoneType' object cannot be interpreted as an integer
2025-07-08 23:59:21,551 - ERROR - Unexpected error: 'NoneType' object cannot be interpreted as an integer
2025-07-08 23:59:22,560 - ERROR - Unexpected error: 'NoneType' object cannot be interpreted as an integer
2025-07-08 23:59:23,668 - ERROR - Unexpected error: 'NoneType' object cannot be interpreted as an integer
2025-07-08 23:59:26,476 - ERROR - Unexpected error: 'NoneType' object cannot be interpreted as an integer
2025-07-08 23:59:27,384 - ERROR - Unexpected error: 'NoneType' object cannot be interpreted as an integer
2025-07-08 23:59:27,550 - ERROR - Unexpected error: 'NoneType' object cannot be interpreted as an integer
2025-07-08 23:59:29,342 - ERROR - Unexpected error: 'NoneType' object cannot be interpreted as an integer
2025-07-08 23:59:29,665 - ERROR - Unexpected error: 'NoneType' object cannot be interpreted as an integer
2025-07-08 23:59:29,993 - ERROR - Unexpected error: 'NoneType' object cannot be interpreted as an integer
2025-07-08 23:59:30,917 - ERROR - Unexpected error: 'NoneType' object cannot be interpreted as an integer
2025-07-08 23:59:35,873 - ERROR - Unexpected error: 'NoneType' object cannot be interpreted as an integer
2025-07-08 23:59:36,774 - ERROR - Unexpected error: 'NoneType' object cannot be interpreted as an integer
2025-07-08 23:59:38,305 - ERROR - Unexpected error: 'NoneType' object cannot be interpreted as an integer
2025-07-08 23:59:38,475 - ERROR - Unexpected error: 'NoneType' object cannot be interpreted as an integer
2025-07-08 23:59:40,358 - ERROR - Unexpected error: 'NoneType' object cannot be interpreted as an integer
2025-07-08 23:59:40,525 - ERROR - Unexpected error: 'NoneType' object cannot be interpreted as an integer
2025-07-08 23:59:49,795 - ERROR - Unexpected error: 'NoneType' object cannot be interpreted as an integer
2025-07-08 23:59:49,958 - ERROR - Unexpected error: 'NoneType' object cannot be interpreted as an integer
2025-07-08 23:59:50,117 - ERROR - Unexpected error: 'NoneType' object cannot be interpreted as an integer
2025-07-08 23:59:54,345 - ERROR - Unexpected error: 'NoneType' object cannot be interpreted as an integer
2025-07-08 23:59:54,929 - ERROR - Unexpected error: 'NoneType' object cannot be interpreted as an integer
2025-07-08 23:59:58,929 - ERROR - Unexpected error: 'NoneType' object cannot be interpreted as an integer
2025-07-08 23:59:59,760 - ERROR - Unexpected error: 'NoneType' object cannot be interpreted as an integer
2025-07-09 00:00:02,055 - ERROR - Unexpected error: 'NoneType' object cannot be interpreted as an integer
2025-07-09 00:00:02,791 - ERROR - Unexpected error: 'NoneType' object cannot be interpreted as an integer
2025-07-09 00:00:03,415 - ERROR - Unexpected error: 'NoneType' object cannot be interpreted as an integer
2025-07-09 00:00:04,455 - ERROR - Unexpected error: 'NoneType' object cannot be interpreted as an integer
2025-07-09 00:00:07,752 - ERROR - Unexpected error: 'NoneType' object cannot be interpreted as an integer
2025-07-09 00:00:09,572 - ERROR - Unexpected error: 'NoneType' object cannot be interpreted as an integer
2025-07-09 00:00:10,004 - ERROR - Unexpected error: 'NoneType' object cannot be interpreted as an integer
2025-07-09 00:00:10,586 - ERROR - Unexpected error: 'NoneType' object cannot be interpreted as an integer
2025-07-09 00:00:11,084 - ERROR - Unexpected error: 'NoneType' object cannot be interpreted as an integer
2025-07-09 00:00:11,253 - ERROR - Unexpected error: 'NoneType' object cannot be interpreted as an integer
2025-07-09 00:00:12,032 - ERROR - Unexpected error: 'NoneType' object cannot be interpreted as an integer
2025-07-09 00:00:13,131 - ERROR - Unexpected error: 'NoneType' object cannot be interpreted as an integer
2025-07-09 00:00:14,355 - ERROR - Unexpected error: 'NoneType' object cannot be interpreted as an integer
2025-07-09 00:00:15,127 - ERROR - Unexpected error: 'NoneType' object cannot be interpreted as an integer
2025-07-09 00:00:15,543 - ERROR - Unexpected error: 'NoneType' object cannot be interpreted as an integer
2025-07-09 00:00:15,868 - ERROR - Unexpected error: 'NoneType' object cannot be interpreted as an integer
2025-07-09 00:00:16,030 - ERROR - Unexpected error: 'NoneType' object cannot be interpreted as an integer
2025-07-09 00:00:16,191 - ERROR - Unexpected error: 'NoneType' object cannot be interpreted as an integer
2025-07-09 00:00:19,616 - ERROR - Unexpected error: 'NoneType' object cannot be interpreted as an integer
2025-07-09 00:00:20,397 - ERROR - Unexpected error: 'NoneType' object cannot be interpreted as an integer
2025-07-09 00:00:23,910 - ERROR - Unexpected error: 'NoneType' object cannot be interpreted as an integer
2025-07-09 00:00:24,387 - ERROR - Unexpected error: 'NoneType' object cannot be interpreted as an integer
2025-07-09 00:00:24,872 - ERROR - Unexpected error: 'NoneType' object cannot be interpreted as an integer
2025-07-09 00:00:26,393 - ERROR - Unexpected error: 'NoneType' object cannot be interpreted as an integer
2025-07-09 00:00:28,349 - ERROR - Unexpected error: 'NoneType' object cannot be interpreted as an integer
2025-07-09 00:00:28,514 - ERROR - Unexpected error: 'NoneType' object cannot be interpreted as an integer
2025-07-09 00:00:32,200 - ERROR - Unexpected error: 'NoneType' object cannot be interpreted as an integer
2025-07-09 00:00:35,434 - ERROR - Unexpected error: 'NoneType' object cannot be interpreted as an integer
2025-07-09 00:00:36,899 - ERROR - Unexpected error: 'NoneType' object cannot be interpreted as an integer
2025-07-09 00:00:37,066 - ERROR - Unexpected error: 'NoneType' object cannot be interpreted as an integer
2025-07-09 00:00:38,313 - ERROR - Unexpected error: 'NoneType' object cannot be interpreted as an integer
2025-07-09 00:00:46,129 - ERROR - Unexpected error: 'NoneType' object cannot be interpreted as an integer
2025-07-09 00:00:47,345 - ERROR - Unexpected error: 'NoneType' object cannot be interpreted as an integer
2025-07-09 00:00:47,808 - ERROR - Unexpected error: 'NoneType' object cannot be interpreted as an integer
2025-07-09 00:00:48,267 - ERROR - Unexpected error: 'NoneType' object cannot be interpreted as an integer
2025-07-09 00:00:49,766 - ERROR - Unexpected error: 'NoneType' object cannot be interpreted as an integer
2025-07-09 00:00:51,003 - ERROR - Unexpected error: 'NoneType' object cannot be interpreted as an integer
2025-07-09 00:00:51,871 - ERROR - Unexpected error: 'NoneType' object cannot be interpreted as an integer
2025-07-09 00:00:52,289 - ERROR - Unexpected error: 'NoneType' object cannot be interpreted as an integer
2025-07-09 00:00:52,813 - ERROR - Unexpected error: 'NoneType' object cannot be interpreted as an integer
2025-07-09 00:00:56,180 - ERROR - Unexpected error: 'NoneType' object cannot be interpreted as an integer
2025-07-09 00:00:56,598 - ERROR - Unexpected error: 'NoneType' object cannot be interpreted as an integer
2025-07-09 00:00:57,164 - ERROR - Unexpected error: 'NoneType' object cannot be interpreted as an integer
2025-07-09 00:00:59,002 - ERROR - Unexpected error: 'NoneType' object cannot be interpreted as an integer
2025-07-09 00:01:01,711 - ERROR - Unexpected error: 'NoneType' object cannot be interpreted as an integer
2025-07-09 00:01:03,276 - ERROR - Unexpected error: 'NoneType' object cannot be interpreted as an integer
2025-07-09 00:01:04,196 - ERROR - Unexpected error: 'NoneType' object cannot be interpreted as an integer
2025-07-09 00:01:04,493 - ERROR - Unexpected error: 'NoneType' object cannot be interpreted as an integer
2025-07-09 00:01:05,906 - ERROR - Unexpected error: 'NoneType' object cannot be interpreted as an integer
2025-07-09 00:01:06,234 - ERROR - Unexpected error: 'NoneType' object cannot be interpreted as an integer
2025-07-09 00:01:07,591 - ERROR - Unexpected error: 'NoneType' object cannot be interpreted as an integer
2025-07-09 00:01:08,753 - ERROR - Unexpected error: 'NoneType' object cannot be interpreted as an integer
2025-07-09 00:01:09,932 - ERROR - Unexpected error: 'NoneType' object cannot be interpreted as an integer
2025-07-09 00:01:13,777 - ERROR - Unexpected error: 'NoneType' object cannot be interpreted as an integer
2025-07-09 00:01:15,205 - ERROR - Unexpected error: 'NoneType' object cannot be interpreted as an integer
2025-07-09 00:01:15,371 - ERROR - Unexpected error: 'NoneType' object cannot be interpreted as an integer
2025-07-09 00:01:17,164 - ERROR - Unexpected error: 'NoneType' object cannot be interpreted as an integer
2025-07-09 00:01:18,261 - ERROR - Unexpected error: 'NoneType' object cannot be interpreted as an integer
2025-07-09 00:01:20,689 - ERROR - Unexpected error: 'NoneType' object cannot be interpreted as an integer
2025-07-09 00:01:21,032 - ERROR - Unexpected error: 'NoneType' object cannot be interpreted as an integer
2025-07-09 00:01:23,636 - ERROR - Unexpected error: 'NoneType' object cannot be interpreted as an integer
2025-07-09 00:01:24,989 - ERROR - Unexpected error: 'NoneType' object cannot be interpreted as an integer
2025-07-09 00:01:27,693 - ERROR - Unexpected error: 'NoneType' object cannot be interpreted as an integer
2025-07-09 00:01:29,701 - ERROR - Unexpected error: 'NoneType' object cannot be interpreted as an integer
2025-07-09 00:01:30,820 - ERROR - Unexpected error: 'NoneType' object cannot be interpreted as an integer
2025-07-09 00:01:30,978 - ERROR - Unexpected error: 'NoneType' object cannot be interpreted as an integer
2025-07-09 00:01:32,540 - ERROR - Unexpected error: 'NoneType' object cannot be interpreted as an integer
2025-07-09 00:01:33,121 - ERROR - Unexpected error: 'NoneType' object cannot be interpreted as an integer
2025-07-09 00:01:34,315 - ERROR - Unexpected error: 'NoneType' object cannot be interpreted as an integer
2025-07-09 00:01:34,643 - ERROR - Unexpected error: 'NoneType' object cannot be interpreted as an integer
2025-07-09 00:01:39,004 - ERROR - Unexpected error: 'NoneType' object cannot be interpreted as an integer
2025-07-09 00:01:39,162 - ERROR - Unexpected error: 'NoneType' object cannot be interpreted as an integer
2025-07-09 00:01:39,506 - ERROR - Unexpected error: 'NoneType' object cannot be interpreted as an integer
2025-07-09 00:01:40,818 - ERROR - Unexpected error: 'NoneType' object cannot be interpreted as an integer
2025-07-09 00:01:40,982 - ERROR - Unexpected error: 'NoneType' object cannot be interpreted as an integer
2025-07-09 00:01:41,842 - ERROR - Unexpected error: 'NoneType' object cannot be interpreted as an integer
2025-07-09 00:01:42,142 - ERROR - Unexpected error: 'NoneType' object cannot be interpreted as an integer
2025-07-09 00:01:42,455 - ERROR - Unexpected error: 'NoneType' object cannot be interpreted as an integer
2025-07-09 00:01:42,724 - ERROR - Unexpected error: 'NoneType' object cannot be interpreted as an integer
2025-07-09 00:01:44,321 - ERROR - Unexpected error: 'NoneType' object cannot be interpreted as an integer
2025-07-09 00:01:45,488 - ERROR - Unexpected error: 'NoneType' object cannot be interpreted as an integer
2025-07-09 00:01:52,523 - ERROR - Unexpected error: 'NoneType' object cannot be interpreted as an integer
2025-07-09 00:01:52,697 - ERROR - Unexpected error: 'NoneType' object cannot be interpreted as an integer
2025-07-09 00:01:52,871 - ERROR - Unexpected error: 'NoneType' object cannot be interpreted as an integer
2025-07-09 00:01:53,730 - ERROR - Unexpected error: 'NoneType' object cannot be interpreted as an integer
2025-07-09 00:01:56,490 - ERROR - Unexpected error: 'NoneType' object cannot be interpreted as an integer
2025-07-09 00:01:56,905 - ERROR - Unexpected error: 'NoneType' object cannot be interpreted as an integer
2025-07-09 00:02:00,244 - ERROR - Unexpected error: 'NoneType' object cannot be interpreted as an integer
2025-07-09 00:02:03,140 - ERROR - Unexpected error: 'NoneType' object cannot be interpreted as an integer
2025-07-09 00:02:05,823 - ERROR - Unexpected error: 'NoneType' object cannot be interpreted as an integer
2025-07-09 00:02:07,293 - ERROR - Unexpected error: 'NoneType' object cannot be interpreted as an integer
2025-07-09 00:02:07,878 - ERROR - Unexpected error: 'NoneType' object cannot be interpreted as an integer
2025-07-09 00:02:08,043 - ERROR - Unexpected error: 'NoneType' object cannot be interpreted as an integer
2025-07-09 00:02:09,067 - ERROR - Unexpected error: 'NoneType' object cannot be interpreted as an integer
2025-07-09 00:02:09,229 - ERROR - Unexpected error: 'NoneType' object cannot be interpreted as an integer
2025-07-09 00:02:09,395 - ERROR - Unexpected error: 'NoneType' object cannot be interpreted as an integer
2025-07-09 00:02:11,101 - ERROR - Unexpected error: 'NoneType' object cannot be interpreted as an integer
2025-07-09 00:02:11,916 - ERROR - Unexpected error: 'NoneType' object cannot be interpreted as an integer
2025-07-09 00:02:13,130 - ERROR - Unexpected error: 'NoneType' object cannot be interpreted as an integer
2025-07-09 00:02:13,631 - ERROR - Unexpected error: 'NoneType' object cannot be interpreted as an integer
2025-07-09 00:02:16,263 - ERROR - Unexpected error: 'NoneType' object cannot be interpreted as an integer
2025-07-09 00:02:18,038 - ERROR - Unexpected error: 'NoneType' object cannot be interpreted as an integer
2025-07-09 00:02:21,047 - ERROR - Unexpected error: 'NoneType' object cannot be interpreted as an integer
2025-07-09 00:02:22,625 - ERROR - Unexpected error: 'NoneType' object cannot be interpreted as an integer
2025-07-09 00:02:23,216 - ERROR - Unexpected error: 'NoneType' object cannot be interpreted as an integer
2025-07-09 00:02:23,381 - ERROR - Unexpected error: 'NoneType' object cannot be interpreted as an integer
2025-07-09 00:02:25,563 - ERROR - Unexpected error: 'NoneType' object cannot be interpreted as an integer
2025-07-09 00:02:26,499 - ERROR - Unexpected error: 'NoneType' object cannot be interpreted as an integer
2025-07-09 00:02:27,626 - ERROR - Unexpected error: 'NoneType' object cannot be interpreted as an integer
2025-07-09 00:02:28,682 - ERROR - Unexpected error: 'NoneType' object cannot be interpreted as an integer
2025-07-09 00:02:29,900 - ERROR - Unexpected error: 'NoneType' object cannot be interpreted as an integer
2025-07-09 00:02:31,422 - ERROR - Unexpected error: 'NoneType' object cannot be interpreted as an integer
2025-07-09 00:02:33,174 - ERROR - Unexpected error: 'NoneType' object cannot be interpreted as an integer
2025-07-09 00:02:34,086 - ERROR - Unexpected error: 'NoneType' object cannot be interpreted as an integer
2025-07-09 00:02:35,411 - ERROR - Unexpected error: 'NoneType' object cannot be interpreted as an integer
2025-07-09 00:02:35,571 - ERROR - Unexpected error: 'NoneType' object cannot be interpreted as an integer
2025-07-09 00:02:36,143 - ERROR - Unexpected error: 'NoneType' object cannot be interpreted as an integer
2025-07-09 00:02:39,110 - ERROR - Unexpected error: 'NoneType' object cannot be interpreted as an integer
2025-07-09 00:02:39,601 - ERROR - Unexpected error: 'NoneType' object cannot be interpreted as an integer
2025-07-09 00:02:40,245 - ERROR - Unexpected error: 'NoneType' object cannot be interpreted as an integer
2025-07-09 00:02:40,739 - ERROR - Unexpected error: 'NoneType' object cannot be interpreted as an integer
2025-07-09 00:02:41,083 - ERROR - Unexpected error: 'NoneType' object cannot be interpreted as an integer
2025-07-09 00:02:41,368 - ERROR - Unexpected error: 'NoneType' object cannot be interpreted as an integer
2025-07-09 00:02:43,855 - ERROR - Unexpected error: 'NoneType' object cannot be interpreted as an integer
2025-07-09 00:02:46,438 - ERROR - Unexpected error: 'NoneType' object cannot be interpreted as an integer
2025-07-09 00:02:46,599 - ERROR - Unexpected error: 'NoneType' object cannot be interpreted as an integer
2025-07-09 00:02:47,186 - ERROR - Unexpected error: 'NoneType' object cannot be interpreted as an integer
2025-07-09 00:02:47,342 - ERROR - Unexpected error: 'NoneType' object cannot be interpreted as an integer
2025-07-09 00:02:47,764 - ERROR - Unexpected error: 'NoneType' object cannot be interpreted as an integer
2025-07-09 00:02:48,711 - ERROR - Unexpected error: 'NoneType' object cannot be interpreted as an integer
2025-07-09 00:02:50,951 - ERROR - Unexpected error: 'NoneType' object cannot be interpreted as an integer
2025-07-09 00:02:53,334 - ERROR - Unexpected error: 'NoneType' object cannot be interpreted as an integer
2025-07-09 00:02:53,500 - ERROR - Unexpected error: 'NoneType' object cannot be interpreted as an integer
2025-07-09 00:02:56,839 - ERROR - Unexpected error: 'NoneType' object cannot be interpreted as an integer
2025-07-09 00:03:01,876 - ERROR - Unexpected error: 'NoneType' object cannot be interpreted as an integer
2025-07-09 00:03:02,198 - ERROR - Unexpected error: 'NoneType' object cannot be interpreted as an integer
2025-07-09 00:03:02,603 - ERROR - Unexpected error: 'NoneType' object cannot be interpreted as an integer
2025-07-09 00:03:03,953 - ERROR - Unexpected error: 'NoneType' object cannot be interpreted as an integer
2025-07-09 00:03:06,160 - ERROR - Unexpected error: 'NoneType' object cannot be interpreted as an integer
2025-07-09 00:03:06,868 - ERROR - Unexpected error: 'NoneType' object cannot be interpreted as an integer
2025-07-09 00:03:07,038 - ERROR - Unexpected error: 'NoneType' object cannot be interpreted as an integer
2025-07-09 00:03:09,164 - ERROR - Unexpected error: 'NoneType' object cannot be interpreted as an integer
2025-07-09 00:03:11,756 - ERROR - Unexpected error: 'NoneType' object cannot be interpreted as an integer
2025-07-09 00:03:12,170 - ERROR - Unexpected error: 'NoneType' object cannot be interpreted as an integer
2025-07-09 00:03:13,205 - ERROR - Unexpected error: 'NoneType' object cannot be interpreted as an integer
2025-07-09 00:03:14,365 - ERROR - Unexpected error: 'NoneType' object cannot be interpreted as an integer
2025-07-09 00:03:17,590 - ERROR - Unexpected error: 'NoneType' object cannot be interpreted as an integer
2025-07-09 00:03:17,751 - ERROR - Unexpected error: 'NoneType' object cannot be interpreted as an integer
2025-07-09 00:03:20,075 - ERROR - Unexpected error: 'NoneType' object cannot be interpreted as an integer
2025-07-09 00:03:21,031 - ERROR - Unexpected error: 'NoneType' object cannot be interpreted as an integer
2025-07-09 00:03:22,796 - ERROR - Unexpected error: 'NoneType' object cannot be interpreted as an integer
2025-07-09 00:03:23,212 - ERROR - Unexpected error: 'NoneType' object cannot be interpreted as an integer
2025-07-09 00:03:24,809 - ERROR - Unexpected error: 'NoneType' object cannot be interpreted as an integer
2025-07-09 00:03:25,112 - ERROR - Unexpected error: 'NoneType' object cannot be interpreted as an integer
2025-07-09 00:03:25,563 - ERROR - Unexpected error: 'NoneType' object cannot be interpreted as an integer
2025-07-09 00:03:26,183 - ERROR - Unexpected error: 'NoneType' object cannot be interpreted as an integer
2025-07-09 00:03:27,517 - ERROR - Unexpected error: 'NoneType' object cannot be interpreted as an integer
2025-07-09 00:03:28,098 - ERROR - Unexpected error: 'NoneType' object cannot be interpreted as an integer
2025-07-09 00:03:28,769 - ERROR - Unexpected error: 'NoneType' object cannot be interpreted as an integer
2025-07-09 00:03:30,001 - ERROR - Unexpected error: 'NoneType' object cannot be interpreted as an integer
2025-07-09 00:03:33,627 - ERROR - Unexpected error: 'NoneType' object cannot be interpreted as an integer
2025-07-09 00:03:33,812 - ERROR - Unexpected error: 'NoneType' object cannot be interpreted as an integer
2025-07-09 00:03:34,792 - ERROR - Unexpected error: 'NoneType' object cannot be interpreted as an integer
2025-07-09 00:03:35,621 - ERROR - Unexpected error: 'NoneType' object cannot be interpreted as an integer
2025-07-09 00:03:35,779 - ERROR - Unexpected error: 'NoneType' object cannot be interpreted as an integer
2025-07-09 00:03:39,598 - ERROR - Unexpected error: 'NoneType' object cannot be interpreted as an integer
2025-07-09 00:03:39,793 - ERROR - Unexpected error: 'NoneType' object cannot be interpreted as an integer
2025-07-09 00:03:40,596 - ERROR - Unexpected error: 'NoneType' object cannot be interpreted as an integer
2025-07-09 00:03:40,940 - ERROR - Unexpected error: 'NoneType' object cannot be interpreted as an integer
2025-07-09 00:03:41,681 - ERROR - Unexpected error: 'NoneType' object cannot be interpreted as an integer
2025-07-09 00:03:42,945 - ERROR - Unexpected error: 'NoneType' object cannot be interpreted as an integer
2025-07-09 00:03:43,567 - ERROR - Unexpected error: 'NoneType' object cannot be interpreted as an integer
2025-07-09 00:03:44,900 - ERROR - Unexpected error: 'NoneType' object cannot be interpreted as an integer
2025-07-09 00:03:45,395 - ERROR - Unexpected error: 'NoneType' object cannot be interpreted as an integer
2025-07-09 00:03:47,160 - ERROR - Unexpected error: 'NoneType' object cannot be interpreted as an integer
2025-07-09 00:03:49,868 - ERROR - Unexpected error: 'NoneType' object cannot be interpreted as an integer
2025-07-09 00:03:50,281 - ERROR - Unexpected error: 'NoneType' object cannot be interpreted as an integer
2025-07-09 00:03:50,626 - ERROR - Unexpected error: 'NoneType' object cannot be interpreted as an integer
2025-07-09 00:03:50,786 - ERROR - Unexpected error: 'NoneType' object cannot be interpreted as an integer
2025-07-09 00:03:53,599 - ERROR - Unexpected error: 'NoneType' object cannot be interpreted as an integer
2025-07-09 00:03:53,761 - ERROR - Unexpected error: 'NoneType' object cannot be interpreted as an integer
2025-07-09 00:03:54,076 - ERROR - Unexpected error: 'NoneType' object cannot be interpreted as an integer
2025-07-09 00:03:56,414 - ERROR - Unexpected error: 'NoneType' object cannot be interpreted as an integer
2025-07-09 00:03:58,746 - ERROR - Unexpected error: 'NoneType' object cannot be interpreted as an integer
2025-07-09 00:03:58,905 - ERROR - Unexpected error: 'NoneType' object cannot be interpreted as an integer
2025-07-09 00:03:59,626 - ERROR - Unexpected error: 'NoneType' object cannot be interpreted as an integer
2025-07-09 00:03:59,802 - ERROR - Unexpected error: 'NoneType' object cannot be interpreted as an integer
2025-07-09 00:04:00,851 - ERROR - Unexpected error: 'NoneType' object cannot be interpreted as an integer
2025-07-09 00:04:02,535 - ERROR - Unexpected error: 'NoneType' object cannot be interpreted as an integer
2025-07-09 00:04:05,815 - ERROR - Unexpected error: 'NoneType' object cannot be interpreted as an integer
2025-07-09 00:04:06,987 - ERROR - Unexpected error: 'NoneType' object cannot be interpreted as an integer
2025-07-09 00:04:07,315 - ERROR - Unexpected error: 'NoneType' object cannot be interpreted as an integer
2025-07-09 00:04:08,453 - ERROR - Unexpected error: 'NoneType' object cannot be interpreted as an integer
2025-07-09 00:04:11,279 - ERROR - Unexpected error: 'NoneType' object cannot be interpreted as an integer
2025-07-09 00:04:11,609 - ERROR - Unexpected error: 'NoneType' object cannot be interpreted as an integer
2025-07-09 00:04:13,694 - ERROR - Unexpected error: 'NoneType' object cannot be interpreted as an integer
2025-07-09 00:04:13,857 - ERROR - Unexpected error: 'NoneType' object cannot be interpreted as an integer
2025-07-09 00:04:18,964 - ERROR - Unexpected error: 'NoneType' object cannot be interpreted as an integer
2025-07-09 00:04:20,480 - ERROR - Unexpected error: 'NoneType' object cannot be interpreted as an integer
2025-07-09 00:04:20,955 - ERROR - Unexpected error: 'NoneType' object cannot be interpreted as an integer
2025-07-09 00:04:27,430 - ERROR - Unexpected error: 'NoneType' object cannot be interpreted as an integer
2025-07-09 00:04:27,840 - ERROR - Unexpected error: 'NoneType' object cannot be interpreted as an integer
2025-07-09 00:04:28,279 - ERROR - Unexpected error: 'NoneType' object cannot be interpreted as an integer
2025-07-09 00:04:28,999 - ERROR - Unexpected error: 'NoneType' object cannot be interpreted as an integer
2025-07-09 00:04:29,700 - ERROR - Unexpected error: 'NoneType' object cannot be interpreted as an integer
2025-07-09 00:04:30,301 - ERROR - Unexpected error: 'NoneType' object cannot be interpreted as an integer
2025-07-09 00:04:30,465 - ERROR - Unexpected error: 'NoneType' object cannot be interpreted as an integer
2025-07-09 00:04:30,628 - ERROR - Unexpected error: 'NoneType' object cannot be interpreted as an integer
2025-07-09 00:04:31,454 - ERROR - Unexpected error: 'NoneType' object cannot be interpreted as an integer
2025-07-09 00:04:31,949 - ERROR - Unexpected error: 'NoneType' object cannot be interpreted as an integer
2025-07-09 00:04:32,122 - ERROR - Unexpected error: 'NoneType' object cannot be interpreted as an integer
2025-07-09 00:04:32,528 - ERROR - Unexpected error: 'NoneType' object cannot be interpreted as an integer
2025-07-09 00:04:32,722 - ERROR - Unexpected error: 'NoneType' object cannot be interpreted as an integer
2025-07-09 00:04:33,558 - ERROR - Unexpected error: 'NoneType' object cannot be interpreted as an integer
2025-07-09 00:04:34,181 - ERROR - Unexpected error: 'NoneType' object cannot be interpreted as an integer
2025-07-09 00:04:35,750 - ERROR - Unexpected error: 'NoneType' object cannot be interpreted as an integer
2025-07-09 00:04:36,738 - ERROR - Unexpected error: 'NoneType' object cannot be interpreted as an integer
2025-07-09 00:04:37,153 - ERROR - Unexpected error: 'NoneType' object cannot be interpreted as an integer
2025-07-09 00:04:37,618 - ERROR - Unexpected error: 'NoneType' object cannot be interpreted as an integer
2025-07-09 00:04:37,787 - ERROR - Unexpected error: 'NoneType' object cannot be interpreted as an integer
2025-07-09 00:04:39,522 - ERROR - Unexpected error: 'NoneType' object cannot be interpreted as an integer
2025-07-09 00:04:43,765 - ERROR - Unexpected error: 'NoneType' object cannot be interpreted as an integer
2025-07-09 00:04:45,284 - ERROR - Unexpected error: 'NoneType' object cannot be interpreted as an integer
2025-07-09 00:04:46,916 - ERROR - Unexpected error: 'NoneType' object cannot be interpreted as an integer
2025-07-09 00:04:48,476 - ERROR - Unexpected error: 'NoneType' object cannot be interpreted as an integer
2025-07-09 00:04:48,884 - ERROR - Unexpected error: 'NoneType' object cannot be interpreted as an integer
2025-07-09 00:04:50,057 - ERROR - Unexpected error: 'NoneType' object cannot be interpreted as an integer
2025-07-09 00:04:50,475 - ERROR - Unexpected error: 'NoneType' object cannot be interpreted as an integer
2025-07-09 00:04:53,222 - ERROR - Unexpected error: 'NoneType' object cannot be interpreted as an integer
2025-07-09 00:04:53,882 - ERROR - Unexpected error: 'NoneType' object cannot be interpreted as an integer
2025-07-09 00:04:54,978 - ERROR - Unexpected error: 'NoneType' object cannot be interpreted as an integer
2025-07-09 00:04:58,621 - ERROR - Unexpected error: 'NoneType' object cannot be interpreted as an integer
2025-07-09 00:05:00,394 - ERROR - Unexpected error: 'NoneType' object cannot be interpreted as an integer
2025-07-09 00:05:01,442 - ERROR - Unexpected error: 'NoneType' object cannot be interpreted as an integer
2025-07-09 00:05:01,613 - ERROR - Unexpected error: 'NoneType' object cannot be interpreted as an integer
2025-07-09 00:05:02,125 - ERROR - Unexpected error: 'NoneType' object cannot be interpreted as an integer
2025-07-09 00:05:03,577 - ERROR - Unexpected error: 'NoneType' object cannot be interpreted as an integer
2025-07-09 00:05:04,994 - ERROR - Unexpected error: 'NoneType' object cannot be interpreted as an integer
2025-07-09 00:05:05,581 - ERROR - Unexpected error: 'NoneType' object cannot be interpreted as an integer
2025-07-09 00:05:10,122 - ERROR - Unexpected error: 'NoneType' object cannot be interpreted as an integer
2025-07-09 00:05:10,727 - ERROR - Unexpected error: 'NoneType' object cannot be interpreted as an integer
2025-07-09 00:05:13,325 - ERROR - Unexpected error: 'NoneType' object cannot be interpreted as an integer
2025-07-09 00:05:14,810 - ERROR - Unexpected error: 'NoneType' object cannot be interpreted as an integer
2025-07-09 00:05:17,258 - ERROR - Unexpected error: 'NoneType' object cannot be interpreted as an integer
2025-07-09 00:05:20,065 - ERROR - Unexpected error: 'NoneType' object cannot be interpreted as an integer
2025-07-09 00:05:21,265 - ERROR - Unexpected error: 'NoneType' object cannot be interpreted as an integer
2025-07-09 00:05:23,214 - ERROR - Unexpected error: 'NoneType' object cannot be interpreted as an integer
2025-07-09 00:05:23,372 - ERROR - Unexpected error: 'NoneType' object cannot be interpreted as an integer
2025-07-09 00:05:23,877 - ERROR - Unexpected error: 'NoneType' object cannot be interpreted as an integer
2025-07-09 00:05:24,036 - ERROR - Unexpected error: 'NoneType' object cannot be interpreted as an integer
2025-07-09 00:05:26,965 - ERROR - Unexpected error: 'NoneType' object cannot be interpreted as an integer
2025-07-09 00:05:27,437 - ERROR - Unexpected error: 'NoneType' object cannot be interpreted as an integer
2025-07-09 00:05:28,929 - ERROR - Unexpected error: 'NoneType' object cannot be interpreted as an integer
2025-07-09 00:05:30,588 - ERROR - Unexpected error: 'NoneType' object cannot be interpreted as an integer
2025-07-09 00:05:31,088 - ERROR - Unexpected error: 'NoneType' object cannot be interpreted as an integer
2025-07-09 00:05:31,491 - ERROR - Unexpected error: 'NoneType' object cannot be interpreted as an integer
2025-07-09 00:05:32,256 - ERROR - Unexpected error: 'NoneType' object cannot be interpreted as an integer
2025-07-09 00:05:32,749 - ERROR - Unexpected error: 'NoneType' object cannot be interpreted as an integer
2025-07-09 00:05:34,062 - ERROR - Unexpected error: 'NoneType' object cannot be interpreted as an integer
2025-07-09 00:05:40,181 - ERROR - Unexpected error: 'NoneType' object cannot be interpreted as an integer
2025-07-09 00:05:40,659 - ERROR - Unexpected error: 'NoneType' object cannot be interpreted as an integer
2025-07-09 00:05:43,784 - ERROR - Unexpected error: 'NoneType' object cannot be interpreted as an integer
2025-07-09 00:05:44,882 - ERROR - Unexpected error: 'NoneType' object cannot be interpreted as an integer
2025-07-09 00:05:45,049 - ERROR - Unexpected error: 'NoneType' object cannot be interpreted as an integer
2025-07-09 00:05:45,455 - ERROR - Unexpected error: 'NoneType' object cannot be interpreted as an integer
2025-07-09 00:05:46,449 - ERROR - Unexpected error: 'NoneType' object cannot be interpreted as an integer
2025-07-09 00:05:48,164 - ERROR - Unexpected error: 'NoneType' object cannot be interpreted as an integer
2025-07-09 00:05:48,923 - ERROR - Unexpected error: 'NoneType' object cannot be interpreted as an integer
2025-07-09 00:05:49,619 - ERROR - Unexpected error: 'NoneType' object cannot be interpreted as an integer
2025-07-09 00:05:51,071 - ERROR - Unexpected error: 'NoneType' object cannot be interpreted as an integer
2025-07-09 00:05:51,236 - ERROR - Unexpected error: 'NoneType' object cannot be interpreted as an integer
2025-07-09 00:05:51,946 - ERROR - Unexpected error: 'NoneType' object cannot be interpreted as an integer
2025-07-09 00:05:52,395 - ERROR - Unexpected error: 'NoneType' object cannot be interpreted as an integer
2025-07-09 00:05:53,599 - ERROR - Unexpected error: 'NoneType' object cannot be interpreted as an integer
2025-07-09 00:05:55,536 - ERROR - Unexpected error: 'NoneType' object cannot be interpreted as an integer
2025-07-09 00:05:57,546 - ERROR - Unexpected error: 'NoneType' object cannot be interpreted as an integer
2025-07-09 00:05:57,835 - ERROR - Unexpected error: 'NoneType' object cannot be interpreted as an integer
2025-07-09 00:05:58,429 - ERROR - Unexpected error: 'NoneType' object cannot be interpreted as an integer
2025-07-09 00:05:58,600 - ERROR - Unexpected error: 'NoneType' object cannot be interpreted as an integer
2025-07-09 00:05:58,762 - ERROR - Unexpected error: 'NoneType' object cannot be interpreted as an integer
2025-07-09 00:06:03,591 - ERROR - Unexpected error: 'NoneType' object cannot be interpreted as an integer
2025-07-09 00:06:04,486 - ERROR - Unexpected error: 'NoneType' object cannot be interpreted as an integer
2025-07-09 00:06:05,555 - ERROR - Unexpected error: 'NoneType' object cannot be interpreted as an integer
2025-07-09 00:06:06,138 - ERROR - Unexpected error: 'NoneType' object cannot be interpreted as an integer
2025-07-09 00:06:06,553 - ERROR - Unexpected error: 'NoneType' object cannot be interpreted as an integer
2025-07-09 00:06:07,358 - ERROR - Unexpected error: 'NoneType' object cannot be interpreted as an integer
2025-07-09 00:06:08,302 - ERROR - Unexpected error: 'NoneType' object cannot be interpreted as an integer
2025-07-09 00:06:08,465 - ERROR - Unexpected error: 'NoneType' object cannot be interpreted as an integer
2025-07-09 00:06:08,959 - ERROR - Unexpected error: 'NoneType' object cannot be interpreted as an integer
2025-07-09 00:06:10,282 - ERROR - Unexpected error: 'NoneType' object cannot be interpreted as an integer
2025-07-09 00:06:11,669 - ERROR - Unexpected error: 'NoneType' object cannot be interpreted as an integer
2025-07-09 00:06:11,827 - ERROR - Unexpected error: 'NoneType' object cannot be interpreted as an integer
2025-07-09 00:06:13,125 - ERROR - Unexpected error: 'NoneType' object cannot be interpreted as an integer
2025-07-09 00:06:13,603 - ERROR - Unexpected error: 'NoneType' object cannot be interpreted as an integer
2025-07-09 00:06:15,313 - ERROR - Unexpected error: 'NoneType' object cannot be interpreted as an integer
2025-07-09 00:06:17,042 - ERROR - Unexpected error: 'NoneType' object cannot be interpreted as an integer
2025-07-09 00:06:17,205 - ERROR - Unexpected error: 'NoneType' object cannot be interpreted as an integer
2025-07-09 00:06:17,636 - ERROR - Unexpected error: 'NoneType' object cannot be interpreted as an integer
2025-07-09 00:06:18,058 - ERROR - Unexpected error: 'NoneType' object cannot be interpreted as an integer
2025-07-09 00:06:24,769 - ERROR - Unexpected error: 'NoneType' object cannot be interpreted as an integer
2025-07-09 00:06:26,374 - ERROR - Unexpected error: 'NoneType' object cannot be interpreted as an integer
2025-07-09 00:06:30,055 - ERROR - Unexpected error: 'NoneType' object cannot be interpreted as an integer
2025-07-09 00:06:30,597 - ERROR - Unexpected error: 'NoneType' object cannot be interpreted as an integer
2025-07-09 00:06:31,629 - ERROR - Unexpected error: 'NoneType' object cannot be interpreted as an integer
2025-07-09 00:06:32,213 - ERROR - Unexpected error: 'NoneType' object cannot be interpreted as an integer
2025-07-09 00:06:35,068 - ERROR - Unexpected error: 'NoneType' object cannot be interpreted as an integer
2025-07-09 00:06:35,234 - ERROR - Unexpected error: 'NoneType' object cannot be interpreted as an integer
2025-07-09 00:06:38,285 - ERROR - Unexpected error: 'NoneType' object cannot be interpreted as an integer
2025-07-09 00:06:42,181 - ERROR - Unexpected error: 'NoneType' object cannot be interpreted as an integer
2025-07-09 00:06:42,593 - ERROR - Unexpected error: 'NoneType' object cannot be interpreted as an integer
2025-07-09 00:06:43,218 - ERROR - Unexpected error: 'NoneType' object cannot be interpreted as an integer
2025-07-09 00:06:43,633 - ERROR - Unexpected error: 'NoneType' object cannot be interpreted as an integer
2025-07-09 00:06:46,544 - ERROR - Unexpected error: 'NoneType' object cannot be interpreted as an integer
2025-07-09 00:06:48,801 - ERROR - Unexpected error: 'NoneType' object cannot be interpreted as an integer
2025-07-09 00:06:50,224 - ERROR - Unexpected error: 'NoneType' object cannot be interpreted as an integer
2025-07-09 00:06:50,385 - ERROR - Unexpected error: 'NoneType' object cannot be interpreted as an integer
2025-07-09 00:06:52,087 - ERROR - Unexpected error: 'NoneType' object cannot be interpreted as an integer
2025-07-09 00:06:53,740 - ERROR - Unexpected error: 'NoneType' object cannot be interpreted as an integer
2025-07-09 00:06:53,901 - ERROR - Unexpected error: 'NoneType' object cannot be interpreted as an integer
2025-07-09 00:06:55,685 - ERROR - Unexpected error: 'NoneType' object cannot be interpreted as an integer
2025-07-09 00:06:56,408 - ERROR - Unexpected error: 'NoneType' object cannot be interpreted as an integer
2025-07-09 00:06:57,346 - ERROR - Unexpected error: 'NoneType' object cannot be interpreted as an integer
2025-07-09 00:06:59,145 - ERROR - Unexpected error: 'NoneType' object cannot be interpreted as an integer
2025-07-09 00:06:59,848 - ERROR - Unexpected error: 'NoneType' object cannot be interpreted as an integer
2025-07-09 00:07:00,546 - ERROR - Unexpected error: 'NoneType' object cannot be interpreted as an integer
2025-07-09 00:07:01,976 - ERROR - Unexpected error: 'NoneType' object cannot be interpreted as an integer
2025-07-09 00:07:02,822 - ERROR - Unexpected error: 'NoneType' object cannot be interpreted as an integer
2025-07-09 00:07:03,317 - ERROR - Unexpected error: 'NoneType' object cannot be interpreted as an integer
2025-07-09 00:07:03,318 - INFO - Processed 26000 users so far
2025-07-09 00:07:04,643 - ERROR - Unexpected error: 'NoneType' object cannot be interpreted as an integer
2025-07-09 00:07:05,408 - ERROR - Unexpected error: 'NoneType' object cannot be interpreted as an integer
2025-07-09 00:07:06,886 - ERROR - Unexpected error: 'NoneType' object cannot be interpreted as an integer
2025-07-09 00:07:07,049 - ERROR - Unexpected error: 'NoneType' object cannot be interpreted as an integer
2025-07-09 00:07:08,950 - ERROR - Unexpected error: 'NoneType' object cannot be interpreted as an integer
2025-07-09 00:07:10,229 - ERROR - Unexpected error: 'NoneType' object cannot be interpreted as an integer
2025-07-09 00:07:10,785 - ERROR - Unexpected error: 'NoneType' object cannot be interpreted as an integer
2025-07-09 00:07:10,946 - ERROR - Unexpected error: 'NoneType' object cannot be interpreted as an integer
2025-07-09 00:07:15,894 - ERROR - Unexpected error: 'NoneType' object cannot be interpreted as an integer
2025-07-09 00:07:18,236 - ERROR - Unexpected error: 'NoneType' object cannot be interpreted as an integer
2025-07-09 00:07:18,664 - ERROR - Unexpected error: 'NoneType' object cannot be interpreted as an integer
2025-07-09 00:07:24,384 - ERROR - Unexpected error: 'NoneType' object cannot be interpreted as an integer
2025-07-09 00:07:34,619 - ERROR - Unexpected error: 'NoneType' object cannot be interpreted as an integer
2025-07-09 00:07:36,367 - ERROR - Unexpected error: 'NoneType' object cannot be interpreted as an integer
2025-07-09 00:07:37,127 - ERROR - Unexpected error: 'NoneType' object cannot be interpreted as an integer
2025-07-09 00:07:46,249 - ERROR - Unexpected error: 'NoneType' object cannot be interpreted as an integer
2025-07-09 00:07:46,539 - ERROR - Unexpected error: 'NoneType' object cannot be interpreted as an integer
2025-07-09 00:07:57,979 - ERROR - Unexpected error: 'NoneType' object cannot be interpreted as an integer
2025-07-09 00:07:58,851 - ERROR - Unexpected error: 'NoneType' object cannot be interpreted as an integer
2025-07-09 00:08:03,848 - ERROR - Unexpected error: 'NoneType' object cannot be interpreted as an integer
2025-07-09 00:08:04,857 - ERROR - Unexpected error: 'NoneType' object cannot be interpreted as an integer
2025-07-09 00:08:05,319 - ERROR - Unexpected error: 'NoneType' object cannot be interpreted as an integer
2025-07-09 00:08:06,776 - ERROR - Unexpected error: 'NoneType' object cannot be interpreted as an integer
2025-07-09 00:08:07,401 - ERROR - Unexpected error: 'NoneType' object cannot be interpreted as an integer
2025-07-09 00:08:08,560 - ERROR - Unexpected error: 'NoneType' object cannot be interpreted as an integer
2025-07-09 00:08:10,432 - ERROR - Unexpected error: 'NoneType' object cannot be interpreted as an integer
2025-07-09 00:08:13,082 - ERROR - Unexpected error: 'NoneType' object cannot be interpreted as an integer
2025-07-09 00:08:15,907 - ERROR - Unexpected error: 'NoneType' object cannot be interpreted as an integer
2025-07-09 00:08:17,022 - ERROR - Unexpected error: 'NoneType' object cannot be interpreted as an integer
2025-07-09 00:08:17,851 - ERROR - Unexpected error: 'NoneType' object cannot be interpreted as an integer
2025-07-09 00:08:21,679 - ERROR - Unexpected error: 'NoneType' object cannot be interpreted as an integer
2025-07-09 00:08:23,867 - ERROR - Unexpected error: 'NoneType' object cannot be interpreted as an integer
2025-07-09 00:08:26,100 - ERROR - Unexpected error: 'NoneType' object cannot be interpreted as an integer
2025-07-09 00:08:31,339 - ERROR - Unexpected error: 'NoneType' object cannot be interpreted as an integer
2025-07-09 00:08:32,562 - ERROR - Unexpected error: 'NoneType' object cannot be interpreted as an integer
2025-07-09 00:08:32,746 - ERROR - Unexpected error: 'NoneType' object cannot be interpreted as an integer
2025-07-09 00:08:34,450 - ERROR - Unexpected error: 'NoneType' object cannot be interpreted as an integer
2025-07-09 00:08:35,525 - ERROR - Unexpected error: 'NoneType' object cannot be interpreted as an integer
2025-07-09 00:08:37,655 - ERROR - Unexpected error: 'NoneType' object cannot be interpreted as an integer
2025-07-09 00:08:38,170 - ERROR - Unexpected error: 'NoneType' object cannot be interpreted as an integer
2025-07-09 00:08:48,473 - ERROR - Unexpected error: 'NoneType' object cannot be interpreted as an integer
2025-07-09 00:08:59,257 - ERROR - Unexpected error: 'NoneType' object cannot be interpreted as an integer
2025-07-09 00:09:00,597 - ERROR - Unexpected error: 'NoneType' object cannot be interpreted as an integer
2025-07-09 00:09:01,391 - ERROR - Unexpected error: 'NoneType' object cannot be interpreted as an integer
2025-07-09 00:09:04,047 - ERROR - Unexpected error: 'NoneType' object cannot be interpreted as an integer
2025-07-09 00:09:04,218 - ERROR - Unexpected error: 'NoneType' object cannot be interpreted as an integer
2025-07-09 00:09:04,707 - ERROR - Unexpected error: 'NoneType' object cannot be interpreted as an integer
2025-07-09 00:09:06,038 - ERROR - Unexpected error: 'NoneType' object cannot be interpreted as an integer
2025-07-09 00:09:10,877 - ERROR - Unexpected error: 'NoneType' object cannot be interpreted as an integer
2025-07-09 00:09:15,783 - ERROR - Unexpected error: 'NoneType' object cannot be interpreted as an integer
2025-07-09 00:09:16,999 - ERROR - Unexpected error: 'NoneType' object cannot be interpreted as an integer
2025-07-09 00:09:19,287 - ERROR - Unexpected error: 'NoneType' object cannot be interpreted as an integer
2025-07-09 00:09:19,844 - ERROR - Unexpected error: 'NoneType' object cannot be interpreted as an integer
2025-07-09 00:09:26,649 - ERROR - Unexpected error: 'NoneType' object cannot be interpreted as an integer
2025-07-09 00:09:26,822 - ERROR - Unexpected error: 'NoneType' object cannot be interpreted as an integer
2025-07-09 00:09:34,179 - ERROR - Unexpected error: 'NoneType' object cannot be interpreted as an integer
2025-07-09 00:09:35,975 - ERROR - Unexpected error: 'NoneType' object cannot be interpreted as an integer
2025-07-09 00:09:38,851 - ERROR - Unexpected error: 'NoneType' object cannot be interpreted as an integer
2025-07-09 00:09:40,579 - ERROR - Unexpected error: 'NoneType' object cannot be interpreted as an integer
2025-07-09 00:09:41,459 - ERROR - Unexpected error: 'NoneType' object cannot be interpreted as an integer
2025-07-09 00:09:59,019 - ERROR - Unexpected error: 'NoneType' object cannot be interpreted as an integer
2025-07-09 00:10:02,526 - ERROR - Unexpected error: 'NoneType' object cannot be interpreted as an integer
2025-07-09 00:10:04,675 - ERROR - Unexpected error: 'NoneType' object cannot be interpreted as an integer
2025-07-09 00:10:17,039 - ERROR - Unexpected error: 'NoneType' object cannot be interpreted as an integer
2025-07-09 00:10:17,371 - ERROR - Unexpected error: 'NoneType' object cannot be interpreted as an integer
2025-07-09 00:10:17,950 - ERROR - Unexpected error: 'NoneType' object cannot be interpreted as an integer
2025-07-09 00:10:24,312 - ERROR - Unexpected error: 'NoneType' object cannot be interpreted as an integer
2025-07-09 00:10:29,411 - ERROR - Unexpected error: 'NoneType' object cannot be interpreted as an integer
2025-07-09 00:10:31,852 - ERROR - Unexpected error: 'NoneType' object cannot be interpreted as an integer
2025-07-09 00:10:36,864 - ERROR - Unexpected error: 'NoneType' object cannot be interpreted as an integer
2025-07-09 00:10:42,515 - ERROR - Unexpected error: 'NoneType' object cannot be interpreted as an integer
2025-07-09 00:10:45,317 - ERROR - Unexpected error: 'NoneType' object cannot be interpreted as an integer
2025-07-09 00:10:47,552 - ERROR - Unexpected error: 'NoneType' object cannot be interpreted as an integer
2025-07-09 00:10:48,872 - ERROR - Unexpected error: 'NoneType' object cannot be interpreted as an integer
2025-07-09 00:10:49,962 - ERROR - Unexpected error: 'NoneType' object cannot be interpreted as an integer
2025-07-09 00:10:57,781 - ERROR - Unexpected error: 'NoneType' object cannot be interpreted as an integer
2025-07-09 00:11:06,334 - ERROR - Unexpected error: 'NoneType' object cannot be interpreted as an integer
2025-07-09 00:11:08,272 - ERROR - Unexpected error: 'NoneType' object cannot be interpreted as an integer
2025-07-09 00:11:10,895 - ERROR - Unexpected error: 'NoneType' object cannot be interpreted as an integer
2025-07-09 00:11:19,856 - ERROR - Unexpected error: 'NoneType' object cannot be interpreted as an integer
2025-07-09 00:11:28,129 - ERROR - Unexpected error: 'NoneType' object cannot be interpreted as an integer
2025-07-09 00:11:30,502 - ERROR - Unexpected error: 'NoneType' object cannot be interpreted as an integer
2025-07-09 00:11:39,487 - ERROR - Unexpected error: 'NoneType' object cannot be interpreted as an integer
2025-07-09 00:11:41,450 - ERROR - Unexpected error: 'NoneType' object cannot be interpreted as an integer
2025-07-09 00:11:43,553 - ERROR - Unexpected error: 'NoneType' object cannot be interpreted as an integer
2025-07-09 00:11:46,959 - ERROR - Unexpected error: 'NoneType' object cannot be interpreted as an integer
2025-07-09 00:11:51,387 - ERROR - Unexpected error: 'NoneType' object cannot be interpreted as an integer
2025-07-09 00:11:53,651 - ERROR - Unexpected error: 'NoneType' object cannot be interpreted as an integer
2025-07-09 00:11:55,486 - ERROR - Unexpected error: 'NoneType' object cannot be interpreted as an integer
2025-07-09 00:11:56,989 - ERROR - Unexpected error: 'NoneType' object cannot be interpreted as an integer
2025-07-09 00:12:06,532 - ERROR - Unexpected error: 'NoneType' object cannot be interpreted as an integer
2025-07-09 00:12:06,962 - ERROR - Unexpected error: 'NoneType' object cannot be interpreted as an integer
2025-07-09 00:12:07,688 - ERROR - Unexpected error: 'NoneType' object cannot be interpreted as an integer
2025-07-09 00:12:09,052 - ERROR - Unexpected error: 'NoneType' object cannot be interpreted as an integer
2025-07-09 00:12:12,974 - ERROR - Unexpected error: 'NoneType' object cannot be interpreted as an integer
2025-07-09 00:12:15,636 - ERROR - Unexpected error: 'NoneType' object cannot be interpreted as an integer
2025-07-09 00:12:15,797 - ERROR - Unexpected error: 'NoneType' object cannot be interpreted as an integer
2025-07-09 00:12:23,005 - ERROR - Unexpected error: 'NoneType' object cannot be interpreted as an integer
2025-07-09 00:12:26,526 - ERROR - Unexpected error: 'NoneType' object cannot be interpreted as an integer
2025-07-09 00:12:37,943 - ERROR - Unexpected error: 'NoneType' object cannot be interpreted as an integer
2025-07-09 00:12:43,613 - ERROR - Unexpected error: 'NoneType' object cannot be interpreted as an integer
2025-07-09 00:12:57,577 - ERROR - Unexpected error: 'NoneType' object cannot be interpreted as an integer
2025-07-09 00:13:00,105 - ERROR - Unexpected error: 'NoneType' object cannot be interpreted as an integer
2025-07-09 00:13:01,603 - ERROR - Unexpected error: 'NoneType' object cannot be interpreted as an integer
2025-07-09 00:13:02,832 - ERROR - Unexpected error: 'NoneType' object cannot be interpreted as an integer
2025-07-09 00:13:05,758 - ERROR - Unexpected error: 'NoneType' object cannot be interpreted as an integer
2025-07-09 00:13:06,742 - ERROR - Unexpected error: 'NoneType' object cannot be interpreted as an integer
2025-07-09 00:13:16,087 - ERROR - Unexpected error: 'NoneType' object cannot be interpreted as an integer
2025-07-09 00:13:19,183 - ERROR - Unexpected error: 'NoneType' object cannot be interpreted as an integer
2025-07-09 00:13:25,140 - ERROR - Unexpected error: 'NoneType' object cannot be interpreted as an integer
2025-07-09 00:13:26,656 - ERROR - Unexpected error: 'NoneType' object cannot be interpreted as an integer
2025-07-09 00:13:28,013 - ERROR - Unexpected error: 'NoneType' object cannot be interpreted as an integer
2025-07-09 00:13:31,561 - ERROR - Unexpected error: 'NoneType' object cannot be interpreted as an integer
2025-07-09 00:13:31,731 - ERROR - Unexpected error: 'NoneType' object cannot be interpreted as an integer
2025-07-09 00:13:33,851 - ERROR - Unexpected error: 'NoneType' object cannot be interpreted as an integer
2025-07-09 00:13:38,439 - ERROR - Unexpected error: 'NoneType' object cannot be interpreted as an integer
2025-07-09 00:13:49,882 - ERROR - Unexpected error: 'NoneType' object cannot be interpreted as an integer
2025-07-09 00:13:50,259 - ERROR - Unexpected error: 'NoneType' object cannot be interpreted as an integer
2025-07-09 00:13:50,581 - ERROR - Unexpected error: 'NoneType' object cannot be interpreted as an integer
2025-07-09 00:13:51,210 - ERROR - Unexpected error: 'NoneType' object cannot be interpreted as an integer
2025-07-09 00:13:53,050 - ERROR - Unexpected error: 'NoneType' object cannot be interpreted as an integer
2025-07-09 00:13:56,974 - ERROR - Unexpected error: 'NoneType' object cannot be interpreted as an integer
2025-07-09 00:13:57,132 - ERROR - Unexpected error: 'NoneType' object cannot be interpreted as an integer
2025-07-09 00:13:57,513 - ERROR - Unexpected error: 'NoneType' object cannot be interpreted as an integer
2025-07-09 00:14:05,235 - ERROR - Unexpected error: 'NoneType' object cannot be interpreted as an integer
2025-07-09 00:14:07,418 - ERROR - Unexpected error: 'NoneType' object cannot be interpreted as an integer
2025-07-09 00:14:11,593 - ERROR - Unexpected error: 'NoneType' object cannot be interpreted as an integer
2025-07-09 00:14:11,756 - ERROR - Unexpected error: 'NoneType' object cannot be interpreted as an integer
2025-07-09 00:14:18,745 - ERROR - Unexpected error: 'NoneType' object cannot be interpreted as an integer
2025-07-09 00:14:21,259 - ERROR - Unexpected error: 'NoneType' object cannot be interpreted as an integer
2025-07-09 00:14:28,680 - ERROR - Unexpected error: 'NoneType' object cannot be interpreted as an integer
2025-07-09 00:14:40,277 - ERROR - Unexpected error: 'NoneType' object cannot be interpreted as an integer
2025-07-09 00:14:47,052 - ERROR - Unexpected error: 'NoneType' object cannot be interpreted as an integer
2025-07-09 00:14:51,266 - ERROR - Unexpected error: 'NoneType' object cannot be interpreted as an integer
2025-07-09 00:14:56,325 - ERROR - Unexpected error: 'NoneType' object cannot be interpreted as an integer
2025-07-09 00:15:02,034 - ERROR - Unexpected error: 'NoneType' object cannot be interpreted as an integer
2025-07-09 00:15:02,448 - ERROR - Unexpected error: 'NoneType' object cannot be interpreted as an integer
2025-07-09 00:15:05,416 - ERROR - Unexpected error: 'NoneType' object cannot be interpreted as an integer
2025-07-09 00:15:06,881 - ERROR - Unexpected error: 'NoneType' object cannot be interpreted as an integer
2025-07-09 00:15:09,579 - ERROR - Unexpected error: 'NoneType' object cannot be interpreted as an integer
2025-07-09 00:15:10,778 - ERROR - Unexpected error: 'NoneType' object cannot be interpreted as an integer
2025-07-09 00:15:22,491 - ERROR - Unexpected error: 'NoneType' object cannot be interpreted as an integer
2025-07-09 00:15:26,988 - ERROR - Unexpected error: 'NoneType' object cannot be interpreted as an integer
2025-07-09 00:15:28,005 - ERROR - Unexpected error: 'NoneType' object cannot be interpreted as an integer
2025-07-09 00:15:29,027 - ERROR - Unexpected error: 'NoneType' object cannot be interpreted as an integer
2025-07-09 00:15:35,854 - ERROR - Unexpected error: 'NoneType' object cannot be interpreted as an integer
2025-07-09 00:15:36,335 - ERROR - Unexpected error: 'NoneType' object cannot be interpreted as an integer
2025-07-09 00:15:40,649 - ERROR - Unexpected error: 'NoneType' object cannot be interpreted as an integer
2025-07-09 00:15:44,224 - ERROR - Unexpected error: 'NoneType' object cannot be interpreted as an integer
2025-07-09 00:15:49,615 - ERROR - Unexpected error: 'NoneType' object cannot be interpreted as an integer
2025-07-09 00:15:51,199 - ERROR - Unexpected error: 'NoneType' object cannot be interpreted as an integer
2025-07-09 00:15:53,782 - ERROR - Unexpected error: 'NoneType' object cannot be interpreted as an integer
2025-07-09 00:15:58,851 - ERROR - Unexpected error: 'NoneType' object cannot be interpreted as an integer
2025-07-09 00:16:05,117 - ERROR - Unexpected error: 'NoneType' object cannot be interpreted as an integer
2025-07-09 00:16:13,808 - ERROR - Unexpected error: 'NoneType' object cannot be interpreted as an integer
2025-07-09 00:16:17,952 - ERROR - Unexpected error: 'NoneType' object cannot be interpreted as an integer
2025-07-09 00:16:20,614 - ERROR - Unexpected error: 'NoneType' object cannot be interpreted as an integer
2025-07-09 00:16:22,084 - ERROR - Unexpected error: 'NoneType' object cannot be interpreted as an integer
2025-07-09 00:16:28,429 - ERROR - Unexpected error: 'NoneType' object cannot be interpreted as an integer
2025-07-09 00:16:33,420 - ERROR - Unexpected error: 'NoneType' object cannot be interpreted as an integer
2025-07-09 00:16:36,122 - ERROR - Unexpected error: 'NoneType' object cannot be interpreted as an integer
2025-07-09 00:16:39,464 - ERROR - Unexpected error: 'NoneType' object cannot be interpreted as an integer
2025-07-09 00:16:39,632 - ERROR - Unexpected error: 'NoneType' object cannot be interpreted as an integer
2025-07-09 00:16:44,964 - ERROR - Unexpected error: 'NoneType' object cannot be interpreted as an integer
2025-07-09 00:16:50,130 - ERROR - Unexpected error: 'NoneType' object cannot be interpreted as an integer
2025-07-09 00:16:52,503 - ERROR - Unexpected error: 'NoneType' object cannot be interpreted as an integer
2025-07-09 00:16:53,256 - ERROR - Unexpected error: 'NoneType' object cannot be interpreted as an integer
2025-07-09 00:16:54,021 - ERROR - Unexpected error: 'NoneType' object cannot be interpreted as an integer
2025-07-09 00:16:57,180 - ERROR - Unexpected error: 'NoneType' object cannot be interpreted as an integer
2025-07-09 00:17:03,720 - ERROR - Unexpected error: 'NoneType' object cannot be interpreted as an integer
2025-07-09 00:17:04,557 - ERROR - Unexpected error: 'NoneType' object cannot be interpreted as an integer
2025-07-09 00:17:06,456 - ERROR - Unexpected error: 'NoneType' object cannot be interpreted as an integer
2025-07-09 00:17:07,029 - ERROR - Unexpected error: 'NoneType' object cannot be interpreted as an integer
2025-07-09 00:17:19,280 - ERROR - Unexpected error: 'NoneType' object cannot be interpreted as an integer
2025-07-09 00:17:23,854 - ERROR - Unexpected error: 'NoneType' object cannot be interpreted as an integer
2025-07-09 00:17:34,477 - ERROR - Unexpected error: 'NoneType' object cannot be interpreted as an integer
2025-07-09 00:17:37,139 - ERROR - Unexpected error: 'NoneType' object cannot be interpreted as an integer
2025-07-09 00:17:38,170 - ERROR - Unexpected error: 'NoneType' object cannot be interpreted as an integer
2025-07-09 00:17:40,478 - ERROR - Unexpected error: 'NoneType' object cannot be interpreted as an integer
2025-07-09 00:17:57,072 - ERROR - Unexpected error: 'NoneType' object cannot be interpreted as an integer
2025-07-09 00:18:04,090 - ERROR - Unexpected error: 'NoneType' object cannot be interpreted as an integer
2025-07-09 00:18:08,167 - ERROR - Unexpected error: 'NoneType' object cannot be interpreted as an integer
2025-07-09 00:18:09,371 - ERROR - Unexpected error: 'NoneType' object cannot be interpreted as an integer
2025-07-09 00:18:12,327 - ERROR - Unexpected error: 'NoneType' object cannot be interpreted as an integer
2025-07-09 00:18:14,592 - ERROR - Unexpected error: 'NoneType' object cannot be interpreted as an integer
2025-07-09 00:18:39,457 - ERROR - Unexpected error: 'NoneType' object cannot be interpreted as an integer
2025-07-09 00:18:43,497 - ERROR - Unexpected error: 'NoneType' object cannot be interpreted as an integer
2025-07-09 00:19:00,836 - INFO - Processed 28000 users so far
2025-07-09 00:19:09,912 - ERROR - Unexpected error: 'NoneType' object cannot be interpreted as an integer
2025-07-09 00:19:12,727 - ERROR - Unexpected error: 'NoneType' object cannot be interpreted as an integer
2025-07-09 00:19:16,896 - ERROR - Unexpected error: 'NoneType' object cannot be interpreted as an integer
2025-07-09 00:19:19,475 - ERROR - Unexpected error: 'NoneType' object cannot be interpreted as an integer
2025-07-09 00:19:22,623 - ERROR - Unexpected error: 'NoneType' object cannot be interpreted as an integer
2025-07-09 00:19:28,061 - ERROR - Unexpected error: 'NoneType' object cannot be interpreted as an integer
2025-07-09 00:19:30,722 - ERROR - Unexpected error: 'NoneType' object cannot be interpreted as an integer
2025-07-09 00:19:31,773 - ERROR - Unexpected error: 'NoneType' object cannot be interpreted as an integer
2025-07-09 00:19:32,425 - ERROR - Unexpected error: 'NoneType' object cannot be interpreted as an integer
2025-07-09 00:19:35,441 - ERROR - Unexpected error: 'NoneType' object cannot be interpreted as an integer
2025-07-09 00:19:35,974 - ERROR - Unexpected error: 'NoneType' object cannot be interpreted as an integer
2025-07-09 00:19:36,541 - ERROR - Unexpected error: 'NoneType' object cannot be interpreted as an integer
2025-07-09 00:19:43,228 - ERROR - Unexpected error: 'NoneType' object cannot be interpreted as an integer
2025-07-09 00:19:44,897 - ERROR - Unexpected error: 'NoneType' object cannot be interpreted as an integer
2025-07-09 00:19:58,785 - ERROR - Unexpected error: 'NoneType' object cannot be interpreted as an integer
2025-07-09 00:20:02,875 - ERROR - Unexpected error: 'NoneType' object cannot be interpreted as an integer
2025-07-09 00:20:03,543 - ERROR - Unexpected error: 'NoneType' object cannot be interpreted as an integer
2025-07-09 00:20:06,928 - ERROR - Unexpected error: 'NoneType' object cannot be interpreted as an integer
2025-07-09 00:20:18,562 - ERROR - Unexpected error: 'NoneType' object cannot be interpreted as an integer
2025-07-09 00:20:24,231 - ERROR - Unexpected error: 'NoneType' object cannot be interpreted as an integer
2025-07-09 00:20:26,360 - ERROR - Unexpected error: 'NoneType' object cannot be interpreted as an integer
2025-07-09 00:20:27,433 - ERROR - Unexpected error: 'NoneType' object cannot be interpreted as an integer
2025-07-09 00:20:27,592 - ERROR - Unexpected error: 'NoneType' object cannot be interpreted as an integer
2025-07-09 00:20:38,368 - ERROR - Unexpected error: 'NoneType' object cannot be interpreted as an integer
2025-07-09 00:20:38,675 - ERROR - Unexpected error: 'NoneType' object cannot be interpreted as an integer
2025-07-09 00:20:45,188 - ERROR - Unexpected error: 'NoneType' object cannot be interpreted as an integer
2025-07-09 00:20:46,215 - ERROR - Unexpected error: 'NoneType' object cannot be interpreted as an integer
2025-07-09 00:20:47,639 - ERROR - Unexpected error: 'NoneType' object cannot be interpreted as an integer
2025-07-09 00:20:48,674 - ERROR - Unexpected error: 'NoneType' object cannot be interpreted as an integer
2025-07-09 00:20:59,742 - ERROR - Unexpected error: 'NoneType' object cannot be interpreted as an integer
2025-07-09 00:21:01,755 - ERROR - Unexpected error: 'NoneType' object cannot be interpreted as an integer
2025-07-09 00:21:02,338 - ERROR - Unexpected error: 'NoneType' object cannot be interpreted as an integer
2025-07-09 00:21:02,524 - ERROR - Unexpected error: 'NoneType' object cannot be interpreted as an integer
2025-07-09 00:21:03,233 - ERROR - Unexpected error: 'NoneType' object cannot be interpreted as an integer
2025-07-09 00:21:05,432 - ERROR - Unexpected error: 'NoneType' object cannot be interpreted as an integer
2025-07-09 00:21:07,818 - ERROR - Unexpected error: 'NoneType' object cannot be interpreted as an integer
2025-07-09 00:21:09,873 - ERROR - Unexpected error: 'NoneType' object cannot be interpreted as an integer
2025-07-09 00:21:11,277 - ERROR - Unexpected error: 'NoneType' object cannot be interpreted as an integer
2025-07-09 00:21:12,086 - ERROR - Unexpected error: 'NoneType' object cannot be interpreted as an integer
2025-07-09 00:21:13,805 - ERROR - Unexpected error: 'NoneType' object cannot be interpreted as an integer
2025-07-09 00:21:34,736 - ERROR - Unexpected error: 'NoneType' object cannot be interpreted as an integer
2025-07-09 00:21:35,041 - ERROR - Unexpected error: 'NoneType' object cannot be interpreted as an integer
2025-07-09 00:21:36,510 - ERROR - Unexpected error: 'NoneType' object cannot be interpreted as an integer
2025-07-09 00:21:42,585 - ERROR - Unexpected error: 'NoneType' object cannot be interpreted as an integer
2025-07-09 00:21:47,218 - ERROR - Unexpected error: 'NoneType' object cannot be interpreted as an integer
2025-07-09 00:21:52,651 - ERROR - Unexpected error: 'NoneType' object cannot be interpreted as an integer
2025-07-09 00:21:54,833 - ERROR - Unexpected error: 'NoneType' object cannot be interpreted as an integer
2025-07-09 00:22:05,311 - ERROR - Unexpected error: 'NoneType' object cannot be interpreted as an integer
2025-07-09 00:22:07,846 - ERROR - Unexpected error: 'NoneType' object cannot be interpreted as an integer
2025-07-09 00:22:08,179 - ERROR - Unexpected error: 'NoneType' object cannot be interpreted as an integer
2025-07-09 00:22:15,165 - ERROR - Unexpected error: 'NoneType' object cannot be interpreted as an integer
2025-07-09 00:22:19,214 - ERROR - Unexpected error: 'NoneType' object cannot be interpreted as an integer
2025-07-09 00:22:23,194 - ERROR - Unexpected error: 'NoneType' object cannot be interpreted as an integer
2025-07-09 00:22:25,758 - ERROR - Unexpected error: 'NoneType' object cannot be interpreted as an integer
2025-07-09 00:22:27,219 - ERROR - Unexpected error: 'NoneType' object cannot be interpreted as an integer
2025-07-09 00:22:34,933 - ERROR - Unexpected error: 'NoneType' object cannot be interpreted as an integer
2025-07-09 00:22:36,350 - ERROR - Unexpected error: 'NoneType' object cannot be interpreted as an integer
2025-07-09 00:22:41,227 - ERROR - Unexpected error: 'NoneType' object cannot be interpreted as an integer
2025-07-09 00:22:41,862 - ERROR - Unexpected error: 'NoneType' object cannot be interpreted as an integer
2025-07-09 00:22:44,218 - ERROR - Unexpected error: 'NoneType' object cannot be interpreted as an integer
2025-07-09 00:22:52,818 - ERROR - Unexpected error: 'NoneType' object cannot be interpreted as an integer
2025-07-09 00:22:54,502 - ERROR - Unexpected error: 'NoneType' object cannot be interpreted as an integer
2025-07-09 00:22:54,815 - ERROR - Unexpected error: 'NoneType' object cannot be interpreted as an integer
2025-07-09 00:23:05,684 - ERROR - Unexpected error: 'NoneType' object cannot be interpreted as an integer
2025-07-09 00:23:07,758 - ERROR - Unexpected error: 'NoneType' object cannot be interpreted as an integer
2025-07-09 00:23:15,329 - ERROR - Unexpected error: 'NoneType' object cannot be interpreted as an integer
2025-07-09 00:23:17,949 - ERROR - Unexpected error: 'NoneType' object cannot be interpreted as an integer
2025-07-09 00:23:33,378 - ERROR - Unexpected error: 'NoneType' object cannot be interpreted as an integer
2025-07-09 00:23:34,032 - ERROR - Unexpected error: 'NoneType' object cannot be interpreted as an integer
2025-07-09 00:23:36,301 - ERROR - Unexpected error: 'NoneType' object cannot be interpreted as an integer
2025-07-09 00:23:38,743 - ERROR - Unexpected error: 'NoneType' object cannot be interpreted as an integer
2025-07-09 00:23:39,937 - ERROR - Unexpected error: 'NoneType' object cannot be interpreted as an integer
2025-07-09 00:23:40,412 - ERROR - Unexpected error: 'NoneType' object cannot be interpreted as an integer
2025-07-09 00:23:52,009 - ERROR - Unexpected error: 'NoneType' object cannot be interpreted as an integer
2025-07-09 00:24:21,874 - ERROR - Unexpected error: 'NoneType' object cannot be interpreted as an integer
2025-07-09 00:24:23,275 - ERROR - Unexpected error: 'NoneType' object cannot be interpreted as an integer
2025-07-09 00:24:23,444 - ERROR - Unexpected error: 'NoneType' object cannot be interpreted as an integer
2025-07-09 00:24:26,756 - ERROR - Unexpected error: 'NoneType' object cannot be interpreted as an integer
2025-07-09 00:24:27,093 - ERROR - Unexpected error: 'NoneType' object cannot be interpreted as an integer
2025-07-09 00:24:39,405 - ERROR - Unexpected error: 'NoneType' object cannot be interpreted as an integer
2025-07-09 00:24:40,044 - ERROR - Unexpected error: 'NoneType' object cannot be interpreted as an integer
2025-07-09 00:24:40,615 - ERROR - Unexpected error: 'NoneType' object cannot be interpreted as an integer
2025-07-09 00:24:41,028 - ERROR - Unexpected error: 'NoneType' object cannot be interpreted as an integer
2025-07-09 00:24:41,590 - ERROR - Unexpected error: 'NoneType' object cannot be interpreted as an integer
2025-07-09 00:24:41,749 - ERROR - Unexpected error: 'NoneType' object cannot be interpreted as an integer
2025-07-09 00:24:42,539 - ERROR - Unexpected error: 'NoneType' object cannot be interpreted as an integer
2025-07-09 00:24:44,142 - ERROR - Unexpected error: 'NoneType' object cannot be interpreted as an integer
2025-07-09 00:24:46,989 - ERROR - Unexpected error: 'NoneType' object cannot be interpreted as an integer
2025-07-09 00:24:47,636 - ERROR - Unexpected error: 'NoneType' object cannot be interpreted as an integer
2025-07-09 00:24:48,390 - ERROR - Unexpected error: 'NoneType' object cannot be interpreted as an integer
2025-07-09 00:24:49,027 - ERROR - Unexpected error: 'NoneType' object cannot be interpreted as an integer
2025-07-09 00:24:49,503 - ERROR - Unexpected error: 'NoneType' object cannot be interpreted as an integer
2025-07-09 00:24:49,912 - ERROR - Unexpected error: 'NoneType' object cannot be interpreted as an integer
2025-07-09 00:24:50,318 - ERROR - Unexpected error: 'NoneType' object cannot be interpreted as an integer
2025-07-09 00:24:50,641 - ERROR - Unexpected error: 'NoneType' object cannot be interpreted as an integer
2025-07-09 00:24:50,830 - ERROR - Unexpected error: 'NoneType' object cannot be interpreted as an integer
2025-07-09 00:24:50,995 - ERROR - Unexpected error: 'NoneType' object cannot be interpreted as an integer
2025-07-09 00:24:52,950 - ERROR - Unexpected error: 'NoneType' object cannot be interpreted as an integer
2025-07-09 00:24:55,857 - ERROR - Unexpected error: 'NoneType' object cannot be interpreted as an integer
2025-07-09 00:25:02,520 - ERROR - Unexpected error: 'NoneType' object cannot be interpreted as an integer
2025-07-09 00:25:03,264 - ERROR - Unexpected error: 'NoneType' object cannot be interpreted as an integer
2025-07-09 00:25:04,237 - ERROR - Unexpected error: 'NoneType' object cannot be interpreted as an integer
2025-07-09 00:25:06,274 - ERROR - Unexpected error: 'NoneType' object cannot be interpreted as an integer
2025-07-09 00:25:06,447 - ERROR - Unexpected error: 'NoneType' object cannot be interpreted as an integer
2025-07-09 00:25:06,609 - ERROR - Unexpected error: 'NoneType' object cannot be interpreted as an integer
2025-07-09 00:25:07,384 - ERROR - Unexpected error: 'NoneType' object cannot be interpreted as an integer
2025-07-09 00:25:07,814 - ERROR - Unexpected error: 'NoneType' object cannot be interpreted as an integer
2025-07-09 00:25:10,165 - ERROR - Unexpected error: 'NoneType' object cannot be interpreted as an integer
2025-07-09 00:25:14,600 - ERROR - Unexpected error: 'NoneType' object cannot be interpreted as an integer
2025-07-09 00:25:17,195 - ERROR - Unexpected error: 'NoneType' object cannot be interpreted as an integer
2025-07-09 00:25:17,989 - ERROR - Unexpected error: 'NoneType' object cannot be interpreted as an integer
2025-07-09 00:25:18,146 - ERROR - Unexpected error: 'NoneType' object cannot be interpreted as an integer
2025-07-09 00:25:18,306 - ERROR - Unexpected error: 'NoneType' object cannot be interpreted as an integer
2025-07-09 00:25:18,470 - ERROR - Unexpected error: 'NoneType' object cannot be interpreted as an integer
2025-07-09 00:25:19,431 - ERROR - Unexpected error: 'NoneType' object cannot be interpreted as an integer
2025-07-09 00:25:19,782 - ERROR - Unexpected error: 'NoneType' object cannot be interpreted as an integer
2025-07-09 00:25:21,836 - ERROR - Unexpected error: 'NoneType' object cannot be interpreted as an integer
2025-07-09 00:25:22,003 - ERROR - Unexpected error: 'NoneType' object cannot be interpreted as an integer
2025-07-09 00:25:23,592 - ERROR - Unexpected error: 'NoneType' object cannot be interpreted as an integer
2025-07-09 00:25:25,246 - ERROR - Unexpected error: 'NoneType' object cannot be interpreted as an integer
2025-07-09 00:25:26,816 - ERROR - Unexpected error: 'NoneType' object cannot be interpreted as an integer
2025-07-09 00:25:32,313 - ERROR - Unexpected error: 'NoneType' object cannot be interpreted as an integer
2025-07-09 00:25:33,122 - ERROR - Unexpected error: 'NoneType' object cannot be interpreted as an integer
2025-07-09 00:25:33,535 - ERROR - Unexpected error: 'NoneType' object cannot be interpreted as an integer
2025-07-09 00:25:33,954 - ERROR - Unexpected error: 'NoneType' object cannot be interpreted as an integer
2025-07-09 00:25:36,574 - ERROR - Unexpected error: 'NoneType' object cannot be interpreted as an integer
2025-07-09 00:25:37,473 - ERROR - Unexpected error: 'NoneType' object cannot be interpreted as an integer
2025-07-09 00:25:38,129 - ERROR - Unexpected error: 'NoneType' object cannot be interpreted as an integer
2025-07-09 00:25:38,287 - ERROR - Unexpected error: 'NoneType' object cannot be interpreted as an integer
2025-07-09 00:25:38,904 - ERROR - Unexpected error: 'NoneType' object cannot be interpreted as an integer
2025-07-09 00:25:41,365 - ERROR - Unexpected error: 'NoneType' object cannot be interpreted as an integer
2025-07-09 00:25:41,982 - ERROR - Unexpected error: 'NoneType' object cannot be interpreted as an integer
2025-07-09 00:25:42,942 - ERROR - Unexpected error: 'NoneType' object cannot be interpreted as an integer
2025-07-09 00:25:44,619 - ERROR - Unexpected error: 'NoneType' object cannot be interpreted as an integer
2025-07-09 00:25:49,274 - ERROR - Unexpected error: 'NoneType' object cannot be interpreted as an integer
2025-07-09 00:25:49,610 - ERROR - Unexpected error: 'NoneType' object cannot be interpreted as an integer
2025-07-09 00:25:49,789 - ERROR - Unexpected error: 'NoneType' object cannot be interpreted as an integer
2025-07-09 00:25:50,965 - ERROR - Unexpected error: 'NoneType' object cannot be interpreted as an integer
2025-07-09 00:25:52,202 - ERROR - Unexpected error: 'NoneType' object cannot be interpreted as an integer
2025-07-09 00:25:53,378 - ERROR - Unexpected error: 'NoneType' object cannot be interpreted as an integer
2025-07-09 00:25:53,968 - ERROR - Unexpected error: 'NoneType' object cannot be interpreted as an integer
2025-07-09 00:25:55,035 - ERROR - Unexpected error: 'NoneType' object cannot be interpreted as an integer
2025-07-09 00:25:58,454 - ERROR - Unexpected error: 'NoneType' object cannot be interpreted as an integer
2025-07-09 00:25:58,894 - ERROR - Unexpected error: 'NoneType' object cannot be interpreted as an integer
2025-07-09 00:26:00,823 - ERROR - Unexpected error: 'NoneType' object cannot be interpreted as an integer
2025-07-09 00:26:01,534 - ERROR - Unexpected error: 'NoneType' object cannot be interpreted as an integer
2025-07-09 00:26:03,117 - ERROR - Unexpected error: 'NoneType' object cannot be interpreted as an integer
2025-07-09 00:26:10,123 - ERROR - Unexpected error: 'NoneType' object cannot be interpreted as an integer
2025-07-09 00:26:12,593 - ERROR - Unexpected error: 'NoneType' object cannot be interpreted as an integer
2025-07-09 00:26:13,018 - ERROR - Unexpected error: 'NoneType' object cannot be interpreted as an integer
2025-07-09 00:26:13,174 - ERROR - Unexpected error: 'NoneType' object cannot be interpreted as an integer
2025-07-09 00:26:14,583 - ERROR - Unexpected error: 'NoneType' object cannot be interpreted as an integer
2025-07-09 00:26:14,994 - ERROR - Unexpected error: 'NoneType' object cannot be interpreted as an integer
2025-07-09 00:26:17,766 - ERROR - Unexpected error: 'NoneType' object cannot be interpreted as an integer
2025-07-09 00:26:18,099 - ERROR - Unexpected error: 'NoneType' object cannot be interpreted as an integer
2025-07-09 00:26:18,566 - ERROR - Unexpected error: 'NoneType' object cannot be interpreted as an integer
2025-07-09 00:26:25,007 - ERROR - Unexpected error: 'NoneType' object cannot be interpreted as an integer
2025-07-09 00:26:25,425 - ERROR - Unexpected error: 'NoneType' object cannot be interpreted as an integer
2025-07-09 00:26:25,747 - ERROR - Unexpected error: 'NoneType' object cannot be interpreted as an integer
2025-07-09 00:26:27,760 - ERROR - Unexpected error: 'NoneType' object cannot be interpreted as an integer
2025-07-09 00:26:28,413 - ERROR - Unexpected error: 'NoneType' object cannot be interpreted as an integer
2025-07-09 00:26:34,867 - ERROR - Unexpected error: 'NoneType' object cannot be interpreted as an integer
2025-07-09 00:26:37,497 - ERROR - Unexpected error: 'NoneType' object cannot be interpreted as an integer
2025-07-09 00:26:38,877 - ERROR - Unexpected error: 'NoneType' object cannot be interpreted as an integer
2025-07-09 00:26:41,368 - ERROR - Unexpected error: 'NoneType' object cannot be interpreted as an integer
2025-07-09 00:26:41,739 - ERROR - Unexpected error: 'NoneType' object cannot be interpreted as an integer
2025-07-09 00:26:43,731 - ERROR - Unexpected error: 'NoneType' object cannot be interpreted as an integer
2025-07-09 00:26:47,493 - ERROR - Unexpected error: 'NoneType' object cannot be interpreted as an integer
2025-07-09 00:26:47,672 - ERROR - Unexpected error: 'NoneType' object cannot be interpreted as an integer
2025-07-09 00:26:47,839 - ERROR - Unexpected error: 'NoneType' object cannot be interpreted as an integer
2025-07-09 00:26:48,156 - ERROR - Unexpected error: 'NoneType' object cannot be interpreted as an integer
2025-07-09 00:26:51,003 - ERROR - Unexpected error: 'NoneType' object cannot be interpreted as an integer
2025-07-09 00:26:53,292 - ERROR - Unexpected error: 'NoneType' object cannot be interpreted as an integer
2025-07-09 00:26:53,748 - ERROR - Unexpected error: 'NoneType' object cannot be interpreted as an integer
2025-07-09 00:26:58,258 - ERROR - Unexpected error: 'NoneType' object cannot be interpreted as an integer
2025-07-09 00:27:01,200 - ERROR - Unexpected error: 'NoneType' object cannot be interpreted as an integer
2025-07-09 00:27:02,697 - ERROR - Unexpected error: 'NoneType' object cannot be interpreted as an integer
2025-07-09 00:27:04,881 - ERROR - Unexpected error: 'NoneType' object cannot be interpreted as an integer
2025-07-09 00:27:05,041 - ERROR - Unexpected error: 'NoneType' object cannot be interpreted as an integer
2025-07-09 00:27:05,749 - ERROR - Unexpected error: 'NoneType' object cannot be interpreted as an integer
2025-07-09 00:27:13,264 - ERROR - Unexpected error: 'NoneType' object cannot be interpreted as an integer
2025-07-09 00:27:13,433 - ERROR - Unexpected error: 'NoneType' object cannot be interpreted as an integer
2025-07-09 00:27:13,598 - ERROR - Unexpected error: 'NoneType' object cannot be interpreted as an integer
2025-07-09 00:27:13,765 - ERROR - Unexpected error: 'NoneType' object cannot be interpreted as an integer
2025-07-09 00:27:13,923 - ERROR - Unexpected error: 'NoneType' object cannot be interpreted as an integer
2025-07-09 00:27:16,066 - ERROR - Unexpected error: 'NoneType' object cannot be interpreted as an integer
2025-07-09 00:27:17,328 - ERROR - Unexpected error: 'NoneType' object cannot be interpreted as an integer
2025-07-09 00:27:18,451 - ERROR - Unexpected error: 'NoneType' object cannot be interpreted as an integer
2025-07-09 00:27:20,991 - ERROR - Unexpected error: 'NoneType' object cannot be interpreted as an integer
2025-07-09 00:27:21,441 - ERROR - Unexpected error: 'NoneType' object cannot be interpreted as an integer
2025-07-09 00:27:24,403 - ERROR - Unexpected error: 'NoneType' object cannot be interpreted as an integer
2025-07-09 00:27:24,569 - ERROR - Unexpected error: 'NoneType' object cannot be interpreted as an integer
2025-07-09 00:27:26,152 - ERROR - Unexpected error: 'NoneType' object cannot be interpreted as an integer
2025-07-09 00:27:27,181 - ERROR - Unexpected error: 'NoneType' object cannot be interpreted as an integer
2025-07-09 00:27:29,996 - ERROR - Unexpected error: 'NoneType' object cannot be interpreted as an integer
2025-07-09 00:27:32,600 - ERROR - Unexpected error: 'NoneType' object cannot be interpreted as an integer
2025-07-09 00:27:34,642 - ERROR - Unexpected error: 'NoneType' object cannot be interpreted as an integer
2025-07-09 00:27:36,490 - ERROR - Unexpected error: 'NoneType' object cannot be interpreted as an integer
2025-07-09 00:27:37,173 - ERROR - Unexpected error: 'NoneType' object cannot be interpreted as an integer
2025-07-09 00:27:37,358 - ERROR - Unexpected error: 'NoneType' object cannot be interpreted as an integer
2025-07-09 00:27:37,890 - ERROR - Unexpected error: 'NoneType' object cannot be interpreted as an integer
2025-07-09 00:27:40,215 - ERROR - Unexpected error: 'NoneType' object cannot be interpreted as an integer
2025-07-09 00:27:42,230 - ERROR - Unexpected error: 'NoneType' object cannot be interpreted as an integer
2025-07-09 00:27:45,058 - ERROR - Unexpected error: 'NoneType' object cannot be interpreted as an integer
2025-07-09 00:27:46,038 - ERROR - Unexpected error: 'NoneType' object cannot be interpreted as an integer
2025-07-09 00:27:48,449 - ERROR - Unexpected error: 'NoneType' object cannot be interpreted as an integer
2025-07-09 00:27:48,617 - ERROR - Unexpected error: 'NoneType' object cannot be interpreted as an integer
2025-07-09 00:27:49,270 - ERROR - Unexpected error: 'NoneType' object cannot be interpreted as an integer
2025-07-09 00:27:51,399 - ERROR - Unexpected error: 'NoneType' object cannot be interpreted as an integer
2025-07-09 00:27:52,172 - ERROR - Unexpected error: 'NoneType' object cannot be interpreted as an integer
2025-07-09 00:27:54,393 - ERROR - Unexpected error: 'NoneType' object cannot be interpreted as an integer
2025-07-09 00:27:59,648 - ERROR - Unexpected error: 'NoneType' object cannot be interpreted as an integer
2025-07-09 00:28:01,899 - ERROR - Unexpected error: 'NoneType' object cannot be interpreted as an integer
2025-07-09 00:28:04,829 - ERROR - Unexpected error: 'NoneType' object cannot be interpreted as an integer
2025-07-09 00:28:07,881 - ERROR - Unexpected error: 'NoneType' object cannot be interpreted as an integer
2025-07-09 00:28:08,041 - ERROR - Unexpected error: 'NoneType' object cannot be interpreted as an integer
2025-07-09 00:28:08,219 - ERROR - Unexpected error: 'NoneType' object cannot be interpreted as an integer
2025-07-09 00:28:08,549 - ERROR - Unexpected error: 'NoneType' object cannot be interpreted as an integer
2025-07-09 00:28:10,434 - ERROR - Unexpected error: 'NoneType' object cannot be interpreted as an integer
2025-07-09 00:28:10,756 - ERROR - Unexpected error: 'NoneType' object cannot be interpreted as an integer
2025-07-09 00:28:12,409 - ERROR - Unexpected error: 'NoneType' object cannot be interpreted as an integer
2025-07-09 00:28:16,332 - ERROR - Unexpected error: 'NoneType' object cannot be interpreted as an integer
2025-07-09 00:28:17,437 - ERROR - Unexpected error: 'NoneType' object cannot be interpreted as an integer
2025-07-09 00:28:18,529 - ERROR - Unexpected error: 'NoneType' object cannot be interpreted as an integer
2025-07-09 00:28:19,282 - ERROR - Unexpected error: 'NoneType' object cannot be interpreted as an integer
2025-07-09 00:28:21,441 - ERROR - Unexpected error: 'NoneType' object cannot be interpreted as an integer
2025-07-09 00:28:23,115 - ERROR - Unexpected error: 'NoneType' object cannot be interpreted as an integer
2025-07-09 00:28:23,446 - ERROR - Unexpected error: 'NoneType' object cannot be interpreted as an integer
2025-07-09 00:28:24,308 - ERROR - Unexpected error: 'NoneType' object cannot be interpreted as an integer
2025-07-09 00:28:25,547 - ERROR - Unexpected error: 'NoneType' object cannot be interpreted as an integer
2025-07-09 00:28:26,345 - ERROR - Unexpected error: 'NoneType' object cannot be interpreted as an integer
2025-07-09 00:28:26,502 - ERROR - Unexpected error: 'NoneType' object cannot be interpreted as an integer
2025-07-09 00:28:26,660 - ERROR - Unexpected error: 'NoneType' object cannot be interpreted as an integer
2025-07-09 00:28:27,513 - ERROR - Unexpected error: 'NoneType' object cannot be interpreted as an integer
2025-07-09 00:28:27,670 - ERROR - Unexpected error: 'NoneType' object cannot be interpreted as an integer
2025-07-09 00:28:27,847 - ERROR - Unexpected error: 'NoneType' object cannot be interpreted as an integer
2025-07-09 00:28:28,170 - ERROR - Unexpected error: 'NoneType' object cannot be interpreted as an integer
2025-07-09 00:28:30,579 - ERROR - Unexpected error: 'NoneType' object cannot be interpreted as an integer
2025-07-09 00:28:30,900 - ERROR - Unexpected error: 'NoneType' object cannot be interpreted as an integer
2025-07-09 00:28:33,445 - ERROR - Unexpected error: 'NoneType' object cannot be interpreted as an integer
2025-07-09 00:28:33,775 - ERROR - Unexpected error: 'NoneType' object cannot be interpreted as an integer
2025-07-09 00:28:33,937 - ERROR - Unexpected error: 'NoneType' object cannot be interpreted as an integer
2025-07-09 00:28:34,505 - ERROR - Unexpected error: 'NoneType' object cannot be interpreted as an integer
2025-07-09 00:28:34,667 - ERROR - Unexpected error: 'NoneType' object cannot be interpreted as an integer
2025-07-09 00:28:35,468 - ERROR - Unexpected error: 'NoneType' object cannot be interpreted as an integer
2025-07-09 00:28:35,804 - ERROR - Unexpected error: 'NoneType' object cannot be interpreted as an integer
2025-07-09 00:28:36,853 - ERROR - Unexpected error: 'NoneType' object cannot be interpreted as an integer
2025-07-09 00:28:37,011 - ERROR - Unexpected error: 'NoneType' object cannot be interpreted as an integer
2025-07-09 00:28:38,562 - ERROR - Unexpected error: 'NoneType' object cannot be interpreted as an integer
2025-07-09 00:28:40,876 - ERROR - Unexpected error: 'NoneType' object cannot be interpreted as an integer
2025-07-09 00:28:41,293 - ERROR - Unexpected error: 'NoneType' object cannot be interpreted as an integer
2025-07-09 00:28:44,948 - ERROR - Unexpected error: 'NoneType' object cannot be interpreted as an integer
2025-07-09 00:28:46,918 - ERROR - Unexpected error: 'NoneType' object cannot be interpreted as an integer
2025-07-09 00:28:47,413 - ERROR - Unexpected error: 'NoneType' object cannot be interpreted as an integer
2025-07-09 00:28:47,962 - ERROR - Unexpected error: 'NoneType' object cannot be interpreted as an integer
2025-07-09 00:28:48,375 - ERROR - Unexpected error: 'NoneType' object cannot be interpreted as an integer
2025-07-09 00:28:49,202 - ERROR - Unexpected error: 'NoneType' object cannot be interpreted as an integer
2025-07-09 00:28:49,396 - ERROR - Unexpected error: 'NoneType' object cannot be interpreted as an integer
2025-07-09 00:28:49,984 - ERROR - Unexpected error: 'NoneType' object cannot be interpreted as an integer
2025-07-09 00:28:50,855 - ERROR - Unexpected error: 'NoneType' object cannot be interpreted as an integer
2025-07-09 00:28:51,024 - ERROR - Unexpected error: 'NoneType' object cannot be interpreted as an integer
2025-07-09 00:28:51,188 - ERROR - Unexpected error: 'NoneType' object cannot be interpreted as an integer
2025-07-09 00:28:52,482 - ERROR - Unexpected error: 'NoneType' object cannot be interpreted as an integer
2025-07-09 00:28:53,361 - ERROR - Unexpected error: 'NoneType' object cannot be interpreted as an integer
2025-07-09 00:28:54,910 - ERROR - Unexpected error: 'NoneType' object cannot be interpreted as an integer
2025-07-09 00:28:55,421 - ERROR - Unexpected error: 'NoneType' object cannot be interpreted as an integer
2025-07-09 00:28:56,172 - ERROR - Unexpected error: 'NoneType' object cannot be interpreted as an integer
2025-07-09 00:28:56,336 - ERROR - Unexpected error: 'NoneType' object cannot be interpreted as an integer
2025-07-09 00:28:57,129 - ERROR - Unexpected error: 'NoneType' object cannot be interpreted as an integer
2025-07-09 00:29:03,198 - ERROR - Unexpected error: 'NoneType' object cannot be interpreted as an integer
2025-07-09 00:29:03,524 - ERROR - Unexpected error: 'NoneType' object cannot be interpreted as an integer
2025-07-09 00:29:03,691 - ERROR - Unexpected error: 'NoneType' object cannot be interpreted as an integer
2025-07-09 00:29:06,423 - ERROR - Unexpected error: 'NoneType' object cannot be interpreted as an integer
2025-07-09 00:29:06,586 - ERROR - Unexpected error: 'NoneType' object cannot be interpreted as an integer
2025-07-09 00:29:07,470 - ERROR - Unexpected error: 'NoneType' object cannot be interpreted as an integer
2025-07-09 00:29:07,644 - ERROR - Unexpected error: 'NoneType' object cannot be interpreted as an integer
2025-07-09 00:29:09,209 - ERROR - Unexpected error: 'NoneType' object cannot be interpreted as an integer
2025-07-09 00:29:12,190 - ERROR - Unexpected error: 'NoneType' object cannot be interpreted as an integer
2025-07-09 00:29:12,746 - ERROR - Unexpected error: 'NoneType' object cannot be interpreted as an integer
2025-07-09 00:29:15,205 - ERROR - Unexpected error: 'NoneType' object cannot be interpreted as an integer
2025-07-09 00:29:15,501 - ERROR - Unexpected error: 'NoneType' object cannot be interpreted as an integer
2025-07-09 00:29:17,239 - ERROR - Unexpected error: 'NoneType' object cannot be interpreted as an integer
2025-07-09 00:29:20,601 - ERROR - Unexpected error: 'NoneType' object cannot be interpreted as an integer
2025-07-09 00:29:21,024 - ERROR - Unexpected error: 'NoneType' object cannot be interpreted as an integer
2025-07-09 00:29:23,028 - ERROR - Unexpected error: 'NoneType' object cannot be interpreted as an integer
2025-07-09 00:29:24,847 - ERROR - Unexpected error: 'NoneType' object cannot be interpreted as an integer
2025-07-09 00:29:25,180 - ERROR - Unexpected error: 'NoneType' object cannot be interpreted as an integer
2025-07-09 00:29:25,756 - ERROR - Unexpected error: 'NoneType' object cannot be interpreted as an integer
2025-07-09 00:29:26,233 - ERROR - Unexpected error: 'NoneType' object cannot be interpreted as an integer
2025-07-09 00:29:27,437 - ERROR - Unexpected error: 'NoneType' object cannot be interpreted as an integer
2025-07-09 00:29:29,048 - ERROR - Unexpected error: 'NoneType' object cannot be interpreted as an integer
2025-07-09 00:29:29,962 - ERROR - Unexpected error: 'NoneType' object cannot be interpreted as an integer
2025-07-09 00:29:30,130 - ERROR - Unexpected error: 'NoneType' object cannot be interpreted as an integer
2025-07-09 00:29:35,654 - ERROR - Unexpected error: 'NoneType' object cannot be interpreted as an integer
2025-07-09 00:29:36,948 - ERROR - Unexpected error: 'NoneType' object cannot be interpreted as an integer
2025-07-09 00:29:37,562 - ERROR - Unexpected error: 'NoneType' object cannot be interpreted as an integer
2025-07-09 00:29:40,665 - ERROR - Unexpected error: 'NoneType' object cannot be interpreted as an integer
2025-07-09 00:29:43,282 - ERROR - Unexpected error: 'NoneType' object cannot be interpreted as an integer
2025-07-09 00:29:44,098 - ERROR - Unexpected error: 'NoneType' object cannot be interpreted as an integer
2025-07-09 00:29:44,258 - ERROR - Unexpected error: 'NoneType' object cannot be interpreted as an integer
2025-07-09 00:29:46,382 - ERROR - Unexpected error: 'NoneType' object cannot be interpreted as an integer
2025-07-09 00:29:47,374 - ERROR - Unexpected error: 'NoneType' object cannot be interpreted as an integer
2025-07-09 00:29:50,298 - ERROR - Unexpected error: 'NoneType' object cannot be interpreted as an integer
2025-07-09 00:29:51,066 - ERROR - Unexpected error: 'NoneType' object cannot be interpreted as an integer
2025-07-09 00:29:51,692 - ERROR - Unexpected error: 'NoneType' object cannot be interpreted as an integer
2025-07-09 00:29:54,755 - ERROR - Unexpected error: 'NoneType' object cannot be interpreted as an integer
2025-07-09 00:29:55,666 - ERROR - Unexpected error: 'NoneType' object cannot be interpreted as an integer
2025-07-09 00:29:56,238 - ERROR - Unexpected error: 'NoneType' object cannot be interpreted as an integer
2025-07-09 00:29:58,588 - ERROR - Unexpected error: 'NoneType' object cannot be interpreted as an integer
2025-07-09 00:30:06,982 - ERROR - Unexpected error: 'NoneType' object cannot be interpreted as an integer
2025-07-09 00:30:07,843 - ERROR - Unexpected error: 'NoneType' object cannot be interpreted as an integer
2025-07-09 00:30:08,492 - ERROR - Unexpected error: 'NoneType' object cannot be interpreted as an integer
2025-07-09 00:30:08,652 - ERROR - Unexpected error: 'NoneType' object cannot be interpreted as an integer
2025-07-09 00:30:08,816 - ERROR - Unexpected error: 'NoneType' object cannot be interpreted as an integer
2025-07-09 00:30:10,826 - ERROR - Unexpected error: 'NoneType' object cannot be interpreted as an integer
2025-07-09 00:30:13,419 - ERROR - Unexpected error: 'NoneType' object cannot be interpreted as an integer
2025-07-09 00:30:15,394 - ERROR - Unexpected error: 'NoneType' object cannot be interpreted as an integer
2025-07-09 00:30:17,538 - ERROR - Unexpected error: 'NoneType' object cannot be interpreted as an integer
2025-07-09 00:30:18,374 - ERROR - Unexpected error: 'NoneType' object cannot be interpreted as an integer
2025-07-09 00:30:21,997 - ERROR - Unexpected error: 'NoneType' object cannot be interpreted as an integer
2025-07-09 00:30:23,117 - ERROR - Unexpected error: 'NoneType' object cannot be interpreted as an integer
2025-07-09 00:30:25,892 - ERROR - Unexpected error: 'NoneType' object cannot be interpreted as an integer
2025-07-09 00:30:27,099 - ERROR - Unexpected error: 'NoneType' object cannot be interpreted as an integer
2025-07-09 00:30:27,563 - ERROR - Unexpected error: 'NoneType' object cannot be interpreted as an integer
2025-07-09 00:30:28,132 - ERROR - Unexpected error: 'NoneType' object cannot be interpreted as an integer
2025-07-09 00:30:29,594 - ERROR - Unexpected error: 'NoneType' object cannot be interpreted as an integer
2025-07-09 00:30:33,069 - ERROR - Unexpected error: 'NoneType' object cannot be interpreted as an integer
2025-07-09 00:30:34,547 - ERROR - Unexpected error: 'NoneType' object cannot be interpreted as an integer
2025-07-09 00:30:35,003 - ERROR - Unexpected error: 'NoneType' object cannot be interpreted as an integer
2025-07-09 00:30:35,789 - INFO - Processed 30000 users so far
2025-07-09 00:30:35,949 - ERROR - Unexpected error: 'NoneType' object cannot be interpreted as an integer
2025-07-09 00:30:37,757 - ERROR - Unexpected error: 'NoneType' object cannot be interpreted as an integer
2025-07-09 00:30:38,230 - ERROR - Unexpected error: 'NoneType' object cannot be interpreted as an integer
2025-07-09 00:30:39,031 - ERROR - Unexpected error: 'NoneType' object cannot be interpreted as an integer
2025-07-09 00:30:39,317 - ERROR - Unexpected error: 'NoneType' object cannot be interpreted as an integer
2025-07-09 00:30:40,046 - ERROR - Unexpected error: 'NoneType' object cannot be interpreted as an integer
2025-07-09 00:30:40,205 - ERROR - Unexpected error: 'NoneType' object cannot be interpreted as an integer
2025-07-09 00:30:40,816 - ERROR - Unexpected error: 'NoneType' object cannot be interpreted as an integer
2025-07-09 00:30:40,986 - ERROR - Unexpected error: 'NoneType' object cannot be interpreted as an integer
2025-07-09 00:30:41,142 - ERROR - Unexpected error: 'NoneType' object cannot be interpreted as an integer
2025-07-09 00:30:43,728 - ERROR - Unexpected error: 'NoneType' object cannot be interpreted as an integer
2025-07-09 00:30:44,197 - ERROR - Unexpected error: 'NoneType' object cannot be interpreted as an integer
2025-07-09 00:30:44,778 - ERROR - Unexpected error: 'NoneType' object cannot be interpreted as an integer
2025-07-09 00:30:46,092 - ERROR - Unexpected error: 'NoneType' object cannot be interpreted as an integer
2025-07-09 00:30:48,895 - ERROR - Unexpected error: 'NoneType' object cannot be interpreted as an integer
2025-07-09 00:30:50,926 - ERROR - Unexpected error: 'NoneType' object cannot be interpreted as an integer
2025-07-09 00:30:52,668 - ERROR - Unexpected error: 'NoneType' object cannot be interpreted as an integer
2025-07-09 00:30:53,291 - ERROR - Unexpected error: 'NoneType' object cannot be interpreted as an integer
2025-07-09 00:30:54,002 - ERROR - Unexpected error: 'NoneType' object cannot be interpreted as an integer
2025-07-09 00:30:54,163 - ERROR - Unexpected error: 'NoneType' object cannot be interpreted as an integer
2025-07-09 00:30:54,705 - ERROR - Unexpected error: 'NoneType' object cannot be interpreted as an integer
2025-07-09 00:31:01,206 - ERROR - Unexpected error: 'NoneType' object cannot be interpreted as an integer
2025-07-09 00:31:03,550 - ERROR - Unexpected error: 'NoneType' object cannot be interpreted as an integer
2025-07-09 00:31:03,711 - ERROR - Unexpected error: 'NoneType' object cannot be interpreted as an integer
2025-07-09 00:31:05,336 - ERROR - Unexpected error: 'NoneType' object cannot be interpreted as an integer
2025-07-09 00:31:07,416 - ERROR - Unexpected error: 'NoneType' object cannot be interpreted as an integer
2025-07-09 00:31:10,269 - ERROR - Unexpected error: 'NoneType' object cannot be interpreted as an integer
2025-07-09 00:31:14,327 - ERROR - Unexpected error: 'NoneType' object cannot be interpreted as an integer
2025-07-09 00:31:15,566 - ERROR - Unexpected error: 'NoneType' object cannot be interpreted as an integer
2025-07-09 00:31:15,722 - ERROR - Unexpected error: 'NoneType' object cannot be interpreted as an integer
2025-07-09 00:31:16,131 - ERROR - Unexpected error: 'NoneType' object cannot be interpreted as an integer
2025-07-09 00:31:16,291 - ERROR - Unexpected error: 'NoneType' object cannot be interpreted as an integer
2025-07-09 00:31:16,582 - ERROR - Unexpected error: 'NoneType' object cannot be interpreted as an integer
2025-07-09 00:31:16,745 - ERROR - Unexpected error: 'NoneType' object cannot be interpreted as an integer
2025-07-09 00:31:18,565 - ERROR - Unexpected error: 'NoneType' object cannot be interpreted as an integer
2025-07-09 00:31:20,188 - ERROR - Unexpected error: 'NoneType' object cannot be interpreted as an integer
2025-07-09 00:31:20,673 - ERROR - Unexpected error: 'NoneType' object cannot be interpreted as an integer
2025-07-09 00:31:23,358 - ERROR - Unexpected error: 'NoneType' object cannot be interpreted as an integer
2025-07-09 00:31:26,304 - ERROR - Unexpected error: 'NoneType' object cannot be interpreted as an integer
2025-07-09 00:31:27,318 - ERROR - Unexpected error: 'NoneType' object cannot be interpreted as an integer
2025-07-09 00:31:31,251 - ERROR - Unexpected error: 'NoneType' object cannot be interpreted as an integer
2025-07-09 00:31:31,441 - ERROR - Unexpected error: 'NoneType' object cannot be interpreted as an integer
2025-07-09 00:31:31,758 - ERROR - Unexpected error: 'NoneType' object cannot be interpreted as an integer
2025-07-09 00:31:32,168 - ERROR - Unexpected error: 'NoneType' object cannot be interpreted as an integer
2025-07-09 00:31:32,346 - ERROR - Unexpected error: 'NoneType' object cannot be interpreted as an integer
2025-07-09 00:31:32,501 - ERROR - Unexpected error: 'NoneType' object cannot be interpreted as an integer
2025-07-09 00:31:33,460 - ERROR - Unexpected error: 'NoneType' object cannot be interpreted as an integer
2025-07-09 00:31:35,553 - ERROR - Unexpected error: 'NoneType' object cannot be interpreted as an integer
2025-07-09 00:31:38,165 - ERROR - Unexpected error: 'NoneType' object cannot be interpreted as an integer
2025-07-09 00:31:38,649 - ERROR - Unexpected error: 'NoneType' object cannot be interpreted as an integer
2025-07-09 00:31:40,236 - ERROR - Unexpected error: 'NoneType' object cannot be interpreted as an integer
2025-07-09 00:31:41,232 - ERROR - Unexpected error: 'NoneType' object cannot be interpreted as an integer
2025-07-09 00:31:43,178 - ERROR - Unexpected error: 'NoneType' object cannot be interpreted as an integer
2025-07-09 00:31:44,199 - ERROR - Unexpected error: 'NoneType' object cannot be interpreted as an integer
2025-07-09 00:31:45,338 - ERROR - Unexpected error: 'NoneType' object cannot be interpreted as an integer
2025-07-09 00:31:46,152 - ERROR - Unexpected error: 'NoneType' object cannot be interpreted as an integer
2025-07-09 00:31:47,778 - ERROR - Unexpected error: 'NoneType' object cannot be interpreted as an integer
2025-07-09 00:31:48,771 - ERROR - Unexpected error: 'NoneType' object cannot be interpreted as an integer
2025-07-09 00:31:48,935 - ERROR - Unexpected error: 'NoneType' object cannot be interpreted as an integer
2025-07-09 00:31:49,095 - ERROR - Unexpected error: 'NoneType' object cannot be interpreted as an integer
2025-07-09 00:31:51,943 - ERROR - Unexpected error: 'NoneType' object cannot be interpreted as an integer
2025-07-09 00:31:52,521 - ERROR - Unexpected error: 'NoneType' object cannot be interpreted as an integer
2025-07-09 00:31:53,096 - ERROR - Unexpected error: 'NoneType' object cannot be interpreted as an integer
2025-07-09 00:31:53,265 - ERROR - Unexpected error: 'NoneType' object cannot be interpreted as an integer
2025-07-09 00:31:53,428 - ERROR - Unexpected error: 'NoneType' object cannot be interpreted as an integer
2025-07-09 00:31:54,308 - ERROR - Unexpected error: 'NoneType' object cannot be interpreted as an integer
2025-07-09 00:31:55,370 - ERROR - Unexpected error: 'NoneType' object cannot be interpreted as an integer
2025-07-09 00:32:02,123 - ERROR - Unexpected error: 'NoneType' object cannot be interpreted as an integer
2025-07-09 00:32:04,509 - ERROR - Unexpected error: 'NoneType' object cannot be interpreted as an integer
2025-07-09 00:32:07,271 - ERROR - Unexpected error: 'NoneType' object cannot be interpreted as an integer
2025-07-09 00:32:10,470 - ERROR - Unexpected error: 'NoneType' object cannot be interpreted as an integer
2025-07-09 00:32:11,628 - ERROR - Unexpected error: 'NoneType' object cannot be interpreted as an integer
2025-07-09 00:32:12,039 - ERROR - Unexpected error: 'NoneType' object cannot be interpreted as an integer
2025-07-09 00:32:12,447 - ERROR - Unexpected error: 'NoneType' object cannot be interpreted as an integer
2025-07-09 00:32:16,820 - ERROR - Unexpected error: 'NoneType' object cannot be interpreted as an integer
2025-07-09 00:32:28,316 - ERROR - Unexpected error: 'NoneType' object cannot be interpreted as an integer
2025-07-09 00:32:28,490 - ERROR - Unexpected error: 'NoneType' object cannot be interpreted as an integer
2025-07-09 00:32:32,922 - ERROR - Unexpected error: 'NoneType' object cannot be interpreted as an integer
2025-07-09 00:32:33,501 - ERROR - Unexpected error: 'NoneType' object cannot be interpreted as an integer
2025-07-09 00:32:33,667 - ERROR - Unexpected error: 'NoneType' object cannot be interpreted as an integer
2025-07-09 00:32:35,060 - ERROR - Unexpected error: 'NoneType' object cannot be interpreted as an integer
2025-07-09 00:32:36,117 - ERROR - Unexpected error: 'NoneType' object cannot be interpreted as an integer
2025-07-09 00:32:36,521 - ERROR - Unexpected error: 'NoneType' object cannot be interpreted as an integer
2025-07-09 00:32:38,013 - ERROR - Unexpected error: 'NoneType' object cannot be interpreted as an integer
2025-07-09 00:32:39,567 - ERROR - Unexpected error: 'NoneType' object cannot be interpreted as an integer
2025-07-09 00:32:40,085 - ERROR - Unexpected error: 'NoneType' object cannot be interpreted as an integer
2025-07-09 00:32:44,066 - ERROR - Unexpected error: 'NoneType' object cannot be interpreted as an integer
2025-07-09 00:32:44,806 - ERROR - Unexpected error: 'NoneType' object cannot be interpreted as an integer
2025-07-09 00:32:47,218 - ERROR - Unexpected error: 'NoneType' object cannot be interpreted as an integer
2025-07-09 00:32:47,849 - ERROR - Unexpected error: 'NoneType' object cannot be interpreted as an integer
2025-07-09 00:32:48,340 - ERROR - Unexpected error: 'NoneType' object cannot be interpreted as an integer
2025-07-09 00:32:48,588 - ERROR - Unexpected error: 'NoneType' object cannot be interpreted as an integer
2025-07-09 00:32:50,348 - ERROR - Unexpected error: 'NoneType' object cannot be interpreted as an integer
2025-07-09 00:32:50,800 - ERROR - Unexpected error: 'NoneType' object cannot be interpreted as an integer
2025-07-09 00:32:54,078 - ERROR - Unexpected error: 'NoneType' object cannot be interpreted as an integer
2025-07-09 00:32:56,645 - ERROR - Unexpected error: 'NoneType' object cannot be interpreted as an integer
2025-07-09 00:32:56,804 - ERROR - Unexpected error: 'NoneType' object cannot be interpreted as an integer
2025-07-09 00:32:57,658 - ERROR - Unexpected error: 'NoneType' object cannot be interpreted as an integer
2025-07-09 00:32:58,065 - ERROR - Unexpected error: 'NoneType' object cannot be interpreted as an integer
2025-07-09 00:32:58,246 - ERROR - Unexpected error: 'NoneType' object cannot be interpreted as an integer
2025-07-09 00:33:00,697 - ERROR - Unexpected error: 'NoneType' object cannot be interpreted as an integer
2025-07-09 00:33:04,167 - ERROR - Unexpected error: 'NoneType' object cannot be interpreted as an integer
2025-07-09 00:33:04,364 - ERROR - Unexpected error: 'NoneType' object cannot be interpreted as an integer
2025-07-09 00:33:05,523 - ERROR - Unexpected error: 'NoneType' object cannot be interpreted as an integer
2025-07-09 00:33:07,221 - ERROR - Unexpected error: 'NoneType' object cannot be interpreted as an integer
2025-07-09 00:33:07,673 - ERROR - Unexpected error: 'NoneType' object cannot be interpreted as an integer
2025-07-09 00:33:07,846 - ERROR - Unexpected error: 'NoneType' object cannot be interpreted as an integer
2025-07-09 00:33:09,687 - ERROR - Unexpected error: 'NoneType' object cannot be interpreted as an integer
2025-07-09 00:33:10,275 - ERROR - Unexpected error: 'NoneType' object cannot be interpreted as an integer
2025-07-09 00:33:13,567 - ERROR - Unexpected error: 'NoneType' object cannot be interpreted as an integer
2025-07-09 00:33:13,728 - ERROR - Unexpected error: 'NoneType' object cannot be interpreted as an integer
2025-07-09 00:33:14,781 - ERROR - Unexpected error: 'NoneType' object cannot be interpreted as an integer
2025-07-09 00:33:15,652 - ERROR - Unexpected error: 'NoneType' object cannot be interpreted as an integer
2025-07-09 00:33:16,868 - ERROR - Unexpected error: 'NoneType' object cannot be interpreted as an integer
2025-07-09 00:33:17,296 - ERROR - Unexpected error: 'NoneType' object cannot be interpreted as an integer
2025-07-09 00:33:17,727 - ERROR - Unexpected error: 'NoneType' object cannot be interpreted as an integer
2025-07-09 00:33:17,918 - ERROR - Unexpected error: 'NoneType' object cannot be interpreted as an integer
2025-07-09 00:33:18,090 - ERROR - Unexpected error: 'NoneType' object cannot be interpreted as an integer
2025-07-09 00:33:18,412 - ERROR - Unexpected error: 'NoneType' object cannot be interpreted as an integer
2025-07-09 00:33:19,986 - ERROR - Unexpected error: 'NoneType' object cannot be interpreted as an integer
2025-07-09 00:33:21,522 - ERROR - Unexpected error: 'NoneType' object cannot be interpreted as an integer
2025-07-09 00:33:22,303 - ERROR - Unexpected error: 'NoneType' object cannot be interpreted as an integer
2025-07-09 00:33:23,423 - ERROR - Unexpected error: 'NoneType' object cannot be interpreted as an integer
2025-07-09 00:33:48,645 - ERROR - Unexpected error: 'NoneType' object cannot be interpreted as an integer
2025-07-09 00:33:50,658 - ERROR - Unexpected error: 'NoneType' object cannot be interpreted as an integer
2025-07-09 00:33:51,833 - ERROR - Unexpected error: 'NoneType' object cannot be interpreted as an integer
2025-07-09 00:33:54,037 - ERROR - Unexpected error: 'NoneType' object cannot be interpreted as an integer
2025-07-09 00:33:54,199 - ERROR - Unexpected error: 'NoneType' object cannot be interpreted as an integer
2025-07-09 00:33:54,365 - ERROR - Unexpected error: 'NoneType' object cannot be interpreted as an integer
2025-07-09 00:33:55,534 - ERROR - Unexpected error: 'NoneType' object cannot be interpreted as an integer
2025-07-09 00:33:56,353 - ERROR - Unexpected error: 'NoneType' object cannot be interpreted as an integer
2025-07-09 00:33:56,517 - ERROR - Unexpected error: 'NoneType' object cannot be interpreted as an integer
2025-07-09 00:33:56,936 - ERROR - Unexpected error: 'NoneType' object cannot be interpreted as an integer
2025-07-09 00:33:58,641 - ERROR - Unexpected error: 'NoneType' object cannot be interpreted as an integer
2025-07-09 00:34:00,231 - ERROR - Unexpected error: 'NoneType' object cannot be interpreted as an integer
2025-07-09 00:34:01,779 - ERROR - Unexpected error: 'NoneType' object cannot be interpreted as an integer
2025-07-09 00:34:02,717 - ERROR - Unexpected error: 'NoneType' object cannot be interpreted as an integer
2025-07-09 00:34:03,883 - ERROR - Unexpected error: 'NoneType' object cannot be interpreted as an integer
2025-07-09 00:34:04,743 - ERROR - Unexpected error: 'NoneType' object cannot be interpreted as an integer
2025-07-09 00:34:05,762 - ERROR - Unexpected error: 'NoneType' object cannot be interpreted as an integer
2025-07-09 00:34:06,220 - ERROR - Unexpected error: 'NoneType' object cannot be interpreted as an integer
2025-07-09 00:34:06,807 - ERROR - Unexpected error: 'NoneType' object cannot be interpreted as an integer
2025-07-09 00:34:07,507 - ERROR - Unexpected error: 'NoneType' object cannot be interpreted as an integer
2025-07-09 00:34:08,981 - ERROR - Unexpected error: 'NoneType' object cannot be interpreted as an integer
2025-07-09 00:34:09,145 - ERROR - Unexpected error: 'NoneType' object cannot be interpreted as an integer
2025-07-09 00:34:10,382 - ERROR - Unexpected error: 'NoneType' object cannot be interpreted as an integer
2025-07-09 00:34:11,259 - ERROR - Unexpected error: 'NoneType' object cannot be interpreted as an integer
2025-07-09 00:34:11,729 - ERROR - Unexpected error: 'NoneType' object cannot be interpreted as an integer
2025-07-09 00:34:13,070 - ERROR - Unexpected error: 'NoneType' object cannot be interpreted as an integer
2025-07-09 00:34:13,244 - ERROR - Unexpected error: 'NoneType' object cannot be interpreted as an integer
2025-07-09 00:34:14,380 - ERROR - Unexpected error: 'NoneType' object cannot be interpreted as an integer
2025-07-09 00:34:16,074 - ERROR - Unexpected error: 'NoneType' object cannot be interpreted as an integer
2025-07-09 00:34:17,051 - ERROR - Unexpected error: 'NoneType' object cannot be interpreted as an integer
2025-07-09 00:34:19,700 - ERROR - Unexpected error: 'NoneType' object cannot be interpreted as an integer
2025-07-09 00:34:20,162 - ERROR - Unexpected error: 'NoneType' object cannot be interpreted as an integer
2025-07-09 00:34:21,542 - ERROR - Unexpected error: 'NoneType' object cannot be interpreted as an integer
2025-07-09 00:34:26,877 - ERROR - Unexpected error: 'NoneType' object cannot be interpreted as an integer
2025-07-09 00:34:27,292 - ERROR - Unexpected error: 'NoneType' object cannot be interpreted as an integer
2025-07-09 00:34:28,080 - ERROR - Unexpected error: 'NoneType' object cannot be interpreted as an integer
2025-07-09 00:34:28,238 - ERROR - Unexpected error: 'NoneType' object cannot be interpreted as an integer
2025-07-09 00:34:28,851 - ERROR - Unexpected error: 'NoneType' object cannot be interpreted as an integer
2025-07-09 00:34:29,443 - ERROR - Unexpected error: 'NoneType' object cannot be interpreted as an integer
2025-07-09 00:34:30,346 - ERROR - Unexpected error: 'NoneType' object cannot be interpreted as an integer
2025-07-09 00:34:31,337 - ERROR - Unexpected error: 'NoneType' object cannot be interpreted as an integer
2025-07-09 00:34:36,500 - ERROR - Unexpected error: 'NoneType' object cannot be interpreted as an integer
2025-07-09 00:34:36,695 - ERROR - Unexpected error: 'NoneType' object cannot be interpreted as an integer
2025-07-09 00:34:37,948 - ERROR - Unexpected error: 'NoneType' object cannot be interpreted as an integer
2025-07-09 00:34:39,145 - ERROR - Unexpected error: 'NoneType' object cannot be interpreted as an integer
2025-07-09 00:34:39,315 - ERROR - Unexpected error: 'NoneType' object cannot be interpreted as an integer
2025-07-09 00:34:40,157 - ERROR - Unexpected error: 'NoneType' object cannot be interpreted as an integer
2025-07-09 00:34:40,643 - ERROR - Unexpected error: 'NoneType' object cannot be interpreted as an integer
2025-07-09 00:34:40,828 - ERROR - Unexpected error: 'NoneType' object cannot be interpreted as an integer
2025-07-09 00:34:40,986 - ERROR - Unexpected error: 'NoneType' object cannot be interpreted as an integer
2025-07-09 00:34:41,150 - ERROR - Unexpected error: 'NoneType' object cannot be interpreted as an integer
2025-07-09 00:34:41,957 - ERROR - Unexpected error: 'NoneType' object cannot be interpreted as an integer
2025-07-09 00:34:42,842 - ERROR - Unexpected error: 'NoneType' object cannot be interpreted as an integer
2025-07-09 00:34:43,743 - ERROR - Unexpected error: 'NoneType' object cannot be interpreted as an integer
2025-07-09 00:34:44,076 - ERROR - Unexpected error: 'NoneType' object cannot be interpreted as an integer
2025-07-09 00:34:47,450 - ERROR - Unexpected error: 'NoneType' object cannot be interpreted as an integer
2025-07-09 00:34:47,614 - ERROR - Unexpected error: 'NoneType' object cannot be interpreted as an integer
2025-07-09 00:34:49,025 - ERROR - Unexpected error: 'NoneType' object cannot be interpreted as an integer
2025-07-09 00:34:52,537 - ERROR - Unexpected error: 'NoneType' object cannot be interpreted as an integer
2025-07-09 00:34:53,111 - ERROR - Unexpected error: 'NoneType' object cannot be interpreted as an integer
2025-07-09 00:34:54,142 - ERROR - Unexpected error: 'NoneType' object cannot be interpreted as an integer
2025-07-09 00:34:54,344 - ERROR - Unexpected error: 'NoneType' object cannot be interpreted as an integer
2025-07-09 00:34:54,764 - ERROR - Unexpected error: 'NoneType' object cannot be interpreted as an integer
2025-07-09 00:34:56,964 - ERROR - Unexpected error: 'NoneType' object cannot be interpreted as an integer
2025-07-09 00:34:57,379 - ERROR - Unexpected error: 'NoneType' object cannot be interpreted as an integer
2025-07-09 00:34:57,542 - ERROR - Unexpected error: 'NoneType' object cannot be interpreted as an integer
2025-07-09 00:34:58,620 - ERROR - Unexpected error: 'NoneType' object cannot be interpreted as an integer
2025-07-09 00:34:58,774 - ERROR - Unexpected error: 'NoneType' object cannot be interpreted as an integer
2025-07-09 00:34:59,368 - ERROR - Unexpected error: 'NoneType' object cannot be interpreted as an integer
2025-07-09 00:34:59,950 - ERROR - Unexpected error: 'NoneType' object cannot be interpreted as an integer
2025-07-09 00:35:01,185 - ERROR - Unexpected error: 'NoneType' object cannot be interpreted as an integer
2025-07-09 00:35:02,101 - ERROR - Unexpected error: 'NoneType' object cannot be interpreted as an integer
2025-07-09 00:35:02,519 - ERROR - Unexpected error: 'NoneType' object cannot be interpreted as an integer
2025-07-09 00:35:05,407 - ERROR - Unexpected error: 'NoneType' object cannot be interpreted as an integer
2025-07-09 00:35:06,469 - ERROR - Unexpected error: 'NoneType' object cannot be interpreted as an integer
2025-07-09 00:35:07,478 - ERROR - Unexpected error: 'NoneType' object cannot be interpreted as an integer
2025-07-09 00:35:08,158 - ERROR - Unexpected error: 'NoneType' object cannot be interpreted as an integer
2025-07-09 00:35:09,956 - ERROR - Unexpected error: 'NoneType' object cannot be interpreted as an integer
2025-07-09 00:35:11,775 - ERROR - Unexpected error: 'NoneType' object cannot be interpreted as an integer
2025-07-09 00:35:14,280 - ERROR - Unexpected error: 'NoneType' object cannot be interpreted as an integer
2025-07-09 00:35:15,656 - ERROR - Unexpected error: 'NoneType' object cannot be interpreted as an integer
2025-07-09 00:35:15,823 - ERROR - Unexpected error: 'NoneType' object cannot be interpreted as an integer
2025-07-09 00:35:15,985 - ERROR - Unexpected error: 'NoneType' object cannot be interpreted as an integer
2025-07-09 00:35:16,403 - ERROR - Unexpected error: 'NoneType' object cannot be interpreted as an integer
2025-07-09 00:35:16,564 - ERROR - Unexpected error: 'NoneType' object cannot be interpreted as an integer
2025-07-09 00:35:16,981 - ERROR - Unexpected error: 'NoneType' object cannot be interpreted as an integer
2025-07-09 00:35:18,111 - ERROR - Unexpected error: 'NoneType' object cannot be interpreted as an integer
2025-07-09 00:35:19,919 - ERROR - Unexpected error: 'NoneType' object cannot be interpreted as an integer
2025-07-09 00:35:20,076 - ERROR - Unexpected error: 'NoneType' object cannot be interpreted as an integer
2025-07-09 00:35:20,239 - ERROR - Unexpected error: 'NoneType' object cannot be interpreted as an integer
2025-07-09 00:35:20,913 - ERROR - Unexpected error: 'NoneType' object cannot be interpreted as an integer
2025-07-09 00:35:21,243 - ERROR - Unexpected error: 'NoneType' object cannot be interpreted as an integer
2025-07-09 00:35:21,978 - ERROR - Unexpected error: 'NoneType' object cannot be interpreted as an integer
2025-07-09 00:35:22,139 - ERROR - Unexpected error: 'NoneType' object cannot be interpreted as an integer
2025-07-09 00:35:24,015 - ERROR - Unexpected error: 'NoneType' object cannot be interpreted as an integer
2025-07-09 00:35:24,434 - ERROR - Unexpected error: 'NoneType' object cannot be interpreted as an integer
2025-07-09 00:35:27,997 - ERROR - Unexpected error: 'NoneType' object cannot be interpreted as an integer
2025-07-09 00:35:29,632 - ERROR - Unexpected error: 'NoneType' object cannot be interpreted as an integer
2025-07-09 00:35:30,202 - ERROR - Unexpected error: 'NoneType' object cannot be interpreted as an integer
2025-07-09 00:35:30,368 - ERROR - Unexpected error: 'NoneType' object cannot be interpreted as an integer
2025-07-09 00:35:34,446 - ERROR - Unexpected error: 'NoneType' object cannot be interpreted as an integer
2025-07-09 00:35:35,857 - ERROR - Unexpected error: 'NoneType' object cannot be interpreted as an integer
2025-07-09 00:35:36,049 - ERROR - Unexpected error: 'NoneType' object cannot be interpreted as an integer
2025-07-09 00:35:40,797 - ERROR - Unexpected error: 'NoneType' object cannot be interpreted as an integer
2025-07-09 00:35:42,191 - ERROR - Unexpected error: 'NoneType' object cannot be interpreted as an integer
2025-07-09 00:35:43,901 - ERROR - Unexpected error: 'NoneType' object cannot be interpreted as an integer
2025-07-09 00:35:44,076 - ERROR - Unexpected error: 'NoneType' object cannot be interpreted as an integer
2025-07-09 00:35:44,234 - ERROR - Unexpected error: 'NoneType' object cannot be interpreted as an integer
2025-07-09 00:35:44,394 - ERROR - Unexpected error: 'NoneType' object cannot be interpreted as an integer
2025-07-09 00:35:45,041 - ERROR - Unexpected error: 'NoneType' object cannot be interpreted as an integer
2025-07-09 00:35:45,758 - ERROR - Unexpected error: 'NoneType' object cannot be interpreted as an integer
2025-07-09 00:35:47,901 - ERROR - Unexpected error: 'NoneType' object cannot be interpreted as an integer
2025-07-09 00:35:48,810 - ERROR - Unexpected error: 'NoneType' object cannot be interpreted as an integer
2025-07-09 00:35:48,979 - ERROR - Unexpected error: 'NoneType' object cannot be interpreted as an integer
2025-07-09 00:35:49,456 - ERROR - Unexpected error: 'NoneType' object cannot be interpreted as an integer
2025-07-09 00:35:50,858 - ERROR - Unexpected error: 'NoneType' object cannot be interpreted as an integer
2025-07-09 00:35:51,643 - ERROR - Unexpected error: 'NoneType' object cannot be interpreted as an integer
2025-07-09 00:35:58,611 - ERROR - Unexpected error: 'NoneType' object cannot be interpreted as an integer
2025-07-09 00:36:00,974 - ERROR - Unexpected error: 'NoneType' object cannot be interpreted as an integer
2025-07-09 00:36:01,147 - ERROR - Unexpected error: 'NoneType' object cannot be interpreted as an integer
2025-07-09 00:36:01,619 - ERROR - Unexpected error: 'NoneType' object cannot be interpreted as an integer
2025-07-09 00:36:02,032 - ERROR - Unexpected error: 'NoneType' object cannot be interpreted as an integer
2025-07-09 00:36:02,236 - ERROR - Unexpected error: 'NoneType' object cannot be interpreted as an integer
2025-07-09 00:36:02,397 - ERROR - Unexpected error: 'NoneType' object cannot be interpreted as an integer
2025-07-09 00:36:02,719 - ERROR - Unexpected error: 'NoneType' object cannot be interpreted as an integer
2025-07-09 00:36:02,880 - ERROR - Unexpected error: 'NoneType' object cannot be interpreted as an integer
2025-07-09 00:36:03,066 - ERROR - Unexpected error: 'NoneType' object cannot be interpreted as an integer
2025-07-09 00:36:03,227 - ERROR - Unexpected error: 'NoneType' object cannot be interpreted as an integer
2025-07-09 00:36:04,351 - ERROR - Unexpected error: 'NoneType' object cannot be interpreted as an integer
2025-07-09 00:36:04,511 - ERROR - Unexpected error: 'NoneType' object cannot be interpreted as an integer
2025-07-09 00:36:05,886 - ERROR - Unexpected error: 'NoneType' object cannot be interpreted as an integer
2025-07-09 00:36:08,217 - ERROR - Unexpected error: 'NoneType' object cannot be interpreted as an integer
2025-07-09 00:36:11,728 - ERROR - Unexpected error: 'NoneType' object cannot be interpreted as an integer
2025-07-09 00:36:12,314 - ERROR - Unexpected error: 'NoneType' object cannot be interpreted as an integer
2025-07-09 00:36:12,877 - ERROR - Unexpected error: 'NoneType' object cannot be interpreted as an integer
2025-07-09 00:36:13,039 - ERROR - Unexpected error: 'NoneType' object cannot be interpreted as an integer
2025-07-09 00:36:13,448 - ERROR - Unexpected error: 'NoneType' object cannot be interpreted as an integer
2025-07-09 00:36:15,102 - ERROR - Unexpected error: 'NoneType' object cannot be interpreted as an integer
2025-07-09 00:36:16,610 - ERROR - Unexpected error: 'NoneType' object cannot be interpreted as an integer
2025-07-09 00:36:16,941 - ERROR - Unexpected error: 'NoneType' object cannot be interpreted as an integer
2025-07-09 00:36:18,010 - ERROR - Unexpected error: 'NoneType' object cannot be interpreted as an integer
2025-07-09 00:36:18,588 - ERROR - Unexpected error: 'NoneType' object cannot be interpreted as an integer
2025-07-09 00:36:20,077 - ERROR - Unexpected error: 'NoneType' object cannot be interpreted as an integer
2025-07-09 00:36:20,380 - ERROR - Unexpected error: 'NoneType' object cannot be interpreted as an integer
2025-07-09 00:36:20,557 - ERROR - Unexpected error: 'NoneType' object cannot be interpreted as an integer
2025-07-09 00:36:21,437 - ERROR - Unexpected error: 'NoneType' object cannot be interpreted as an integer
2025-07-09 00:36:22,617 - ERROR - Unexpected error: 'NoneType' object cannot be interpreted as an integer
2025-07-09 00:36:22,783 - ERROR - Unexpected error: 'NoneType' object cannot be interpreted as an integer
2025-07-09 00:36:23,504 - ERROR - Unexpected error: 'NoneType' object cannot be interpreted as an integer
2025-07-09 00:36:24,299 - ERROR - Unexpected error: 'NoneType' object cannot be interpreted as an integer
2025-07-09 00:36:25,982 - ERROR - Unexpected error: 'NoneType' object cannot be interpreted as an integer
2025-07-09 00:36:26,145 - ERROR - Unexpected error: 'NoneType' object cannot be interpreted as an integer
2025-07-09 00:36:29,551 - ERROR - Unexpected error: 'NoneType' object cannot be interpreted as an integer
2025-07-09 00:36:29,884 - ERROR - Unexpected error: 'NoneType' object cannot be interpreted as an integer
2025-07-09 00:36:32,112 - ERROR - Unexpected error: 'NoneType' object cannot be interpreted as an integer
2025-07-09 00:36:34,168 - ERROR - Unexpected error: 'NoneType' object cannot be interpreted as an integer
2025-07-09 00:36:36,302 - ERROR - Unexpected error: 'NoneType' object cannot be interpreted as an integer
2025-07-09 00:36:37,163 - ERROR - Unexpected error: 'NoneType' object cannot be interpreted as an integer
2025-07-09 00:36:37,636 - ERROR - Unexpected error: 'NoneType' object cannot be interpreted as an integer
2025-07-09 00:36:37,804 - ERROR - Unexpected error: 'NoneType' object cannot be interpreted as an integer
2025-07-09 00:36:39,269 - ERROR - Unexpected error: 'NoneType' object cannot be interpreted as an integer
2025-07-09 00:36:39,656 - ERROR - Unexpected error: 'NoneType' object cannot be interpreted as an integer
2025-07-09 00:36:44,205 - ERROR - Unexpected error: 'NoneType' object cannot be interpreted as an integer
2025-07-09 00:36:44,370 - ERROR - Unexpected error: 'NoneType' object cannot be interpreted as an integer
2025-07-09 00:36:45,775 - ERROR - Unexpected error: 'NoneType' object cannot be interpreted as an integer
2025-07-09 00:36:46,422 - ERROR - Unexpected error: 'NoneType' object cannot be interpreted as an integer
2025-07-09 00:36:47,833 - ERROR - Unexpected error: 'NoneType' object cannot be interpreted as an integer
2025-07-09 00:36:47,993 - ERROR - Unexpected error: 'NoneType' object cannot be interpreted as an integer
2025-07-09 00:36:48,419 - ERROR - Unexpected error: 'NoneType' object cannot be interpreted as an integer
2025-07-09 00:36:49,038 - ERROR - Unexpected error: 'NoneType' object cannot be interpreted as an integer
2025-07-09 00:36:51,797 - ERROR - Unexpected error: 'NoneType' object cannot be interpreted as an integer
2025-07-09 00:36:52,129 - ERROR - Unexpected error: 'NoneType' object cannot be interpreted as an integer
2025-07-09 00:36:54,051 - ERROR - Unexpected error: 'NoneType' object cannot be interpreted as an integer
2025-07-09 00:36:54,471 - ERROR - Unexpected error: 'NoneType' object cannot be interpreted as an integer
2025-07-09 00:36:55,357 - ERROR - Unexpected error: 'NoneType' object cannot be interpreted as an integer
2025-07-09 00:36:55,518 - ERROR - Unexpected error: 'NoneType' object cannot be interpreted as an integer
2025-07-09 00:36:55,682 - ERROR - Unexpected error: 'NoneType' object cannot be interpreted as an integer
2025-07-09 00:36:55,980 - ERROR - Unexpected error: 'NoneType' object cannot be interpreted as an integer
2025-07-09 00:36:56,144 - ERROR - Unexpected error: 'NoneType' object cannot be interpreted as an integer
2025-07-09 00:36:56,318 - ERROR - Unexpected error: 'NoneType' object cannot be interpreted as an integer
2025-07-09 00:36:57,092 - ERROR - Unexpected error: 'NoneType' object cannot be interpreted as an integer
2025-07-09 00:36:57,444 - ERROR - Unexpected error: 'NoneType' object cannot be interpreted as an integer
2025-07-09 00:36:58,196 - ERROR - Unexpected error: 'NoneType' object cannot be interpreted as an integer
2025-07-09 00:36:59,722 - ERROR - Unexpected error: 'NoneType' object cannot be interpreted as an integer
2025-07-09 00:37:00,055 - ERROR - Unexpected error: 'NoneType' object cannot be interpreted as an integer
2025-07-09 00:37:01,395 - ERROR - Unexpected error: 'NoneType' object cannot be interpreted as an integer
2025-07-09 00:37:03,390 - ERROR - Unexpected error: 'NoneType' object cannot be interpreted as an integer
2025-07-09 00:37:03,574 - ERROR - Unexpected error: 'NoneType' object cannot be interpreted as an integer
2025-07-09 00:37:05,159 - ERROR - Unexpected error: 'NoneType' object cannot be interpreted as an integer
2025-07-09 00:37:05,319 - ERROR - Unexpected error: 'NoneType' object cannot be interpreted as an integer
2025-07-09 00:37:05,942 - ERROR - Unexpected error: 'NoneType' object cannot be interpreted as an integer
2025-07-09 00:37:06,601 - ERROR - Unexpected error: 'NoneType' object cannot be interpreted as an integer
2025-07-09 00:37:10,107 - ERROR - Unexpected error: 'NoneType' object cannot be interpreted as an integer
2025-07-09 00:37:10,526 - ERROR - Unexpected error: 'NoneType' object cannot be interpreted as an integer
2025-07-09 00:37:12,654 - ERROR - Unexpected error: 'NoneType' object cannot be interpreted as an integer
2025-07-09 00:37:12,819 - ERROR - Unexpected error: 'NoneType' object cannot be interpreted as an integer
2025-07-09 00:37:13,616 - ERROR - Unexpected error: 'NoneType' object cannot be interpreted as an integer
2025-07-09 00:37:13,778 - ERROR - Unexpected error: 'NoneType' object cannot be interpreted as an integer
2025-07-09 00:37:15,814 - ERROR - Unexpected error: 'NoneType' object cannot be interpreted as an integer
2025-07-09 00:37:15,975 - ERROR - Unexpected error: 'NoneType' object cannot be interpreted as an integer
2025-07-09 00:37:16,293 - ERROR - Unexpected error: 'NoneType' object cannot be interpreted as an integer
2025-07-09 00:37:16,954 - ERROR - Unexpected error: 'NoneType' object cannot be interpreted as an integer
2025-07-09 00:37:19,367 - ERROR - Unexpected error: 'NoneType' object cannot be interpreted as an integer
2025-07-09 00:37:21,370 - ERROR - Unexpected error: 'NoneType' object cannot be interpreted as an integer
2025-07-09 00:37:21,699 - ERROR - Unexpected error: 'NoneType' object cannot be interpreted as an integer
2025-07-09 00:37:21,864 - ERROR - Unexpected error: 'NoneType' object cannot be interpreted as an integer
2025-07-09 00:37:22,718 - ERROR - Unexpected error: 'NoneType' object cannot be interpreted as an integer
2025-07-09 00:37:23,347 - ERROR - Unexpected error: 'NoneType' object cannot be interpreted as an integer
2025-07-09 00:37:25,364 - ERROR - Unexpected error: 'NoneType' object cannot be interpreted as an integer
2025-07-09 00:37:25,538 - ERROR - Unexpected error: 'NoneType' object cannot be interpreted as an integer
2025-07-09 00:37:26,254 - ERROR - Unexpected error: 'NoneType' object cannot be interpreted as an integer
2025-07-09 00:37:26,423 - ERROR - Unexpected error: 'NoneType' object cannot be interpreted as an integer
2025-07-09 00:37:26,622 - ERROR - Unexpected error: 'NoneType' object cannot be interpreted as an integer
2025-07-09 00:37:27,284 - ERROR - Unexpected error: 'NoneType' object cannot be interpreted as an integer
2025-07-09 00:37:27,443 - ERROR - Unexpected error: 'NoneType' object cannot be interpreted as an integer
2025-07-09 00:37:28,018 - ERROR - Unexpected error: 'NoneType' object cannot be interpreted as an integer
2025-07-09 00:37:28,178 - ERROR - Unexpected error: 'NoneType' object cannot be interpreted as an integer
2025-07-09 00:37:30,340 - ERROR - Unexpected error: 'NoneType' object cannot be interpreted as an integer
2025-07-09 00:37:31,761 - ERROR - Unexpected error: 'NoneType' object cannot be interpreted as an integer
2025-07-09 00:37:32,116 - ERROR - Unexpected error: 'NoneType' object cannot be interpreted as an integer
2025-07-09 00:37:35,874 - ERROR - Unexpected error: 'NoneType' object cannot be interpreted as an integer
2025-07-09 00:37:36,822 - ERROR - Unexpected error: 'NoneType' object cannot be interpreted as an integer
2025-07-09 00:37:36,982 - ERROR - Unexpected error: 'NoneType' object cannot be interpreted as an integer
2025-07-09 00:37:37,668 - ERROR - Unexpected error: 'NoneType' object cannot be interpreted as an integer
2025-07-09 00:37:38,483 - ERROR - Unexpected error: 'NoneType' object cannot be interpreted as an integer
2025-07-09 00:37:39,526 - ERROR - Unexpected error: 'NoneType' object cannot be interpreted as an integer
2025-07-09 00:37:40,586 - ERROR - Unexpected error: 'NoneType' object cannot be interpreted as an integer
2025-07-09 00:37:40,751 - ERROR - Unexpected error: 'NoneType' object cannot be interpreted as an integer
2025-07-09 00:37:41,479 - ERROR - Unexpected error: 'NoneType' object cannot be interpreted as an integer
2025-07-09 00:37:42,314 - ERROR - Unexpected error: 'NoneType' object cannot be interpreted as an integer
2025-07-09 00:37:43,256 - ERROR - Unexpected error: 'NoneType' object cannot be interpreted as an integer
2025-07-09 00:37:44,256 - ERROR - Unexpected error: 'NoneType' object cannot be interpreted as an integer
2025-07-09 00:37:44,568 - ERROR - Unexpected error: 'NoneType' object cannot be interpreted as an integer
2025-07-09 00:37:45,913 - ERROR - Unexpected error: 'NoneType' object cannot be interpreted as an integer
2025-07-09 00:37:46,389 - ERROR - Unexpected error: 'NoneType' object cannot be interpreted as an integer
2025-07-09 00:37:47,625 - ERROR - Unexpected error: 'NoneType' object cannot be interpreted as an integer
2025-07-09 00:37:48,361 - ERROR - Unexpected error: 'NoneType' object cannot be interpreted as an integer
2025-07-09 00:37:48,833 - ERROR - Unexpected error: 'NoneType' object cannot be interpreted as an integer
2025-07-09 00:37:49,470 - ERROR - Unexpected error: 'NoneType' object cannot be interpreted as an integer
2025-07-09 00:37:50,674 - ERROR - Unexpected error: 'NoneType' object cannot be interpreted as an integer
2025-07-09 00:37:51,539 - ERROR - Unexpected error: 'NoneType' object cannot be interpreted as an integer
2025-07-09 00:37:51,975 - ERROR - Unexpected error: 'NoneType' object cannot be interpreted as an integer
2025-07-09 00:37:53,860 - ERROR - Unexpected error: 'NoneType' object cannot be interpreted as an integer
2025-07-09 00:37:54,740 - ERROR - Unexpected error: 'NoneType' object cannot be interpreted as an integer
2025-07-09 00:37:54,898 - ERROR - Unexpected error: 'NoneType' object cannot be interpreted as an integer
2025-07-09 00:37:55,699 - ERROR - Unexpected error: 'NoneType' object cannot be interpreted as an integer
2025-07-09 00:37:55,856 - ERROR - Unexpected error: 'NoneType' object cannot be interpreted as an integer
2025-07-09 00:37:56,369 - ERROR - Unexpected error: 'NoneType' object cannot be interpreted as an integer
2025-07-09 00:37:57,444 - ERROR - Unexpected error: 'NoneType' object cannot be interpreted as an integer
2025-07-09 00:37:58,243 - ERROR - Unexpected error: 'NoneType' object cannot be interpreted as an integer
2025-07-09 00:37:58,955 - ERROR - Unexpected error: 'NoneType' object cannot be interpreted as an integer
2025-07-09 00:38:01,665 - ERROR - Unexpected error: 'NoneType' object cannot be interpreted as an integer
2025-07-09 00:38:06,664 - ERROR - Unexpected error: 'NoneType' object cannot be interpreted as an integer
2025-07-09 00:38:07,744 - ERROR - Unexpected error: 'NoneType' object cannot be interpreted as an integer
2025-07-09 00:38:10,285 - ERROR - Unexpected error: 'NoneType' object cannot be interpreted as an integer
2025-07-09 00:38:10,456 - ERROR - Unexpected error: 'NoneType' object cannot be interpreted as an integer
2025-07-09 00:38:11,068 - ERROR - Unexpected error: 'NoneType' object cannot be interpreted as an integer
2025-07-09 00:38:11,924 - ERROR - Unexpected error: 'NoneType' object cannot be interpreted as an integer
2025-07-09 00:38:12,537 - ERROR - Unexpected error: 'NoneType' object cannot be interpreted as an integer
2025-07-09 00:38:15,178 - ERROR - Unexpected error: 'NoneType' object cannot be interpreted as an integer
2025-07-09 00:38:15,335 - ERROR - Unexpected error: 'NoneType' object cannot be interpreted as an integer
2025-07-09 00:38:15,795 - ERROR - Unexpected error: 'NoneType' object cannot be interpreted as an integer
2025-07-09 00:38:15,956 - ERROR - Unexpected error: 'NoneType' object cannot be interpreted as an integer
2025-07-09 00:38:18,664 - ERROR - Unexpected error: 'NoneType' object cannot be interpreted as an integer
2025-07-09 00:38:19,163 - ERROR - Unexpected error: 'NoneType' object cannot be interpreted as an integer
2025-07-09 00:38:21,025 - ERROR - Unexpected error: 'NoneType' object cannot be interpreted as an integer
2025-07-09 00:38:21,439 - ERROR - Unexpected error: 'NoneType' object cannot be interpreted as an integer
2025-07-09 00:38:21,602 - ERROR - Unexpected error: 'NoneType' object cannot be interpreted as an integer
2025-07-09 00:38:22,064 - ERROR - Unexpected error: 'NoneType' object cannot be interpreted as an integer
2025-07-09 00:38:22,878 - ERROR - Unexpected error: 'NoneType' object cannot be interpreted as an integer
2025-07-09 00:38:23,289 - ERROR - Unexpected error: 'NoneType' object cannot be interpreted as an integer
2025-07-09 00:38:26,326 - ERROR - Unexpected error: 'NoneType' object cannot be interpreted as an integer
2025-07-09 00:38:27,082 - ERROR - Unexpected error: 'NoneType' object cannot be interpreted as an integer
2025-07-09 00:38:28,848 - ERROR - Unexpected error: 'NoneType' object cannot be interpreted as an integer
2025-07-09 00:38:29,413 - ERROR - Unexpected error: 'NoneType' object cannot be interpreted as an integer
2025-07-09 00:38:30,578 - ERROR - Unexpected error: 'NoneType' object cannot be interpreted as an integer
2025-07-09 00:38:31,446 - ERROR - Unexpected error: 'NoneType' object cannot be interpreted as an integer
2025-07-09 00:38:32,518 - ERROR - Unexpected error: 'NoneType' object cannot be interpreted as an integer
2025-07-09 00:38:33,569 - ERROR - Unexpected error: 'NoneType' object cannot be interpreted as an integer
2025-07-09 00:38:34,026 - ERROR - Unexpected error: 'NoneType' object cannot be interpreted as an integer
2025-07-09 00:38:35,058 - ERROR - Unexpected error: 'NoneType' object cannot be interpreted as an integer
2025-07-09 00:38:35,219 - ERROR - Unexpected error: 'NoneType' object cannot be interpreted as an integer
2025-07-09 00:38:36,811 - ERROR - Unexpected error: 'NoneType' object cannot be interpreted as an integer
2025-07-09 00:38:37,144 - ERROR - Unexpected error: 'NoneType' object cannot be interpreted as an integer
2025-07-09 00:38:38,462 - ERROR - Unexpected error: 'NoneType' object cannot be interpreted as an integer
2025-07-09 00:38:40,411 - ERROR - Unexpected error: 'NoneType' object cannot be interpreted as an integer
2025-07-09 00:38:40,995 - ERROR - Unexpected error: 'NoneType' object cannot be interpreted as an integer
2025-07-09 00:38:43,493 - ERROR - Unexpected error: 'NoneType' object cannot be interpreted as an integer
2025-07-09 00:38:45,257 - ERROR - Unexpected error: 'NoneType' object cannot be interpreted as an integer
2025-07-09 00:38:49,252 - ERROR - Unexpected error: 'NoneType' object cannot be interpreted as an integer
2025-07-09 00:38:51,475 - ERROR - Unexpected error: 'NoneType' object cannot be interpreted as an integer
2025-07-09 00:38:52,060 - ERROR - Unexpected error: 'NoneType' object cannot be interpreted as an integer
2025-07-09 00:38:52,222 - ERROR - Unexpected error: 'NoneType' object cannot be interpreted as an integer
2025-07-09 00:38:53,479 - ERROR - Unexpected error: 'NoneType' object cannot be interpreted as an integer
2025-07-09 00:38:54,821 - ERROR - Unexpected error: 'NoneType' object cannot be interpreted as an integer
2025-07-09 00:38:55,145 - ERROR - Unexpected error: 'NoneType' object cannot be interpreted as an integer
2025-07-09 00:38:55,477 - ERROR - Unexpected error: 'NoneType' object cannot be interpreted as an integer
2025-07-09 00:38:57,234 - ERROR - Unexpected error: 'NoneType' object cannot be interpreted as an integer
2025-07-09 00:38:57,836 - ERROR - Unexpected error: 'NoneType' object cannot be interpreted as an integer
2025-07-09 00:39:03,022 - ERROR - Unexpected error: 'NoneType' object cannot be interpreted as an integer
2025-07-09 00:39:03,922 - ERROR - Unexpected error: 'NoneType' object cannot be interpreted as an integer
2025-07-09 00:39:04,860 - ERROR - Unexpected error: 'NoneType' object cannot be interpreted as an integer
2025-07-09 00:39:05,610 - ERROR - Unexpected error: 'NoneType' object cannot be interpreted as an integer
2025-07-09 00:39:06,248 - ERROR - Unexpected error: 'NoneType' object cannot be interpreted as an integer
2025-07-09 00:39:06,409 - ERROR - Unexpected error: 'NoneType' object cannot be interpreted as an integer
2025-07-09 00:39:06,936 - ERROR - Unexpected error: 'NoneType' object cannot be interpreted as an integer
2025-07-09 00:39:08,154 - ERROR - Unexpected error: 'NoneType' object cannot be interpreted as an integer
2025-07-09 00:39:08,740 - ERROR - Unexpected error: 'NoneType' object cannot be interpreted as an integer
2025-07-09 00:39:09,469 - ERROR - Unexpected error: 'NoneType' object cannot be interpreted as an integer
2025-07-09 00:39:10,205 - ERROR - Unexpected error: 'NoneType' object cannot be interpreted as an integer
2025-07-09 00:39:10,660 - ERROR - Unexpected error: 'NoneType' object cannot be interpreted as an integer
2025-07-09 00:39:10,820 - ERROR - Unexpected error: 'NoneType' object cannot be interpreted as an integer
2025-07-09 00:39:11,120 - ERROR - Unexpected error: 'NoneType' object cannot be interpreted as an integer
2025-07-09 00:39:11,275 - ERROR - Unexpected error: 'NoneType' object cannot be interpreted as an integer
2025-07-09 00:39:12,101 - ERROR - Unexpected error: 'NoneType' object cannot be interpreted as an integer
2025-07-09 00:39:15,691 - ERROR - Unexpected error: 'NoneType' object cannot be interpreted as an integer
2025-07-09 00:39:17,332 - ERROR - Unexpected error: 'NoneType' object cannot be interpreted as an integer
2025-07-09 00:39:17,917 - ERROR - Unexpected error: 'NoneType' object cannot be interpreted as an integer
2025-07-09 00:39:18,548 - ERROR - Unexpected error: 'NoneType' object cannot be interpreted as an integer
2025-07-09 00:39:19,420 - ERROR - Unexpected error: 'NoneType' object cannot be interpreted as an integer
2025-07-09 00:39:20,517 - ERROR - Unexpected error: 'NoneType' object cannot be interpreted as an integer
2025-07-09 00:39:21,228 - ERROR - Unexpected error: 'NoneType' object cannot be interpreted as an integer
2025-07-09 00:39:22,467 - ERROR - Unexpected error: 'NoneType' object cannot be interpreted as an integer
2025-07-09 00:39:22,923 - ERROR - Unexpected error: 'NoneType' object cannot be interpreted as an integer
2025-07-09 00:39:23,638 - ERROR - Unexpected error: 'NoneType' object cannot be interpreted as an integer
2025-07-09 00:39:23,978 - ERROR - Unexpected error: 'NoneType' object cannot be interpreted as an integer
2025-07-09 00:39:24,687 - ERROR - Unexpected error: 'NoneType' object cannot be interpreted as an integer
2025-07-09 00:39:26,694 - ERROR - Unexpected error: 'NoneType' object cannot be interpreted as an integer
2025-07-09 00:39:27,207 - ERROR - Unexpected error: 'NoneType' object cannot be interpreted as an integer
2025-07-09 00:39:30,020 - ERROR - Unexpected error: 'NoneType' object cannot be interpreted as an integer
2025-07-09 00:39:30,931 - ERROR - Unexpected error: 'NoneType' object cannot be interpreted as an integer
2025-07-09 00:39:31,094 - ERROR - Unexpected error: 'NoneType' object cannot be interpreted as an integer
2025-07-09 00:39:32,471 - ERROR - Unexpected error: 'NoneType' object cannot be interpreted as an integer
2025-07-09 00:39:42,980 - ERROR - Unexpected error: 'NoneType' object cannot be interpreted as an integer
2025-07-09 00:39:44,034 - ERROR - Unexpected error: 'NoneType' object cannot be interpreted as an integer
2025-07-09 00:39:44,371 - ERROR - Unexpected error: 'NoneType' object cannot be interpreted as an integer
2025-07-09 00:39:45,421 - ERROR - Unexpected error: 'NoneType' object cannot be interpreted as an integer
2025-07-09 00:39:45,586 - ERROR - Unexpected error: 'NoneType' object cannot be interpreted as an integer
2025-07-09 00:39:46,004 - ERROR - Unexpected error: 'NoneType' object cannot be interpreted as an integer
2025-07-09 00:39:46,188 - ERROR - Unexpected error: 'NoneType' object cannot be interpreted as an integer
2025-07-09 00:39:46,353 - ERROR - Unexpected error: 'NoneType' object cannot be interpreted as an integer
2025-07-09 00:39:47,058 - ERROR - Unexpected error: 'NoneType' object cannot be interpreted as an integer
2025-07-09 00:39:48,033 - ERROR - Unexpected error: 'NoneType' object cannot be interpreted as an integer
2025-07-09 00:39:48,446 - ERROR - Unexpected error: 'NoneType' object cannot be interpreted as an integer
2025-07-09 00:39:49,707 - ERROR - Unexpected error: 'NoneType' object cannot be interpreted as an integer
2025-07-09 00:39:51,166 - ERROR - Unexpected error: 'NoneType' object cannot be interpreted as an integer
2025-07-09 00:39:51,600 - ERROR - Unexpected error: 'NoneType' object cannot be interpreted as an integer
2025-07-09 00:39:52,404 - ERROR - Unexpected error: 'NoneType' object cannot be interpreted as an integer
2025-07-09 00:39:52,738 - ERROR - Unexpected error: 'NoneType' object cannot be interpreted as an integer
2025-07-09 00:39:54,780 - ERROR - Unexpected error: 'NoneType' object cannot be interpreted as an integer
2025-07-09 00:39:55,196 - ERROR - Unexpected error: 'NoneType' object cannot be interpreted as an integer
2025-07-09 00:39:56,790 - ERROR - Unexpected error: 'NoneType' object cannot be interpreted as an integer
2025-07-09 00:39:56,947 - ERROR - Unexpected error: 'NoneType' object cannot be interpreted as an integer
2025-07-09 00:39:57,591 - ERROR - Unexpected error: 'NoneType' object cannot be interpreted as an integer
2025-07-09 00:39:59,472 - ERROR - Unexpected error: 'NoneType' object cannot be interpreted as an integer
2025-07-09 00:39:59,643 - ERROR - Unexpected error: 'NoneType' object cannot be interpreted as an integer
2025-07-09 00:40:01,967 - ERROR - Unexpected error: 'NoneType' object cannot be interpreted as an integer
2025-07-09 00:40:03,605 - ERROR - Unexpected error: 'NoneType' object cannot be interpreted as an integer
2025-07-09 00:40:04,802 - ERROR - Unexpected error: 'NoneType' object cannot be interpreted as an integer
2025-07-09 00:40:04,962 - ERROR - Unexpected error: 'NoneType' object cannot be interpreted as an integer
2025-07-09 00:40:05,121 - ERROR - Unexpected error: 'NoneType' object cannot be interpreted as an integer
2025-07-09 00:40:06,122 - ERROR - Unexpected error: 'NoneType' object cannot be interpreted as an integer
2025-07-09 00:40:08,782 - ERROR - Unexpected error: 'NoneType' object cannot be interpreted as an integer
2025-07-09 00:40:08,947 - ERROR - Unexpected error: 'NoneType' object cannot be interpreted as an integer
2025-07-09 00:40:10,009 - ERROR - Unexpected error: 'NoneType' object cannot be interpreted as an integer
2025-07-09 00:40:10,969 - ERROR - Unexpected error: 'NoneType' object cannot be interpreted as an integer
2025-07-09 00:40:13,605 - ERROR - Unexpected error: 'NoneType' object cannot be interpreted as an integer
2025-07-09 00:40:15,129 - ERROR - Unexpected error: 'NoneType' object cannot be interpreted as an integer
2025-07-09 00:40:15,946 - ERROR - Unexpected error: 'NoneType' object cannot be interpreted as an integer
2025-07-09 00:40:16,151 - ERROR - Unexpected error: 'NoneType' object cannot be interpreted as an integer
2025-07-09 00:40:16,843 - ERROR - Unexpected error: 'NoneType' object cannot be interpreted as an integer
2025-07-09 00:40:17,007 - ERROR - Unexpected error: 'NoneType' object cannot be interpreted as an integer
2025-07-09 00:40:17,168 - ERROR - Unexpected error: 'NoneType' object cannot be interpreted as an integer
2025-07-09 00:40:18,098 - ERROR - Unexpected error: 'NoneType' object cannot be interpreted as an integer
2025-07-09 00:40:18,560 - ERROR - Unexpected error: 'NoneType' object cannot be interpreted as an integer
2025-07-09 00:40:18,724 - ERROR - Unexpected error: 'NoneType' object cannot be interpreted as an integer
2025-07-09 00:40:18,884 - ERROR - Unexpected error: 'NoneType' object cannot be interpreted as an integer
2025-07-09 00:40:19,567 - ERROR - Unexpected error: 'NoneType' object cannot be interpreted as an integer
2025-07-09 00:40:19,737 - ERROR - Unexpected error: 'NoneType' object cannot be interpreted as an integer
2025-07-09 00:40:19,906 - ERROR - Unexpected error: 'NoneType' object cannot be interpreted as an integer
2025-07-09 00:40:24,745 - ERROR - Unexpected error: 'NoneType' object cannot be interpreted as an integer
2025-07-09 00:40:24,926 - ERROR - Unexpected error: 'NoneType' object cannot be interpreted as an integer
2025-07-09 00:40:25,530 - ERROR - Unexpected error: 'NoneType' object cannot be interpreted as an integer
2025-07-09 00:40:25,692 - ERROR - Unexpected error: 'NoneType' object cannot be interpreted as an integer
2025-07-09 00:40:27,128 - ERROR - Unexpected error: 'NoneType' object cannot be interpreted as an integer
2025-07-09 00:40:27,288 - ERROR - Unexpected error: 'NoneType' object cannot be interpreted as an integer
2025-07-09 00:40:28,549 - ERROR - Unexpected error: 'NoneType' object cannot be interpreted as an integer
2025-07-09 00:40:31,078 - ERROR - Unexpected error: 'NoneType' object cannot be interpreted as an integer
2025-07-09 00:40:31,245 - ERROR - Unexpected error: 'NoneType' object cannot be interpreted as an integer
2025-07-09 00:40:31,723 - ERROR - Unexpected error: 'NoneType' object cannot be interpreted as an integer
2025-07-09 00:40:32,339 - ERROR - Unexpected error: 'NoneType' object cannot be interpreted as an integer
2025-07-09 00:40:33,081 - ERROR - Unexpected error: 'NoneType' object cannot be interpreted as an integer
2025-07-09 00:40:33,541 - ERROR - Unexpected error: 'NoneType' object cannot be interpreted as an integer
2025-07-09 00:40:35,375 - ERROR - Unexpected error: 'NoneType' object cannot be interpreted as an integer
2025-07-09 00:40:35,542 - ERROR - Unexpected error: 'NoneType' object cannot be interpreted as an integer
2025-07-09 00:40:35,861 - ERROR - Unexpected error: 'NoneType' object cannot be interpreted as an integer
2025-07-09 00:40:36,163 - ERROR - Unexpected error: 'NoneType' object cannot be interpreted as an integer
2025-07-09 00:40:36,572 - ERROR - Unexpected error: 'NoneType' object cannot be interpreted as an integer
2025-07-09 00:40:36,983 - ERROR - Unexpected error: 'NoneType' object cannot be interpreted as an integer
2025-07-09 00:40:37,455 - ERROR - Unexpected error: 'NoneType' object cannot be interpreted as an integer
2025-07-09 00:40:40,737 - ERROR - Unexpected error: 'NoneType' object cannot be interpreted as an integer
2025-07-09 00:40:40,904 - ERROR - Unexpected error: 'NoneType' object cannot be interpreted as an integer
2025-07-09 00:40:41,240 - ERROR - Unexpected error: 'NoneType' object cannot be interpreted as an integer
2025-07-09 00:40:41,766 - ERROR - Unexpected error: 'NoneType' object cannot be interpreted as an integer
2025-07-09 00:40:42,269 - ERROR - Unexpected error: 'NoneType' object cannot be interpreted as an integer
2025-07-09 00:40:43,128 - ERROR - Unexpected error: 'NoneType' object cannot be interpreted as an integer
2025-07-09 00:40:44,368 - ERROR - Unexpected error: 'NoneType' object cannot be interpreted as an integer
2025-07-09 00:40:45,009 - ERROR - Unexpected error: 'NoneType' object cannot be interpreted as an integer
2025-07-09 00:40:45,341 - ERROR - Unexpected error: 'NoneType' object cannot be interpreted as an integer
2025-07-09 00:40:46,447 - ERROR - Unexpected error: 'NoneType' object cannot be interpreted as an integer
2025-07-09 00:40:46,616 - ERROR - Unexpected error: 'NoneType' object cannot be interpreted as an integer
2025-07-09 00:40:47,325 - ERROR - Unexpected error: 'NoneType' object cannot be interpreted as an integer
2025-07-09 00:40:48,390 - ERROR - Unexpected error: 'NoneType' object cannot be interpreted as an integer
2025-07-09 00:40:48,794 - ERROR - Unexpected error: 'NoneType' object cannot be interpreted as an integer
2025-07-09 00:40:49,518 - ERROR - Unexpected error: 'NoneType' object cannot be interpreted as an integer
2025-07-09 00:40:50,436 - ERROR - Unexpected error: 'NoneType' object cannot be interpreted as an integer
2025-07-09 00:40:50,603 - ERROR - Unexpected error: 'NoneType' object cannot be interpreted as an integer
2025-07-09 00:40:52,075 - ERROR - Unexpected error: 'NoneType' object cannot be interpreted as an integer
2025-07-09 00:40:52,234 - ERROR - Unexpected error: 'NoneType' object cannot be interpreted as an integer
2025-07-09 00:40:52,769 - ERROR - Unexpected error: 'NoneType' object cannot be interpreted as an integer
2025-07-09 00:40:52,989 - ERROR - Unexpected error: 'NoneType' object cannot be interpreted as an integer
2025-07-09 00:40:53,356 - ERROR - Unexpected error: 'NoneType' object cannot be interpreted as an integer
2025-07-09 00:40:53,764 - ERROR - Unexpected error: 'NoneType' object cannot be interpreted as an integer
2025-07-09 00:40:55,671 - ERROR - Unexpected error: 'NoneType' object cannot be interpreted as an integer
2025-07-09 00:40:56,142 - ERROR - Unexpected error: 'NoneType' object cannot be interpreted as an integer
2025-07-09 00:40:56,311 - ERROR - Unexpected error: 'NoneType' object cannot be interpreted as an integer
2025-07-09 00:40:56,767 - ERROR - Unexpected error: 'NoneType' object cannot be interpreted as an integer
2025-07-09 00:40:56,948 - ERROR - Unexpected error: 'NoneType' object cannot be interpreted as an integer
2025-07-09 00:40:57,445 - ERROR - Unexpected error: 'NoneType' object cannot be interpreted as an integer
2025-07-09 00:40:58,366 - ERROR - Unexpected error: 'NoneType' object cannot be interpreted as an integer
2025-07-09 00:40:58,786 - ERROR - Unexpected error: 'NoneType' object cannot be interpreted as an integer
2025-07-09 00:40:58,953 - ERROR - Unexpected error: 'NoneType' object cannot be interpreted as an integer
2025-07-09 00:40:59,122 - ERROR - Unexpected error: 'NoneType' object cannot be interpreted as an integer
2025-07-09 00:40:59,942 - ERROR - Unexpected error: 'NoneType' object cannot be interpreted as an integer
2025-07-09 00:41:00,103 - ERROR - Unexpected error: 'NoneType' object cannot be interpreted as an integer
2025-07-09 00:41:00,257 - ERROR - Unexpected error: 'NoneType' object cannot be interpreted as an integer
2025-07-09 00:41:00,717 - ERROR - Unexpected error: 'NoneType' object cannot be interpreted as an integer
2025-07-09 00:41:02,030 - ERROR - Unexpected error: 'NoneType' object cannot be interpreted as an integer
2025-07-09 00:41:03,003 - ERROR - Unexpected error: 'NoneType' object cannot be interpreted as an integer
2025-07-09 00:41:03,832 - ERROR - Unexpected error: 'NoneType' object cannot be interpreted as an integer
2025-07-09 00:41:04,809 - ERROR - Unexpected error: 'NoneType' object cannot be interpreted as an integer
2025-07-09 00:41:05,636 - ERROR - Unexpected error: 'NoneType' object cannot be interpreted as an integer
2025-07-09 00:41:06,386 - ERROR - Unexpected error: 'NoneType' object cannot be interpreted as an integer
2025-07-09 00:41:06,795 - ERROR - Unexpected error: 'NoneType' object cannot be interpreted as an integer
2025-07-09 00:41:11,782 - ERROR - Unexpected error: 'NoneType' object cannot be interpreted as an integer
2025-07-09 00:41:13,846 - ERROR - Unexpected error: 'NoneType' object cannot be interpreted as an integer
2025-07-09 00:41:14,596 - ERROR - Unexpected error: 'NoneType' object cannot be interpreted as an integer
2025-07-09 00:41:16,202 - ERROR - Unexpected error: 'NoneType' object cannot be interpreted as an integer
2025-07-09 00:41:17,799 - ERROR - Unexpected error: 'NoneType' object cannot be interpreted as an integer
2025-07-09 00:41:19,223 - ERROR - Unexpected error: 'NoneType' object cannot be interpreted as an integer
2025-07-09 00:41:19,874 - ERROR - Unexpected error: 'NoneType' object cannot be interpreted as an integer
2025-07-09 00:41:20,536 - ERROR - Unexpected error: 'NoneType' object cannot be interpreted as an integer
2025-07-09 00:41:21,902 - ERROR - Unexpected error: 'NoneType' object cannot be interpreted as an integer
2025-07-09 00:41:22,479 - ERROR - Unexpected error: 'NoneType' object cannot be interpreted as an integer
2025-07-09 00:41:23,153 - ERROR - Unexpected error: 'NoneType' object cannot be interpreted as an integer
2025-07-09 00:41:24,212 - ERROR - Unexpected error: 'NoneType' object cannot be interpreted as an integer
2025-07-09 00:41:24,709 - ERROR - Unexpected error: 'NoneType' object cannot be interpreted as an integer
2025-07-09 00:41:32,376 - ERROR - Unexpected error: 'NoneType' object cannot be interpreted as an integer
2025-07-09 00:41:37,862 - ERROR - Unexpected error: 'NoneType' object cannot be interpreted as an integer
2025-07-09 00:41:39,513 - ERROR - Unexpected error: 'NoneType' object cannot be interpreted as an integer
2025-07-09 00:41:39,829 - ERROR - Unexpected error: 'NoneType' object cannot be interpreted as an integer
2025-07-09 00:41:42,374 - ERROR - Unexpected error: 'NoneType' object cannot be interpreted as an integer
2025-07-09 00:41:42,705 - ERROR - Unexpected error: 'NoneType' object cannot be interpreted as an integer
2025-07-09 00:41:43,119 - ERROR - Unexpected error: 'NoneType' object cannot be interpreted as an integer
2025-07-09 00:41:43,283 - ERROR - Unexpected error: 'NoneType' object cannot be interpreted as an integer
2025-07-09 00:41:43,895 - ERROR - Unexpected error: 'NoneType' object cannot be interpreted as an integer
2025-07-09 00:41:46,012 - ERROR - Unexpected error: 'NoneType' object cannot be interpreted as an integer
2025-07-09 00:41:47,208 - ERROR - Unexpected error: 'NoneType' object cannot be interpreted as an integer
2025-07-09 00:41:51,464 - ERROR - Unexpected error: 'NoneType' object cannot be interpreted as an integer
2025-07-09 00:41:53,890 - ERROR - Unexpected error: 'NoneType' object cannot be interpreted as an integer
2025-07-09 00:42:06,276 - ERROR - Unexpected error: 'NoneType' object cannot be interpreted as an integer
2025-07-09 00:42:11,685 - ERROR - Unexpected error: 'NoneType' object cannot be interpreted as an integer
2025-07-09 00:42:12,255 - ERROR - Unexpected error: 'NoneType' object cannot be interpreted as an integer
2025-07-09 00:42:22,095 - ERROR - Unexpected error: 'NoneType' object cannot be interpreted as an integer
2025-07-09 00:42:24,167 - INFO - Processed 32000 users so far
2025-07-09 00:42:25,515 - ERROR - Unexpected error: 'NoneType' object cannot be interpreted as an integer
2025-07-09 00:42:25,683 - ERROR - Unexpected error: 'NoneType' object cannot be interpreted as an integer
2025-07-09 00:42:32,507 - ERROR - Unexpected error: 'NoneType' object cannot be interpreted as an integer
2025-07-09 00:42:38,229 - ERROR - Unexpected error: 'NoneType' object cannot be interpreted as an integer
2025-07-09 00:42:38,404 - ERROR - Unexpected error: 'NoneType' object cannot be interpreted as an integer
2025-07-09 00:42:39,943 - ERROR - Unexpected error: 'NoneType' object cannot be interpreted as an integer
2025-07-09 00:42:43,146 - ERROR - Unexpected error: 'NoneType' object cannot be interpreted as an integer
2025-07-09 00:42:43,574 - ERROR - Unexpected error: 'NoneType' object cannot be interpreted as an integer
2025-07-09 00:42:48,971 - ERROR - Unexpected error: 'NoneType' object cannot be interpreted as an integer
2025-07-09 00:42:59,926 - ERROR - Unexpected error: 'NoneType' object cannot be interpreted as an integer
2025-07-09 00:43:01,143 - ERROR - Unexpected error: 'NoneType' object cannot be interpreted as an integer
2025-07-09 00:43:03,567 - ERROR - Unexpected error: 'NoneType' object cannot be interpreted as an integer
2025-07-09 00:43:06,465 - ERROR - Unexpected error: 'NoneType' object cannot be interpreted as an integer
2025-07-09 00:43:07,520 - ERROR - Unexpected error: 'NoneType' object cannot be interpreted as an integer
2025-07-09 00:43:15,663 - ERROR - Unexpected error: 'NoneType' object cannot be interpreted as an integer
2025-07-09 00:43:17,918 - ERROR - Unexpected error: 'NoneType' object cannot be interpreted as an integer
2025-07-09 00:43:18,081 - ERROR - Unexpected error: 'NoneType' object cannot be interpreted as an integer
2025-07-09 00:43:20,388 - ERROR - Unexpected error: 'NoneType' object cannot be interpreted as an integer
2025-07-09 00:43:37,889 - ERROR - Unexpected error: 'NoneType' object cannot be interpreted as an integer
2025-07-09 00:43:47,422 - ERROR - Unexpected error: 'NoneType' object cannot be interpreted as an integer
2025-07-09 00:44:00,608 - ERROR - Unexpected error: 'NoneType' object cannot be interpreted as an integer
2025-07-09 00:44:02,643 - ERROR - Unexpected error: 'NoneType' object cannot be interpreted as an integer
2025-07-09 00:44:04,783 - ERROR - Unexpected error: 'NoneType' object cannot be interpreted as an integer
2025-07-09 00:44:05,530 - ERROR - Unexpected error: 'NoneType' object cannot be interpreted as an integer
2025-07-09 00:44:09,742 - ERROR - Unexpected error: 'NoneType' object cannot be interpreted as an integer
2025-07-09 00:44:15,566 - ERROR - Unexpected error: 'NoneType' object cannot be interpreted as an integer
2025-07-09 00:44:16,547 - ERROR - Unexpected error: 'NoneType' object cannot be interpreted as an integer
2025-07-09 00:44:20,786 - ERROR - Unexpected error: 'NoneType' object cannot be interpreted as an integer
2025-07-09 00:44:25,119 - ERROR - Unexpected error: 'NoneType' object cannot be interpreted as an integer
2025-07-09 00:44:27,616 - ERROR - Unexpected error: 'NoneType' object cannot be interpreted as an integer
2025-07-09 00:44:28,894 - ERROR - Unexpected error: 'NoneType' object cannot be interpreted as an integer
2025-07-09 00:44:35,676 - ERROR - Unexpected error: 'NoneType' object cannot be interpreted as an integer
2025-07-09 00:44:40,173 - ERROR - Unexpected error: 'NoneType' object cannot be interpreted as an integer
2025-07-09 00:44:40,655 - ERROR - Unexpected error: 'NoneType' object cannot be interpreted as an integer
2025-07-09 00:44:51,882 - ERROR - Unexpected error: 'NoneType' object cannot be interpreted as an integer
2025-07-09 00:44:53,196 - ERROR - Unexpected error: 'NoneType' object cannot be interpreted as an integer
2025-07-09 00:44:55,958 - ERROR - Unexpected error: 'NoneType' object cannot be interpreted as an integer
2025-07-09 00:44:57,285 - ERROR - Unexpected error: 'NoneType' object cannot be interpreted as an integer
2025-07-09 00:45:02,091 - ERROR - Unexpected error: 'NoneType' object cannot be interpreted as an integer
2025-07-09 00:45:03,384 - ERROR - Unexpected error: 'NoneType' object cannot be interpreted as an integer
2025-07-09 00:45:06,344 - ERROR - Unexpected error: 'NoneType' object cannot be interpreted as an integer
2025-07-09 00:45:15,275 - ERROR - Unexpected error: 'NoneType' object cannot be interpreted as an integer
2025-07-09 00:45:19,174 - ERROR - Unexpected error: 'NoneType' object cannot be interpreted as an integer
2025-07-09 00:45:30,020 - ERROR - Unexpected error: 'NoneType' object cannot be interpreted as an integer
2025-07-09 00:45:42,206 - ERROR - Unexpected error: 'NoneType' object cannot be interpreted as an integer
2025-07-09 00:45:44,748 - ERROR - Unexpected error: 'NoneType' object cannot be interpreted as an integer
2025-07-09 00:45:45,213 - ERROR - Unexpected error: 'NoneType' object cannot be interpreted as an integer
2025-07-09 00:45:46,080 - ERROR - Unexpected error: 'NoneType' object cannot be interpreted as an integer
2025-07-09 00:45:57,256 - ERROR - Unexpected error: 'NoneType' object cannot be interpreted as an integer
2025-07-09 00:46:03,487 - ERROR - Unexpected error: 'NoneType' object cannot be interpreted as an integer
2025-07-09 00:46:06,685 - ERROR - Unexpected error: 'NoneType' object cannot be interpreted as an integer
2025-07-09 00:46:08,841 - ERROR - Unexpected error: 'NoneType' object cannot be interpreted as an integer
2025-07-09 00:46:19,531 - ERROR - Unexpected error: 'NoneType' object cannot be interpreted as an integer
2025-07-09 00:46:22,380 - ERROR - Unexpected error: 'NoneType' object cannot be interpreted as an integer
2025-07-09 00:46:25,070 - ERROR - Unexpected error: 'NoneType' object cannot be interpreted as an integer
2025-07-09 00:46:25,231 - ERROR - Unexpected error: 'NoneType' object cannot be interpreted as an integer
2025-07-09 00:46:45,768 - ERROR - Unexpected error: 'NoneType' object cannot be interpreted as an integer
2025-07-09 00:46:52,053 - ERROR - Unexpected error: 'NoneType' object cannot be interpreted as an integer
2025-07-09 00:46:53,558 - ERROR - Unexpected error: 'NoneType' object cannot be interpreted as an integer
2025-07-09 00:46:57,707 - ERROR - Unexpected error: 'NoneType' object cannot be interpreted as an integer
2025-07-09 00:47:06,928 - ERROR - Unexpected error: 'NoneType' object cannot be interpreted as an integer
2025-07-09 00:47:16,113 - ERROR - Unexpected error: 'NoneType' object cannot be interpreted as an integer
2025-07-09 00:47:20,382 - ERROR - Unexpected error: 'NoneType' object cannot be interpreted as an integer
2025-07-09 00:47:21,083 - ERROR - Unexpected error: 'NoneType' object cannot be interpreted as an integer
2025-07-09 00:47:27,614 - ERROR - Unexpected error: 'NoneType' object cannot be interpreted as an integer
2025-07-09 00:47:28,536 - ERROR - Unexpected error: 'NoneType' object cannot be interpreted as an integer
2025-07-09 00:47:28,714 - ERROR - Unexpected error: 'NoneType' object cannot be interpreted as an integer
2025-07-09 00:47:29,814 - ERROR - Unexpected error: 'NoneType' object cannot be interpreted as an integer
2025-07-09 00:47:30,574 - ERROR - Unexpected error: 'NoneType' object cannot be interpreted as an integer
2025-07-09 00:47:31,054 - ERROR - Unexpected error: 'NoneType' object cannot be interpreted as an integer
2025-07-09 00:47:37,867 - ERROR - Unexpected error: 'NoneType' object cannot be interpreted as an integer
2025-07-09 00:47:38,755 - ERROR - Unexpected error: 'NoneType' object cannot be interpreted as an integer
2025-07-09 00:47:39,631 - ERROR - Unexpected error: 'NoneType' object cannot be interpreted as an integer
2025-07-09 00:47:44,368 - ERROR - Unexpected error: 'NoneType' object cannot be interpreted as an integer
2025-07-09 00:47:45,711 - ERROR - Unexpected error: 'NoneType' object cannot be interpreted as an integer
2025-07-09 00:47:46,932 - ERROR - Unexpected error: 'NoneType' object cannot be interpreted as an integer
2025-07-09 00:47:48,349 - ERROR - Unexpected error: 'NoneType' object cannot be interpreted as an integer
2025-07-09 00:47:49,269 - ERROR - Unexpected error: 'NoneType' object cannot be interpreted as an integer
2025-07-09 00:47:50,593 - ERROR - Unexpected error: 'NoneType' object cannot be interpreted as an integer
2025-07-09 00:47:56,538 - ERROR - Unexpected error: 'NoneType' object cannot be interpreted as an integer
2025-07-09 00:47:57,952 - ERROR - Unexpected error: 'NoneType' object cannot be interpreted as an integer
2025-07-09 00:48:00,624 - ERROR - Unexpected error: 'NoneType' object cannot be interpreted as an integer
2025-07-09 00:48:04,301 - ERROR - Unexpected error: 'NoneType' object cannot be interpreted as an integer
2025-07-09 00:48:13,778 - ERROR - Unexpected error: 'NoneType' object cannot be interpreted as an integer
2025-07-09 00:48:18,072 - ERROR - Unexpected error: 'NoneType' object cannot be interpreted as an integer
2025-07-09 00:48:19,912 - ERROR - Unexpected error: 'NoneType' object cannot be interpreted as an integer
2025-07-09 00:48:20,733 - ERROR - Unexpected error: 'NoneType' object cannot be interpreted as an integer
2025-07-09 00:48:24,347 - ERROR - Unexpected error: 'NoneType' object cannot be interpreted as an integer
2025-07-09 00:48:34,478 - ERROR - Unexpected error: 'NoneType' object cannot be interpreted as an integer
2025-07-09 00:48:35,083 - ERROR - Unexpected error: 'NoneType' object cannot be interpreted as an integer
2025-07-09 00:48:50,533 - ERROR - Unexpected error: 'NoneType' object cannot be interpreted as an integer
2025-07-09 00:48:53,132 - ERROR - Unexpected error: 'NoneType' object cannot be interpreted as an integer
2025-07-09 00:48:53,869 - ERROR - Unexpected error: 'NoneType' object cannot be interpreted as an integer
2025-07-09 00:49:05,993 - ERROR - Unexpected error: 'NoneType' object cannot be interpreted as an integer
2025-07-09 00:49:11,382 - ERROR - Unexpected error: 'NoneType' object cannot be interpreted as an integer
2025-07-09 00:49:12,259 - ERROR - Unexpected error: 'NoneType' object cannot be interpreted as an integer
2025-07-09 00:49:16,468 - ERROR - Unexpected error: 'NoneType' object cannot be interpreted as an integer
2025-07-09 00:49:24,442 - ERROR - Unexpected error: 'NoneType' object cannot be interpreted as an integer
2025-07-09 00:49:26,750 - ERROR - Unexpected error: 'NoneType' object cannot be interpreted as an integer
2025-07-09 00:49:31,568 - ERROR - Unexpected error: 'NoneType' object cannot be interpreted as an integer
2025-07-09 00:49:32,896 - ERROR - Unexpected error: 'NoneType' object cannot be interpreted as an integer
2025-07-09 00:49:34,582 - ERROR - Unexpected error: 'NoneType' object cannot be interpreted as an integer
2025-07-09 00:49:48,006 - ERROR - Unexpected error: 'NoneType' object cannot be interpreted as an integer
2025-07-09 00:49:50,439 - ERROR - Unexpected error: 'NoneType' object cannot be interpreted as an integer
2025-07-09 00:50:04,330 - ERROR - Unexpected error: 'NoneType' object cannot be interpreted as an integer
2025-07-09 00:50:11,719 - ERROR - Unexpected error: 'NoneType' object cannot be interpreted as an integer
2025-07-09 00:50:12,867 - ERROR - Unexpected error: 'NoneType' object cannot be interpreted as an integer
2025-07-09 00:50:15,642 - ERROR - Unexpected error: 'NoneType' object cannot be interpreted as an integer
2025-07-09 00:50:24,197 - ERROR - Unexpected error: 'NoneType' object cannot be interpreted as an integer
2025-07-09 00:50:29,560 - ERROR - Unexpected error: 'NoneType' object cannot be interpreted as an integer
2025-07-09 00:50:41,306 - ERROR - Unexpected error: 'NoneType' object cannot be interpreted as an integer
2025-07-09 00:50:42,470 - ERROR - Unexpected error: 'NoneType' object cannot be interpreted as an integer
2025-07-09 00:50:43,188 - ERROR - Unexpected error: 'NoneType' object cannot be interpreted as an integer
2025-07-09 00:50:48,597 - ERROR - Unexpected error: 'NoneType' object cannot be interpreted as an integer
2025-07-09 00:50:51,630 - ERROR - Unexpected error: 'NoneType' object cannot be interpreted as an integer
2025-07-09 00:50:54,179 - ERROR - Unexpected error: 'NoneType' object cannot be interpreted as an integer
2025-07-09 00:50:55,180 - ERROR - Unexpected error: 'NoneType' object cannot be interpreted as an integer
2025-07-09 00:50:59,881 - ERROR - Unexpected error: 'NoneType' object cannot be interpreted as an integer
2025-07-09 00:51:01,037 - ERROR - Unexpected error: 'NoneType' object cannot be interpreted as an integer
2025-07-09 00:51:06,387 - ERROR - Unexpected error: 'NoneType' object cannot be interpreted as an integer
2025-07-09 00:51:06,547 - ERROR - Unexpected error: 'NoneType' object cannot be interpreted as an integer
2025-07-09 00:51:13,374 - ERROR - Unexpected error: 'NoneType' object cannot be interpreted as an integer
2025-07-09 00:51:14,826 - ERROR - Unexpected error: 'NoneType' object cannot be interpreted as an integer
2025-07-09 00:51:22,242 - ERROR - Unexpected error: 'NoneType' object cannot be interpreted as an integer
2025-07-09 00:51:32,045 - ERROR - Unexpected error: 'NoneType' object cannot be interpreted as an integer
2025-07-09 00:51:41,480 - ERROR - Unexpected error: 'NoneType' object cannot be interpreted as an integer
2025-07-09 00:51:45,137 - ERROR - Unexpected error: 'NoneType' object cannot be interpreted as an integer
2025-07-09 00:51:51,036 - ERROR - Unexpected error: 'NoneType' object cannot be interpreted as an integer
2025-07-09 00:52:02,329 - ERROR - Unexpected error: 'NoneType' object cannot be interpreted as an integer
2025-07-09 00:52:04,330 - ERROR - Unexpected error: 'NoneType' object cannot be interpreted as an integer
2025-07-09 00:52:08,052 - ERROR - Unexpected error: 'NoneType' object cannot be interpreted as an integer
2025-07-09 00:52:13,172 - ERROR - Unexpected error: 'NoneType' object cannot be interpreted as an integer
2025-07-09 00:52:15,705 - ERROR - Unexpected error: 'NoneType' object cannot be interpreted as an integer
2025-07-09 00:52:22,430 - ERROR - Unexpected error: 'NoneType' object cannot be interpreted as an integer
2025-07-09 00:52:25,214 - ERROR - Unexpected error: 'NoneType' object cannot be interpreted as an integer
2025-07-09 00:52:33,700 - ERROR - Unexpected error: 'NoneType' object cannot be interpreted as an integer
2025-07-09 00:52:37,310 - ERROR - Unexpected error: 'NoneType' object cannot be interpreted as an integer
2025-07-09 00:52:41,837 - ERROR - Unexpected error: 'NoneType' object cannot be interpreted as an integer
2025-07-09 00:52:46,432 - ERROR - Unexpected error: 'NoneType' object cannot be interpreted as an integer
2025-07-09 00:52:55,198 - ERROR - Unexpected error: 'NoneType' object cannot be interpreted as an integer
2025-07-09 00:53:10,601 - ERROR - Unexpected error: 'NoneType' object cannot be interpreted as an integer
2025-07-09 00:53:20,961 - ERROR - Unexpected error: 'NoneType' object cannot be interpreted as an integer
2025-07-09 00:53:22,003 - ERROR - Unexpected error: 'NoneType' object cannot be interpreted as an integer
2025-07-09 00:53:33,424 - ERROR - Unexpected error: 'NoneType' object cannot be interpreted as an integer
2025-07-09 00:53:35,221 - ERROR - Unexpected error: 'NoneType' object cannot be interpreted as an integer
2025-07-09 00:53:40,620 - ERROR - Unexpected error: 'NoneType' object cannot be interpreted as an integer
2025-07-09 00:53:43,056 - ERROR - Unexpected error: 'NoneType' object cannot be interpreted as an integer
2025-07-09 00:53:57,995 - ERROR - Unexpected error: 'NoneType' object cannot be interpreted as an integer
2025-07-09 00:54:02,256 - ERROR - Unexpected error: 'NoneType' object cannot be interpreted as an integer
2025-07-09 00:54:06,628 - ERROR - Unexpected error: 'NoneType' object cannot be interpreted as an integer
2025-07-09 00:54:07,195 - ERROR - Unexpected error: 'NoneType' object cannot be interpreted as an integer
2025-07-09 00:54:12,412 - ERROR - Unexpected error: 'NoneType' object cannot be interpreted as an integer
2025-07-09 00:54:17,725 - ERROR - Unexpected error: 'NoneType' object cannot be interpreted as an integer
2025-07-09 00:54:18,303 - ERROR - Unexpected error: 'NoneType' object cannot be interpreted as an integer
2025-07-09 00:54:19,788 - ERROR - Unexpected error: 'NoneType' object cannot be interpreted as an integer
2025-07-09 00:54:26,133 - ERROR - Unexpected error: 'NoneType' object cannot be interpreted as an integer
2025-07-09 00:54:30,349 - INFO - Processed 34000 users so far
2025-07-09 00:54:34,749 - ERROR - Unexpected error: 'NoneType' object cannot be interpreted as an integer
2025-07-09 00:54:39,581 - ERROR - Unexpected error: 'NoneType' object cannot be interpreted as an integer
2025-07-09 00:54:43,725 - ERROR - Unexpected error: 'NoneType' object cannot be interpreted as an integer
2025-07-09 00:54:45,212 - ERROR - Unexpected error: 'NoneType' object cannot be interpreted as an integer
2025-07-09 00:54:48,573 - ERROR - Unexpected error: 'NoneType' object cannot be interpreted as an integer
2025-07-09 00:54:52,192 - ERROR - Unexpected error: 'NoneType' object cannot be interpreted as an integer
2025-07-09 00:54:58,636 - ERROR - Unexpected error: 'NoneType' object cannot be interpreted as an integer
2025-07-09 00:55:06,634 - ERROR - Unexpected error: 'NoneType' object cannot be interpreted as an integer
2025-07-09 00:55:06,970 - ERROR - Unexpected error: 'NoneType' object cannot be interpreted as an integer
2025-07-09 00:55:09,018 - ERROR - Unexpected error: 'NoneType' object cannot be interpreted as an integer
2025-07-09 00:55:11,100 - ERROR - Unexpected error: 'NoneType' object cannot be interpreted as an integer
2025-07-09 00:55:13,124 - ERROR - Unexpected error: 'NoneType' object cannot be interpreted as an integer
2025-07-09 00:55:15,451 - ERROR - Unexpected error: 'NoneType' object cannot be interpreted as an integer
2025-07-09 00:55:18,134 - ERROR - Unexpected error: 'NoneType' object cannot be interpreted as an integer
2025-07-09 00:55:24,749 - ERROR - Unexpected error: 'NoneType' object cannot be interpreted as an integer
2025-07-09 00:55:27,250 - ERROR - Unexpected error: 'NoneType' object cannot be interpreted as an integer
2025-07-09 00:55:30,082 - ERROR - Unexpected error: 'NoneType' object cannot be interpreted as an integer
2025-07-09 00:55:30,518 - ERROR - Unexpected error: 'NoneType' object cannot be interpreted as an integer
2025-07-09 00:55:33,911 - ERROR - Unexpected error: 'NoneType' object cannot be interpreted as an integer
2025-07-09 00:55:35,044 - ERROR - Unexpected error: 'NoneType' object cannot be interpreted as an integer
2025-07-09 00:55:36,265 - ERROR - Unexpected error: 'NoneType' object cannot be interpreted as an integer
2025-07-09 00:55:40,296 - ERROR - Unexpected error: 'NoneType' object cannot be interpreted as an integer
2025-07-09 00:55:42,951 - ERROR - Unexpected error: 'NoneType' object cannot be interpreted as an integer
2025-07-09 00:55:45,701 - ERROR - Unexpected error: 'NoneType' object cannot be interpreted as an integer
2025-07-09 00:55:50,236 - ERROR - Unexpected error: 'NoneType' object cannot be interpreted as an integer
2025-07-09 00:55:57,530 - ERROR - Unexpected error: 'NoneType' object cannot be interpreted as an integer
2025-07-09 00:56:01,303 - ERROR - Unexpected error: 'NoneType' object cannot be interpreted as an integer
2025-07-09 00:56:03,754 - ERROR - Unexpected error: 'NoneType' object cannot be interpreted as an integer
2025-07-09 00:56:22,858 - ERROR - Unexpected error: 'NoneType' object cannot be interpreted as an integer
2025-07-09 00:56:30,751 - ERROR - Unexpected error: 'NoneType' object cannot be interpreted as an integer
2025-07-09 00:56:32,052 - ERROR - Unexpected error: 'NoneType' object cannot be interpreted as an integer
2025-07-09 00:56:32,473 - ERROR - Unexpected error: 'NoneType' object cannot be interpreted as an integer
2025-07-09 00:56:33,356 - ERROR - Unexpected error: 'NoneType' object cannot be interpreted as an integer
2025-07-09 00:56:35,395 - ERROR - Unexpected error: 'NoneType' object cannot be interpreted as an integer
2025-07-09 00:56:38,299 - ERROR - Unexpected error: 'NoneType' object cannot be interpreted as an integer
2025-07-09 00:56:50,210 - ERROR - Unexpected error: 'NoneType' object cannot be interpreted as an integer
2025-07-09 00:56:52,004 - ERROR - Unexpected error: 'NoneType' object cannot be interpreted as an integer
2025-07-09 00:56:53,208 - ERROR - Unexpected error: 'NoneType' object cannot be interpreted as an integer
2025-07-09 00:56:54,912 - ERROR - Unexpected error: 'NoneType' object cannot be interpreted as an integer
2025-07-09 00:57:07,380 - ERROR - Unexpected error: 'NoneType' object cannot be interpreted as an integer
2025-07-09 00:57:09,525 - ERROR - Unexpected error: 'NoneType' object cannot be interpreted as an integer
2025-07-09 00:57:20,714 - ERROR - Unexpected error: 'NoneType' object cannot be interpreted as an integer
2025-07-09 00:57:21,303 - ERROR - Unexpected error: 'NoneType' object cannot be interpreted as an integer
2025-07-09 00:57:27,314 - ERROR - Unexpected error: 'NoneType' object cannot be interpreted as an integer
2025-07-09 00:57:28,226 - ERROR - Unexpected error: 'NoneType' object cannot be interpreted as an integer
2025-07-09 00:57:36,759 - ERROR - Unexpected error: 'NoneType' object cannot be interpreted as an integer
2025-07-09 00:57:39,434 - ERROR - Unexpected error: 'NoneType' object cannot be interpreted as an integer
2025-07-09 00:57:40,908 - ERROR - Unexpected error: 'NoneType' object cannot be interpreted as an integer
2025-07-09 00:57:56,195 - ERROR - Unexpected error: 'NoneType' object cannot be interpreted as an integer
2025-07-09 00:57:57,166 - ERROR - Unexpected error: 'NoneType' object cannot be interpreted as an integer
2025-07-09 00:57:57,921 - ERROR - Unexpected error: 'NoneType' object cannot be interpreted as an integer
2025-07-09 00:58:24,152 - ERROR - Unexpected error: 'NoneType' object cannot be interpreted as an integer
2025-07-09 00:58:24,896 - ERROR - Unexpected error: 'NoneType' object cannot be interpreted as an integer
2025-07-09 00:58:28,403 - ERROR - Unexpected error: 'NoneType' object cannot be interpreted as an integer
2025-07-09 00:58:36,400 - ERROR - Unexpected error: 'NoneType' object cannot be interpreted as an integer
2025-07-09 00:58:45,523 - ERROR - Unexpected error: 'NoneType' object cannot be interpreted as an integer
2025-07-09 00:58:50,585 - ERROR - Unexpected error: 'NoneType' object cannot be interpreted as an integer
2025-07-09 00:58:55,237 - ERROR - Unexpected error: 'NoneType' object cannot be interpreted as an integer
2025-07-09 00:58:56,248 - ERROR - Unexpected error: 'NoneType' object cannot be interpreted as an integer
2025-07-09 00:59:03,268 - ERROR - Unexpected error: 'NoneType' object cannot be interpreted as an integer
2025-07-09 00:59:03,863 - ERROR - Unexpected error: 'NoneType' object cannot be interpreted as an integer
2025-07-09 00:59:10,676 - ERROR - Unexpected error: 'NoneType' object cannot be interpreted as an integer
2025-07-09 00:59:16,994 - ERROR - Unexpected error: 'NoneType' object cannot be interpreted as an integer
2025-07-09 00:59:25,539 - ERROR - Unexpected error: 'NoneType' object cannot be interpreted as an integer
2025-07-09 00:59:33,718 - ERROR - Unexpected error: 'NoneType' object cannot be interpreted as an integer
2025-07-09 00:59:34,753 - ERROR - Unexpected error: 'NoneType' object cannot be interpreted as an integer
2025-07-09 00:59:39,362 - ERROR - Unexpected error: 'NoneType' object cannot be interpreted as an integer
2025-07-09 00:59:41,374 - ERROR - Unexpected error: 'NoneType' object cannot be interpreted as an integer
2025-07-09 00:59:45,518 - ERROR - Unexpected error: 'NoneType' object cannot be interpreted as an integer
2025-07-09 00:59:46,011 - ERROR - Unexpected error: 'NoneType' object cannot be interpreted as an integer
2025-07-09 00:59:59,582 - ERROR - Unexpected error: 'NoneType' object cannot be interpreted as an integer
2025-07-09 01:00:07,570 - ERROR - Unexpected error: 'NoneType' object cannot be interpreted as an integer
2025-07-09 01:00:11,492 - ERROR - Unexpected error: 'NoneType' object cannot be interpreted as an integer
2025-07-09 01:00:18,602 - ERROR - Unexpected error: 'NoneType' object cannot be interpreted as an integer
2025-07-09 01:00:20,433 - ERROR - Unexpected error: 'NoneType' object cannot be interpreted as an integer
2025-07-09 01:00:34,241 - ERROR - Unexpected error: 'NoneType' object cannot be interpreted as an integer
2025-07-09 01:00:38,879 - ERROR - Unexpected error: 'NoneType' object cannot be interpreted as an integer
2025-07-09 01:00:44,146 - ERROR - Unexpected error: 'NoneType' object cannot be interpreted as an integer
2025-07-09 01:00:48,501 - ERROR - Unexpected error: 'NoneType' object cannot be interpreted as an integer
2025-07-09 01:00:52,683 - ERROR - Unexpected error: 'NoneType' object cannot be interpreted as an integer
2025-07-09 01:00:53,868 - ERROR - Unexpected error: 'NoneType' object cannot be interpreted as an integer
2025-07-09 01:00:54,616 - ERROR - Unexpected error: 'NoneType' object cannot be interpreted as an integer
2025-07-09 01:00:55,075 - ERROR - Unexpected error: 'NoneType' object cannot be interpreted as an integer
2025-07-09 01:01:01,122 - ERROR - Unexpected error: 'NoneType' object cannot be interpreted as an integer
2025-07-09 01:01:04,954 - ERROR - Unexpected error: 'NoneType' object cannot be interpreted as an integer
2025-07-09 01:01:12,070 - ERROR - Unexpected error: 'NoneType' object cannot be interpreted as an integer
2025-07-09 01:01:13,769 - ERROR - Unexpected error: 'NoneType' object cannot be interpreted as an integer
2025-07-09 01:01:14,644 - ERROR - Unexpected error: 'NoneType' object cannot be interpreted as an integer
2025-07-09 01:01:19,042 - ERROR - Unexpected error: 'NoneType' object cannot be interpreted as an integer
2025-07-09 01:01:23,980 - ERROR - Unexpected error: 'NoneType' object cannot be interpreted as an integer
2025-07-09 01:01:26,110 - ERROR - Unexpected error: 'NoneType' object cannot be interpreted as an integer
2025-07-09 01:01:40,841 - ERROR - Unexpected error: 'NoneType' object cannot be interpreted as an integer
2025-07-09 01:02:16,849 - ERROR - Unexpected error: 'NoneType' object cannot be interpreted as an integer
2025-07-09 01:02:20,481 - ERROR - Unexpected error: 'NoneType' object cannot be interpreted as an integer
2025-07-09 01:02:21,201 - ERROR - Unexpected error: 'NoneType' object cannot be interpreted as an integer
2025-07-09 01:02:25,384 - ERROR - Unexpected error: 'NoneType' object cannot be interpreted as an integer
2025-07-09 01:02:26,146 - ERROR - Unexpected error: 'NoneType' object cannot be interpreted as an integer
2025-07-09 01:02:32,903 - ERROR - Unexpected error: 'NoneType' object cannot be interpreted as an integer
2025-07-09 01:02:36,278 - ERROR - Unexpected error: 'NoneType' object cannot be interpreted as an integer
2025-07-09 01:02:41,338 - ERROR - Unexpected error: 'NoneType' object cannot be interpreted as an integer
2025-07-09 01:02:45,674 - ERROR - Unexpected error: 'NoneType' object cannot be interpreted as an integer
2025-07-09 01:02:45,828 - ERROR - Unexpected error: 'NoneType' object cannot be interpreted as an integer
2025-07-09 01:02:49,905 - ERROR - Unexpected error: 'NoneType' object cannot be interpreted as an integer
2025-07-09 01:02:50,761 - ERROR - Unexpected error: 'NoneType' object cannot be interpreted as an integer
2025-07-09 01:02:53,326 - ERROR - Unexpected error: 'NoneType' object cannot be interpreted as an integer
2025-07-09 01:02:53,967 - ERROR - Unexpected error: 'NoneType' object cannot be interpreted as an integer
2025-07-09 01:03:02,233 - ERROR - Unexpected error: 'NoneType' object cannot be interpreted as an integer
2025-07-09 01:03:04,008 - ERROR - Unexpected error: 'NoneType' object cannot be interpreted as an integer
2025-07-09 01:03:05,686 - ERROR - Unexpected error: 'NoneType' object cannot be interpreted as an integer
2025-07-09 01:03:08,271 - ERROR - Unexpected error: 'NoneType' object cannot be interpreted as an integer
2025-07-09 01:03:27,097 - ERROR - Unexpected error: 'NoneType' object cannot be interpreted as an integer
2025-07-09 01:04:31,298 - ERROR - Unexpected error: 'NoneType' object cannot be interpreted as an integer
2025-07-09 01:04:38,566 - ERROR - Unexpected error: 'NoneType' object cannot be interpreted as an integer
2025-07-09 01:04:44,079 - ERROR - Unexpected error: 'NoneType' object cannot be interpreted as an integer
2025-07-09 01:04:49,848 - ERROR - Unexpected error: 'NoneType' object cannot be interpreted as an integer
2025-07-09 01:04:52,078 - ERROR - Unexpected error: 'NoneType' object cannot be interpreted as an integer
2025-07-09 01:04:57,322 - ERROR - Unexpected error: 'NoneType' object cannot be interpreted as an integer
2025-07-09 01:05:05,877 - ERROR - Unexpected error: 'NoneType' object cannot be interpreted as an integer
2025-07-09 01:05:18,913 - ERROR - Unexpected error: 'NoneType' object cannot be interpreted as an integer
2025-07-09 01:05:25,337 - ERROR - Unexpected error: 'NoneType' object cannot be interpreted as an integer
2025-07-09 01:05:29,851 - ERROR - Unexpected error: 'NoneType' object cannot be interpreted as an integer
2025-07-09 01:05:32,971 - ERROR - Unexpected error: 'NoneType' object cannot be interpreted as an integer
2025-07-09 01:05:37,975 - ERROR - Unexpected error: 'NoneType' object cannot be interpreted as an integer
2025-07-09 01:05:38,830 - ERROR - Unexpected error: 'NoneType' object cannot be interpreted as an integer
2025-07-09 01:05:45,774 - ERROR - Unexpected error: 'NoneType' object cannot be interpreted as an integer
2025-07-09 01:05:57,380 - INFO - Processed 36000 users so far
2025-07-09 01:06:00,116 - ERROR - Unexpected error: 'NoneType' object cannot be interpreted as an integer
2025-07-09 01:06:05,142 - ERROR - Unexpected error: 'NoneType' object cannot be interpreted as an integer
2025-07-09 01:06:05,660 - ERROR - Unexpected error: 'NoneType' object cannot be interpreted as an integer
2025-07-09 01:06:16,322 - ERROR - Unexpected error: 'NoneType' object cannot be interpreted as an integer
2025-07-09 01:06:22,915 - ERROR - Unexpected error: 'NoneType' object cannot be interpreted as an integer
2025-07-09 01:06:30,404 - ERROR - Unexpected error: 'NoneType' object cannot be interpreted as an integer
2025-07-09 01:06:31,965 - ERROR - Unexpected error: 'NoneType' object cannot be interpreted as an integer
2025-07-09 01:06:36,987 - ERROR - Unexpected error: 'NoneType' object cannot be interpreted as an integer
2025-07-09 01:06:37,317 - ERROR - Unexpected error: 'NoneType' object cannot be interpreted as an integer
2025-07-09 01:06:40,911 - ERROR - Unexpected error: 'NoneType' object cannot be interpreted as an integer
2025-07-09 01:06:44,015 - ERROR - Unexpected error: 'NoneType' object cannot be interpreted as an integer
2025-07-09 01:06:45,366 - ERROR - Unexpected error: 'NoneType' object cannot be interpreted as an integer
2025-07-09 01:06:48,056 - ERROR - Unexpected error: 'NoneType' object cannot be interpreted as an integer
2025-07-09 01:06:52,076 - ERROR - Unexpected error: 'NoneType' object cannot be interpreted as an integer
2025-07-09 01:06:52,418 - ERROR - Unexpected error: 'NoneType' object cannot be interpreted as an integer
2025-07-09 01:07:05,502 - ERROR - Unexpected error: 'NoneType' object cannot be interpreted as an integer
2025-07-09 01:07:35,224 - ERROR - Unexpected error: 'NoneType' object cannot be interpreted as an integer
2025-07-09 01:07:46,452 - ERROR - Unexpected error: 'NoneType' object cannot be interpreted as an integer
2025-07-09 01:07:51,349 - ERROR - Unexpected error: 'NoneType' object cannot be interpreted as an integer
2025-07-09 01:07:57,641 - ERROR - Unexpected error: 'NoneType' object cannot be interpreted as an integer
2025-07-09 01:08:11,571 - ERROR - Unexpected error: 'NoneType' object cannot be interpreted as an integer
2025-07-09 01:08:12,255 - ERROR - Unexpected error: 'NoneType' object cannot be interpreted as an integer
2025-07-09 01:08:32,865 - ERROR - Unexpected error: 'NoneType' object cannot be interpreted as an integer
2025-07-09 01:08:45,081 - ERROR - Unexpected error: 'NoneType' object cannot be interpreted as an integer
2025-07-09 01:08:48,011 - ERROR - Unexpected error: 'NoneType' object cannot be interpreted as an integer
2025-07-09 01:08:51,508 - ERROR - Unexpected error: 'NoneType' object cannot be interpreted as an integer
2025-07-09 01:08:55,244 - ERROR - Unexpected error: 'NoneType' object cannot be interpreted as an integer
2025-07-09 01:08:55,782 - ERROR - Unexpected error: 'NoneType' object cannot be interpreted as an integer
2025-07-09 01:08:59,051 - ERROR - Unexpected error: 'NoneType' object cannot be interpreted as an integer
2025-07-09 01:09:05,132 - ERROR - Unexpected error: 'NoneType' object cannot be interpreted as an integer
2025-07-09 01:09:05,803 - ERROR - Unexpected error: 'NoneType' object cannot be interpreted as an integer
2025-07-09 01:09:15,902 - ERROR - Unexpected error: 'NoneType' object cannot be interpreted as an integer
2025-07-09 01:09:16,064 - ERROR - Unexpected error: 'NoneType' object cannot be interpreted as an integer
2025-07-09 01:09:29,846 - ERROR - Unexpected error: 'NoneType' object cannot be interpreted as an integer
2025-07-09 01:09:33,423 - ERROR - Unexpected error: 'NoneType' object cannot be interpreted as an integer
2025-07-09 01:09:38,859 - ERROR - Unexpected error: 'NoneType' object cannot be interpreted as an integer
2025-07-09 01:09:39,817 - ERROR - Unexpected error: 'NoneType' object cannot be interpreted as an integer
2025-07-09 01:09:42,789 - ERROR - Unexpected error: 'NoneType' object cannot be interpreted as an integer
2025-07-09 01:09:42,953 - ERROR - Unexpected error: 'NoneType' object cannot be interpreted as an integer
2025-07-09 01:09:44,703 - ERROR - Unexpected error: 'NoneType' object cannot be interpreted as an integer
2025-07-09 01:09:48,105 - ERROR - Unexpected error: 'NoneType' object cannot be interpreted as an integer
2025-07-09 01:09:52,468 - ERROR - Unexpected error: 'NoneType' object cannot be interpreted as an integer
2025-07-09 01:09:53,978 - ERROR - Unexpected error: 'NoneType' object cannot be interpreted as an integer
2025-07-09 01:09:58,643 - ERROR - Unexpected error: 'NoneType' object cannot be interpreted as an integer
2025-07-09 01:10:12,724 - ERROR - Request failed: 422 Client Error: Unprocessable Entity for url: https://arctic-shift.photon-reddit.com/api/posts/search?author=Thetrader2896&after=1641016800&before=1745989200&limit=auto&sort=asc&meta-app=download-tool
2025-07-09 01:10:25,201 - ERROR - Unexpected error: 'NoneType' object cannot be interpreted as an integer
2025-07-09 01:10:31,872 - ERROR - Unexpected error: 'NoneType' object cannot be interpreted as an integer
2025-07-09 01:10:35,220 - ERROR - Unexpected error: 'NoneType' object cannot be interpreted as an integer
2025-07-09 01:10:38,073 - ERROR - Unexpected error: 'NoneType' object cannot be interpreted as an integer
2025-07-09 01:10:43,346 - ERROR - Unexpected error: 'NoneType' object cannot be interpreted as an integer
2025-07-09 01:11:07,444 - ERROR - Unexpected error: 'NoneType' object cannot be interpreted as an integer
2025-07-09 01:11:10,337 - ERROR - Unexpected error: 'NoneType' object cannot be interpreted as an integer
2025-07-09 01:11:10,500 - ERROR - Unexpected error: 'NoneType' object cannot be interpreted as an integer
2025-07-09 01:11:19,890 - ERROR - Unexpected error: 'NoneType' object cannot be interpreted as an integer
2025-07-09 01:11:55,056 - ERROR - Unexpected error: 'NoneType' object cannot be interpreted as an integer
2025-07-09 01:12:05,701 - ERROR - Unexpected error: 'NoneType' object cannot be interpreted as an integer
2025-07-09 01:12:11,297 - ERROR - Unexpected error: 'NoneType' object cannot be interpreted as an integer
2025-07-09 01:12:16,738 - ERROR - Unexpected error: 'NoneType' object cannot be interpreted as an integer
2025-07-09 01:12:18,578 - ERROR - Unexpected error: 'NoneType' object cannot be interpreted as an integer
2025-07-09 01:12:24,391 - ERROR - Unexpected error: 'NoneType' object cannot be interpreted as an integer
2025-07-09 01:12:24,850 - ERROR - Unexpected error: 'NoneType' object cannot be interpreted as an integer
2025-07-09 01:12:25,849 - ERROR - Unexpected error: 'NoneType' object cannot be interpreted as an integer
2025-07-09 01:12:42,624 - ERROR - Unexpected error: 'NoneType' object cannot be interpreted as an integer
2025-07-09 01:12:43,263 - ERROR - Unexpected error: 'NoneType' object cannot be interpreted as an integer
2025-07-09 01:12:44,172 - ERROR - Unexpected error: 'NoneType' object cannot be interpreted as an integer
2025-07-09 01:12:58,055 - ERROR - Unexpected error: 'NoneType' object cannot be interpreted as an integer
2025-07-09 01:13:06,633 - ERROR - Unexpected error: 'NoneType' object cannot be interpreted as an integer
2025-07-09 01:13:12,679 - ERROR - Unexpected error: 'NoneType' object cannot be interpreted as an integer
2025-07-09 01:13:21,712 - ERROR - Unexpected error: 'NoneType' object cannot be interpreted as an integer
2025-07-09 01:13:53,303 - ERROR - Unexpected error: 'NoneType' object cannot be interpreted as an integer
2025-07-09 01:13:57,196 - ERROR - Unexpected error: 'NoneType' object cannot be interpreted as an integer
2025-07-09 01:14:00,490 - ERROR - Unexpected error: 'NoneType' object cannot be interpreted as an integer
2025-07-09 01:14:23,394 - ERROR - Unexpected error: 'NoneType' object cannot be interpreted as an integer
2025-07-09 01:14:24,388 - ERROR - Unexpected error: 'NoneType' object cannot be interpreted as an integer
2025-07-09 01:14:28,182 - ERROR - Unexpected error: 'NoneType' object cannot be interpreted as an integer
2025-07-09 01:14:32,912 - ERROR - Unexpected error: 'NoneType' object cannot be interpreted as an integer
2025-07-09 01:14:41,431 - ERROR - Unexpected error: 'NoneType' object cannot be interpreted as an integer
2025-07-09 01:14:42,710 - ERROR - Unexpected error: 'NoneType' object cannot be interpreted as an integer
2025-07-09 01:14:48,432 - ERROR - Unexpected error: 'NoneType' object cannot be interpreted as an integer
2025-07-09 01:14:50,009 - ERROR - Unexpected error: 'NoneType' object cannot be interpreted as an integer
2025-07-09 01:15:36,029 - ERROR - Unexpected error: 'NoneType' object cannot be interpreted as an integer
2025-07-09 01:15:37,098 - ERROR - Unexpected error: 'NoneType' object cannot be interpreted as an integer
2025-07-09 01:15:38,567 - ERROR - Unexpected error: 'NoneType' object cannot be interpreted as an integer
2025-07-09 01:15:42,168 - ERROR - Unexpected error: 'NoneType' object cannot be interpreted as an integer
2025-07-09 01:15:46,118 - ERROR - Unexpected error: 'NoneType' object cannot be interpreted as an integer
2025-07-09 01:15:47,123 - ERROR - Unexpected error: 'NoneType' object cannot be interpreted as an integer
2025-07-09 01:15:53,493 - ERROR - Unexpected error: 'NoneType' object cannot be interpreted as an integer
2025-07-09 01:15:58,572 - ERROR - Unexpected error: 'NoneType' object cannot be interpreted as an integer
2025-07-09 01:16:10,142 - ERROR - Unexpected error: 'NoneType' object cannot be interpreted as an integer
2025-07-09 01:16:15,680 - ERROR - Unexpected error: 'NoneType' object cannot be interpreted as an integer
2025-07-09 01:16:30,857 - ERROR - Unexpected error: 'NoneType' object cannot be interpreted as an integer
2025-07-09 01:16:40,667 - ERROR - Unexpected error: 'NoneType' object cannot be interpreted as an integer
2025-07-09 01:16:42,819 - ERROR - Unexpected error: 'NoneType' object cannot be interpreted as an integer
2025-07-09 01:16:50,258 - ERROR - Unexpected error: 'NoneType' object cannot be interpreted as an integer
2025-07-09 01:16:55,961 - ERROR - Unexpected error: 'NoneType' object cannot be interpreted as an integer
2025-07-09 01:17:01,372 - ERROR - Unexpected error: 'NoneType' object cannot be interpreted as an integer
2025-07-09 01:17:13,405 - ERROR - Unexpected error: 'NoneType' object cannot be interpreted as an integer
2025-07-09 01:17:36,717 - ERROR - Unexpected error: 'NoneType' object cannot be interpreted as an integer
2025-07-09 01:17:40,399 - ERROR - Unexpected error: 'NoneType' object cannot be interpreted as an integer
2025-07-09 01:17:42,315 - ERROR - Unexpected error: 'NoneType' object cannot be interpreted as an integer
2025-07-09 01:17:44,217 - ERROR - Unexpected error: 'NoneType' object cannot be interpreted as an integer
2025-07-09 01:17:44,621 - ERROR - Unexpected error: 'NoneType' object cannot be interpreted as an integer
2025-07-09 01:17:44,938 - ERROR - Unexpected error: 'NoneType' object cannot be interpreted as an integer
2025-07-09 01:17:56,654 - ERROR - Unexpected error: 'NoneType' object cannot be interpreted as an integer
2025-07-09 01:18:00,871 - ERROR - Unexpected error: 'NoneType' object cannot be interpreted as an integer
2025-07-09 01:18:07,556 - ERROR - Unexpected error: 'NoneType' object cannot be interpreted as an integer
2025-07-09 01:18:09,771 - ERROR - Unexpected error: 'NoneType' object cannot be interpreted as an integer
2025-07-09 01:18:14,818 - ERROR - Unexpected error: 'NoneType' object cannot be interpreted as an integer
2025-07-09 01:18:15,459 - ERROR - Unexpected error: 'NoneType' object cannot be interpreted as an integer
2025-07-09 01:18:21,734 - ERROR - Unexpected error: 'NoneType' object cannot be interpreted as an integer
2025-07-09 01:18:25,671 - ERROR - Unexpected error: 'NoneType' object cannot be interpreted as an integer
2025-07-09 01:18:25,673 - INFO - Processed 38000 users so far
2025-07-09 01:18:36,886 - ERROR - Unexpected error: 'NoneType' object cannot be interpreted as an integer
2025-07-09 01:18:39,803 - ERROR - Unexpected error: 'NoneType' object cannot be interpreted as an integer
2025-07-09 01:19:06,873 - ERROR - Unexpected error: 'NoneType' object cannot be interpreted as an integer
2025-07-09 01:19:17,421 - ERROR - Unexpected error: 'NoneType' object cannot be interpreted as an integer
2025-07-09 01:19:20,009 - ERROR - Unexpected error: 'NoneType' object cannot be interpreted as an integer
2025-07-09 01:19:21,166 - ERROR - Unexpected error: 'NoneType' object cannot be interpreted as an integer
2025-07-09 01:19:23,164 - ERROR - Unexpected error: 'NoneType' object cannot be interpreted as an integer
2025-07-09 01:19:36,278 - ERROR - Unexpected error: 'NoneType' object cannot be interpreted as an integer
2025-07-09 01:19:36,692 - ERROR - Unexpected error: 'NoneType' object cannot be interpreted as an integer
2025-07-09 01:19:39,445 - ERROR - Unexpected error: 'NoneType' object cannot be interpreted as an integer
2025-07-09 01:20:01,123 - ERROR - Unexpected error: 'NoneType' object cannot be interpreted as an integer
2025-07-09 01:20:08,717 - ERROR - Unexpected error: 'NoneType' object cannot be interpreted as an integer
2025-07-09 01:20:21,539 - ERROR - Unexpected error: 'NoneType' object cannot be interpreted as an integer
2025-07-09 01:20:23,208 - ERROR - Unexpected error: 'NoneType' object cannot be interpreted as an integer
2025-07-09 01:20:23,921 - ERROR - Unexpected error: 'NoneType' object cannot be interpreted as an integer
2025-07-09 01:20:31,072 - ERROR - Unexpected error: 'NoneType' object cannot be interpreted as an integer
2025-07-09 01:20:45,288 - ERROR - Unexpected error: 'NoneType' object cannot be interpreted as an integer
2025-07-09 01:20:47,899 - ERROR - Unexpected error: 'NoneType' object cannot be interpreted as an integer
2025-07-09 01:20:54,452 - ERROR - Unexpected error: 'NoneType' object cannot be interpreted as an integer
2025-07-09 01:20:55,425 - ERROR - Unexpected error: 'NoneType' object cannot be interpreted as an integer
2025-07-09 01:20:58,498 - ERROR - Unexpected error: 'NoneType' object cannot be interpreted as an integer
2025-07-09 01:21:28,001 - ERROR - Unexpected error: 'NoneType' object cannot be interpreted as an integer
2025-07-09 01:21:35,706 - ERROR - Unexpected error: 'NoneType' object cannot be interpreted as an integer
2025-07-09 01:21:47,623 - ERROR - Unexpected error: 'NoneType' object cannot be interpreted as an integer
2025-07-09 01:21:47,789 - ERROR - Unexpected error: 'NoneType' object cannot be interpreted as an integer
2025-07-09 01:21:49,758 - ERROR - Unexpected error: 'NoneType' object cannot be interpreted as an integer
2025-07-09 01:21:56,930 - ERROR - Unexpected error: 'NoneType' object cannot be interpreted as an integer
2025-07-09 01:22:05,918 - ERROR - Unexpected error: 'NoneType' object cannot be interpreted as an integer
2025-07-09 01:22:25,743 - ERROR - Unexpected error: 'NoneType' object cannot be interpreted as an integer
2025-07-09 01:22:28,966 - ERROR - Unexpected error: 'NoneType' object cannot be interpreted as an integer
2025-07-09 01:22:34,461 - ERROR - Unexpected error: 'NoneType' object cannot be interpreted as an integer
2025-07-09 01:22:41,930 - ERROR - Unexpected error: 'NoneType' object cannot be interpreted as an integer
2025-07-09 01:22:42,794 - ERROR - Unexpected error: 'NoneType' object cannot be interpreted as an integer
2025-07-09 01:22:46,973 - ERROR - Unexpected error: 'NoneType' object cannot be interpreted as an integer
2025-07-09 01:22:49,286 - ERROR - Unexpected error: 'NoneType' object cannot be interpreted as an integer
2025-07-09 01:22:54,543 - ERROR - Unexpected error: 'NoneType' object cannot be interpreted as an integer
2025-07-09 01:23:03,888 - ERROR - Unexpected error: 'NoneType' object cannot be interpreted as an integer
2025-07-09 01:23:14,022 - ERROR - Unexpected error: 'NoneType' object cannot be interpreted as an integer
2025-07-09 01:23:32,514 - ERROR - Unexpected error: 'NoneType' object cannot be interpreted as an integer
2025-07-09 01:23:34,413 - ERROR - Unexpected error: 'NoneType' object cannot be interpreted as an integer
2025-07-09 01:23:37,757 - ERROR - Unexpected error: 'NoneType' object cannot be interpreted as an integer
2025-07-09 01:23:37,942 - ERROR - Unexpected error: 'NoneType' object cannot be interpreted as an integer
2025-07-09 01:23:41,342 - ERROR - Unexpected error: 'NoneType' object cannot be interpreted as an integer
2025-07-09 01:23:41,968 - ERROR - Unexpected error: 'NoneType' object cannot be interpreted as an integer
2025-07-09 01:23:57,236 - ERROR - Unexpected error: 'NoneType' object cannot be interpreted as an integer
2025-07-09 01:23:58,541 - ERROR - Unexpected error: 'NoneType' object cannot be interpreted as an integer
2025-07-09 01:24:00,008 - ERROR - Unexpected error: 'NoneType' object cannot be interpreted as an integer
2025-07-09 01:24:12,167 - ERROR - Unexpected error: 'NoneType' object cannot be interpreted as an integer
2025-07-09 01:24:12,869 - ERROR - Unexpected error: 'NoneType' object cannot be interpreted as an integer
2025-07-09 01:24:13,287 - ERROR - Unexpected error: 'NoneType' object cannot be interpreted as an integer
2025-07-09 01:24:21,698 - ERROR - Unexpected error: 'NoneType' object cannot be interpreted as an integer
2025-07-09 01:24:22,991 - ERROR - Unexpected error: 'NoneType' object cannot be interpreted as an integer
2025-07-09 01:24:23,799 - ERROR - Unexpected error: 'NoneType' object cannot be interpreted as an integer
2025-07-09 01:24:27,047 - ERROR - Unexpected error: 'NoneType' object cannot be interpreted as an integer
2025-07-09 01:24:30,023 - ERROR - Unexpected error: 'NoneType' object cannot be interpreted as an integer
2025-07-09 01:24:36,096 - ERROR - Unexpected error: 'NoneType' object cannot be interpreted as an integer
2025-07-09 01:24:45,587 - ERROR - Unexpected error: 'NoneType' object cannot be interpreted as an integer
2025-07-09 01:25:04,782 - ERROR - Unexpected error: 'NoneType' object cannot be interpreted as an integer
2025-07-09 01:25:19,170 - ERROR - Unexpected error: 'NoneType' object cannot be interpreted as an integer
2025-07-09 01:25:20,293 - ERROR - Unexpected error: 'NoneType' object cannot be interpreted as an integer
2025-07-09 01:25:22,882 - ERROR - Unexpected error: 'NoneType' object cannot be interpreted as an integer
2025-07-09 01:25:47,280 - ERROR - Unexpected error: 'NoneType' object cannot be interpreted as an integer
2025-07-09 01:25:47,991 - ERROR - Unexpected error: 'NoneType' object cannot be interpreted as an integer
2025-07-09 01:26:06,669 - ERROR - Unexpected error: 'NoneType' object cannot be interpreted as an integer
2025-07-09 01:26:12,281 - ERROR - Unexpected error: 'NoneType' object cannot be interpreted as an integer
2025-07-09 01:26:15,092 - ERROR - Unexpected error: 'NoneType' object cannot be interpreted as an integer
2025-07-09 01:26:16,508 - ERROR - Unexpected error: 'NoneType' object cannot be interpreted as an integer
2025-07-09 01:26:17,243 - ERROR - Unexpected error: 'NoneType' object cannot be interpreted as an integer
2025-07-09 01:26:24,092 - ERROR - Unexpected error: 'NoneType' object cannot be interpreted as an integer
2025-07-09 01:26:31,946 - ERROR - Unexpected error: 'NoneType' object cannot be interpreted as an integer
2025-07-09 01:26:36,013 - ERROR - Unexpected error: 'NoneType' object cannot be interpreted as an integer
2025-07-09 01:26:37,145 - ERROR - Unexpected error: 'NoneType' object cannot be interpreted as an integer
2025-07-09 01:26:38,206 - ERROR - Unexpected error: 'NoneType' object cannot be interpreted as an integer
2025-07-09 01:26:51,706 - ERROR - Unexpected error: 'NoneType' object cannot be interpreted as an integer
2025-07-09 01:26:58,788 - ERROR - Unexpected error: 'NoneType' object cannot be interpreted as an integer
2025-07-09 01:27:03,102 - ERROR - Unexpected error: 'NoneType' object cannot be interpreted as an integer
2025-07-09 01:27:14,893 - ERROR - Unexpected error: 'NoneType' object cannot be interpreted as an integer
2025-07-09 01:27:35,243 - ERROR - Unexpected error: 'NoneType' object cannot be interpreted as an integer
2025-07-09 01:27:38,488 - ERROR - Unexpected error: 'NoneType' object cannot be interpreted as an integer
2025-07-09 01:27:39,833 - ERROR - Unexpected error: 'NoneType' object cannot be interpreted as an integer
2025-07-09 01:27:46,913 - ERROR - Unexpected error: 'NoneType' object cannot be interpreted as an integer
2025-07-09 01:28:08,242 - ERROR - Unexpected error: 'NoneType' object cannot be interpreted as an integer
2025-07-09 01:28:09,176 - ERROR - Unexpected error: 'NoneType' object cannot be interpreted as an integer
2025-07-09 01:28:15,007 - ERROR - Unexpected error: 'NoneType' object cannot be interpreted as an integer
2025-07-09 01:28:21,906 - ERROR - Unexpected error: 'NoneType' object cannot be interpreted as an integer
2025-07-09 01:28:29,713 - ERROR - Unexpected error: 'NoneType' object cannot be interpreted as an integer
2025-07-09 01:28:30,855 - ERROR - Unexpected error: 'NoneType' object cannot be interpreted as an integer
2025-07-09 01:28:35,032 - ERROR - Unexpected error: 'NoneType' object cannot be interpreted as an integer
2025-07-09 01:28:37,365 - ERROR - Unexpected error: 'NoneType' object cannot be interpreted as an integer
2025-07-09 01:28:40,158 - ERROR - Unexpected error: 'NoneType' object cannot be interpreted as an integer
2025-07-09 01:28:40,627 - ERROR - Unexpected error: 'NoneType' object cannot be interpreted as an integer
2025-07-09 01:28:50,907 - ERROR - Unexpected error: 'NoneType' object cannot be interpreted as an integer
2025-07-09 01:28:51,742 - ERROR - Unexpected error: 'NoneType' object cannot be interpreted as an integer
2025-07-09 01:28:55,897 - ERROR - Unexpected error: 'NoneType' object cannot be interpreted as an integer
2025-07-09 01:28:56,932 - ERROR - Unexpected error: 'NoneType' object cannot be interpreted as an integer
2025-07-09 01:28:58,339 - ERROR - Unexpected error: 'NoneType' object cannot be interpreted as an integer
2025-07-09 01:29:03,680 - ERROR - Unexpected error: 'NoneType' object cannot be interpreted as an integer
2025-07-09 01:29:12,807 - ERROR - Unexpected error: 'NoneType' object cannot be interpreted as an integer
2025-07-09 01:29:19,321 - ERROR - Unexpected error: 'NoneType' object cannot be interpreted as an integer
2025-07-09 01:29:19,913 - ERROR - Unexpected error: 'NoneType' object cannot be interpreted as an integer
2025-07-09 01:29:25,986 - ERROR - Unexpected error: 'NoneType' object cannot be interpreted as an integer
2025-07-09 01:29:26,526 - ERROR - Unexpected error: 'NoneType' object cannot be interpreted as an integer
2025-07-09 01:29:27,186 - ERROR - Unexpected error: 'NoneType' object cannot be interpreted as an integer
2025-07-09 01:29:35,469 - ERROR - Unexpected error: 'NoneType' object cannot be interpreted as an integer
2025-07-09 01:29:49,818 - ERROR - Unexpected error: 'NoneType' object cannot be interpreted as an integer
2025-07-09 01:29:54,683 - ERROR - Unexpected error: 'NoneType' object cannot be interpreted as an integer
2025-07-09 01:30:03,139 - INFO - Processed 40000 users so far
2025-07-09 01:30:25,208 - ERROR - Unexpected error: 'NoneType' object cannot be interpreted as an integer
2025-07-09 01:30:30,227 - ERROR - Unexpected error: 'NoneType' object cannot be interpreted as an integer
2025-07-09 01:30:37,214 - ERROR - Unexpected error: 'NoneType' object cannot be interpreted as an integer
2025-07-09 01:30:42,054 - ERROR - Unexpected error: 'NoneType' object cannot be interpreted as an integer
2025-07-09 01:30:51,218 - ERROR - Unexpected error: 'NoneType' object cannot be interpreted as an integer
2025-07-09 01:30:51,548 - ERROR - Unexpected error: 'NoneType' object cannot be interpreted as an integer
2025-07-09 01:30:55,752 - ERROR - Unexpected error: 'NoneType' object cannot be interpreted as an integer
2025-07-09 01:30:59,001 - ERROR - Unexpected error: 'NoneType' object cannot be interpreted as an integer
2025-07-09 01:31:04,917 - ERROR - Unexpected error: 'NoneType' object cannot be interpreted as an integer
2025-07-09 01:31:07,442 - ERROR - Unexpected error: 'NoneType' object cannot be interpreted as an integer
2025-07-09 01:31:07,607 - ERROR - Unexpected error: 'NoneType' object cannot be interpreted as an integer
2025-07-09 01:31:08,112 - ERROR - Unexpected error: 'NoneType' object cannot be interpreted as an integer
2025-07-09 01:31:09,854 - ERROR - Unexpected error: 'NoneType' object cannot be interpreted as an integer
2025-07-09 01:31:11,007 - ERROR - Unexpected error: 'NoneType' object cannot be interpreted as an integer
2025-07-09 01:31:12,698 - ERROR - Unexpected error: 'NoneType' object cannot be interpreted as an integer
2025-07-09 01:31:12,859 - ERROR - Unexpected error: 'NoneType' object cannot be interpreted as an integer
2025-07-09 01:31:13,184 - ERROR - Unexpected error: 'NoneType' object cannot be interpreted as an integer
2025-07-09 01:31:13,343 - ERROR - Unexpected error: 'NoneType' object cannot be interpreted as an integer
2025-07-09 01:31:14,200 - ERROR - Unexpected error: 'NoneType' object cannot be interpreted as an integer
2025-07-09 01:31:15,097 - ERROR - Unexpected error: 'NoneType' object cannot be interpreted as an integer
2025-07-09 01:31:17,114 - ERROR - Unexpected error: 'NoneType' object cannot be interpreted as an integer
2025-07-09 01:31:17,313 - ERROR - Unexpected error: 'NoneType' object cannot be interpreted as an integer
2025-07-09 01:31:19,416 - ERROR - Unexpected error: 'NoneType' object cannot be interpreted as an integer
2025-07-09 01:31:19,847 - ERROR - Unexpected error: 'NoneType' object cannot be interpreted as an integer
2025-07-09 01:31:20,704 - ERROR - Unexpected error: 'NoneType' object cannot be interpreted as an integer
2025-07-09 01:31:22,255 - ERROR - Unexpected error: 'NoneType' object cannot be interpreted as an integer
2025-07-09 01:31:25,120 - ERROR - Unexpected error: 'NoneType' object cannot be interpreted as an integer
2025-07-09 01:31:33,799 - ERROR - Unexpected error: 'NoneType' object cannot be interpreted as an integer
2025-07-09 01:31:34,100 - ERROR - Unexpected error: 'NoneType' object cannot be interpreted as an integer
2025-07-09 01:31:34,898 - ERROR - Unexpected error: 'NoneType' object cannot be interpreted as an integer
2025-07-09 01:31:35,312 - ERROR - Unexpected error: 'NoneType' object cannot be interpreted as an integer
2025-07-09 01:31:38,035 - ERROR - Unexpected error: 'NoneType' object cannot be interpreted as an integer
2025-07-09 01:31:38,822 - ERROR - Unexpected error: 'NoneType' object cannot be interpreted as an integer
2025-07-09 01:31:39,496 - ERROR - Unexpected error: 'NoneType' object cannot be interpreted as an integer
2025-07-09 01:31:41,922 - ERROR - Unexpected error: 'NoneType' object cannot be interpreted as an integer
2025-07-09 01:31:44,413 - ERROR - Unexpected error: 'NoneType' object cannot be interpreted as an integer
2025-07-09 01:31:46,005 - ERROR - Unexpected error: 'NoneType' object cannot be interpreted as an integer
2025-07-09 01:31:49,126 - ERROR - Unexpected error: 'NoneType' object cannot be interpreted as an integer
2025-07-09 01:31:50,343 - ERROR - Unexpected error: 'NoneType' object cannot be interpreted as an integer
2025-07-09 01:31:50,923 - ERROR - Unexpected error: 'NoneType' object cannot be interpreted as an integer
2025-07-09 01:31:51,231 - ERROR - Unexpected error: 'NoneType' object cannot be interpreted as an integer
2025-07-09 01:31:52,104 - ERROR - Unexpected error: 'NoneType' object cannot be interpreted as an integer
2025-07-09 01:31:52,522 - ERROR - Unexpected error: 'NoneType' object cannot be interpreted as an integer
2025-07-09 01:31:57,029 - ERROR - Unexpected error: 'NoneType' object cannot be interpreted as an integer
2025-07-09 01:31:58,008 - ERROR - Unexpected error: 'NoneType' object cannot be interpreted as an integer
2025-07-09 01:32:01,132 - ERROR - Unexpected error: 'NoneType' object cannot be interpreted as an integer
2025-07-09 01:32:02,664 - ERROR - Unexpected error: 'NoneType' object cannot be interpreted as an integer
2025-07-09 01:32:03,842 - ERROR - Unexpected error: 'NoneType' object cannot be interpreted as an integer
2025-07-09 01:32:06,818 - ERROR - Unexpected error: 'NoneType' object cannot be interpreted as an integer
2025-07-09 01:32:08,309 - ERROR - Unexpected error: 'NoneType' object cannot be interpreted as an integer
2025-07-09 01:32:11,282 - ERROR - Unexpected error: 'NoneType' object cannot be interpreted as an integer
2025-07-09 01:32:12,171 - ERROR - Unexpected error: 'NoneType' object cannot be interpreted as an integer
2025-07-09 01:32:16,616 - ERROR - Unexpected error: 'NoneType' object cannot be interpreted as an integer
2025-07-09 01:32:16,775 - ERROR - Unexpected error: 'NoneType' object cannot be interpreted as an integer
2025-07-09 01:32:18,232 - ERROR - Unexpected error: 'NoneType' object cannot be interpreted as an integer
2025-07-09 01:32:21,342 - ERROR - Unexpected error: 'NoneType' object cannot be interpreted as an integer
2025-07-09 01:32:21,683 - ERROR - Unexpected error: 'NoneType' object cannot be interpreted as an integer
2025-07-09 01:32:25,387 - ERROR - Unexpected error: 'NoneType' object cannot be interpreted as an integer
2025-07-09 01:32:25,793 - ERROR - Unexpected error: 'NoneType' object cannot be interpreted as an integer
2025-07-09 01:32:27,222 - ERROR - Unexpected error: 'NoneType' object cannot be interpreted as an integer
2025-07-09 01:32:28,598 - ERROR - Unexpected error: 'NoneType' object cannot be interpreted as an integer
2025-07-09 01:32:29,364 - ERROR - Unexpected error: 'NoneType' object cannot be interpreted as an integer
2025-07-09 01:32:29,773 - ERROR - Unexpected error: 'NoneType' object cannot be interpreted as an integer
2025-07-09 01:32:29,929 - ERROR - Unexpected error: 'NoneType' object cannot be interpreted as an integer
2025-07-09 01:32:30,587 - ERROR - Unexpected error: 'NoneType' object cannot be interpreted as an integer
2025-07-09 01:32:30,756 - ERROR - Unexpected error: 'NoneType' object cannot be interpreted as an integer
2025-07-09 01:32:31,340 - ERROR - Unexpected error: 'NoneType' object cannot be interpreted as an integer
2025-07-09 01:32:33,860 - ERROR - Unexpected error: 'NoneType' object cannot be interpreted as an integer
2025-07-09 01:32:34,702 - ERROR - Unexpected error: 'NoneType' object cannot be interpreted as an integer
2025-07-09 01:32:36,662 - ERROR - Unexpected error: 'NoneType' object cannot be interpreted as an integer
2025-07-09 01:32:37,001 - ERROR - Unexpected error: 'NoneType' object cannot be interpreted as an integer
2025-07-09 01:32:38,689 - ERROR - Unexpected error: 'NoneType' object cannot be interpreted as an integer
2025-07-09 01:32:42,899 - ERROR - Unexpected error: 'NoneType' object cannot be interpreted as an integer
2025-07-09 01:32:43,572 - ERROR - Unexpected error: 'NoneType' object cannot be interpreted as an integer
2025-07-09 01:32:44,157 - ERROR - Unexpected error: 'NoneType' object cannot be interpreted as an integer
2025-07-09 01:32:48,060 - ERROR - Unexpected error: 'NoneType' object cannot be interpreted as an integer
2025-07-09 01:32:48,993 - ERROR - Unexpected error: 'NoneType' object cannot be interpreted as an integer
2025-07-09 01:32:49,652 - ERROR - Unexpected error: 'NoneType' object cannot be interpreted as an integer
2025-07-09 01:32:51,215 - ERROR - Unexpected error: 'NoneType' object cannot be interpreted as an integer
2025-07-09 01:32:52,044 - ERROR - Unexpected error: 'NoneType' object cannot be interpreted as an integer
2025-07-09 01:32:53,253 - ERROR - Unexpected error: 'NoneType' object cannot be interpreted as an integer
2025-07-09 01:32:53,685 - ERROR - Unexpected error: 'NoneType' object cannot be interpreted as an integer
2025-07-09 01:32:54,093 - ERROR - Unexpected error: 'NoneType' object cannot be interpreted as an integer
2025-07-09 01:32:56,317 - ERROR - Unexpected error: 'NoneType' object cannot be interpreted as an integer
2025-07-09 01:32:56,477 - ERROR - Unexpected error: 'NoneType' object cannot be interpreted as an integer
2025-07-09 01:32:56,654 - ERROR - Unexpected error: 'NoneType' object cannot be interpreted as an integer
2025-07-09 01:32:59,820 - ERROR - Unexpected error: 'NoneType' object cannot be interpreted as an integer
2025-07-09 01:32:59,986 - ERROR - Unexpected error: 'NoneType' object cannot be interpreted as an integer
2025-07-09 01:33:02,671 - ERROR - Unexpected error: 'NoneType' object cannot be interpreted as an integer
2025-07-09 01:33:03,409 - ERROR - Unexpected error: 'NoneType' object cannot be interpreted as an integer
2025-07-09 01:33:03,875 - ERROR - Unexpected error: 'NoneType' object cannot be interpreted as an integer
2025-07-09 01:33:06,918 - ERROR - Unexpected error: 'NoneType' object cannot be interpreted as an integer
2025-07-09 01:33:07,921 - ERROR - Unexpected error: 'NoneType' object cannot be interpreted as an integer
2025-07-09 01:33:08,831 - ERROR - Unexpected error: 'NoneType' object cannot be interpreted as an integer
2025-07-09 01:33:10,320 - ERROR - Unexpected error: 'NoneType' object cannot be interpreted as an integer
2025-07-09 01:33:12,222 - ERROR - Unexpected error: 'NoneType' object cannot be interpreted as an integer
2025-07-09 01:33:12,382 - ERROR - Unexpected error: 'NoneType' object cannot be interpreted as an integer
2025-07-09 01:33:14,028 - ERROR - Unexpected error: 'NoneType' object cannot be interpreted as an integer
2025-07-09 01:33:14,650 - ERROR - Unexpected error: 'NoneType' object cannot be interpreted as an integer
2025-07-09 01:33:14,807 - ERROR - Unexpected error: 'NoneType' object cannot be interpreted as an integer
2025-07-09 01:33:16,546 - ERROR - Unexpected error: 'NoneType' object cannot be interpreted as an integer
2025-07-09 01:33:19,020 - ERROR - Unexpected error: 'NoneType' object cannot be interpreted as an integer
2025-07-09 01:33:19,623 - ERROR - Unexpected error: 'NoneType' object cannot be interpreted as an integer
2025-07-09 01:33:26,250 - ERROR - Unexpected error: 'NoneType' object cannot be interpreted as an integer
2025-07-09 01:33:26,882 - ERROR - Unexpected error: 'NoneType' object cannot be interpreted as an integer
2025-07-09 01:33:29,856 - ERROR - Unexpected error: 'NoneType' object cannot be interpreted as an integer
2025-07-09 01:33:30,672 - ERROR - Unexpected error: 'NoneType' object cannot be interpreted as an integer
2025-07-09 01:33:30,838 - ERROR - Unexpected error: 'NoneType' object cannot be interpreted as an integer
2025-07-09 01:33:33,509 - ERROR - Unexpected error: 'NoneType' object cannot be interpreted as an integer
2025-07-09 01:33:34,441 - ERROR - Unexpected error: 'NoneType' object cannot be interpreted as an integer
2025-07-09 01:33:40,021 - ERROR - Unexpected error: 'NoneType' object cannot be interpreted as an integer
2025-07-09 01:33:42,813 - ERROR - Unexpected error: 'NoneType' object cannot be interpreted as an integer
2025-07-09 01:33:44,278 - ERROR - Unexpected error: 'NoneType' object cannot be interpreted as an integer
2025-07-09 01:33:44,865 - ERROR - Unexpected error: 'NoneType' object cannot be interpreted as an integer
2025-07-09 01:33:45,744 - ERROR - Unexpected error: 'NoneType' object cannot be interpreted as an integer
2025-07-09 01:33:49,277 - ERROR - Unexpected error: 'NoneType' object cannot be interpreted as an integer
2025-07-09 01:33:50,459 - ERROR - Unexpected error: 'NoneType' object cannot be interpreted as an integer
2025-07-09 01:33:53,457 - ERROR - Unexpected error: 'NoneType' object cannot be interpreted as an integer
2025-07-09 01:33:55,297 - ERROR - Unexpected error: 'NoneType' object cannot be interpreted as an integer
2025-07-09 01:33:57,506 - ERROR - Unexpected error: 'NoneType' object cannot be interpreted as an integer
2025-07-09 01:33:59,770 - ERROR - Unexpected error: 'NoneType' object cannot be interpreted as an integer
2025-07-09 01:34:01,036 - ERROR - Unexpected error: 'NoneType' object cannot be interpreted as an integer
2025-07-09 01:34:01,840 - ERROR - Unexpected error: 'NoneType' object cannot be interpreted as an integer
2025-07-09 01:34:04,982 - ERROR - Unexpected error: 'NoneType' object cannot be interpreted as an integer
2025-07-09 01:34:07,078 - ERROR - Unexpected error: 'NoneType' object cannot be interpreted as an integer
2025-07-09 01:34:09,185 - ERROR - Unexpected error: 'NoneType' object cannot be interpreted as an integer
2025-07-09 01:34:11,486 - ERROR - Unexpected error: 'NoneType' object cannot be interpreted as an integer
2025-07-09 01:34:13,809 - ERROR - Unexpected error: 'NoneType' object cannot be interpreted as an integer
2025-07-09 01:34:18,273 - ERROR - Unexpected error: 'NoneType' object cannot be interpreted as an integer
2025-07-09 01:34:22,390 - ERROR - Unexpected error: 'NoneType' object cannot be interpreted as an integer
2025-07-09 01:34:23,123 - ERROR - Unexpected error: 'NoneType' object cannot be interpreted as an integer
2025-07-09 01:34:23,648 - ERROR - Unexpected error: 'NoneType' object cannot be interpreted as an integer
2025-07-09 01:34:24,929 - ERROR - Unexpected error: 'NoneType' object cannot be interpreted as an integer
2025-07-09 01:34:25,513 - ERROR - Unexpected error: 'NoneType' object cannot be interpreted as an integer
2025-07-09 01:34:26,744 - ERROR - Unexpected error: 'NoneType' object cannot be interpreted as an integer
2025-07-09 01:34:27,334 - ERROR - Unexpected error: 'NoneType' object cannot be interpreted as an integer
2025-07-09 01:34:28,625 - ERROR - Unexpected error: 'NoneType' object cannot be interpreted as an integer
2025-07-09 01:34:28,793 - ERROR - Unexpected error: 'NoneType' object cannot be interpreted as an integer
2025-07-09 01:34:28,961 - ERROR - Unexpected error: 'NoneType' object cannot be interpreted as an integer
2025-07-09 01:34:29,381 - ERROR - Unexpected error: 'NoneType' object cannot be interpreted as an integer
2025-07-09 01:34:30,164 - ERROR - Unexpected error: 'NoneType' object cannot be interpreted as an integer
2025-07-09 01:34:30,949 - ERROR - Unexpected error: 'NoneType' object cannot be interpreted as an integer
2025-07-09 01:34:32,745 - ERROR - Unexpected error: 'NoneType' object cannot be interpreted as an integer
2025-07-09 01:34:33,058 - ERROR - Unexpected error: 'NoneType' object cannot be interpreted as an integer
2025-07-09 01:34:34,836 - ERROR - Unexpected error: 'NoneType' object cannot be interpreted as an integer
2025-07-09 01:34:43,629 - ERROR - Unexpected error: 'NoneType' object cannot be interpreted as an integer
2025-07-09 01:34:44,112 - ERROR - Unexpected error: 'NoneType' object cannot be interpreted as an integer
2025-07-09 01:34:45,506 - ERROR - Unexpected error: 'NoneType' object cannot be interpreted as an integer
2025-07-09 01:34:47,637 - ERROR - Unexpected error: 'NoneType' object cannot be interpreted as an integer
2025-07-09 01:34:47,796 - ERROR - Unexpected error: 'NoneType' object cannot be interpreted as an integer
2025-07-09 01:34:51,534 - ERROR - Unexpected error: 'NoneType' object cannot be interpreted as an integer
2025-07-09 01:34:52,305 - ERROR - Unexpected error: 'NoneType' object cannot be interpreted as an integer
2025-07-09 01:34:52,766 - ERROR - Unexpected error: 'NoneType' object cannot be interpreted as an integer
2025-07-09 01:34:53,178 - ERROR - Unexpected error: 'NoneType' object cannot be interpreted as an integer
2025-07-09 01:34:55,339 - ERROR - Unexpected error: 'NoneType' object cannot be interpreted as an integer
2025-07-09 01:34:56,052 - ERROR - Unexpected error: 'NoneType' object cannot be interpreted as an integer
2025-07-09 01:34:56,627 - ERROR - Unexpected error: 'NoneType' object cannot be interpreted as an integer
2025-07-09 01:34:56,802 - ERROR - Unexpected error: 'NoneType' object cannot be interpreted as an integer
2025-07-09 01:34:59,297 - ERROR - Unexpected error: 'NoneType' object cannot be interpreted as an integer
2025-07-09 01:34:59,758 - ERROR - Unexpected error: 'NoneType' object cannot be interpreted as an integer
2025-07-09 01:34:59,925 - ERROR - Unexpected error: 'NoneType' object cannot be interpreted as an integer
2025-07-09 01:35:00,565 - ERROR - Unexpected error: 'NoneType' object cannot be interpreted as an integer
2025-07-09 01:35:00,735 - ERROR - Unexpected error: 'NoneType' object cannot be interpreted as an integer
2025-07-09 01:35:01,146 - ERROR - Unexpected error: 'NoneType' object cannot be interpreted as an integer
2025-07-09 01:35:02,855 - ERROR - Unexpected error: 'NoneType' object cannot be interpreted as an integer
2025-07-09 01:35:06,608 - ERROR - Unexpected error: 'NoneType' object cannot be interpreted as an integer
2025-07-09 01:35:07,528 - ERROR - Unexpected error: 'NoneType' object cannot be interpreted as an integer
2025-07-09 01:35:09,536 - ERROR - Unexpected error: 'NoneType' object cannot be interpreted as an integer
2025-07-09 01:35:10,453 - ERROR - Unexpected error: 'NoneType' object cannot be interpreted as an integer
2025-07-09 01:35:10,621 - ERROR - Unexpected error: 'NoneType' object cannot be interpreted as an integer
2025-07-09 01:35:13,679 - ERROR - Unexpected error: 'NoneType' object cannot be interpreted as an integer
2025-07-09 01:35:14,352 - ERROR - Unexpected error: 'NoneType' object cannot be interpreted as an integer
2025-07-09 01:35:16,549 - ERROR - Unexpected error: 'NoneType' object cannot be interpreted as an integer
2025-07-09 01:35:18,503 - ERROR - Unexpected error: 'NoneType' object cannot be interpreted as an integer
2025-07-09 01:35:19,689 - ERROR - Unexpected error: 'NoneType' object cannot be interpreted as an integer
2025-07-09 01:35:19,854 - ERROR - Unexpected error: 'NoneType' object cannot be interpreted as an integer
2025-07-09 01:35:21,893 - ERROR - Unexpected error: 'NoneType' object cannot be interpreted as an integer
2025-07-09 01:35:22,056 - ERROR - Unexpected error: 'NoneType' object cannot be interpreted as an integer
2025-07-09 01:35:22,746 - ERROR - Unexpected error: 'NoneType' object cannot be interpreted as an integer
2025-07-09 01:35:22,904 - ERROR - Unexpected error: 'NoneType' object cannot be interpreted as an integer
2025-07-09 01:35:23,437 - ERROR - Unexpected error: 'NoneType' object cannot be interpreted as an integer
2025-07-09 01:35:24,819 - ERROR - Unexpected error: 'NoneType' object cannot be interpreted as an integer
2025-07-09 01:35:26,755 - ERROR - Unexpected error: 'NoneType' object cannot be interpreted as an integer
2025-07-09 01:35:27,801 - ERROR - Unexpected error: 'NoneType' object cannot be interpreted as an integer
2025-07-09 01:35:30,038 - ERROR - Unexpected error: 'NoneType' object cannot be interpreted as an integer
2025-07-09 01:35:31,030 - ERROR - Unexpected error: 'NoneType' object cannot be interpreted as an integer
2025-07-09 01:35:32,070 - ERROR - Unexpected error: 'NoneType' object cannot be interpreted as an integer
2025-07-09 01:35:34,270 - ERROR - Unexpected error: 'NoneType' object cannot be interpreted as an integer
2025-07-09 01:35:35,020 - ERROR - Unexpected error: 'NoneType' object cannot be interpreted as an integer
2025-07-09 01:35:36,343 - ERROR - Unexpected error: 'NoneType' object cannot be interpreted as an integer
2025-07-09 01:35:36,936 - ERROR - Unexpected error: 'NoneType' object cannot be interpreted as an integer
2025-07-09 01:35:37,662 - ERROR - Unexpected error: 'NoneType' object cannot be interpreted as an integer
2025-07-09 01:35:42,262 - ERROR - Unexpected error: 'NoneType' object cannot be interpreted as an integer
2025-07-09 01:35:43,281 - ERROR - Unexpected error: 'NoneType' object cannot be interpreted as an integer
2025-07-09 01:35:46,296 - ERROR - Unexpected error: 'NoneType' object cannot be interpreted as an integer
2025-07-09 01:35:47,603 - ERROR - Unexpected error: 'NoneType' object cannot be interpreted as an integer
2025-07-09 01:35:47,777 - ERROR - Unexpected error: 'NoneType' object cannot be interpreted as an integer
2025-07-09 01:35:47,937 - ERROR - Unexpected error: 'NoneType' object cannot be interpreted as an integer
2025-07-09 01:35:48,348 - ERROR - Unexpected error: 'NoneType' object cannot be interpreted as an integer
2025-07-09 01:35:49,382 - ERROR - Unexpected error: 'NoneType' object cannot be interpreted as an integer
2025-07-09 01:35:50,079 - ERROR - Unexpected error: 'NoneType' object cannot be interpreted as an integer
2025-07-09 01:35:53,285 - ERROR - Unexpected error: 'NoneType' object cannot be interpreted as an integer
2025-07-09 01:35:53,784 - ERROR - Unexpected error: 'NoneType' object cannot be interpreted as an integer
2025-07-09 01:35:54,156 - ERROR - Unexpected error: 'NoneType' object cannot be interpreted as an integer
2025-07-09 01:35:54,316 - ERROR - Unexpected error: 'NoneType' object cannot be interpreted as an integer
2025-07-09 01:35:54,924 - ERROR - Unexpected error: 'NoneType' object cannot be interpreted as an integer
2025-07-09 01:35:55,823 - ERROR - Unexpected error: 'NoneType' object cannot be interpreted as an integer
2025-07-09 01:35:56,256 - ERROR - Unexpected error: 'NoneType' object cannot be interpreted as an integer
2025-07-09 01:35:57,991 - ERROR - Unexpected error: 'NoneType' object cannot be interpreted as an integer
2025-07-09 01:35:58,902 - ERROR - Unexpected error: 'NoneType' object cannot be interpreted as an integer
2025-07-09 01:35:59,477 - ERROR - Unexpected error: 'NoneType' object cannot be interpreted as an integer
2025-07-09 01:36:02,849 - ERROR - Unexpected error: 'NoneType' object cannot be interpreted as an integer
2025-07-09 01:36:03,010 - ERROR - Unexpected error: 'NoneType' object cannot be interpreted as an integer
2025-07-09 01:36:06,215 - ERROR - Unexpected error: 'NoneType' object cannot be interpreted as an integer
2025-07-09 01:36:08,605 - ERROR - Unexpected error: 'NoneType' object cannot be interpreted as an integer
2025-07-09 01:36:09,481 - ERROR - Unexpected error: 'NoneType' object cannot be interpreted as an integer
2025-07-09 01:36:09,894 - ERROR - Unexpected error: 'NoneType' object cannot be interpreted as an integer
2025-07-09 01:36:10,948 - ERROR - Unexpected error: 'NoneType' object cannot be interpreted as an integer
2025-07-09 01:36:11,284 - ERROR - Unexpected error: 'NoneType' object cannot be interpreted as an integer
2025-07-09 01:36:13,698 - ERROR - Unexpected error: 'NoneType' object cannot be interpreted as an integer
2025-07-09 01:36:14,504 - ERROR - Unexpected error: 'NoneType' object cannot be interpreted as an integer
2025-07-09 01:36:17,165 - ERROR - Unexpected error: 'NoneType' object cannot be interpreted as an integer
2025-07-09 01:36:18,833 - ERROR - Unexpected error: 'NoneType' object cannot be interpreted as an integer
2025-07-09 01:36:21,057 - ERROR - Unexpected error: 'NoneType' object cannot be interpreted as an integer
2025-07-09 01:36:21,213 - ERROR - Unexpected error: 'NoneType' object cannot be interpreted as an integer
2025-07-09 01:36:23,712 - ERROR - Unexpected error: 'NoneType' object cannot be interpreted as an integer
2025-07-09 01:36:25,486 - ERROR - Unexpected error: 'NoneType' object cannot be interpreted as an integer
2025-07-09 01:36:26,097 - ERROR - Unexpected error: 'NoneType' object cannot be interpreted as an integer
2025-07-09 01:36:27,935 - ERROR - Unexpected error: 'NoneType' object cannot be interpreted as an integer
2025-07-09 01:36:28,098 - ERROR - Unexpected error: 'NoneType' object cannot be interpreted as an integer
2025-07-09 01:36:28,260 - ERROR - Unexpected error: 'NoneType' object cannot be interpreted as an integer
2025-07-09 01:36:28,981 - ERROR - Unexpected error: 'NoneType' object cannot be interpreted as an integer
2025-07-09 01:36:29,664 - ERROR - Unexpected error: 'NoneType' object cannot be interpreted as an integer
2025-07-09 01:36:31,031 - ERROR - Unexpected error: 'NoneType' object cannot be interpreted as an integer
2025-07-09 01:36:31,450 - ERROR - Unexpected error: 'NoneType' object cannot be interpreted as an integer
2025-07-09 01:36:31,615 - ERROR - Unexpected error: 'NoneType' object cannot be interpreted as an integer
2025-07-09 01:36:32,232 - ERROR - Unexpected error: 'NoneType' object cannot be interpreted as an integer
2025-07-09 01:36:32,565 - ERROR - Unexpected error: 'NoneType' object cannot be interpreted as an integer
2025-07-09 01:36:33,476 - ERROR - Unexpected error: 'NoneType' object cannot be interpreted as an integer
2025-07-09 01:36:34,952 - ERROR - Unexpected error: 'NoneType' object cannot be interpreted as an integer
2025-07-09 01:36:35,567 - ERROR - Unexpected error: 'NoneType' object cannot be interpreted as an integer
2025-07-09 01:36:36,319 - ERROR - Unexpected error: 'NoneType' object cannot be interpreted as an integer
2025-07-09 01:36:37,472 - ERROR - Unexpected error: 'NoneType' object cannot be interpreted as an integer
2025-07-09 01:36:38,442 - ERROR - Unexpected error: 'NoneType' object cannot be interpreted as an integer
2025-07-09 01:36:38,852 - ERROR - Unexpected error: 'NoneType' object cannot be interpreted as an integer
2025-07-09 01:36:40,215 - ERROR - Unexpected error: 'NoneType' object cannot be interpreted as an integer
2025-07-09 01:36:43,390 - ERROR - Unexpected error: 'NoneType' object cannot be interpreted as an integer
2025-07-09 01:36:45,192 - ERROR - Unexpected error: 'NoneType' object cannot be interpreted as an integer
2025-07-09 01:36:45,715 - ERROR - Unexpected error: 'NoneType' object cannot be interpreted as an integer
2025-07-09 01:36:46,134 - ERROR - Unexpected error: 'NoneType' object cannot be interpreted as an integer
2025-07-09 01:36:46,296 - ERROR - Unexpected error: 'NoneType' object cannot be interpreted as an integer
2025-07-09 01:36:47,681 - ERROR - Unexpected error: 'NoneType' object cannot be interpreted as an integer
2025-07-09 01:36:47,836 - ERROR - Unexpected error: 'NoneType' object cannot be interpreted as an integer
2025-07-09 01:36:48,960 - ERROR - Unexpected error: 'NoneType' object cannot be interpreted as an integer
2025-07-09 01:36:51,617 - ERROR - Unexpected error: 'NoneType' object cannot be interpreted as an integer
2025-07-09 01:36:52,223 - ERROR - Unexpected error: 'NoneType' object cannot be interpreted as an integer
2025-07-09 01:36:53,842 - ERROR - Unexpected error: 'NoneType' object cannot be interpreted as an integer
2025-07-09 01:36:54,919 - ERROR - Unexpected error: 'NoneType' object cannot be interpreted as an integer
2025-07-09 01:36:57,865 - ERROR - Unexpected error: 'NoneType' object cannot be interpreted as an integer
2025-07-09 01:36:59,417 - ERROR - Unexpected error: 'NoneType' object cannot be interpreted as an integer
2025-07-09 01:37:00,350 - ERROR - Unexpected error: 'NoneType' object cannot be interpreted as an integer
2025-07-09 01:37:01,245 - ERROR - Unexpected error: 'NoneType' object cannot be interpreted as an integer
2025-07-09 01:37:03,246 - ERROR - Unexpected error: 'NoneType' object cannot be interpreted as an integer
2025-07-09 01:37:04,155 - ERROR - Unexpected error: 'NoneType' object cannot be interpreted as an integer
2025-07-09 01:37:05,242 - ERROR - Unexpected error: 'NoneType' object cannot be interpreted as an integer
2025-07-09 01:37:06,892 - ERROR - Unexpected error: 'NoneType' object cannot be interpreted as an integer
2025-07-09 01:37:07,212 - ERROR - Unexpected error: 'NoneType' object cannot be interpreted as an integer
2025-07-09 01:37:07,380 - ERROR - Unexpected error: 'NoneType' object cannot be interpreted as an integer
2025-07-09 01:37:08,301 - ERROR - Unexpected error: 'NoneType' object cannot be interpreted as an integer
2025-07-09 01:37:09,676 - ERROR - Unexpected error: 'NoneType' object cannot be interpreted as an integer
2025-07-09 01:37:10,502 - ERROR - Unexpected error: 'NoneType' object cannot be interpreted as an integer
2025-07-09 01:37:13,982 - ERROR - Unexpected error: 'NoneType' object cannot be interpreted as an integer
2025-07-09 01:37:15,234 - ERROR - Unexpected error: 'NoneType' object cannot be interpreted as an integer
2025-07-09 01:37:16,717 - ERROR - Unexpected error: 'NoneType' object cannot be interpreted as an integer
2025-07-09 01:37:17,693 - ERROR - Unexpected error: 'NoneType' object cannot be interpreted as an integer
2025-07-09 01:37:20,659 - ERROR - Unexpected error: 'NoneType' object cannot be interpreted as an integer
2025-07-09 01:37:21,139 - ERROR - Unexpected error: 'NoneType' object cannot be interpreted as an integer
2025-07-09 01:37:23,604 - ERROR - Unexpected error: 'NoneType' object cannot be interpreted as an integer
2025-07-09 01:37:27,340 - ERROR - Unexpected error: 'NoneType' object cannot be interpreted as an integer
2025-07-09 01:37:28,549 - ERROR - Unexpected error: 'NoneType' object cannot be interpreted as an integer
2025-07-09 01:37:29,022 - ERROR - Unexpected error: 'NoneType' object cannot be interpreted as an integer
2025-07-09 01:37:30,140 - ERROR - Unexpected error: 'NoneType' object cannot be interpreted as an integer
2025-07-09 01:37:30,922 - ERROR - Unexpected error: 'NoneType' object cannot be interpreted as an integer
2025-07-09 01:37:32,560 - ERROR - Unexpected error: 'NoneType' object cannot be interpreted as an integer
2025-07-09 01:37:34,045 - ERROR - Unexpected error: 'NoneType' object cannot be interpreted as an integer
2025-07-09 01:37:38,993 - ERROR - Unexpected error: 'NoneType' object cannot be interpreted as an integer
2025-07-09 01:37:39,927 - ERROR - Unexpected error: 'NoneType' object cannot be interpreted as an integer
2025-07-09 01:37:41,250 - ERROR - Unexpected error: 'NoneType' object cannot be interpreted as an integer
2025-07-09 01:37:41,826 - ERROR - Unexpected error: 'NoneType' object cannot be interpreted as an integer
2025-07-09 01:37:42,897 - ERROR - Unexpected error: 'NoneType' object cannot be interpreted as an integer
2025-07-09 01:37:44,921 - ERROR - Unexpected error: 'NoneType' object cannot be interpreted as an integer
2025-07-09 01:37:45,081 - ERROR - Unexpected error: 'NoneType' object cannot be interpreted as an integer
2025-07-09 01:37:45,535 - ERROR - Unexpected error: 'NoneType' object cannot be interpreted as an integer
2025-07-09 01:37:46,999 - ERROR - Unexpected error: 'NoneType' object cannot be interpreted as an integer
2025-07-09 01:37:48,035 - ERROR - Unexpected error: 'NoneType' object cannot be interpreted as an integer
2025-07-09 01:37:51,907 - ERROR - Unexpected error: 'NoneType' object cannot be interpreted as an integer
2025-07-09 01:37:54,032 - ERROR - Unexpected error: 'NoneType' object cannot be interpreted as an integer
2025-07-09 01:37:55,239 - ERROR - Unexpected error: 'NoneType' object cannot be interpreted as an integer
2025-07-09 01:37:59,518 - ERROR - Unexpected error: 'NoneType' object cannot be interpreted as an integer
2025-07-09 01:38:01,661 - ERROR - Unexpected error: 'NoneType' object cannot be interpreted as an integer
2025-07-09 01:38:02,804 - ERROR - Unexpected error: 'NoneType' object cannot be interpreted as an integer
2025-07-09 01:38:04,892 - ERROR - Unexpected error: 'NoneType' object cannot be interpreted as an integer
2025-07-09 01:38:05,817 - ERROR - Unexpected error: 'NoneType' object cannot be interpreted as an integer
2025-07-09 01:38:05,982 - ERROR - Unexpected error: 'NoneType' object cannot be interpreted as an integer
2025-07-09 01:38:08,519 - ERROR - Unexpected error: 'NoneType' object cannot be interpreted as an integer
2025-07-09 01:38:09,319 - ERROR - Unexpected error: 'NoneType' object cannot be interpreted as an integer
2025-07-09 01:38:09,938 - ERROR - Unexpected error: 'NoneType' object cannot be interpreted as an integer
2025-07-09 01:38:11,454 - ERROR - Unexpected error: 'NoneType' object cannot be interpreted as an integer
2025-07-09 01:38:13,713 - ERROR - Unexpected error: 'NoneType' object cannot be interpreted as an integer
2025-07-09 01:38:13,875 - ERROR - Unexpected error: 'NoneType' object cannot be interpreted as an integer
2025-07-09 01:38:14,218 - ERROR - Unexpected error: 'NoneType' object cannot be interpreted as an integer
2025-07-09 01:38:14,374 - ERROR - Unexpected error: 'NoneType' object cannot be interpreted as an integer
2025-07-09 01:38:15,125 - ERROR - Unexpected error: 'NoneType' object cannot be interpreted as an integer
2025-07-09 01:38:16,621 - ERROR - Unexpected error: 'NoneType' object cannot be interpreted as an integer
2025-07-09 01:38:17,906 - ERROR - Unexpected error: 'NoneType' object cannot be interpreted as an integer
2025-07-09 01:38:18,728 - ERROR - Unexpected error: 'NoneType' object cannot be interpreted as an integer
2025-07-09 01:38:19,205 - ERROR - Unexpected error: 'NoneType' object cannot be interpreted as an integer
2025-07-09 01:38:20,233 - ERROR - Unexpected error: 'NoneType' object cannot be interpreted as an integer
2025-07-09 01:38:21,121 - ERROR - Unexpected error: 'NoneType' object cannot be interpreted as an integer
2025-07-09 01:38:22,650 - ERROR - Unexpected error: 'NoneType' object cannot be interpreted as an integer
2025-07-09 01:38:23,490 - ERROR - Unexpected error: 'NoneType' object cannot be interpreted as an integer
2025-07-09 01:38:30,903 - ERROR - Unexpected error: 'NoneType' object cannot be interpreted as an integer
2025-07-09 01:38:33,723 - ERROR - Unexpected error: 'NoneType' object cannot be interpreted as an integer
2025-07-09 01:38:34,535 - ERROR - Unexpected error: 'NoneType' object cannot be interpreted as an integer
2025-07-09 01:38:36,414 - ERROR - Unexpected error: 'NoneType' object cannot be interpreted as an integer
2025-07-09 01:38:37,737 - ERROR - Unexpected error: 'NoneType' object cannot be interpreted as an integer
2025-07-09 01:38:40,200 - ERROR - Unexpected error: 'NoneType' object cannot be interpreted as an integer
2025-07-09 01:38:40,720 - ERROR - Unexpected error: 'NoneType' object cannot be interpreted as an integer
2025-07-09 01:38:43,159 - ERROR - Unexpected error: 'NoneType' object cannot be interpreted as an integer
2025-07-09 01:38:43,759 - ERROR - Unexpected error: 'NoneType' object cannot be interpreted as an integer
2025-07-09 01:38:43,932 - ERROR - Unexpected error: 'NoneType' object cannot be interpreted as an integer
2025-07-09 01:38:44,257 - ERROR - Unexpected error: 'NoneType' object cannot be interpreted as an integer
2025-07-09 01:38:47,420 - ERROR - Unexpected error: 'NoneType' object cannot be interpreted as an integer
2025-07-09 01:38:47,579 - ERROR - Unexpected error: 'NoneType' object cannot be interpreted as an integer
2025-07-09 01:38:48,030 - ERROR - Unexpected error: 'NoneType' object cannot be interpreted as an integer
2025-07-09 01:38:49,814 - ERROR - Unexpected error: 'NoneType' object cannot be interpreted as an integer
2025-07-09 01:38:52,351 - ERROR - Unexpected error: 'NoneType' object cannot be interpreted as an integer
2025-07-09 01:38:52,891 - ERROR - Unexpected error: 'NoneType' object cannot be interpreted as an integer
2025-07-09 01:38:54,521 - ERROR - Unexpected error: 'NoneType' object cannot be interpreted as an integer
2025-07-09 01:38:57,013 - ERROR - Unexpected error: 'NoneType' object cannot be interpreted as an integer
2025-07-09 01:38:57,334 - ERROR - Unexpected error: 'NoneType' object cannot be interpreted as an integer
2025-07-09 01:38:57,984 - ERROR - Unexpected error: 'NoneType' object cannot be interpreted as an integer
2025-07-09 01:38:58,874 - ERROR - Unexpected error: 'NoneType' object cannot be interpreted as an integer
2025-07-09 01:38:59,279 - ERROR - Unexpected error: 'NoneType' object cannot be interpreted as an integer
2025-07-09 01:38:59,444 - ERROR - Unexpected error: 'NoneType' object cannot be interpreted as an integer
2025-07-09 01:39:00,766 - ERROR - Unexpected error: 'NoneType' object cannot be interpreted as an integer
2025-07-09 01:39:01,585 - ERROR - Unexpected error: 'NoneType' object cannot be interpreted as an integer
2025-07-09 01:39:01,746 - ERROR - Unexpected error: 'NoneType' object cannot be interpreted as an integer
2025-07-09 01:39:02,378 - ERROR - Unexpected error: 'NoneType' object cannot be interpreted as an integer
2025-07-09 01:39:03,269 - ERROR - Unexpected error: 'NoneType' object cannot be interpreted as an integer
2025-07-09 01:39:05,781 - ERROR - Unexpected error: 'NoneType' object cannot be interpreted as an integer
2025-07-09 01:39:07,192 - ERROR - Unexpected error: 'NoneType' object cannot be interpreted as an integer
2025-07-09 01:39:09,745 - ERROR - Unexpected error: 'NoneType' object cannot be interpreted as an integer
2025-07-09 01:39:09,899 - ERROR - Unexpected error: 'NoneType' object cannot be interpreted as an integer
2025-07-09 01:39:10,641 - ERROR - Unexpected error: 'NoneType' object cannot be interpreted as an integer
2025-07-09 01:39:12,265 - ERROR - Unexpected error: 'NoneType' object cannot be interpreted as an integer
2025-07-09 01:39:13,924 - ERROR - Unexpected error: 'NoneType' object cannot be interpreted as an integer
2025-07-09 01:39:23,154 - ERROR - Unexpected error: 'NoneType' object cannot be interpreted as an integer
2025-07-09 01:39:24,601 - ERROR - Unexpected error: 'NoneType' object cannot be interpreted as an integer
2025-07-09 01:39:25,188 - ERROR - Unexpected error: 'NoneType' object cannot be interpreted as an integer
2025-07-09 01:39:25,407 - ERROR - Unexpected error: 'NoneType' object cannot be interpreted as an integer
2025-07-09 01:39:25,932 - ERROR - Unexpected error: 'NoneType' object cannot be interpreted as an integer
2025-07-09 01:39:26,385 - ERROR - Unexpected error: 'NoneType' object cannot be interpreted as an integer
2025-07-09 01:39:30,683 - ERROR - Unexpected error: 'NoneType' object cannot be interpreted as an integer
2025-07-09 01:39:30,856 - ERROR - Unexpected error: 'NoneType' object cannot be interpreted as an integer
2025-07-09 01:39:31,267 - ERROR - Unexpected error: 'NoneType' object cannot be interpreted as an integer
2025-07-09 01:39:32,604 - ERROR - Unexpected error: 'NoneType' object cannot be interpreted as an integer
2025-07-09 01:39:36,223 - ERROR - Unexpected error: 'NoneType' object cannot be interpreted as an integer
2025-07-09 01:39:38,168 - ERROR - Unexpected error: 'NoneType' object cannot be interpreted as an integer
2025-07-09 01:39:39,220 - ERROR - Unexpected error: 'NoneType' object cannot be interpreted as an integer
2025-07-09 01:39:39,681 - ERROR - Unexpected error: 'NoneType' object cannot be interpreted as an integer
2025-07-09 01:39:40,564 - ERROR - Unexpected error: 'NoneType' object cannot be interpreted as an integer
2025-07-09 01:39:41,008 - ERROR - Unexpected error: 'NoneType' object cannot be interpreted as an integer
2025-07-09 01:39:42,716 - ERROR - Unexpected error: 'NoneType' object cannot be interpreted as an integer
2025-07-09 01:39:42,885 - ERROR - Unexpected error: 'NoneType' object cannot be interpreted as an integer
2025-07-09 01:39:43,053 - ERROR - Unexpected error: 'NoneType' object cannot be interpreted as an integer
2025-07-09 01:39:43,380 - ERROR - Unexpected error: 'NoneType' object cannot be interpreted as an integer
2025-07-09 01:39:48,112 - ERROR - Unexpected error: 'NoneType' object cannot be interpreted as an integer
2025-07-09 01:39:52,028 - ERROR - Unexpected error: 'NoneType' object cannot be interpreted as an integer
2025-07-09 01:39:53,269 - ERROR - Unexpected error: 'NoneType' object cannot be interpreted as an integer
2025-07-09 01:39:54,194 - ERROR - Unexpected error: 'NoneType' object cannot be interpreted as an integer
2025-07-09 01:39:54,359 - ERROR - Unexpected error: 'NoneType' object cannot be interpreted as an integer
2025-07-09 01:39:55,967 - ERROR - Unexpected error: 'NoneType' object cannot be interpreted as an integer
2025-07-09 01:39:59,054 - ERROR - Unexpected error: 'NoneType' object cannot be interpreted as an integer
2025-07-09 01:39:59,458 - ERROR - Unexpected error: 'NoneType' object cannot be interpreted as an integer
2025-07-09 01:40:00,405 - ERROR - Unexpected error: 'NoneType' object cannot be interpreted as an integer
2025-07-09 01:40:00,569 - ERROR - Unexpected error: 'NoneType' object cannot be interpreted as an integer
2025-07-09 01:40:00,969 - ERROR - Unexpected error: 'NoneType' object cannot be interpreted as an integer
2025-07-09 01:40:01,604 - ERROR - Unexpected error: 'NoneType' object cannot be interpreted as an integer
2025-07-09 01:40:02,007 - ERROR - Unexpected error: 'NoneType' object cannot be interpreted as an integer
2025-07-09 01:40:02,169 - ERROR - Unexpected error: 'NoneType' object cannot be interpreted as an integer
2025-07-09 01:40:04,304 - ERROR - Unexpected error: 'NoneType' object cannot be interpreted as an integer
2025-07-09 01:40:04,631 - ERROR - Unexpected error: 'NoneType' object cannot be interpreted as an integer
2025-07-09 01:40:05,647 - ERROR - Unexpected error: 'NoneType' object cannot be interpreted as an integer
2025-07-09 01:40:06,937 - ERROR - Unexpected error: 'NoneType' object cannot be interpreted as an integer
2025-07-09 01:40:09,276 - ERROR - Unexpected error: 'NoneType' object cannot be interpreted as an integer
2025-07-09 01:40:11,831 - ERROR - Unexpected error: 'NoneType' object cannot be interpreted as an integer
2025-07-09 01:40:12,317 - ERROR - Unexpected error: 'NoneType' object cannot be interpreted as an integer
2025-07-09 01:40:13,267 - ERROR - Unexpected error: 'NoneType' object cannot be interpreted as an integer
2025-07-09 01:40:13,697 - ERROR - Unexpected error: 'NoneType' object cannot be interpreted as an integer
2025-07-09 01:40:17,464 - ERROR - Unexpected error: 'NoneType' object cannot be interpreted as an integer
2025-07-09 01:40:18,403 - ERROR - Unexpected error: 'NoneType' object cannot be interpreted as an integer
2025-07-09 01:40:18,569 - ERROR - Unexpected error: 'NoneType' object cannot be interpreted as an integer
2025-07-09 01:40:22,240 - ERROR - Unexpected error: 'NoneType' object cannot be interpreted as an integer
2025-07-09 01:40:25,930 - ERROR - Unexpected error: 'NoneType' object cannot be interpreted as an integer
2025-07-09 01:40:29,227 - ERROR - Unexpected error: 'NoneType' object cannot be interpreted as an integer
2025-07-09 01:40:30,875 - ERROR - Unexpected error: 'NoneType' object cannot be interpreted as an integer
2025-07-09 01:40:31,702 - ERROR - Unexpected error: 'NoneType' object cannot be interpreted as an integer
2025-07-09 01:40:35,973 - ERROR - Unexpected error: 'NoneType' object cannot be interpreted as an integer
2025-07-09 01:40:47,024 - ERROR - Request failed: 422 Client Error: Unprocessable Entity for url: https://arctic-shift.photon-reddit.com/api/posts/search?author=101WaysToDie&after=1641016800&before=1745989200&limit=auto&sort=asc&meta-app=download-tool
2025-07-09 01:40:49,627 - ERROR - Unexpected error: 'NoneType' object cannot be interpreted as an integer
2025-07-09 01:40:50,854 - ERROR - Unexpected error: 'NoneType' object cannot be interpreted as an integer
2025-07-09 01:40:51,402 - ERROR - Unexpected error: 'NoneType' object cannot be interpreted as an integer
2025-07-09 01:40:54,306 - ERROR - Unexpected error: 'NoneType' object cannot be interpreted as an integer
2025-07-09 01:40:57,070 - ERROR - Unexpected error: 'NoneType' object cannot be interpreted as an integer
2025-07-09 01:41:00,556 - ERROR - Unexpected error: 'NoneType' object cannot be interpreted as an integer
2025-07-09 01:41:01,426 - ERROR - Unexpected error: 'NoneType' object cannot be interpreted as an integer
2025-07-09 01:41:02,440 - ERROR - Unexpected error: 'NoneType' object cannot be interpreted as an integer
2025-07-09 01:41:02,603 - ERROR - Unexpected error: 'NoneType' object cannot be interpreted as an integer
2025-07-09 01:41:08,233 - ERROR - Unexpected error: 'NoneType' object cannot be interpreted as an integer
2025-07-09 01:41:08,991 - ERROR - Unexpected error: 'NoneType' object cannot be interpreted as an integer
2025-07-09 01:41:09,572 - ERROR - Unexpected error: 'NoneType' object cannot be interpreted as an integer
2025-07-09 01:41:12,834 - ERROR - Unexpected error: 'NoneType' object cannot be interpreted as an integer
2025-07-09 01:41:14,304 - ERROR - Unexpected error: 'NoneType' object cannot be interpreted as an integer
2025-07-09 01:41:15,509 - ERROR - Unexpected error: 'NoneType' object cannot be interpreted as an integer
2025-07-09 01:41:16,289 - ERROR - Unexpected error: 'NoneType' object cannot be interpreted as an integer
2025-07-09 01:41:17,446 - ERROR - Unexpected error: 'NoneType' object cannot be interpreted as an integer
2025-07-09 01:41:18,720 - ERROR - Unexpected error: 'NoneType' object cannot be interpreted as an integer
2025-07-09 01:41:20,139 - ERROR - Unexpected error: 'NoneType' object cannot be interpreted as an integer
2025-07-09 01:41:22,233 - ERROR - Unexpected error: 'NoneType' object cannot be interpreted as an integer
2025-07-09 01:41:22,390 - ERROR - Unexpected error: 'NoneType' object cannot be interpreted as an integer
2025-07-09 01:41:22,913 - ERROR - Unexpected error: 'NoneType' object cannot be interpreted as an integer
2025-07-09 01:41:23,603 - ERROR - Unexpected error: 'NoneType' object cannot be interpreted as an integer
2025-07-09 01:41:24,245 - ERROR - Unexpected error: 'NoneType' object cannot be interpreted as an integer
2025-07-09 01:41:26,856 - ERROR - Unexpected error: 'NoneType' object cannot be interpreted as an integer
2025-07-09 01:41:27,177 - ERROR - Unexpected error: 'NoneType' object cannot be interpreted as an integer
2025-07-09 01:41:27,581 - ERROR - Unexpected error: 'NoneType' object cannot be interpreted as an integer
2025-07-09 01:41:29,167 - ERROR - Unexpected error: 'NoneType' object cannot be interpreted as an integer
2025-07-09 01:41:29,330 - ERROR - Unexpected error: 'NoneType' object cannot be interpreted as an integer
2025-07-09 01:41:29,490 - ERROR - Unexpected error: 'NoneType' object cannot be interpreted as an integer
2025-07-09 01:41:29,649 - ERROR - Unexpected error: 'NoneType' object cannot be interpreted as an integer
2025-07-09 01:41:32,783 - ERROR - Unexpected error: 'NoneType' object cannot be interpreted as an integer
2025-07-09 01:41:37,545 - ERROR - Unexpected error: 'NoneType' object cannot be interpreted as an integer
2025-07-09 01:41:38,279 - ERROR - Unexpected error: 'NoneType' object cannot be interpreted as an integer
2025-07-09 01:41:40,601 - ERROR - Unexpected error: 'NoneType' object cannot be interpreted as an integer
2025-07-09 01:41:40,766 - ERROR - Unexpected error: 'NoneType' object cannot be interpreted as an integer
2025-07-09 01:41:41,797 - ERROR - Unexpected error: 'NoneType' object cannot be interpreted as an integer
2025-07-09 01:41:43,031 - ERROR - Unexpected error: 'NoneType' object cannot be interpreted as an integer
2025-07-09 01:41:44,203 - ERROR - Unexpected error: 'NoneType' object cannot be interpreted as an integer
2025-07-09 01:41:50,775 - ERROR - Unexpected error: 'NoneType' object cannot be interpreted as an integer
2025-07-09 01:41:50,947 - ERROR - Unexpected error: 'NoneType' object cannot be interpreted as an integer
2025-07-09 01:41:52,399 - ERROR - Unexpected error: 'NoneType' object cannot be interpreted as an integer
2025-07-09 01:41:52,401 - INFO - Processed 42000 users so far
2025-07-09 01:41:52,559 - ERROR - Unexpected error: 'NoneType' object cannot be interpreted as an integer
2025-07-09 01:41:52,912 - ERROR - Unexpected error: 'NoneType' object cannot be interpreted as an integer
2025-07-09 01:41:54,531 - ERROR - Unexpected error: 'NoneType' object cannot be interpreted as an integer
2025-07-09 01:41:54,695 - ERROR - Unexpected error: 'NoneType' object cannot be interpreted as an integer
2025-07-09 01:41:54,854 - ERROR - Unexpected error: 'NoneType' object cannot be interpreted as an integer
2025-07-09 01:41:55,016 - ERROR - Unexpected error: 'NoneType' object cannot be interpreted as an integer
2025-07-09 01:41:56,915 - ERROR - Unexpected error: 'NoneType' object cannot be interpreted as an integer
2025-07-09 01:41:58,173 - ERROR - Unexpected error: 'NoneType' object cannot be interpreted as an integer
2025-07-09 01:41:59,842 - ERROR - Unexpected error: 'NoneType' object cannot be interpreted as an integer
2025-07-09 01:42:00,000 - ERROR - Unexpected error: 'NoneType' object cannot be interpreted as an integer
2025-07-09 01:42:02,010 - ERROR - Unexpected error: 'NoneType' object cannot be interpreted as an integer
2025-07-09 01:42:04,881 - ERROR - Unexpected error: 'NoneType' object cannot be interpreted as an integer
2025-07-09 01:42:06,046 - ERROR - Unexpected error: 'NoneType' object cannot be interpreted as an integer
2025-07-09 01:42:12,272 - ERROR - Unexpected error: 'NoneType' object cannot be interpreted as an integer
2025-07-09 01:42:14,109 - ERROR - Unexpected error: 'NoneType' object cannot be interpreted as an integer
2025-07-09 01:42:14,705 - ERROR - Unexpected error: 'NoneType' object cannot be interpreted as an integer
2025-07-09 01:42:15,113 - ERROR - Unexpected error: 'NoneType' object cannot be interpreted as an integer
2025-07-09 01:42:15,296 - ERROR - Unexpected error: 'NoneType' object cannot be interpreted as an integer
2025-07-09 01:42:16,698 - ERROR - Unexpected error: 'NoneType' object cannot be interpreted as an integer
2025-07-09 01:42:16,935 - ERROR - Unexpected error: 'NoneType' object cannot be interpreted as an integer
2025-07-09 01:42:18,245 - ERROR - Unexpected error: 'NoneType' object cannot be interpreted as an integer
2025-07-09 01:42:19,423 - ERROR - Unexpected error: 'NoneType' object cannot be interpreted as an integer
2025-07-09 01:42:20,761 - ERROR - Unexpected error: 'NoneType' object cannot be interpreted as an integer
2025-07-09 01:42:22,555 - ERROR - Unexpected error: 'NoneType' object cannot be interpreted as an integer
2025-07-09 01:42:26,029 - ERROR - Unexpected error: 'NoneType' object cannot be interpreted as an integer
2025-07-09 01:42:32,513 - ERROR - Unexpected error: 'NoneType' object cannot be interpreted as an integer
2025-07-09 01:42:35,638 - ERROR - Unexpected error: 'NoneType' object cannot be interpreted as an integer
2025-07-09 01:42:36,673 - ERROR - Unexpected error: 'NoneType' object cannot be interpreted as an integer
2025-07-09 01:42:36,993 - ERROR - Unexpected error: 'NoneType' object cannot be interpreted as an integer
2025-07-09 01:42:39,740 - ERROR - Unexpected error: 'NoneType' object cannot be interpreted as an integer
2025-07-09 01:42:50,840 - ERROR - Unexpected error: 'NoneType' object cannot be interpreted as an integer
2025-07-09 01:42:51,252 - ERROR - Unexpected error: 'NoneType' object cannot be interpreted as an integer
2025-07-09 01:42:54,354 - ERROR - Unexpected error: 'NoneType' object cannot be interpreted as an integer
2025-07-09 01:42:57,249 - ERROR - Unexpected error: 'NoneType' object cannot be interpreted as an integer
2025-07-09 01:42:58,939 - ERROR - Unexpected error: 'NoneType' object cannot be interpreted as an integer
2025-07-09 01:42:59,646 - ERROR - Unexpected error: 'NoneType' object cannot be interpreted as an integer
2025-07-09 01:43:00,619 - ERROR - Unexpected error: 'NoneType' object cannot be interpreted as an integer
2025-07-09 01:43:01,653 - ERROR - Unexpected error: 'NoneType' object cannot be interpreted as an integer
2025-07-09 01:43:01,997 - ERROR - Unexpected error: 'NoneType' object cannot be interpreted as an integer
2025-07-09 01:43:02,508 - ERROR - Unexpected error: 'NoneType' object cannot be interpreted as an integer
2025-07-09 01:43:03,898 - ERROR - Unexpected error: 'NoneType' object cannot be interpreted as an integer
2025-07-09 01:43:04,384 - ERROR - Unexpected error: 'NoneType' object cannot be interpreted as an integer
2025-07-09 01:43:06,784 - ERROR - Unexpected error: 'NoneType' object cannot be interpreted as an integer
2025-07-09 01:43:07,636 - ERROR - Unexpected error: 'NoneType' object cannot be interpreted as an integer
2025-07-09 01:43:11,112 - ERROR - Unexpected error: 'NoneType' object cannot be interpreted as an integer
2025-07-09 01:43:11,530 - ERROR - Unexpected error: 'NoneType' object cannot be interpreted as an integer
2025-07-09 01:43:11,689 - ERROR - Unexpected error: 'NoneType' object cannot be interpreted as an integer
2025-07-09 01:43:12,312 - ERROR - Unexpected error: 'NoneType' object cannot be interpreted as an integer
2025-07-09 01:43:12,930 - ERROR - Unexpected error: 'NoneType' object cannot be interpreted as an integer
2025-07-09 01:43:13,280 - ERROR - Unexpected error: 'NoneType' object cannot be interpreted as an integer
2025-07-09 01:43:15,773 - ERROR - Unexpected error: 'NoneType' object cannot be interpreted as an integer
2025-07-09 01:43:17,849 - ERROR - Unexpected error: 'NoneType' object cannot be interpreted as an integer
2025-07-09 01:43:18,009 - ERROR - Unexpected error: 'NoneType' object cannot be interpreted as an integer
2025-07-09 01:43:18,294 - ERROR - Unexpected error: 'NoneType' object cannot be interpreted as an integer
2025-07-09 01:43:19,488 - ERROR - Unexpected error: 'NoneType' object cannot be interpreted as an integer
2025-07-09 01:43:19,659 - ERROR - Unexpected error: 'NoneType' object cannot be interpreted as an integer
2025-07-09 01:43:20,122 - ERROR - Unexpected error: 'NoneType' object cannot be interpreted as an integer
2025-07-09 01:43:21,202 - ERROR - Unexpected error: 'NoneType' object cannot be interpreted as an integer
2025-07-09 01:43:21,525 - ERROR - Unexpected error: 'NoneType' object cannot be interpreted as an integer
2025-07-09 01:43:24,147 - ERROR - Unexpected error: 'NoneType' object cannot be interpreted as an integer
2025-07-09 01:43:26,828 - ERROR - Unexpected error: 'NoneType' object cannot be interpreted as an integer
2025-07-09 01:43:28,017 - ERROR - Unexpected error: 'NoneType' object cannot be interpreted as an integer
2025-07-09 01:43:31,689 - ERROR - Unexpected error: 'NoneType' object cannot be interpreted as an integer
2025-07-09 01:43:32,889 - ERROR - Unexpected error: 'NoneType' object cannot be interpreted as an integer
2025-07-09 01:43:33,196 - ERROR - Unexpected error: 'NoneType' object cannot be interpreted as an integer
2025-07-09 01:43:33,356 - ERROR - Unexpected error: 'NoneType' object cannot be interpreted as an integer
2025-07-09 01:43:35,382 - ERROR - Unexpected error: 'NoneType' object cannot be interpreted as an integer
2025-07-09 01:43:36,623 - ERROR - Unexpected error: 'NoneType' object cannot be interpreted as an integer
2025-07-09 01:43:37,028 - ERROR - Unexpected error: 'NoneType' object cannot be interpreted as an integer
2025-07-09 01:43:38,229 - ERROR - Unexpected error: 'NoneType' object cannot be interpreted as an integer
2025-07-09 01:43:39,984 - ERROR - Unexpected error: 'NoneType' object cannot be interpreted as an integer
2025-07-09 01:43:43,415 - ERROR - Unexpected error: 'NoneType' object cannot be interpreted as an integer
2025-07-09 01:43:44,112 - ERROR - Unexpected error: 'NoneType' object cannot be interpreted as an integer
2025-07-09 01:43:46,275 - ERROR - Unexpected error: 'NoneType' object cannot be interpreted as an integer
2025-07-09 01:43:47,524 - ERROR - Unexpected error: 'NoneType' object cannot be interpreted as an integer
2025-07-09 01:43:47,681 - ERROR - Unexpected error: 'NoneType' object cannot be interpreted as an integer
2025-07-09 01:43:52,750 - ERROR - Unexpected error: 'NoneType' object cannot be interpreted as an integer
2025-07-09 01:43:55,884 - ERROR - Unexpected error: 'NoneType' object cannot be interpreted as an integer
2025-07-09 01:43:56,217 - ERROR - Unexpected error: 'NoneType' object cannot be interpreted as an integer
2025-07-09 01:43:56,845 - ERROR - Unexpected error: 'NoneType' object cannot be interpreted as an integer
2025-07-09 01:43:58,200 - ERROR - Unexpected error: 'NoneType' object cannot be interpreted as an integer
2025-07-09 01:43:58,626 - ERROR - Unexpected error: 'NoneType' object cannot be interpreted as an integer
2025-07-09 01:44:00,155 - ERROR - Unexpected error: 'NoneType' object cannot be interpreted as an integer
2025-07-09 01:44:00,786 - ERROR - Unexpected error: 'NoneType' object cannot be interpreted as an integer
2025-07-09 01:44:01,260 - ERROR - Unexpected error: 'NoneType' object cannot be interpreted as an integer
2025-07-09 01:44:02,223 - ERROR - Unexpected error: 'NoneType' object cannot be interpreted as an integer
2025-07-09 01:44:03,939 - ERROR - Unexpected error: 'NoneType' object cannot be interpreted as an integer
2025-07-09 01:44:05,141 - ERROR - Unexpected error: 'NoneType' object cannot be interpreted as an integer
2025-07-09 01:44:06,258 - ERROR - Unexpected error: 'NoneType' object cannot be interpreted as an integer
2025-07-09 01:44:06,414 - ERROR - Unexpected error: 'NoneType' object cannot be interpreted as an integer
2025-07-09 01:44:07,098 - ERROR - Unexpected error: 'NoneType' object cannot be interpreted as an integer
2025-07-09 01:44:07,829 - ERROR - Unexpected error: 'NoneType' object cannot be interpreted as an integer
2025-07-09 01:44:08,676 - ERROR - Unexpected error: 'NoneType' object cannot be interpreted as an integer
2025-07-09 01:44:09,719 - ERROR - Unexpected error: 'NoneType' object cannot be interpreted as an integer
2025-07-09 01:44:10,586 - ERROR - Unexpected error: 'NoneType' object cannot be interpreted as an integer
2025-07-09 01:44:11,507 - ERROR - Unexpected error: 'NoneType' object cannot be interpreted as an integer
2025-07-09 01:44:11,671 - ERROR - Unexpected error: 'NoneType' object cannot be interpreted as an integer
2025-07-09 01:44:12,588 - ERROR - Unexpected error: 'NoneType' object cannot be interpreted as an integer
2025-07-09 01:44:15,095 - ERROR - Unexpected error: 'NoneType' object cannot be interpreted as an integer
2025-07-09 01:44:15,294 - ERROR - Unexpected error: 'NoneType' object cannot be interpreted as an integer
2025-07-09 01:44:15,746 - ERROR - Unexpected error: 'NoneType' object cannot be interpreted as an integer
2025-07-09 01:44:16,689 - ERROR - Unexpected error: 'NoneType' object cannot be interpreted as an integer
2025-07-09 01:44:20,012 - ERROR - Unexpected error: 'NoneType' object cannot be interpreted as an integer
2025-07-09 01:44:20,172 - ERROR - Unexpected error: 'NoneType' object cannot be interpreted as an integer
2025-07-09 01:44:21,585 - ERROR - Unexpected error: 'NoneType' object cannot be interpreted as an integer
2025-07-09 01:44:28,634 - ERROR - Unexpected error: 'NoneType' object cannot be interpreted as an integer
2025-07-09 01:44:28,949 - ERROR - Unexpected error: 'NoneType' object cannot be interpreted as an integer
2025-07-09 01:44:29,966 - ERROR - Unexpected error: 'NoneType' object cannot be interpreted as an integer
2025-07-09 01:44:30,123 - ERROR - Unexpected error: 'NoneType' object cannot be interpreted as an integer
2025-07-09 01:44:30,528 - ERROR - Unexpected error: 'NoneType' object cannot be interpreted as an integer
2025-07-09 01:44:30,688 - ERROR - Unexpected error: 'NoneType' object cannot be interpreted as an integer
2025-07-09 01:44:31,758 - ERROR - Unexpected error: 'NoneType' object cannot be interpreted as an integer
2025-07-09 01:44:32,274 - ERROR - Unexpected error: 'NoneType' object cannot be interpreted as an integer
2025-07-09 01:44:32,471 - ERROR - Unexpected error: 'NoneType' object cannot be interpreted as an integer
2025-07-09 01:44:34,003 - ERROR - Unexpected error: 'NoneType' object cannot be interpreted as an integer
2025-07-09 01:44:34,476 - ERROR - Unexpected error: 'NoneType' object cannot be interpreted as an integer
2025-07-09 01:44:35,742 - ERROR - Unexpected error: 'NoneType' object cannot be interpreted as an integer
2025-07-09 01:44:36,194 - ERROR - Unexpected error: 'NoneType' object cannot be interpreted as an integer
2025-07-09 01:44:36,358 - ERROR - Unexpected error: 'NoneType' object cannot be interpreted as an integer
2025-07-09 01:44:42,318 - ERROR - Unexpected error: 'NoneType' object cannot be interpreted as an integer
2025-07-09 01:44:44,571 - ERROR - Unexpected error: 'NoneType' object cannot be interpreted as an integer
2025-07-09 01:44:44,936 - ERROR - Unexpected error: 'NoneType' object cannot be interpreted as an integer
2025-07-09 01:44:45,136 - ERROR - Unexpected error: 'NoneType' object cannot be interpreted as an integer
2025-07-09 01:44:47,656 - ERROR - Unexpected error: 'NoneType' object cannot be interpreted as an integer
2025-07-09 01:44:48,722 - ERROR - Unexpected error: 'NoneType' object cannot be interpreted as an integer
2025-07-09 01:44:49,488 - ERROR - Unexpected error: 'NoneType' object cannot be interpreted as an integer
2025-07-09 01:44:49,685 - ERROR - Unexpected error: 'NoneType' object cannot be interpreted as an integer
2025-07-09 01:44:50,344 - ERROR - Unexpected error: 'NoneType' object cannot be interpreted as an integer
2025-07-09 01:44:50,982 - ERROR - Unexpected error: 'NoneType' object cannot be interpreted as an integer
2025-07-09 01:44:52,851 - ERROR - Unexpected error: 'NoneType' object cannot be interpreted as an integer
2025-07-09 01:44:57,214 - ERROR - Unexpected error: 'NoneType' object cannot be interpreted as an integer
2025-07-09 01:44:57,864 - ERROR - Unexpected error: 'NoneType' object cannot be interpreted as an integer
2025-07-09 01:44:58,284 - ERROR - Unexpected error: 'NoneType' object cannot be interpreted as an integer
2025-07-09 01:44:58,439 - ERROR - Unexpected error: 'NoneType' object cannot be interpreted as an integer
2025-07-09 01:45:00,351 - ERROR - Unexpected error: 'NoneType' object cannot be interpreted as an integer
2025-07-09 01:45:00,521 - ERROR - Unexpected error: 'NoneType' object cannot be interpreted as an integer
2025-07-09 01:45:03,127 - ERROR - Unexpected error: 'NoneType' object cannot be interpreted as an integer
2025-07-09 01:45:05,516 - ERROR - Unexpected error: 'NoneType' object cannot be interpreted as an integer
2025-07-09 01:45:06,929 - ERROR - Unexpected error: 'NoneType' object cannot be interpreted as an integer
2025-07-09 01:45:08,310 - ERROR - Unexpected error: 'NoneType' object cannot be interpreted as an integer
2025-07-09 01:45:08,471 - ERROR - Unexpected error: 'NoneType' object cannot be interpreted as an integer
2025-07-09 01:45:10,308 - ERROR - Unexpected error: 'NoneType' object cannot be interpreted as an integer
2025-07-09 01:45:10,608 - ERROR - Unexpected error: 'NoneType' object cannot be interpreted as an integer
2025-07-09 01:45:13,657 - ERROR - Unexpected error: 'NoneType' object cannot be interpreted as an integer
2025-07-09 01:45:14,126 - ERROR - Unexpected error: 'NoneType' object cannot be interpreted as an integer
2025-07-09 01:45:14,621 - ERROR - Unexpected error: 'NoneType' object cannot be interpreted as an integer
2025-07-09 01:45:15,238 - ERROR - Unexpected error: 'NoneType' object cannot be interpreted as an integer
2025-07-09 01:45:18,068 - ERROR - Unexpected error: 'NoneType' object cannot be interpreted as an integer
2025-07-09 01:45:18,679 - ERROR - Unexpected error: 'NoneType' object cannot be interpreted as an integer
2025-07-09 01:45:18,841 - ERROR - Unexpected error: 'NoneType' object cannot be interpreted as an integer
2025-07-09 01:45:20,646 - ERROR - Unexpected error: 'NoneType' object cannot be interpreted as an integer
2025-07-09 01:45:21,691 - ERROR - Unexpected error: 'NoneType' object cannot be interpreted as an integer
2025-07-09 01:45:22,604 - ERROR - Unexpected error: 'NoneType' object cannot be interpreted as an integer
2025-07-09 01:45:23,054 - ERROR - Unexpected error: 'NoneType' object cannot be interpreted as an integer
2025-07-09 01:45:24,359 - ERROR - Unexpected error: 'NoneType' object cannot be interpreted as an integer
2025-07-09 01:45:24,513 - ERROR - Unexpected error: 'NoneType' object cannot be interpreted as an integer
2025-07-09 01:45:30,025 - ERROR - Unexpected error: 'NoneType' object cannot be interpreted as an integer
2025-07-09 01:45:30,189 - ERROR - Unexpected error: 'NoneType' object cannot be interpreted as an integer
2025-07-09 01:45:30,673 - ERROR - Unexpected error: 'NoneType' object cannot be interpreted as an integer
2025-07-09 01:45:32,533 - ERROR - Unexpected error: 'NoneType' object cannot be interpreted as an integer
2025-07-09 01:45:32,934 - ERROR - Unexpected error: 'NoneType' object cannot be interpreted as an integer
2025-07-09 01:45:34,251 - ERROR - Unexpected error: 'NoneType' object cannot be interpreted as an integer
2025-07-09 01:45:34,550 - ERROR - Unexpected error: 'NoneType' object cannot be interpreted as an integer
2025-07-09 01:45:37,755 - ERROR - Unexpected error: 'NoneType' object cannot be interpreted as an integer
2025-07-09 01:45:39,855 - ERROR - Unexpected error: 'NoneType' object cannot be interpreted as an integer
2025-07-09 01:45:40,017 - ERROR - Unexpected error: 'NoneType' object cannot be interpreted as an integer
2025-07-09 01:45:41,847 - ERROR - Unexpected error: 'NoneType' object cannot be interpreted as an integer
2025-07-09 01:45:42,395 - ERROR - Unexpected error: 'NoneType' object cannot be interpreted as an integer
2025-07-09 01:45:42,985 - ERROR - Unexpected error: 'NoneType' object cannot be interpreted as an integer
2025-07-09 01:45:43,672 - ERROR - Unexpected error: 'NoneType' object cannot be interpreted as an integer
2025-07-09 01:45:46,739 - ERROR - Unexpected error: 'NoneType' object cannot be interpreted as an integer
2025-07-09 01:45:47,189 - ERROR - Unexpected error: 'NoneType' object cannot be interpreted as an integer
2025-07-09 01:45:48,448 - ERROR - Unexpected error: 'NoneType' object cannot be interpreted as an integer
2025-07-09 01:45:51,690 - ERROR - Unexpected error: 'NoneType' object cannot be interpreted as an integer
2025-07-09 01:45:52,811 - ERROR - Unexpected error: 'NoneType' object cannot be interpreted as an integer
2025-07-09 01:45:54,205 - ERROR - Unexpected error: 'NoneType' object cannot be interpreted as an integer
2025-07-09 01:45:54,524 - ERROR - Unexpected error: 'NoneType' object cannot be interpreted as an integer
2025-07-09 01:45:54,935 - ERROR - Unexpected error: 'NoneType' object cannot be interpreted as an integer
2025-07-09 01:45:55,753 - ERROR - Unexpected error: 'NoneType' object cannot be interpreted as an integer
2025-07-09 01:45:56,566 - ERROR - Unexpected error: 'NoneType' object cannot be interpreted as an integer
2025-07-09 01:45:56,729 - ERROR - Unexpected error: 'NoneType' object cannot be interpreted as an integer
2025-07-09 01:45:58,720 - ERROR - Unexpected error: 'NoneType' object cannot be interpreted as an integer
2025-07-09 01:45:59,429 - ERROR - Unexpected error: 'NoneType' object cannot be interpreted as an integer
2025-07-09 01:46:01,006 - ERROR - Unexpected error: 'NoneType' object cannot be interpreted as an integer
2025-07-09 01:46:01,503 - ERROR - Unexpected error: 'NoneType' object cannot be interpreted as an integer
2025-07-09 01:46:01,668 - ERROR - Unexpected error: 'NoneType' object cannot be interpreted as an integer
2025-07-09 01:46:01,988 - ERROR - Unexpected error: 'NoneType' object cannot be interpreted as an integer
2025-07-09 01:46:02,292 - ERROR - Unexpected error: 'NoneType' object cannot be interpreted as an integer
2025-07-09 01:46:05,618 - ERROR - Unexpected error: 'NoneType' object cannot be interpreted as an integer
2025-07-09 01:46:06,045 - ERROR - Unexpected error: 'NoneType' object cannot be interpreted as an integer
2025-07-09 01:46:07,064 - ERROR - Unexpected error: 'NoneType' object cannot be interpreted as an integer
2025-07-09 01:46:08,153 - ERROR - Unexpected error: 'NoneType' object cannot be interpreted as an integer
2025-07-09 01:46:08,583 - ERROR - Unexpected error: 'NoneType' object cannot be interpreted as an integer
2025-07-09 01:46:10,113 - ERROR - Unexpected error: 'NoneType' object cannot be interpreted as an integer
2025-07-09 01:46:10,761 - ERROR - Unexpected error: 'NoneType' object cannot be interpreted as an integer
2025-07-09 01:46:10,920 - ERROR - Unexpected error: 'NoneType' object cannot be interpreted as an integer
2025-07-09 01:46:12,631 - ERROR - Unexpected error: 'NoneType' object cannot be interpreted as an integer
2025-07-09 01:46:12,795 - ERROR - Unexpected error: 'NoneType' object cannot be interpreted as an integer
2025-07-09 01:46:20,171 - ERROR - Unexpected error: 'NoneType' object cannot be interpreted as an integer
2025-07-09 01:46:20,613 - ERROR - Unexpected error: 'NoneType' object cannot be interpreted as an integer
2025-07-09 01:46:21,569 - ERROR - Unexpected error: 'NoneType' object cannot be interpreted as an integer
2025-07-09 01:46:21,725 - ERROR - Unexpected error: 'NoneType' object cannot be interpreted as an integer
2025-07-09 01:46:22,062 - ERROR - Unexpected error: 'NoneType' object cannot be interpreted as an integer
2025-07-09 01:46:22,697 - ERROR - Unexpected error: 'NoneType' object cannot be interpreted as an integer
2025-07-09 01:46:25,090 - ERROR - Unexpected error: 'NoneType' object cannot be interpreted as an integer
2025-07-09 01:46:25,455 - ERROR - Unexpected error: 'NoneType' object cannot be interpreted as an integer
2025-07-09 01:46:30,475 - ERROR - Unexpected error: 'NoneType' object cannot be interpreted as an integer
2025-07-09 01:46:32,916 - ERROR - Unexpected error: 'NoneType' object cannot be interpreted as an integer
2025-07-09 01:46:33,334 - ERROR - Unexpected error: 'NoneType' object cannot be interpreted as an integer
2025-07-09 01:46:37,594 - ERROR - Unexpected error: 'NoneType' object cannot be interpreted as an integer
2025-07-09 01:46:38,204 - ERROR - Unexpected error: 'NoneType' object cannot be interpreted as an integer
2025-07-09 01:46:39,965 - ERROR - Unexpected error: 'NoneType' object cannot be interpreted as an integer
2025-07-09 01:46:41,658 - ERROR - Unexpected error: 'NoneType' object cannot be interpreted as an integer
2025-07-09 01:46:42,389 - ERROR - Unexpected error: 'NoneType' object cannot be interpreted as an integer
2025-07-09 01:46:46,045 - ERROR - Unexpected error: 'NoneType' object cannot be interpreted as an integer
2025-07-09 01:46:52,589 - ERROR - Unexpected error: 'NoneType' object cannot be interpreted as an integer
2025-07-09 01:46:53,299 - ERROR - Unexpected error: 'NoneType' object cannot be interpreted as an integer
2025-07-09 01:46:59,293 - ERROR - Unexpected error: 'NoneType' object cannot be interpreted as an integer
2025-07-09 01:46:59,868 - ERROR - Unexpected error: 'NoneType' object cannot be interpreted as an integer
2025-07-09 01:47:01,164 - ERROR - Unexpected error: 'NoneType' object cannot be interpreted as an integer
2025-07-09 01:47:02,258 - ERROR - Unexpected error: 'NoneType' object cannot be interpreted as an integer
2025-07-09 01:47:02,658 - ERROR - Unexpected error: 'NoneType' object cannot be interpreted as an integer
2025-07-09 01:47:03,110 - ERROR - Unexpected error: 'NoneType' object cannot be interpreted as an integer
2025-07-09 01:47:03,514 - ERROR - Unexpected error: 'NoneType' object cannot be interpreted as an integer
2025-07-09 01:47:05,772 - ERROR - Unexpected error: 'NoneType' object cannot be interpreted as an integer
2025-07-09 01:47:06,191 - ERROR - Unexpected error: 'NoneType' object cannot be interpreted as an integer
2025-07-09 01:47:06,509 - ERROR - Unexpected error: 'NoneType' object cannot be interpreted as an integer
2025-07-09 01:47:06,680 - ERROR - Unexpected error: 'NoneType' object cannot be interpreted as an integer
2025-07-09 01:47:08,242 - ERROR - Unexpected error: 'NoneType' object cannot be interpreted as an integer
2025-07-09 01:47:10,511 - ERROR - Unexpected error: 'NoneType' object cannot be interpreted as an integer
2025-07-09 01:47:10,817 - ERROR - Unexpected error: 'NoneType' object cannot be interpreted as an integer
2025-07-09 01:47:13,389 - ERROR - Unexpected error: 'NoneType' object cannot be interpreted as an integer
2025-07-09 01:47:14,305 - ERROR - Unexpected error: 'NoneType' object cannot be interpreted as an integer
2025-07-09 01:47:15,294 - ERROR - Unexpected error: 'NoneType' object cannot be interpreted as an integer
2025-07-09 01:47:18,692 - ERROR - Unexpected error: 'NoneType' object cannot be interpreted as an integer
2025-07-09 01:47:21,355 - ERROR - Unexpected error: 'NoneType' object cannot be interpreted as an integer
2025-07-09 01:47:22,531 - ERROR - Unexpected error: 'NoneType' object cannot be interpreted as an integer
2025-07-09 01:47:23,959 - ERROR - Unexpected error: 'NoneType' object cannot be interpreted as an integer
2025-07-09 01:47:27,435 - ERROR - Unexpected error: 'NoneType' object cannot be interpreted as an integer
2025-07-09 01:47:29,722 - ERROR - Unexpected error: 'NoneType' object cannot be interpreted as an integer
2025-07-09 01:47:29,889 - ERROR - Unexpected error: 'NoneType' object cannot be interpreted as an integer
2025-07-09 01:47:30,757 - ERROR - Unexpected error: 'NoneType' object cannot be interpreted as an integer
2025-07-09 01:47:31,096 - ERROR - Unexpected error: 'NoneType' object cannot be interpreted as an integer
2025-07-09 01:47:32,309 - ERROR - Unexpected error: 'NoneType' object cannot be interpreted as an integer
2025-07-09 01:47:32,829 - ERROR - Unexpected error: 'NoneType' object cannot be interpreted as an integer
2025-07-09 01:47:34,302 - ERROR - Unexpected error: 'NoneType' object cannot be interpreted as an integer
2025-07-09 01:47:34,463 - ERROR - Unexpected error: 'NoneType' object cannot be interpreted as an integer
2025-07-09 01:47:35,235 - ERROR - Unexpected error: 'NoneType' object cannot be interpreted as an integer
2025-07-09 01:47:37,456 - ERROR - Unexpected error: 'NoneType' object cannot be interpreted as an integer
2025-07-09 01:47:38,170 - ERROR - Unexpected error: 'NoneType' object cannot be interpreted as an integer
2025-07-09 01:47:42,954 - ERROR - Unexpected error: 'NoneType' object cannot be interpreted as an integer
2025-07-09 01:47:47,237 - ERROR - Unexpected error: 'NoneType' object cannot be interpreted as an integer
2025-07-09 01:47:47,703 - ERROR - Unexpected error: 'NoneType' object cannot be interpreted as an integer
2025-07-09 01:47:47,865 - ERROR - Unexpected error: 'NoneType' object cannot be interpreted as an integer
2025-07-09 01:47:48,335 - ERROR - Unexpected error: 'NoneType' object cannot be interpreted as an integer
2025-07-09 01:47:51,167 - ERROR - Unexpected error: 'NoneType' object cannot be interpreted as an integer
2025-07-09 01:47:53,581 - ERROR - Unexpected error: 'NoneType' object cannot be interpreted as an integer
2025-07-09 01:47:59,291 - ERROR - Unexpected error: 'NoneType' object cannot be interpreted as an integer
2025-07-09 01:47:59,452 - ERROR - Unexpected error: 'NoneType' object cannot be interpreted as an integer
2025-07-09 01:48:00,626 - ERROR - Unexpected error: 'NoneType' object cannot be interpreted as an integer
2025-07-09 01:48:01,517 - ERROR - Unexpected error: 'NoneType' object cannot be interpreted as an integer
2025-07-09 01:48:02,162 - ERROR - Unexpected error: 'NoneType' object cannot be interpreted as an integer
2025-07-09 01:48:02,742 - ERROR - Unexpected error: 'NoneType' object cannot be interpreted as an integer
2025-07-09 01:48:03,529 - ERROR - Unexpected error: 'NoneType' object cannot be interpreted as an integer
2025-07-09 01:48:05,479 - ERROR - Unexpected error: 'NoneType' object cannot be interpreted as an integer
2025-07-09 01:48:06,282 - ERROR - Unexpected error: 'NoneType' object cannot be interpreted as an integer
2025-07-09 01:48:06,905 - ERROR - Unexpected error: 'NoneType' object cannot be interpreted as an integer
2025-07-09 01:48:07,610 - ERROR - Unexpected error: 'NoneType' object cannot be interpreted as an integer
2025-07-09 01:48:09,717 - ERROR - Unexpected error: 'NoneType' object cannot be interpreted as an integer
2025-07-09 01:48:12,065 - ERROR - Unexpected error: 'NoneType' object cannot be interpreted as an integer
2025-07-09 01:48:12,380 - ERROR - Unexpected error: 'NoneType' object cannot be interpreted as an integer
2025-07-09 01:48:14,331 - ERROR - Unexpected error: 'NoneType' object cannot be interpreted as an integer
2025-07-09 01:48:14,504 - ERROR - Unexpected error: 'NoneType' object cannot be interpreted as an integer
2025-07-09 01:48:14,914 - ERROR - Unexpected error: 'NoneType' object cannot be interpreted as an integer
2025-07-09 01:48:17,103 - ERROR - Unexpected error: 'NoneType' object cannot be interpreted as an integer
2025-07-09 01:48:20,058 - ERROR - Unexpected error: 'NoneType' object cannot be interpreted as an integer
2025-07-09 01:48:21,009 - ERROR - Unexpected error: 'NoneType' object cannot be interpreted as an integer
2025-07-09 01:48:22,458 - ERROR - Unexpected error: 'NoneType' object cannot be interpreted as an integer
2025-07-09 01:48:22,619 - ERROR - Unexpected error: 'NoneType' object cannot be interpreted as an integer
2025-07-09 01:48:23,568 - ERROR - Unexpected error: 'NoneType' object cannot be interpreted as an integer
2025-07-09 01:48:24,077 - ERROR - Unexpected error: 'NoneType' object cannot be interpreted as an integer
2025-07-09 01:48:25,201 - ERROR - Unexpected error: 'NoneType' object cannot be interpreted as an integer
2025-07-09 01:48:26,648 - ERROR - Unexpected error: 'NoneType' object cannot be interpreted as an integer
2025-07-09 01:48:28,464 - ERROR - Unexpected error: 'NoneType' object cannot be interpreted as an integer
2025-07-09 01:48:28,618 - ERROR - Unexpected error: 'NoneType' object cannot be interpreted as an integer
2025-07-09 01:48:30,535 - ERROR - Unexpected error: 'NoneType' object cannot be interpreted as an integer
2025-07-09 01:48:30,722 - ERROR - Unexpected error: 'NoneType' object cannot be interpreted as an integer
2025-07-09 01:48:30,952 - ERROR - Unexpected error: 'NoneType' object cannot be interpreted as an integer
2025-07-09 01:48:31,113 - ERROR - Unexpected error: 'NoneType' object cannot be interpreted as an integer
2025-07-09 01:48:32,858 - ERROR - Unexpected error: 'NoneType' object cannot be interpreted as an integer
2025-07-09 01:48:33,013 - ERROR - Unexpected error: 'NoneType' object cannot be interpreted as an integer
2025-07-09 01:48:33,433 - ERROR - Unexpected error: 'NoneType' object cannot be interpreted as an integer
2025-07-09 01:48:36,136 - ERROR - Unexpected error: 'NoneType' object cannot be interpreted as an integer
2025-07-09 01:48:36,304 - ERROR - Unexpected error: 'NoneType' object cannot be interpreted as an integer
2025-07-09 01:48:39,160 - ERROR - Unexpected error: 'NoneType' object cannot be interpreted as an integer
2025-07-09 01:48:44,686 - ERROR - Unexpected error: 'NoneType' object cannot be interpreted as an integer
2025-07-09 01:48:46,176 - ERROR - Unexpected error: 'NoneType' object cannot be interpreted as an integer
2025-07-09 01:48:47,633 - ERROR - Unexpected error: 'NoneType' object cannot be interpreted as an integer
2025-07-09 01:48:50,697 - ERROR - Unexpected error: 'NoneType' object cannot be interpreted as an integer
2025-07-09 01:48:50,854 - ERROR - Unexpected error: 'NoneType' object cannot be interpreted as an integer
2025-07-09 01:48:51,906 - ERROR - Unexpected error: 'NoneType' object cannot be interpreted as an integer
2025-07-09 01:48:52,084 - ERROR - Unexpected error: 'NoneType' object cannot be interpreted as an integer
2025-07-09 01:48:52,265 - ERROR - Unexpected error: 'NoneType' object cannot be interpreted as an integer
2025-07-09 01:48:54,177 - ERROR - Unexpected error: 'NoneType' object cannot be interpreted as an integer
2025-07-09 01:48:55,565 - ERROR - Unexpected error: 'NoneType' object cannot be interpreted as an integer
2025-07-09 01:49:07,706 - ERROR - Unexpected error: 'NoneType' object cannot be interpreted as an integer
2025-07-09 01:49:09,645 - ERROR - Unexpected error: 'NoneType' object cannot be interpreted as an integer
2025-07-09 01:49:11,586 - ERROR - Unexpected error: 'NoneType' object cannot be interpreted as an integer
2025-07-09 01:49:12,141 - ERROR - Unexpected error: 'NoneType' object cannot be interpreted as an integer
2025-07-09 01:49:13,653 - ERROR - Unexpected error: 'NoneType' object cannot be interpreted as an integer
2025-07-09 01:49:14,265 - ERROR - Unexpected error: 'NoneType' object cannot be interpreted as an integer
2025-07-09 01:49:14,446 - ERROR - Unexpected error: 'NoneType' object cannot be interpreted as an integer
2025-07-09 01:49:14,750 - ERROR - Unexpected error: 'NoneType' object cannot be interpreted as an integer
2025-07-09 01:49:16,293 - ERROR - Unexpected error: 'NoneType' object cannot be interpreted as an integer
2025-07-09 01:49:16,877 - ERROR - Unexpected error: 'NoneType' object cannot be interpreted as an integer
2025-07-09 01:49:18,862 - ERROR - Unexpected error: 'NoneType' object cannot be interpreted as an integer
2025-07-09 01:49:22,713 - ERROR - Unexpected error: 'NoneType' object cannot be interpreted as an integer
2025-07-09 01:49:23,240 - ERROR - Unexpected error: 'NoneType' object cannot be interpreted as an integer
2025-07-09 01:49:25,939 - ERROR - Unexpected error: 'NoneType' object cannot be interpreted as an integer
2025-07-09 01:49:26,294 - ERROR - Unexpected error: 'NoneType' object cannot be interpreted as an integer
2025-07-09 01:49:26,856 - ERROR - Unexpected error: 'NoneType' object cannot be interpreted as an integer
2025-07-09 01:49:27,019 - ERROR - Unexpected error: 'NoneType' object cannot be interpreted as an integer
2025-07-09 01:49:34,304 - ERROR - Unexpected error: 'NoneType' object cannot be interpreted as an integer
2025-07-09 01:49:35,126 - ERROR - Unexpected error: 'NoneType' object cannot be interpreted as an integer
2025-07-09 01:49:37,613 - ERROR - Unexpected error: 'NoneType' object cannot be interpreted as an integer
2025-07-09 01:49:43,997 - ERROR - Unexpected error: 'NoneType' object cannot be interpreted as an integer
2025-07-09 01:49:44,955 - ERROR - Unexpected error: 'NoneType' object cannot be interpreted as an integer
2025-07-09 01:49:48,053 - ERROR - Unexpected error: 'NoneType' object cannot be interpreted as an integer
2025-07-09 01:49:50,430 - ERROR - Unexpected error: 'NoneType' object cannot be interpreted as an integer
2025-07-09 01:49:51,496 - ERROR - Unexpected error: 'NoneType' object cannot be interpreted as an integer
2025-07-09 01:49:52,386 - ERROR - Unexpected error: 'NoneType' object cannot be interpreted as an integer
2025-07-09 01:49:52,551 - ERROR - Unexpected error: 'NoneType' object cannot be interpreted as an integer
2025-07-09 01:49:53,014 - ERROR - Unexpected error: 'NoneType' object cannot be interpreted as an integer
2025-07-09 01:49:54,135 - ERROR - Unexpected error: 'NoneType' object cannot be interpreted as an integer
2025-07-09 01:49:54,501 - ERROR - Unexpected error: 'NoneType' object cannot be interpreted as an integer
2025-07-09 01:49:55,200 - ERROR - Unexpected error: 'NoneType' object cannot be interpreted as an integer
2025-07-09 01:49:55,433 - ERROR - Unexpected error: 'NoneType' object cannot be interpreted as an integer
2025-07-09 01:49:55,857 - ERROR - Unexpected error: 'NoneType' object cannot be interpreted as an integer
2025-07-09 01:49:58,349 - ERROR - Unexpected error: 'NoneType' object cannot be interpreted as an integer
2025-07-09 01:49:58,512 - ERROR - Unexpected error: 'NoneType' object cannot be interpreted as an integer
2025-07-09 01:49:58,840 - ERROR - Unexpected error: 'NoneType' object cannot be interpreted as an integer
2025-07-09 01:50:00,844 - ERROR - Unexpected error: 'NoneType' object cannot be interpreted as an integer
2025-07-09 01:50:01,720 - ERROR - Unexpected error: 'NoneType' object cannot be interpreted as an integer
2025-07-09 01:50:03,538 - ERROR - Unexpected error: 'NoneType' object cannot be interpreted as an integer
2025-07-09 01:50:03,966 - ERROR - Unexpected error: 'NoneType' object cannot be interpreted as an integer
2025-07-09 01:50:04,393 - ERROR - Unexpected error: 'NoneType' object cannot be interpreted as an integer
2025-07-09 01:50:04,973 - ERROR - Unexpected error: 'NoneType' object cannot be interpreted as an integer
2025-07-09 01:50:05,150 - ERROR - Unexpected error: 'NoneType' object cannot be interpreted as an integer
2025-07-09 01:50:05,543 - ERROR - Unexpected error: 'NoneType' object cannot be interpreted as an integer
2025-07-09 01:50:05,976 - ERROR - Unexpected error: 'NoneType' object cannot be interpreted as an integer
2025-07-09 01:50:07,706 - ERROR - Unexpected error: 'NoneType' object cannot be interpreted as an integer
2025-07-09 01:50:08,429 - ERROR - Unexpected error: 'NoneType' object cannot be interpreted as an integer
2025-07-09 01:50:10,415 - ERROR - Unexpected error: 'NoneType' object cannot be interpreted as an integer
2025-07-09 01:50:10,579 - ERROR - Unexpected error: 'NoneType' object cannot be interpreted as an integer
2025-07-09 01:50:13,961 - ERROR - Unexpected error: 'NoneType' object cannot be interpreted as an integer
2025-07-09 01:50:14,682 - ERROR - Unexpected error: 'NoneType' object cannot be interpreted as an integer
2025-07-09 01:50:15,319 - ERROR - Unexpected error: 'NoneType' object cannot be interpreted as an integer
2025-07-09 01:50:15,638 - ERROR - Unexpected error: 'NoneType' object cannot be interpreted as an integer
2025-07-09 01:50:18,232 - ERROR - Unexpected error: 'NoneType' object cannot be interpreted as an integer
2025-07-09 01:52:20,814 - ERROR - Unexpected error: 'NoneType' object cannot be interpreted as an integer
2025-07-09 01:52:21,745 - ERROR - Unexpected error: 'NoneType' object cannot be interpreted as an integer
2025-07-09 01:52:23,014 - ERROR - Unexpected error: 'NoneType' object cannot be interpreted as an integer
2025-07-09 01:52:23,975 - ERROR - Unexpected error: 'NoneType' object cannot be interpreted as an integer
2025-07-09 01:52:27,252 - ERROR - Unexpected error: 'NoneType' object cannot be interpreted as an integer
2025-07-09 01:52:28,890 - ERROR - Unexpected error: 'NoneType' object cannot be interpreted as an integer
2025-07-09 01:52:29,882 - ERROR - Unexpected error: 'NoneType' object cannot be interpreted as an integer
2025-07-09 01:52:31,962 - ERROR - Unexpected error: 'NoneType' object cannot be interpreted as an integer
2025-07-09 01:52:32,905 - ERROR - Unexpected error: 'NoneType' object cannot be interpreted as an integer
2025-07-09 01:52:33,311 - ERROR - Unexpected error: 'NoneType' object cannot be interpreted as an integer
2025-07-09 01:52:33,835 - ERROR - Unexpected error: 'NoneType' object cannot be interpreted as an integer
2025-07-09 01:52:36,440 - ERROR - Unexpected error: 'NoneType' object cannot be interpreted as an integer
2025-07-09 01:52:38,354 - ERROR - Unexpected error: 'NoneType' object cannot be interpreted as an integer
2025-07-09 01:52:40,365 - ERROR - Unexpected error: 'NoneType' object cannot be interpreted as an integer
2025-07-09 01:52:40,524 - ERROR - Unexpected error: 'NoneType' object cannot be interpreted as an integer
2025-07-09 01:52:41,369 - ERROR - Unexpected error: 'NoneType' object cannot be interpreted as an integer
2025-07-09 01:52:42,735 - ERROR - Unexpected error: 'NoneType' object cannot be interpreted as an integer
2025-07-09 01:52:43,254 - ERROR - Unexpected error: 'NoneType' object cannot be interpreted as an integer
2025-07-09 01:52:44,197 - ERROR - Unexpected error: 'NoneType' object cannot be interpreted as an integer
2025-07-09 01:52:44,613 - ERROR - Unexpected error: 'NoneType' object cannot be interpreted as an integer
2025-07-09 01:52:45,030 - ERROR - Unexpected error: 'NoneType' object cannot be interpreted as an integer
2025-07-09 01:52:50,834 - ERROR - Unexpected error: 'NoneType' object cannot be interpreted as an integer
2025-07-09 01:52:51,951 - ERROR - Unexpected error: 'NoneType' object cannot be interpreted as an integer
2025-07-09 01:52:53,191 - ERROR - Unexpected error: 'NoneType' object cannot be interpreted as an integer
2025-07-09 01:52:54,057 - ERROR - Unexpected error: 'NoneType' object cannot be interpreted as an integer
2025-07-09 01:52:55,631 - ERROR - Unexpected error: 'NoneType' object cannot be interpreted as an integer
2025-07-09 01:53:00,971 - ERROR - Unexpected error: 'NoneType' object cannot be interpreted as an integer
2025-07-09 01:53:01,323 - ERROR - Unexpected error: 'NoneType' object cannot be interpreted as an integer
2025-07-09 01:53:13,278 - ERROR - Unexpected error: 'NoneType' object cannot be interpreted as an integer
2025-07-09 01:53:14,146 - ERROR - Unexpected error: 'NoneType' object cannot be interpreted as an integer
2025-07-09 01:53:14,557 - ERROR - Unexpected error: 'NoneType' object cannot be interpreted as an integer
2025-07-09 01:53:19,652 - ERROR - Unexpected error: 'NoneType' object cannot be interpreted as an integer
2025-07-09 01:53:22,162 - ERROR - Unexpected error: 'NoneType' object cannot be interpreted as an integer
2025-07-09 01:53:22,367 - ERROR - Unexpected error: 'NoneType' object cannot be interpreted as an integer
2025-07-09 01:53:22,955 - ERROR - Unexpected error: 'NoneType' object cannot be interpreted as an integer
2025-07-09 01:53:25,470 - ERROR - Unexpected error: 'NoneType' object cannot be interpreted as an integer
2025-07-09 01:53:25,780 - ERROR - Unexpected error: 'NoneType' object cannot be interpreted as an integer
2025-07-09 01:53:27,138 - ERROR - Unexpected error: 'NoneType' object cannot be interpreted as an integer
2025-07-09 01:53:28,837 - ERROR - Unexpected error: 'NoneType' object cannot be interpreted as an integer
2025-07-09 01:53:29,269 - ERROR - Unexpected error: 'NoneType' object cannot be interpreted as an integer
2025-07-09 01:53:29,430 - ERROR - Unexpected error: 'NoneType' object cannot be interpreted as an integer
2025-07-09 01:53:29,997 - ERROR - Unexpected error: 'NoneType' object cannot be interpreted as an integer
2025-07-09 01:53:32,178 - ERROR - Unexpected error: 'NoneType' object cannot be interpreted as an integer
2025-07-09 01:53:32,592 - ERROR - Unexpected error: 'NoneType' object cannot be interpreted as an integer
2025-07-09 01:53:35,057 - ERROR - Unexpected error: 'NoneType' object cannot be interpreted as an integer
2025-07-09 01:53:36,699 - ERROR - Unexpected error: 'NoneType' object cannot be interpreted as an integer
2025-07-09 01:53:37,142 - ERROR - Unexpected error: 'NoneType' object cannot be interpreted as an integer
2025-07-09 01:53:40,890 - ERROR - Unexpected error: 'NoneType' object cannot be interpreted as an integer
2025-07-09 01:53:41,464 - ERROR - Unexpected error: 'NoneType' object cannot be interpreted as an integer
2025-07-09 01:53:44,025 - ERROR - Unexpected error: 'NoneType' object cannot be interpreted as an integer
2025-07-09 01:53:47,132 - ERROR - Unexpected error: 'NoneType' object cannot be interpreted as an integer
2025-07-09 01:53:47,713 - ERROR - Unexpected error: 'NoneType' object cannot be interpreted as an integer
2025-07-09 01:53:47,876 - ERROR - Unexpected error: 'NoneType' object cannot be interpreted as an integer
2025-07-09 01:53:48,800 - ERROR - Unexpected error: 'NoneType' object cannot be interpreted as an integer
2025-07-09 01:53:48,965 - ERROR - Unexpected error: 'NoneType' object cannot be interpreted as an integer
2025-07-09 01:53:50,439 - ERROR - Unexpected error: 'NoneType' object cannot be interpreted as an integer
2025-07-09 01:53:53,167 - ERROR - Unexpected error: 'NoneType' object cannot be interpreted as an integer
2025-07-09 01:53:53,331 - ERROR - Unexpected error: 'NoneType' object cannot be interpreted as an integer
2025-07-09 01:53:54,604 - ERROR - Unexpected error: 'NoneType' object cannot be interpreted as an integer
2025-07-09 01:53:54,764 - ERROR - Unexpected error: 'NoneType' object cannot be interpreted as an integer
2025-07-09 01:53:55,834 - ERROR - Unexpected error: 'NoneType' object cannot be interpreted as an integer
2025-07-09 01:53:56,262 - ERROR - Unexpected error: 'NoneType' object cannot be interpreted as an integer
2025-07-09 01:54:01,746 - ERROR - Unexpected error: 'NoneType' object cannot be interpreted as an integer
2025-07-09 01:54:04,267 - ERROR - Unexpected error: 'NoneType' object cannot be interpreted as an integer
2025-07-09 01:54:06,021 - ERROR - Unexpected error: 'NoneType' object cannot be interpreted as an integer
2025-07-09 01:54:07,685 - ERROR - Unexpected error: 'NoneType' object cannot be interpreted as an integer
2025-07-09 01:54:14,067 - ERROR - Unexpected error: 'NoneType' object cannot be interpreted as an integer
2025-07-09 01:54:14,236 - ERROR - Unexpected error: 'NoneType' object cannot be interpreted as an integer
2025-07-09 01:54:15,957 - ERROR - Unexpected error: 'NoneType' object cannot be interpreted as an integer
2025-07-09 01:54:16,297 - ERROR - Unexpected error: 'NoneType' object cannot be interpreted as an integer
2025-07-09 01:54:18,754 - ERROR - Unexpected error: 'NoneType' object cannot be interpreted as an integer
2025-07-09 01:54:19,718 - ERROR - Unexpected error: 'NoneType' object cannot be interpreted as an integer
2025-07-09 01:54:20,130 - ERROR - Unexpected error: 'NoneType' object cannot be interpreted as an integer
2025-07-09 01:54:20,315 - ERROR - Unexpected error: 'NoneType' object cannot be interpreted as an integer
2025-07-09 01:54:20,477 - ERROR - Unexpected error: 'NoneType' object cannot be interpreted as an integer
2025-07-09 01:54:23,955 - ERROR - Unexpected error: 'NoneType' object cannot be interpreted as an integer
2025-07-09 01:54:25,322 - ERROR - Unexpected error: 'NoneType' object cannot be interpreted as an integer
2025-07-09 01:54:28,498 - ERROR - Unexpected error: 'NoneType' object cannot be interpreted as an integer
2025-07-09 01:54:30,305 - ERROR - Unexpected error: 'NoneType' object cannot be interpreted as an integer
2025-07-09 01:54:32,613 - ERROR - Unexpected error: 'NoneType' object cannot be interpreted as an integer
2025-07-09 01:54:33,431 - ERROR - Unexpected error: 'NoneType' object cannot be interpreted as an integer
2025-07-09 01:54:34,474 - ERROR - Unexpected error: 'NoneType' object cannot be interpreted as an integer
2025-07-09 01:54:36,397 - ERROR - Unexpected error: 'NoneType' object cannot be interpreted as an integer
2025-07-09 01:54:41,470 - ERROR - Unexpected error: 'NoneType' object cannot be interpreted as an integer
2025-07-09 01:54:42,630 - ERROR - Unexpected error: 'NoneType' object cannot be interpreted as an integer
2025-07-09 01:54:43,047 - ERROR - Unexpected error: 'NoneType' object cannot be interpreted as an integer
2025-07-09 01:54:45,476 - ERROR - Unexpected error: 'NoneType' object cannot be interpreted as an integer
2025-07-09 01:54:45,671 - ERROR - Unexpected error: 'NoneType' object cannot be interpreted as an integer
2025-07-09 01:54:47,267 - ERROR - Unexpected error: 'NoneType' object cannot be interpreted as an integer
2025-07-09 01:54:48,021 - ERROR - Unexpected error: 'NoneType' object cannot be interpreted as an integer
2025-07-09 01:54:50,994 - ERROR - Unexpected error: 'NoneType' object cannot be interpreted as an integer
2025-07-09 01:54:53,906 - ERROR - Unexpected error: 'NoneType' object cannot be interpreted as an integer
2025-07-09 01:54:54,079 - ERROR - Unexpected error: 'NoneType' object cannot be interpreted as an integer
2025-07-09 01:54:54,919 - ERROR - Unexpected error: 'NoneType' object cannot be interpreted as an integer
2025-07-09 01:54:56,946 - ERROR - Unexpected error: 'NoneType' object cannot be interpreted as an integer
2025-07-09 01:54:58,786 - ERROR - Unexpected error: 'NoneType' object cannot be interpreted as an integer
2025-07-09 01:54:59,641 - ERROR - Unexpected error: 'NoneType' object cannot be interpreted as an integer
2025-07-09 01:54:59,805 - ERROR - Unexpected error: 'NoneType' object cannot be interpreted as an integer
2025-07-09 01:55:00,153 - ERROR - Unexpected error: 'NoneType' object cannot be interpreted as an integer
2025-07-09 01:55:00,966 - ERROR - Unexpected error: 'NoneType' object cannot be interpreted as an integer
2025-07-09 01:55:01,130 - ERROR - Unexpected error: 'NoneType' object cannot be interpreted as an integer
2025-07-09 01:55:15,892 - ERROR - Unexpected error: 'NoneType' object cannot be interpreted as an integer
2025-07-09 01:55:17,089 - ERROR - Unexpected error: 'NoneType' object cannot be interpreted as an integer
2025-07-09 01:55:19,457 - ERROR - Unexpected error: 'NoneType' object cannot be interpreted as an integer
2025-07-09 01:55:19,618 - ERROR - Unexpected error: 'NoneType' object cannot be interpreted as an integer
2025-07-09 01:55:20,359 - ERROR - Unexpected error: 'NoneType' object cannot be interpreted as an integer
2025-07-09 01:55:20,534 - ERROR - Unexpected error: 'NoneType' object cannot be interpreted as an integer
2025-07-09 01:55:21,128 - ERROR - Unexpected error: 'NoneType' object cannot be interpreted as an integer
2025-07-09 01:55:21,287 - ERROR - Unexpected error: 'NoneType' object cannot be interpreted as an integer
2025-07-09 01:55:21,487 - ERROR - Unexpected error: 'NoneType' object cannot be interpreted as an integer
2025-07-09 01:55:21,777 - ERROR - Unexpected error: 'NoneType' object cannot be interpreted as an integer
2025-07-09 01:55:22,634 - ERROR - Unexpected error: 'NoneType' object cannot be interpreted as an integer
2025-07-09 01:55:22,924 - ERROR - Unexpected error: 'NoneType' object cannot be interpreted as an integer
2025-07-09 01:55:23,351 - ERROR - Unexpected error: 'NoneType' object cannot be interpreted as an integer
2025-07-09 01:55:23,934 - ERROR - Unexpected error: 'NoneType' object cannot be interpreted as an integer
2025-07-09 01:55:24,556 - ERROR - Unexpected error: 'NoneType' object cannot be interpreted as an integer
2025-07-09 01:55:34,670 - ERROR - Unexpected error: 'NoneType' object cannot be interpreted as an integer
2025-07-09 01:55:35,492 - ERROR - Unexpected error: 'NoneType' object cannot be interpreted as an integer
2025-07-09 01:55:37,976 - ERROR - Unexpected error: 'NoneType' object cannot be interpreted as an integer
2025-07-09 01:55:38,379 - ERROR - Unexpected error: 'NoneType' object cannot be interpreted as an integer
2025-07-09 01:55:38,798 - ERROR - Unexpected error: 'NoneType' object cannot be interpreted as an integer
2025-07-09 01:55:39,204 - ERROR - Unexpected error: 'NoneType' object cannot be interpreted as an integer
2025-07-09 01:55:39,921 - ERROR - Unexpected error: 'NoneType' object cannot be interpreted as an integer
2025-07-09 01:55:40,097 - ERROR - Unexpected error: 'NoneType' object cannot be interpreted as an integer
2025-07-09 01:55:42,583 - ERROR - Unexpected error: 'NoneType' object cannot be interpreted as an integer
2025-07-09 01:55:45,660 - ERROR - Unexpected error: 'NoneType' object cannot be interpreted as an integer
2025-07-09 01:55:47,049 - ERROR - Unexpected error: 'NoneType' object cannot be interpreted as an integer
2025-07-09 01:55:49,803 - ERROR - Unexpected error: 'NoneType' object cannot be interpreted as an integer
2025-07-09 01:55:52,834 - ERROR - Unexpected error: 'NoneType' object cannot be interpreted as an integer
2025-07-09 01:55:52,990 - ERROR - Unexpected error: 'NoneType' object cannot be interpreted as an integer
2025-07-09 01:55:53,886 - ERROR - Unexpected error: 'NoneType' object cannot be interpreted as an integer
2025-07-09 01:55:56,381 - ERROR - Unexpected error: 'NoneType' object cannot be interpreted as an integer
2025-07-09 01:55:57,347 - ERROR - Unexpected error: 'NoneType' object cannot be interpreted as an integer
2025-07-09 01:55:58,522 - ERROR - Unexpected error: 'NoneType' object cannot be interpreted as an integer
2025-07-09 01:56:02,259 - ERROR - Unexpected error: 'NoneType' object cannot be interpreted as an integer
2025-07-09 01:56:03,402 - ERROR - Unexpected error: 'NoneType' object cannot be interpreted as an integer
2025-07-09 01:56:04,601 - ERROR - Unexpected error: 'NoneType' object cannot be interpreted as an integer
2025-07-09 01:56:05,189 - ERROR - Unexpected error: 'NoneType' object cannot be interpreted as an integer
2025-07-09 01:56:05,766 - ERROR - Unexpected error: 'NoneType' object cannot be interpreted as an integer
2025-07-09 01:56:05,969 - ERROR - Unexpected error: 'NoneType' object cannot be interpreted as an integer
2025-07-09 01:56:06,764 - ERROR - Unexpected error: 'NoneType' object cannot be interpreted as an integer
2025-07-09 01:56:06,941 - ERROR - Unexpected error: 'NoneType' object cannot be interpreted as an integer
2025-07-09 01:56:07,099 - ERROR - Unexpected error: 'NoneType' object cannot be interpreted as an integer
2025-07-09 01:56:07,505 - ERROR - Unexpected error: 'NoneType' object cannot be interpreted as an integer
2025-07-09 01:56:13,301 - ERROR - Unexpected error: 'NoneType' object cannot be interpreted as an integer
2025-07-09 01:56:16,396 - ERROR - Unexpected error: 'NoneType' object cannot be interpreted as an integer
2025-07-09 01:56:18,112 - ERROR - Unexpected error: 'NoneType' object cannot be interpreted as an integer
2025-07-09 01:56:18,959 - ERROR - Unexpected error: 'NoneType' object cannot be interpreted as an integer
2025-07-09 01:56:19,657 - ERROR - Unexpected error: 'NoneType' object cannot be interpreted as an integer
2025-07-09 01:56:19,814 - ERROR - Unexpected error: 'NoneType' object cannot be interpreted as an integer
2025-07-09 01:56:20,288 - ERROR - Unexpected error: 'NoneType' object cannot be interpreted as an integer
2025-07-09 01:56:21,783 - ERROR - Unexpected error: 'NoneType' object cannot be interpreted as an integer
2025-07-09 01:56:22,819 - ERROR - Unexpected error: 'NoneType' object cannot be interpreted as an integer
2025-07-09 01:56:23,240 - ERROR - Unexpected error: 'NoneType' object cannot be interpreted as an integer
2025-07-09 01:56:24,569 - ERROR - Unexpected error: 'NoneType' object cannot be interpreted as an integer
2025-07-09 01:56:26,210 - ERROR - Unexpected error: 'NoneType' object cannot be interpreted as an integer
2025-07-09 01:56:26,371 - ERROR - Unexpected error: 'NoneType' object cannot be interpreted as an integer
2025-07-09 01:56:26,840 - ERROR - Unexpected error: 'NoneType' object cannot be interpreted as an integer
2025-07-09 01:56:27,307 - ERROR - Unexpected error: 'NoneType' object cannot be interpreted as an integer
2025-07-09 01:56:29,370 - ERROR - Unexpected error: 'NoneType' object cannot be interpreted as an integer
2025-07-09 01:56:31,810 - ERROR - Unexpected error: 'NoneType' object cannot be interpreted as an integer
2025-07-09 01:56:32,255 - ERROR - Unexpected error: 'NoneType' object cannot be interpreted as an integer
2025-07-09 01:56:35,860 - ERROR - Unexpected error: 'NoneType' object cannot be interpreted as an integer
2025-07-09 01:56:37,500 - ERROR - Unexpected error: 'NoneType' object cannot be interpreted as an integer
2025-07-09 01:56:38,198 - ERROR - Unexpected error: 'NoneType' object cannot be interpreted as an integer
2025-07-09 01:56:38,493 - ERROR - Unexpected error: 'NoneType' object cannot be interpreted as an integer
2025-07-09 01:56:38,900 - ERROR - Unexpected error: 'NoneType' object cannot be interpreted as an integer
2025-07-09 01:56:39,477 - ERROR - Unexpected error: 'NoneType' object cannot be interpreted as an integer
2025-07-09 01:56:40,221 - ERROR - Unexpected error: 'NoneType' object cannot be interpreted as an integer
2025-07-09 01:56:41,758 - ERROR - Unexpected error: 'NoneType' object cannot be interpreted as an integer
2025-07-09 01:56:41,942 - ERROR - Unexpected error: 'NoneType' object cannot be interpreted as an integer
2025-07-09 01:56:42,356 - ERROR - Unexpected error: 'NoneType' object cannot be interpreted as an integer
2025-07-09 01:56:42,516 - ERROR - Unexpected error: 'NoneType' object cannot be interpreted as an integer
2025-07-09 01:56:46,196 - ERROR - Unexpected error: 'NoneType' object cannot be interpreted as an integer
2025-07-09 01:56:46,353 - ERROR - Unexpected error: 'NoneType' object cannot be interpreted as an integer
2025-07-09 01:56:46,651 - ERROR - Unexpected error: 'NoneType' object cannot be interpreted as an integer
2025-07-09 01:56:48,532 - ERROR - Unexpected error: 'NoneType' object cannot be interpreted as an integer
2025-07-09 01:56:48,861 - ERROR - Unexpected error: 'NoneType' object cannot be interpreted as an integer
2025-07-09 01:56:50,183 - ERROR - Unexpected error: 'NoneType' object cannot be interpreted as an integer
2025-07-09 01:56:51,253 - ERROR - Unexpected error: 'NoneType' object cannot be interpreted as an integer
2025-07-09 01:56:51,430 - ERROR - Unexpected error: 'NoneType' object cannot be interpreted as an integer
2025-07-09 01:56:55,030 - ERROR - Unexpected error: 'NoneType' object cannot be interpreted as an integer
2025-07-09 01:56:55,872 - ERROR - Unexpected error: 'NoneType' object cannot be interpreted as an integer
2025-07-09 01:56:56,285 - ERROR - Unexpected error: 'NoneType' object cannot be interpreted as an integer
2025-07-09 01:56:56,894 - ERROR - Unexpected error: 'NoneType' object cannot be interpreted as an integer
2025-07-09 01:56:57,204 - ERROR - Unexpected error: 'NoneType' object cannot be interpreted as an integer
2025-07-09 01:56:57,841 - ERROR - Unexpected error: 'NoneType' object cannot be interpreted as an integer
2025-07-09 01:56:58,309 - ERROR - Unexpected error: 'NoneType' object cannot be interpreted as an integer
2025-07-09 01:56:58,715 - ERROR - Unexpected error: 'NoneType' object cannot be interpreted as an integer
2025-07-09 01:56:58,881 - ERROR - Unexpected error: 'NoneType' object cannot be interpreted as an integer
2025-07-09 01:56:59,167 - ERROR - Unexpected error: 'NoneType' object cannot be interpreted as an integer
2025-07-09 01:56:59,588 - ERROR - Unexpected error: 'NoneType' object cannot be interpreted as an integer
2025-07-09 01:56:59,758 - ERROR - Unexpected error: 'NoneType' object cannot be interpreted as an integer
2025-07-09 01:57:00,820 - ERROR - Unexpected error: 'NoneType' object cannot be interpreted as an integer
2025-07-09 01:57:01,453 - ERROR - Unexpected error: 'NoneType' object cannot be interpreted as an integer
2025-07-09 01:57:04,639 - INFO - Processed 44000 users so far
2025-07-09 01:57:04,801 - ERROR - Unexpected error: 'NoneType' object cannot be interpreted as an integer
2025-07-09 01:57:06,573 - ERROR - Unexpected error: 'NoneType' object cannot be interpreted as an integer
2025-07-09 01:57:07,700 - ERROR - Unexpected error: 'NoneType' object cannot be interpreted as an integer
2025-07-09 01:57:08,840 - ERROR - Unexpected error: 'NoneType' object cannot be interpreted as an integer
2025-07-09 01:57:10,797 - ERROR - Unexpected error: 'NoneType' object cannot be interpreted as an integer
2025-07-09 01:57:11,415 - ERROR - Unexpected error: 'NoneType' object cannot be interpreted as an integer
2025-07-09 01:57:12,634 - ERROR - Unexpected error: 'NoneType' object cannot be interpreted as an integer
2025-07-09 01:57:13,679 - ERROR - Unexpected error: 'NoneType' object cannot be interpreted as an integer
2025-07-09 01:57:15,426 - ERROR - Unexpected error: 'NoneType' object cannot be interpreted as an integer
2025-07-09 01:57:16,004 - ERROR - Unexpected error: 'NoneType' object cannot be interpreted as an integer
2025-07-09 01:57:16,768 - ERROR - Unexpected error: 'NoneType' object cannot be interpreted as an integer
2025-07-09 01:57:17,182 - ERROR - Unexpected error: 'NoneType' object cannot be interpreted as an integer
2025-07-09 01:57:19,337 - ERROR - Unexpected error: 'NoneType' object cannot be interpreted as an integer
2025-07-09 01:57:20,275 - ERROR - Unexpected error: 'NoneType' object cannot be interpreted as an integer
2025-07-09 01:57:21,261 - ERROR - Unexpected error: 'NoneType' object cannot be interpreted as an integer
2025-07-09 01:57:21,930 - ERROR - Unexpected error: 'NoneType' object cannot be interpreted as an integer
2025-07-09 01:57:22,293 - ERROR - Unexpected error: 'NoneType' object cannot be interpreted as an integer
2025-07-09 01:57:22,489 - ERROR - Unexpected error: 'NoneType' object cannot be interpreted as an integer
2025-07-09 01:57:22,658 - ERROR - Unexpected error: 'NoneType' object cannot be interpreted as an integer
2025-07-09 01:57:23,228 - ERROR - Unexpected error: 'NoneType' object cannot be interpreted as an integer
2025-07-09 01:57:23,641 - ERROR - Unexpected error: 'NoneType' object cannot be interpreted as an integer
2025-07-09 01:57:24,297 - ERROR - Unexpected error: 'NoneType' object cannot be interpreted as an integer
2025-07-09 01:57:25,202 - ERROR - Unexpected error: 'NoneType' object cannot be interpreted as an integer
2025-07-09 01:57:26,290 - ERROR - Unexpected error: 'NoneType' object cannot be interpreted as an integer
2025-07-09 01:57:29,168 - ERROR - Unexpected error: 'NoneType' object cannot be interpreted as an integer
2025-07-09 01:57:31,388 - ERROR - Unexpected error: 'NoneType' object cannot be interpreted as an integer
2025-07-09 01:57:31,727 - ERROR - Unexpected error: 'NoneType' object cannot be interpreted as an integer
2025-07-09 01:57:34,846 - ERROR - Unexpected error: 'NoneType' object cannot be interpreted as an integer
2025-07-09 01:57:35,032 - ERROR - Unexpected error: 'NoneType' object cannot be interpreted as an integer
2025-07-09 01:57:35,640 - ERROR - Unexpected error: 'NoneType' object cannot be interpreted as an integer
2025-07-09 01:57:35,808 - ERROR - Unexpected error: 'NoneType' object cannot be interpreted as an integer
2025-07-09 01:57:51,925 - ERROR - Unexpected error: 'NoneType' object cannot be interpreted as an integer
2025-07-09 01:57:52,909 - ERROR - Unexpected error: 'NoneType' object cannot be interpreted as an integer
2025-07-09 01:57:53,322 - ERROR - Unexpected error: 'NoneType' object cannot be interpreted as an integer
2025-07-09 01:57:54,028 - ERROR - Unexpected error: 'NoneType' object cannot be interpreted as an integer
2025-07-09 01:57:54,669 - ERROR - Unexpected error: 'NoneType' object cannot be interpreted as an integer
2025-07-09 01:57:56,805 - ERROR - Unexpected error: 'NoneType' object cannot be interpreted as an integer
2025-07-09 01:57:59,271 - ERROR - Unexpected error: 'NoneType' object cannot be interpreted as an integer
2025-07-09 01:58:00,912 - ERROR - Unexpected error: 'NoneType' object cannot be interpreted as an integer
2025-07-09 01:58:04,691 - ERROR - Unexpected error: 'NoneType' object cannot be interpreted as an integer
2025-07-09 01:58:05,149 - ERROR - Unexpected error: 'NoneType' object cannot be interpreted as an integer
2025-07-09 01:58:05,837 - ERROR - Unexpected error: 'NoneType' object cannot be interpreted as an integer
2025-07-09 01:58:09,124 - ERROR - Unexpected error: 'NoneType' object cannot be interpreted as an integer
2025-07-09 01:58:09,289 - ERROR - Unexpected error: 'NoneType' object cannot be interpreted as an integer
2025-07-09 01:58:11,085 - ERROR - Unexpected error: 'NoneType' object cannot be interpreted as an integer
2025-07-09 01:58:13,136 - ERROR - Unexpected error: 'NoneType' object cannot be interpreted as an integer
2025-07-09 01:58:13,309 - ERROR - Unexpected error: 'NoneType' object cannot be interpreted as an integer
2025-07-09 01:58:14,476 - ERROR - Unexpected error: 'NoneType' object cannot be interpreted as an integer
2025-07-09 01:58:14,638 - ERROR - Unexpected error: 'NoneType' object cannot be interpreted as an integer
2025-07-09 01:58:14,799 - ERROR - Unexpected error: 'NoneType' object cannot be interpreted as an integer
2025-07-09 01:58:16,355 - ERROR - Unexpected error: 'NoneType' object cannot be interpreted as an integer
2025-07-09 01:58:16,759 - ERROR - Unexpected error: 'NoneType' object cannot be interpreted as an integer
2025-07-09 01:58:18,316 - ERROR - Unexpected error: 'NoneType' object cannot be interpreted as an integer
2025-07-09 01:58:19,565 - ERROR - Unexpected error: 'NoneType' object cannot be interpreted as an integer
2025-07-09 01:58:19,730 - ERROR - Unexpected error: 'NoneType' object cannot be interpreted as an integer
2025-07-09 01:58:20,952 - ERROR - Unexpected error: 'NoneType' object cannot be interpreted as an integer
2025-07-09 01:58:21,483 - ERROR - Unexpected error: 'NoneType' object cannot be interpreted as an integer
2025-07-09 01:58:22,058 - ERROR - Unexpected error: 'NoneType' object cannot be interpreted as an integer
2025-07-09 01:58:24,142 - ERROR - Unexpected error: 'NoneType' object cannot be interpreted as an integer
2025-07-09 01:58:25,646 - ERROR - Unexpected error: 'NoneType' object cannot be interpreted as an integer
2025-07-09 01:58:26,057 - ERROR - Unexpected error: 'NoneType' object cannot be interpreted as an integer
2025-07-09 01:58:27,839 - ERROR - Unexpected error: 'NoneType' object cannot be interpreted as an integer
2025-07-09 01:58:28,003 - ERROR - Unexpected error: 'NoneType' object cannot be interpreted as an integer
2025-07-09 01:58:30,999 - ERROR - Unexpected error: 'NoneType' object cannot be interpreted as an integer
2025-07-09 01:58:31,485 - ERROR - Unexpected error: 'NoneType' object cannot be interpreted as an integer
2025-07-09 01:58:33,392 - ERROR - Unexpected error: 'NoneType' object cannot be interpreted as an integer
2025-07-09 01:58:34,620 - ERROR - Unexpected error: 'NoneType' object cannot be interpreted as an integer
2025-07-09 01:58:35,094 - ERROR - Unexpected error: 'NoneType' object cannot be interpreted as an integer
2025-07-09 01:58:35,259 - ERROR - Unexpected error: 'NoneType' object cannot be interpreted as an integer
2025-07-09 01:58:35,451 - ERROR - Unexpected error: 'NoneType' object cannot be interpreted as an integer
2025-07-09 01:58:36,264 - ERROR - Unexpected error: 'NoneType' object cannot be interpreted as an integer
2025-07-09 01:58:37,359 - ERROR - Unexpected error: 'NoneType' object cannot be interpreted as an integer
2025-07-09 01:58:37,525 - ERROR - Unexpected error: 'NoneType' object cannot be interpreted as an integer
2025-07-09 01:58:37,686 - ERROR - Unexpected error: 'NoneType' object cannot be interpreted as an integer
2025-07-09 01:58:38,018 - ERROR - Unexpected error: 'NoneType' object cannot be interpreted as an integer
2025-07-09 01:58:38,613 - ERROR - Unexpected error: 'NoneType' object cannot be interpreted as an integer
2025-07-09 01:58:38,776 - ERROR - Unexpected error: 'NoneType' object cannot be interpreted as an integer
2025-07-09 01:58:40,764 - ERROR - Unexpected error: 'NoneType' object cannot be interpreted as an integer
2025-07-09 01:58:41,541 - ERROR - Unexpected error: 'NoneType' object cannot be interpreted as an integer
2025-07-09 01:58:42,634 - ERROR - Unexpected error: 'NoneType' object cannot be interpreted as an integer
2025-07-09 01:58:43,513 - ERROR - Unexpected error: 'NoneType' object cannot be interpreted as an integer
2025-07-09 01:58:50,435 - ERROR - Unexpected error: 'NoneType' object cannot be interpreted as an integer
2025-07-09 01:58:50,601 - ERROR - Unexpected error: 'NoneType' object cannot be interpreted as an integer
2025-07-09 01:58:52,748 - ERROR - Unexpected error: 'NoneType' object cannot be interpreted as an integer
2025-07-09 01:58:53,155 - ERROR - Unexpected error: 'NoneType' object cannot be interpreted as an integer
2025-07-09 01:58:54,642 - ERROR - Unexpected error: 'NoneType' object cannot be interpreted as an integer
2025-07-09 01:58:55,338 - ERROR - Unexpected error: 'NoneType' object cannot be interpreted as an integer
2025-07-09 01:58:55,671 - ERROR - Unexpected error: 'NoneType' object cannot be interpreted as an integer
2025-07-09 01:58:56,166 - ERROR - Unexpected error: 'NoneType' object cannot be interpreted as an integer
2025-07-09 01:58:57,470 - ERROR - Unexpected error: 'NoneType' object cannot be interpreted as an integer
2025-07-09 01:58:59,162 - ERROR - Unexpected error: 'NoneType' object cannot be interpreted as an integer
2025-07-09 01:59:00,913 - ERROR - Unexpected error: 'NoneType' object cannot be interpreted as an integer
2025-07-09 01:59:01,768 - ERROR - Unexpected error: 'NoneType' object cannot be interpreted as an integer
2025-07-09 01:59:03,586 - ERROR - Unexpected error: 'NoneType' object cannot be interpreted as an integer
2025-07-09 01:59:06,559 - ERROR - Unexpected error: 'NoneType' object cannot be interpreted as an integer
2025-07-09 01:59:07,583 - ERROR - Unexpected error: 'NoneType' object cannot be interpreted as an integer
2025-07-09 01:59:07,748 - ERROR - Unexpected error: 'NoneType' object cannot be interpreted as an integer
2025-07-09 01:59:08,166 - ERROR - Unexpected error: 'NoneType' object cannot be interpreted as an integer
2025-07-09 01:59:08,331 - ERROR - Unexpected error: 'NoneType' object cannot be interpreted as an integer
2025-07-09 01:59:09,140 - ERROR - Unexpected error: 'NoneType' object cannot be interpreted as an integer
2025-07-09 01:59:10,525 - ERROR - Unexpected error: 'NoneType' object cannot be interpreted as an integer
2025-07-09 01:59:12,211 - ERROR - Unexpected error: 'NoneType' object cannot be interpreted as an integer
2025-07-09 01:59:12,626 - ERROR - Unexpected error: 'NoneType' object cannot be interpreted as an integer
2025-07-09 01:59:12,795 - ERROR - Unexpected error: 'NoneType' object cannot be interpreted as an integer
2025-07-09 01:59:13,715 - ERROR - Unexpected error: 'NoneType' object cannot be interpreted as an integer
2025-07-09 01:59:13,882 - ERROR - Unexpected error: 'NoneType' object cannot be interpreted as an integer
2025-07-09 01:59:14,505 - ERROR - Unexpected error: 'NoneType' object cannot be interpreted as an integer
2025-07-09 01:59:16,865 - ERROR - Unexpected error: 'NoneType' object cannot be interpreted as an integer
2025-07-09 01:59:17,733 - ERROR - Unexpected error: 'NoneType' object cannot be interpreted as an integer
2025-07-09 01:59:17,898 - ERROR - Unexpected error: 'NoneType' object cannot be interpreted as an integer
2025-07-09 01:59:19,033 - ERROR - Unexpected error: 'NoneType' object cannot be interpreted as an integer
2025-07-09 01:59:19,647 - ERROR - Unexpected error: 'NoneType' object cannot be interpreted as an integer
2025-07-09 01:59:20,044 - ERROR - Unexpected error: 'NoneType' object cannot be interpreted as an integer
2025-07-09 01:59:20,214 - ERROR - Unexpected error: 'NoneType' object cannot be interpreted as an integer
2025-07-09 01:59:20,869 - ERROR - Unexpected error: 'NoneType' object cannot be interpreted as an integer
2025-07-09 01:59:21,032 - ERROR - Unexpected error: 'NoneType' object cannot be interpreted as an integer
2025-07-09 01:59:21,192 - ERROR - Unexpected error: 'NoneType' object cannot be interpreted as an integer
2025-07-09 01:59:22,899 - ERROR - Unexpected error: 'NoneType' object cannot be interpreted as an integer
2025-07-09 01:59:23,057 - ERROR - Unexpected error: 'NoneType' object cannot be interpreted as an integer
2025-07-09 01:59:23,666 - ERROR - Unexpected error: 'NoneType' object cannot be interpreted as an integer
2025-07-09 01:59:24,005 - ERROR - Unexpected error: 'NoneType' object cannot be interpreted as an integer
2025-07-09 01:59:24,625 - ERROR - Unexpected error: 'NoneType' object cannot be interpreted as an integer
2025-07-09 01:59:26,914 - ERROR - Unexpected error: 'NoneType' object cannot be interpreted as an integer
2025-07-09 01:59:29,737 - ERROR - Unexpected error: 'NoneType' object cannot be interpreted as an integer
2025-07-09 01:59:30,705 - ERROR - Unexpected error: 'NoneType' object cannot be interpreted as an integer
2025-07-09 01:59:31,419 - ERROR - Unexpected error: 'NoneType' object cannot be interpreted as an integer
2025-07-09 01:59:35,223 - ERROR - Unexpected error: 'NoneType' object cannot be interpreted as an integer
2025-07-09 01:59:35,642 - ERROR - Unexpected error: 'NoneType' object cannot be interpreted as an integer
2025-07-09 01:59:35,927 - ERROR - Unexpected error: 'NoneType' object cannot be interpreted as an integer
2025-07-09 01:59:37,041 - ERROR - Unexpected error: 'NoneType' object cannot be interpreted as an integer
2025-07-09 01:59:37,205 - ERROR - Unexpected error: 'NoneType' object cannot be interpreted as an integer
2025-07-09 01:59:38,447 - ERROR - Unexpected error: 'NoneType' object cannot be interpreted as an integer
2025-07-09 01:59:38,860 - ERROR - Unexpected error: 'NoneType' object cannot be interpreted as an integer
2025-07-09 01:59:39,971 - ERROR - Unexpected error: 'NoneType' object cannot be interpreted as an integer
2025-07-09 01:59:41,147 - ERROR - Unexpected error: 'NoneType' object cannot be interpreted as an integer
2025-07-09 01:59:41,370 - ERROR - Unexpected error: 'NoneType' object cannot be interpreted as an integer
2025-07-09 01:59:43,866 - ERROR - Unexpected error: 'NoneType' object cannot be interpreted as an integer
2025-07-09 01:59:44,198 - ERROR - Unexpected error: 'NoneType' object cannot be interpreted as an integer
2025-07-09 01:59:44,363 - ERROR - Unexpected error: 'NoneType' object cannot be interpreted as an integer
2025-07-09 01:59:46,417 - ERROR - Unexpected error: 'NoneType' object cannot be interpreted as an integer
2025-07-09 01:59:50,012 - ERROR - Unexpected error: 'NoneType' object cannot be interpreted as an integer
2025-07-09 01:59:50,342 - ERROR - Unexpected error: 'NoneType' object cannot be interpreted as an integer
2025-07-09 01:59:55,190 - ERROR - Unexpected error: 'NoneType' object cannot be interpreted as an integer
2025-07-09 01:59:55,696 - ERROR - Unexpected error: 'NoneType' object cannot be interpreted as an integer
2025-07-09 01:59:58,194 - ERROR - Unexpected error: 'NoneType' object cannot be interpreted as an integer
2025-07-09 01:59:58,508 - ERROR - Unexpected error: 'NoneType' object cannot be interpreted as an integer
2025-07-09 02:00:01,933 - ERROR - Unexpected error: 'NoneType' object cannot be interpreted as an integer
2025-07-09 02:00:03,337 - ERROR - Unexpected error: 'NoneType' object cannot be interpreted as an integer
2025-07-09 02:00:05,436 - ERROR - Unexpected error: 'NoneType' object cannot be interpreted as an integer
2025-07-09 02:00:05,594 - ERROR - Unexpected error: 'NoneType' object cannot be interpreted as an integer
2025-07-09 02:00:06,508 - ERROR - Unexpected error: 'NoneType' object cannot be interpreted as an integer
2025-07-09 02:00:09,921 - ERROR - Unexpected error: 'NoneType' object cannot be interpreted as an integer
2025-07-09 02:00:11,020 - ERROR - Unexpected error: 'NoneType' object cannot be interpreted as an integer
2025-07-09 02:00:11,432 - ERROR - Unexpected error: 'NoneType' object cannot be interpreted as an integer
2025-07-09 02:00:13,285 - ERROR - Unexpected error: 'NoneType' object cannot be interpreted as an integer
2025-07-09 02:00:14,230 - ERROR - Unexpected error: 'NoneType' object cannot be interpreted as an integer
2025-07-09 02:00:14,983 - ERROR - Unexpected error: 'NoneType' object cannot be interpreted as an integer
2025-07-09 02:00:16,592 - ERROR - Unexpected error: 'NoneType' object cannot be interpreted as an integer
2025-07-09 02:00:17,197 - ERROR - Unexpected error: 'NoneType' object cannot be interpreted as an integer
2025-07-09 02:00:17,647 - ERROR - Unexpected error: 'NoneType' object cannot be interpreted as an integer
2025-07-09 02:00:18,728 - ERROR - Unexpected error: 'NoneType' object cannot be interpreted as an integer
2025-07-09 02:00:19,152 - ERROR - Unexpected error: 'NoneType' object cannot be interpreted as an integer
2025-07-09 02:00:19,315 - ERROR - Unexpected error: 'NoneType' object cannot be interpreted as an integer
2025-07-09 02:00:19,834 - ERROR - Unexpected error: 'NoneType' object cannot be interpreted as an integer
2025-07-09 02:00:20,003 - ERROR - Unexpected error: 'NoneType' object cannot be interpreted as an integer
2025-07-09 02:00:20,899 - ERROR - Unexpected error: 'NoneType' object cannot be interpreted as an integer
2025-07-09 02:00:21,360 - ERROR - Unexpected error: 'NoneType' object cannot be interpreted as an integer
2025-07-09 02:00:22,452 - ERROR - Unexpected error: 'NoneType' object cannot be interpreted as an integer
2025-07-09 02:00:22,626 - ERROR - Unexpected error: 'NoneType' object cannot be interpreted as an integer
2025-07-09 02:00:23,655 - ERROR - Unexpected error: 'NoneType' object cannot be interpreted as an integer
2025-07-09 02:00:23,984 - ERROR - Unexpected error: 'NoneType' object cannot be interpreted as an integer
2025-07-09 02:00:24,436 - ERROR - Unexpected error: 'NoneType' object cannot be interpreted as an integer
2025-07-09 02:00:24,770 - ERROR - Unexpected error: 'NoneType' object cannot be interpreted as an integer
2025-07-09 02:00:26,775 - ERROR - Unexpected error: 'NoneType' object cannot be interpreted as an integer
2025-07-09 02:00:26,951 - ERROR - Unexpected error: 'NoneType' object cannot be interpreted as an integer
2025-07-09 02:00:31,816 - ERROR - Unexpected error: 'NoneType' object cannot be interpreted as an integer
2025-07-09 02:00:33,395 - ERROR - Unexpected error: 'NoneType' object cannot be interpreted as an integer
2025-07-09 02:00:34,620 - ERROR - Unexpected error: 'NoneType' object cannot be interpreted as an integer
2025-07-09 02:00:35,373 - ERROR - Unexpected error: 'NoneType' object cannot be interpreted as an integer
2025-07-09 02:00:35,543 - ERROR - Unexpected error: 'NoneType' object cannot be interpreted as an integer
2025-07-09 02:00:35,857 - ERROR - Unexpected error: 'NoneType' object cannot be interpreted as an integer
2025-07-09 02:00:36,016 - ERROR - Unexpected error: 'NoneType' object cannot be interpreted as an integer
2025-07-09 02:00:38,117 - ERROR - Unexpected error: 'NoneType' object cannot be interpreted as an integer
2025-07-09 02:00:38,921 - ERROR - Unexpected error: 'NoneType' object cannot be interpreted as an integer
2025-07-09 02:00:40,450 - ERROR - Unexpected error: 'NoneType' object cannot be interpreted as an integer
2025-07-09 02:00:43,080 - ERROR - Unexpected error: 'NoneType' object cannot be interpreted as an integer
2025-07-09 02:00:43,252 - ERROR - Unexpected error: 'NoneType' object cannot be interpreted as an integer
2025-07-09 02:00:44,908 - ERROR - Unexpected error: 'NoneType' object cannot be interpreted as an integer
2025-07-09 02:00:45,484 - ERROR - Unexpected error: 'NoneType' object cannot be interpreted as an integer
2025-07-09 02:00:46,577 - ERROR - Unexpected error: 'NoneType' object cannot be interpreted as an integer
2025-07-09 02:00:46,743 - ERROR - Unexpected error: 'NoneType' object cannot be interpreted as an integer
2025-07-09 02:00:46,911 - ERROR - Unexpected error: 'NoneType' object cannot be interpreted as an integer
2025-07-09 02:00:47,512 - ERROR - Unexpected error: 'NoneType' object cannot be interpreted as an integer
2025-07-09 02:00:48,190 - ERROR - Unexpected error: 'NoneType' object cannot be interpreted as an integer
2025-07-09 02:00:48,653 - ERROR - Unexpected error: 'NoneType' object cannot be interpreted as an integer
2025-07-09 02:00:53,684 - ERROR - Unexpected error: 'NoneType' object cannot be interpreted as an integer
2025-07-09 02:00:53,846 - ERROR - Unexpected error: 'NoneType' object cannot be interpreted as an integer
2025-07-09 02:00:55,402 - ERROR - Unexpected error: 'NoneType' object cannot be interpreted as an integer
2025-07-09 02:00:56,744 - ERROR - Unexpected error: 'NoneType' object cannot be interpreted as an integer
2025-07-09 02:00:59,151 - ERROR - Unexpected error: 'NoneType' object cannot be interpreted as an integer
2025-07-09 02:00:59,320 - ERROR - Unexpected error: 'NoneType' object cannot be interpreted as an integer
2025-07-09 02:01:01,832 - ERROR - Unexpected error: 'NoneType' object cannot be interpreted as an integer
2025-07-09 02:01:01,992 - ERROR - Unexpected error: 'NoneType' object cannot be interpreted as an integer
2025-07-09 02:01:02,311 - ERROR - Unexpected error: 'NoneType' object cannot be interpreted as an integer
2025-07-09 02:01:02,469 - ERROR - Unexpected error: 'NoneType' object cannot be interpreted as an integer
2025-07-09 02:01:04,531 - ERROR - Unexpected error: 'NoneType' object cannot be interpreted as an integer
2025-07-09 02:01:06,009 - ERROR - Unexpected error: 'NoneType' object cannot be interpreted as an integer
2025-07-09 02:01:08,666 - ERROR - Unexpected error: 'NoneType' object cannot be interpreted as an integer
2025-07-09 02:01:12,105 - ERROR - Unexpected error: 'NoneType' object cannot be interpreted as an integer
2025-07-09 02:01:12,831 - ERROR - Unexpected error: 'NoneType' object cannot be interpreted as an integer
2025-07-09 02:01:14,213 - ERROR - Unexpected error: 'NoneType' object cannot be interpreted as an integer
2025-07-09 02:01:14,535 - ERROR - Unexpected error: 'NoneType' object cannot be interpreted as an integer
2025-07-09 02:01:15,206 - ERROR - Unexpected error: 'NoneType' object cannot be interpreted as an integer
2025-07-09 02:01:16,318 - ERROR - Unexpected error: 'NoneType' object cannot be interpreted as an integer
2025-07-09 02:01:19,095 - ERROR - Unexpected error: 'NoneType' object cannot be interpreted as an integer
2025-07-09 02:01:22,445 - ERROR - Unexpected error: 'NoneType' object cannot be interpreted as an integer
2025-07-09 02:01:22,636 - ERROR - Unexpected error: 'NoneType' object cannot be interpreted as an integer
2025-07-09 02:01:23,688 - ERROR - Unexpected error: 'NoneType' object cannot be interpreted as an integer
2025-07-09 02:01:23,843 - ERROR - Unexpected error: 'NoneType' object cannot be interpreted as an integer
2025-07-09 02:01:24,005 - ERROR - Unexpected error: 'NoneType' object cannot be interpreted as an integer
2025-07-09 02:01:24,336 - ERROR - Unexpected error: 'NoneType' object cannot be interpreted as an integer
2025-07-09 02:01:25,682 - ERROR - Unexpected error: 'NoneType' object cannot be interpreted as an integer
2025-07-09 02:01:26,671 - ERROR - Unexpected error: 'NoneType' object cannot be interpreted as an integer
2025-07-09 02:01:26,845 - ERROR - Unexpected error: 'NoneType' object cannot be interpreted as an integer
2025-07-09 02:01:27,446 - ERROR - Unexpected error: 'NoneType' object cannot be interpreted as an integer
2025-07-09 02:01:27,871 - ERROR - Unexpected error: 'NoneType' object cannot be interpreted as an integer
2025-07-09 02:01:30,042 - ERROR - Unexpected error: 'NoneType' object cannot be interpreted as an integer
2025-07-09 02:01:30,203 - ERROR - Unexpected error: 'NoneType' object cannot be interpreted as an integer
2025-07-09 02:01:30,852 - ERROR - Unexpected error: 'NoneType' object cannot be interpreted as an integer
2025-07-09 02:01:31,271 - ERROR - Unexpected error: 'NoneType' object cannot be interpreted as an integer
2025-07-09 02:01:32,458 - ERROR - Unexpected error: 'NoneType' object cannot be interpreted as an integer
2025-07-09 02:01:33,572 - ERROR - Unexpected error: 'NoneType' object cannot be interpreted as an integer
2025-07-09 02:01:37,712 - ERROR - Unexpected error: 'NoneType' object cannot be interpreted as an integer
2025-07-09 02:01:38,052 - ERROR - Unexpected error: 'NoneType' object cannot be interpreted as an integer
2025-07-09 02:01:38,384 - ERROR - Unexpected error: 'NoneType' object cannot be interpreted as an integer
2025-07-09 02:01:39,156 - ERROR - Unexpected error: 'NoneType' object cannot be interpreted as an integer
2025-07-09 02:01:39,818 - ERROR - Unexpected error: 'NoneType' object cannot be interpreted as an integer
2025-07-09 02:01:40,827 - ERROR - Unexpected error: 'NoneType' object cannot be interpreted as an integer
2025-07-09 02:01:41,749 - ERROR - Unexpected error: 'NoneType' object cannot be interpreted as an integer
2025-07-09 02:01:42,173 - ERROR - Unexpected error: 'NoneType' object cannot be interpreted as an integer
2025-07-09 02:01:42,495 - ERROR - Unexpected error: 'NoneType' object cannot be interpreted as an integer
2025-07-09 02:01:43,103 - ERROR - Unexpected error: 'NoneType' object cannot be interpreted as an integer
2025-07-09 02:01:43,274 - ERROR - Unexpected error: 'NoneType' object cannot be interpreted as an integer
2025-07-09 02:01:45,370 - ERROR - Unexpected error: 'NoneType' object cannot be interpreted as an integer
2025-07-09 02:01:45,783 - ERROR - Unexpected error: 'NoneType' object cannot be interpreted as an integer
2025-07-09 02:01:45,949 - ERROR - Unexpected error: 'NoneType' object cannot be interpreted as an integer
2025-07-09 02:01:46,252 - ERROR - Unexpected error: 'NoneType' object cannot be interpreted as an integer
2025-07-09 02:01:47,545 - ERROR - Unexpected error: 'NoneType' object cannot be interpreted as an integer
2025-07-09 02:01:47,712 - ERROR - Unexpected error: 'NoneType' object cannot be interpreted as an integer
2025-07-09 02:01:48,055 - ERROR - Unexpected error: 'NoneType' object cannot be interpreted as an integer
2025-07-09 02:01:50,218 - ERROR - Unexpected error: 'NoneType' object cannot be interpreted as an integer
2025-07-09 02:01:52,076 - ERROR - Unexpected error: 'NoneType' object cannot be interpreted as an integer
2025-07-09 02:01:52,385 - ERROR - Unexpected error: 'NoneType' object cannot be interpreted as an integer
2025-07-09 02:01:55,159 - ERROR - Unexpected error: 'NoneType' object cannot be interpreted as an integer
2025-07-09 02:01:55,773 - ERROR - Unexpected error: 'NoneType' object cannot be interpreted as an integer
2025-07-09 02:01:55,945 - ERROR - Unexpected error: 'NoneType' object cannot be interpreted as an integer
2025-07-09 02:01:56,801 - ERROR - Unexpected error: 'NoneType' object cannot be interpreted as an integer
2025-07-09 02:01:57,937 - ERROR - Unexpected error: 'NoneType' object cannot be interpreted as an integer
2025-07-09 02:02:00,359 - ERROR - Unexpected error: 'NoneType' object cannot be interpreted as an integer
2025-07-09 02:02:00,844 - ERROR - Unexpected error: 'NoneType' object cannot be interpreted as an integer
2025-07-09 02:02:01,354 - ERROR - Unexpected error: 'NoneType' object cannot be interpreted as an integer
2025-07-09 02:02:05,195 - ERROR - Unexpected error: 'NoneType' object cannot be interpreted as an integer
2025-07-09 02:02:08,768 - ERROR - Unexpected error: 'NoneType' object cannot be interpreted as an integer
2025-07-09 02:02:10,055 - ERROR - Unexpected error: 'NoneType' object cannot be interpreted as an integer
2025-07-09 02:02:11,627 - ERROR - Unexpected error: 'NoneType' object cannot be interpreted as an integer
2025-07-09 02:02:12,519 - ERROR - Unexpected error: 'NoneType' object cannot be interpreted as an integer
2025-07-09 02:02:13,102 - ERROR - Unexpected error: 'NoneType' object cannot be interpreted as an integer
2025-07-09 02:02:14,766 - ERROR - Unexpected error: 'NoneType' object cannot be interpreted as an integer
2025-07-09 02:02:16,418 - ERROR - Unexpected error: 'NoneType' object cannot be interpreted as an integer
2025-07-09 02:02:16,864 - ERROR - Unexpected error: 'NoneType' object cannot be interpreted as an integer
2025-07-09 02:02:17,033 - ERROR - Unexpected error: 'NoneType' object cannot be interpreted as an integer
2025-07-09 02:02:18,020 - ERROR - Unexpected error: 'NoneType' object cannot be interpreted as an integer
2025-07-09 02:02:19,178 - ERROR - Unexpected error: 'NoneType' object cannot be interpreted as an integer
2025-07-09 02:02:19,798 - ERROR - Unexpected error: 'NoneType' object cannot be interpreted as an integer
2025-07-09 02:02:20,324 - ERROR - Unexpected error: 'NoneType' object cannot be interpreted as an integer
2025-07-09 02:02:20,894 - ERROR - Unexpected error: 'NoneType' object cannot be interpreted as an integer
2025-07-09 02:02:21,276 - ERROR - Unexpected error: 'NoneType' object cannot be interpreted as an integer
2025-07-09 02:02:21,823 - ERROR - Unexpected error: 'NoneType' object cannot be interpreted as an integer
2025-07-09 02:02:22,159 - ERROR - Unexpected error: 'NoneType' object cannot be interpreted as an integer
2025-07-09 02:02:29,783 - ERROR - Unexpected error: 'NoneType' object cannot be interpreted as an integer
2025-07-09 02:02:30,419 - ERROR - Unexpected error: 'NoneType' object cannot be interpreted as an integer
2025-07-09 02:02:30,581 - ERROR - Unexpected error: 'NoneType' object cannot be interpreted as an integer
2025-07-09 02:02:30,745 - ERROR - Unexpected error: 'NoneType' object cannot be interpreted as an integer
2025-07-09 02:02:31,695 - ERROR - Unexpected error: 'NoneType' object cannot be interpreted as an integer
2025-07-09 02:02:32,216 - ERROR - Unexpected error: 'NoneType' object cannot be interpreted as an integer
2025-07-09 02:02:33,526 - ERROR - Unexpected error: 'NoneType' object cannot be interpreted as an integer
2025-07-09 02:02:33,939 - ERROR - Unexpected error: 'NoneType' object cannot be interpreted as an integer
2025-07-09 02:02:34,108 - ERROR - Unexpected error: 'NoneType' object cannot be interpreted as an integer
2025-07-09 02:02:34,787 - ERROR - Unexpected error: 'NoneType' object cannot be interpreted as an integer
2025-07-09 02:02:36,289 - ERROR - Unexpected error: 'NoneType' object cannot be interpreted as an integer
2025-07-09 02:02:36,462 - ERROR - Unexpected error: 'NoneType' object cannot be interpreted as an integer
2025-07-09 02:02:37,657 - ERROR - Unexpected error: 'NoneType' object cannot be interpreted as an integer
2025-07-09 02:02:39,496 - ERROR - Unexpected error: 'NoneType' object cannot be interpreted as an integer
2025-07-09 02:02:40,207 - ERROR - Unexpected error: 'NoneType' object cannot be interpreted as an integer
2025-07-09 02:02:42,516 - ERROR - Unexpected error: 'NoneType' object cannot be interpreted as an integer
2025-07-09 02:02:42,946 - ERROR - Unexpected error: 'NoneType' object cannot be interpreted as an integer
2025-07-09 02:02:45,402 - ERROR - Unexpected error: 'NoneType' object cannot be interpreted as an integer
2025-07-09 02:02:47,261 - ERROR - Unexpected error: 'NoneType' object cannot be interpreted as an integer
2025-07-09 02:02:49,875 - ERROR - Unexpected error: 'NoneType' object cannot be interpreted as an integer
2025-07-09 02:02:50,208 - ERROR - Unexpected error: 'NoneType' object cannot be interpreted as an integer
2025-07-09 02:02:51,025 - ERROR - Unexpected error: 'NoneType' object cannot be interpreted as an integer
2025-07-09 02:02:51,432 - ERROR - Unexpected error: 'NoneType' object cannot be interpreted as an integer
2025-07-09 02:02:51,851 - ERROR - Unexpected error: 'NoneType' object cannot be interpreted as an integer
2025-07-09 02:02:52,198 - ERROR - Unexpected error: 'NoneType' object cannot be interpreted as an integer
2025-07-09 02:02:52,383 - ERROR - Unexpected error: 'NoneType' object cannot be interpreted as an integer
2025-07-09 02:02:53,783 - ERROR - Unexpected error: 'NoneType' object cannot be interpreted as an integer
2025-07-09 02:02:53,941 - ERROR - Unexpected error: 'NoneType' object cannot be interpreted as an integer
2025-07-09 02:02:54,107 - ERROR - Unexpected error: 'NoneType' object cannot be interpreted as an integer
2025-07-09 02:02:54,832 - ERROR - Unexpected error: 'NoneType' object cannot be interpreted as an integer
2025-07-09 02:02:55,897 - ERROR - Unexpected error: 'NoneType' object cannot be interpreted as an integer
2025-07-09 02:02:57,389 - ERROR - Unexpected error: 'NoneType' object cannot be interpreted as an integer
2025-07-09 02:02:57,585 - ERROR - Unexpected error: 'NoneType' object cannot be interpreted as an integer
2025-07-09 02:02:58,532 - ERROR - Unexpected error: 'NoneType' object cannot be interpreted as an integer
2025-07-09 02:02:59,267 - ERROR - Unexpected error: 'NoneType' object cannot be interpreted as an integer
2025-07-09 02:03:00,975 - ERROR - Unexpected error: 'NoneType' object cannot be interpreted as an integer
2025-07-09 02:03:02,638 - ERROR - Unexpected error: 'NoneType' object cannot be interpreted as an integer
2025-07-09 02:03:03,230 - ERROR - Unexpected error: 'NoneType' object cannot be interpreted as an integer
2025-07-09 02:03:05,358 - ERROR - Unexpected error: 'NoneType' object cannot be interpreted as an integer
2025-07-09 02:03:05,873 - ERROR - Unexpected error: 'NoneType' object cannot be interpreted as an integer
2025-07-09 02:03:06,979 - ERROR - Unexpected error: 'NoneType' object cannot be interpreted as an integer
2025-07-09 02:03:07,327 - ERROR - Unexpected error: 'NoneType' object cannot be interpreted as an integer
2025-07-09 02:03:08,098 - ERROR - Unexpected error: 'NoneType' object cannot be interpreted as an integer
2025-07-09 02:03:09,302 - ERROR - Unexpected error: 'NoneType' object cannot be interpreted as an integer
2025-07-09 02:03:10,639 - ERROR - Unexpected error: 'NoneType' object cannot be interpreted as an integer
2025-07-09 02:03:10,830 - ERROR - Unexpected error: 'NoneType' object cannot be interpreted as an integer
2025-07-09 02:03:12,196 - ERROR - Unexpected error: 'NoneType' object cannot be interpreted as an integer
2025-07-09 02:03:14,075 - ERROR - Unexpected error: 'NoneType' object cannot be interpreted as an integer
2025-07-09 02:03:14,390 - ERROR - Unexpected error: 'NoneType' object cannot be interpreted as an integer
2025-07-09 02:03:17,028 - ERROR - Unexpected error: 'NoneType' object cannot be interpreted as an integer
2025-07-09 02:03:18,511 - ERROR - Unexpected error: 'NoneType' object cannot be interpreted as an integer
2025-07-09 02:03:18,861 - ERROR - Unexpected error: 'NoneType' object cannot be interpreted as an integer
2025-07-09 02:03:19,856 - ERROR - Unexpected error: 'NoneType' object cannot be interpreted as an integer
2025-07-09 02:03:21,347 - ERROR - Unexpected error: 'NoneType' object cannot be interpreted as an integer
2025-07-09 02:03:22,810 - ERROR - Unexpected error: 'NoneType' object cannot be interpreted as an integer
2025-07-09 02:03:23,133 - ERROR - Unexpected error: 'NoneType' object cannot be interpreted as an integer
2025-07-09 02:03:23,578 - ERROR - Unexpected error: 'NoneType' object cannot be interpreted as an integer
2025-07-09 02:03:24,538 - ERROR - Unexpected error: 'NoneType' object cannot be interpreted as an integer
2025-07-09 02:03:25,720 - ERROR - Unexpected error: 'NoneType' object cannot be interpreted as an integer
2025-07-09 02:03:33,222 - ERROR - Unexpected error: 'NoneType' object cannot be interpreted as an integer
2025-07-09 02:03:33,976 - ERROR - Unexpected error: 'NoneType' object cannot be interpreted as an integer
2025-07-09 02:03:34,777 - ERROR - Unexpected error: 'NoneType' object cannot be interpreted as an integer
2025-07-09 02:03:35,140 - ERROR - Unexpected error: 'NoneType' object cannot be interpreted as an integer
2025-07-09 02:03:36,013 - ERROR - Unexpected error: 'NoneType' object cannot be interpreted as an integer
2025-07-09 02:03:36,457 - ERROR - Unexpected error: 'NoneType' object cannot be interpreted as an integer
2025-07-09 02:03:37,437 - ERROR - Unexpected error: 'NoneType' object cannot be interpreted as an integer
2025-07-09 02:03:37,613 - ERROR - Unexpected error: 'NoneType' object cannot be interpreted as an integer
2025-07-09 02:03:38,918 - ERROR - Unexpected error: 'NoneType' object cannot be interpreted as an integer
2025-07-09 02:03:39,240 - ERROR - Unexpected error: 'NoneType' object cannot be interpreted as an integer
2025-07-09 02:03:39,398 - ERROR - Unexpected error: 'NoneType' object cannot be interpreted as an integer
2025-07-09 02:03:39,984 - ERROR - Unexpected error: 'NoneType' object cannot be interpreted as an integer
2025-07-09 02:03:40,728 - ERROR - Unexpected error: 'NoneType' object cannot be interpreted as an integer
2025-07-09 02:03:42,663 - ERROR - Unexpected error: 'NoneType' object cannot be interpreted as an integer
2025-07-09 02:03:42,958 - ERROR - Unexpected error: 'NoneType' object cannot be interpreted as an integer
2025-07-09 02:03:46,631 - ERROR - Unexpected error: 'NoneType' object cannot be interpreted as an integer
2025-07-09 02:03:46,787 - ERROR - Unexpected error: 'NoneType' object cannot be interpreted as an integer
2025-07-09 02:03:48,927 - ERROR - Unexpected error: 'NoneType' object cannot be interpreted as an integer
2025-07-09 02:03:49,561 - ERROR - Unexpected error: 'NoneType' object cannot be interpreted as an integer
2025-07-09 02:03:50,097 - ERROR - Unexpected error: 'NoneType' object cannot be interpreted as an integer
2025-07-09 02:03:50,432 - ERROR - Unexpected error: 'NoneType' object cannot be interpreted as an integer
2025-07-09 02:03:51,485 - ERROR - Unexpected error: 'NoneType' object cannot be interpreted as an integer
2025-07-09 02:03:52,303 - ERROR - Unexpected error: 'NoneType' object cannot be interpreted as an integer
2025-07-09 02:03:52,879 - ERROR - Unexpected error: 'NoneType' object cannot be interpreted as an integer
2025-07-09 02:03:53,047 - ERROR - Unexpected error: 'NoneType' object cannot be interpreted as an integer
2025-07-09 02:03:53,349 - ERROR - Unexpected error: 'NoneType' object cannot be interpreted as an integer
2025-07-09 02:03:55,121 - ERROR - Unexpected error: 'NoneType' object cannot be interpreted as an integer
2025-07-09 02:03:55,301 - ERROR - Unexpected error: 'NoneType' object cannot be interpreted as an integer
2025-07-09 02:03:56,092 - ERROR - Unexpected error: 'NoneType' object cannot be interpreted as an integer
2025-07-09 02:03:57,143 - ERROR - Unexpected error: 'NoneType' object cannot be interpreted as an integer
2025-07-09 02:03:58,524 - ERROR - Unexpected error: 'NoneType' object cannot be interpreted as an integer
2025-07-09 02:03:59,508 - ERROR - Unexpected error: 'NoneType' object cannot be interpreted as an integer
2025-07-09 02:04:00,624 - ERROR - Unexpected error: 'NoneType' object cannot be interpreted as an integer
2025-07-09 02:04:00,955 - ERROR - Unexpected error: 'NoneType' object cannot be interpreted as an integer
2025-07-09 02:04:02,811 - ERROR - Unexpected error: 'NoneType' object cannot be interpreted as an integer
2025-07-09 02:04:10,366 - ERROR - Unexpected error: 'NoneType' object cannot be interpreted as an integer
2025-07-09 02:04:13,206 - ERROR - Unexpected error: 'NoneType' object cannot be interpreted as an integer
2025-07-09 02:04:14,001 - ERROR - Unexpected error: 'NoneType' object cannot be interpreted as an integer
2025-07-09 02:04:17,485 - ERROR - Unexpected error: 'NoneType' object cannot be interpreted as an integer
2025-07-09 02:04:18,597 - ERROR - Unexpected error: 'NoneType' object cannot be interpreted as an integer
2025-07-09 02:04:20,025 - ERROR - Unexpected error: 'NoneType' object cannot be interpreted as an integer
2025-07-09 02:04:20,815 - ERROR - Unexpected error: 'NoneType' object cannot be interpreted as an integer
2025-07-09 02:04:21,446 - ERROR - Unexpected error: 'NoneType' object cannot be interpreted as an integer
2025-07-09 02:04:25,743 - ERROR - Unexpected error: 'NoneType' object cannot be interpreted as an integer
2025-07-09 02:04:25,917 - ERROR - Unexpected error: 'NoneType' object cannot be interpreted as an integer
2025-07-09 02:04:28,117 - ERROR - Unexpected error: 'NoneType' object cannot be interpreted as an integer
2025-07-09 02:04:28,562 - ERROR - Unexpected error: 'NoneType' object cannot be interpreted as an integer
2025-07-09 02:04:29,832 - ERROR - Unexpected error: 'NoneType' object cannot be interpreted as an integer
2025-07-09 02:04:29,992 - ERROR - Unexpected error: 'NoneType' object cannot be interpreted as an integer
2025-07-09 02:04:30,321 - ERROR - Unexpected error: 'NoneType' object cannot be interpreted as an integer
2025-07-09 02:04:30,886 - ERROR - Unexpected error: 'NoneType' object cannot be interpreted as an integer
2025-07-09 02:04:31,079 - ERROR - Unexpected error: 'NoneType' object cannot be interpreted as an integer
2025-07-09 02:04:35,099 - ERROR - Unexpected error: 'NoneType' object cannot be interpreted as an integer
2025-07-09 02:04:37,023 - ERROR - Unexpected error: 'NoneType' object cannot be interpreted as an integer
2025-07-09 02:04:37,467 - ERROR - Unexpected error: 'NoneType' object cannot be interpreted as an integer
2025-07-09 02:04:37,634 - ERROR - Unexpected error: 'NoneType' object cannot be interpreted as an integer
2025-07-09 02:04:38,050 - ERROR - Unexpected error: 'NoneType' object cannot be interpreted as an integer
2025-07-09 02:04:38,766 - ERROR - Unexpected error: 'NoneType' object cannot be interpreted as an integer
2025-07-09 02:04:38,926 - ERROR - Unexpected error: 'NoneType' object cannot be interpreted as an integer
2025-07-09 02:04:39,530 - ERROR - Unexpected error: 'NoneType' object cannot be interpreted as an integer
2025-07-09 02:04:41,608 - ERROR - Unexpected error: 'NoneType' object cannot be interpreted as an integer
2025-07-09 02:04:45,849 - ERROR - Unexpected error: 'NoneType' object cannot be interpreted as an integer
2025-07-09 02:04:47,457 - ERROR - Unexpected error: 'NoneType' object cannot be interpreted as an integer
2025-07-09 02:04:50,008 - ERROR - Unexpected error: 'NoneType' object cannot be interpreted as an integer
2025-07-09 02:04:52,002 - ERROR - Unexpected error: 'NoneType' object cannot be interpreted as an integer
2025-07-09 02:04:52,477 - ERROR - Unexpected error: 'NoneType' object cannot be interpreted as an integer
2025-07-09 02:04:53,758 - ERROR - Unexpected error: 'NoneType' object cannot be interpreted as an integer
2025-07-09 02:04:54,728 - ERROR - Unexpected error: 'NoneType' object cannot be interpreted as an integer
2025-07-09 02:04:57,706 - ERROR - Unexpected error: 'NoneType' object cannot be interpreted as an integer
2025-07-09 02:05:01,472 - ERROR - Unexpected error: 'NoneType' object cannot be interpreted as an integer
2025-07-09 02:05:02,118 - ERROR - Unexpected error: 'NoneType' object cannot be interpreted as an integer
2025-07-09 02:05:05,294 - ERROR - Unexpected error: 'NoneType' object cannot be interpreted as an integer
2025-07-09 02:05:12,729 - ERROR - Unexpected error: 'NoneType' object cannot be interpreted as an integer
2025-07-09 02:05:13,895 - ERROR - Unexpected error: 'NoneType' object cannot be interpreted as an integer
2025-07-09 02:05:14,056 - ERROR - Unexpected error: 'NoneType' object cannot be interpreted as an integer
2025-07-09 02:05:14,472 - ERROR - Unexpected error: 'NoneType' object cannot be interpreted as an integer
2025-07-09 02:05:15,156 - ERROR - Unexpected error: 'NoneType' object cannot be interpreted as an integer
2025-07-09 02:05:15,726 - ERROR - Unexpected error: 'NoneType' object cannot be interpreted as an integer
2025-07-09 02:05:16,036 - ERROR - Unexpected error: 'NoneType' object cannot be interpreted as an integer
2025-07-09 02:05:16,843 - ERROR - Unexpected error: 'NoneType' object cannot be interpreted as an integer
2025-07-09 02:05:17,171 - ERROR - Unexpected error: 'NoneType' object cannot be interpreted as an integer
2025-07-09 02:05:18,489 - INFO - No more posts found
2025-07-09 02:05:19,695 - ERROR - Unexpected error: 'NoneType' object cannot be interpreted as an integer
2025-07-09 02:05:20,163 - ERROR - Unexpected error: 'NoneType' object cannot be interpreted as an integer
2025-07-09 02:05:20,745 - ERROR - Unexpected error: 'NoneType' object cannot be interpreted as an integer
2025-07-09 02:05:23,028 - ERROR - Unexpected error: 'NoneType' object cannot be interpreted as an integer
2025-07-09 02:05:23,361 - ERROR - Unexpected error: 'NoneType' object cannot be interpreted as an integer
2025-07-09 02:05:23,781 - ERROR - Unexpected error: 'NoneType' object cannot be interpreted as an integer
2025-07-09 02:05:25,237 - ERROR - Unexpected error: 'NoneType' object cannot be interpreted as an integer
2025-07-09 02:05:26,570 - ERROR - Unexpected error: 'NoneType' object cannot be interpreted as an integer
2025-07-09 02:05:29,713 - ERROR - Unexpected error: 'NoneType' object cannot be interpreted as an integer
2025-07-09 02:05:30,617 - ERROR - Unexpected error: 'NoneType' object cannot be interpreted as an integer
2025-07-09 02:05:30,781 - ERROR - Unexpected error: 'NoneType' object cannot be interpreted as an integer
2025-07-09 02:05:31,549 - ERROR - Unexpected error: 'NoneType' object cannot be interpreted as an integer
2025-07-09 02:05:31,904 - ERROR - Unexpected error: 'NoneType' object cannot be interpreted as an integer
2025-07-09 02:05:32,299 - ERROR - Unexpected error: 'NoneType' object cannot be interpreted as an integer
2025-07-09 02:05:32,628 - ERROR - Unexpected error: 'NoneType' object cannot be interpreted as an integer
2025-07-09 02:05:35,884 - ERROR - Unexpected error: 'NoneType' object cannot be interpreted as an integer
2025-07-09 02:05:38,463 - ERROR - Unexpected error: 'NoneType' object cannot be interpreted as an integer
2025-07-09 02:05:40,163 - ERROR - Unexpected error: 'NoneType' object cannot be interpreted as an integer
2025-07-09 02:05:40,330 - ERROR - Unexpected error: 'NoneType' object cannot be interpreted as an integer
2025-07-09 02:05:40,795 - ERROR - Unexpected error: 'NoneType' object cannot be interpreted as an integer
2025-07-09 02:05:41,603 - ERROR - Unexpected error: 'NoneType' object cannot be interpreted as an integer
2025-07-09 02:05:42,013 - ERROR - Unexpected error: 'NoneType' object cannot be interpreted as an integer
2025-07-09 02:05:42,200 - ERROR - Unexpected error: 'NoneType' object cannot be interpreted as an integer
2025-07-09 02:05:45,808 - ERROR - Unexpected error: 'NoneType' object cannot be interpreted as an integer
2025-07-09 02:05:47,238 - ERROR - Unexpected error: 'NoneType' object cannot be interpreted as an integer
2025-07-09 02:05:48,497 - ERROR - Unexpected error: 'NoneType' object cannot be interpreted as an integer
2025-07-09 02:05:50,442 - ERROR - Unexpected error: 'NoneType' object cannot be interpreted as an integer
2025-07-09 02:05:51,847 - ERROR - Unexpected error: 'NoneType' object cannot be interpreted as an integer
2025-07-09 02:05:52,019 - ERROR - Unexpected error: 'NoneType' object cannot be interpreted as an integer
2025-07-09 02:05:54,095 - ERROR - Unexpected error: 'NoneType' object cannot be interpreted as an integer
2025-07-09 02:05:54,260 - ERROR - Unexpected error: 'NoneType' object cannot be interpreted as an integer
2025-07-09 02:05:56,104 - ERROR - Unexpected error: 'NoneType' object cannot be interpreted as an integer
2025-07-09 02:05:57,533 - ERROR - Unexpected error: 'NoneType' object cannot be interpreted as an integer
2025-07-09 02:05:58,312 - ERROR - Unexpected error: 'NoneType' object cannot be interpreted as an integer
2025-07-09 02:05:59,480 - ERROR - Unexpected error: 'NoneType' object cannot be interpreted as an integer
2025-07-09 02:06:00,131 - ERROR - Unexpected error: 'NoneType' object cannot be interpreted as an integer
2025-07-09 02:06:01,809 - ERROR - Unexpected error: 'NoneType' object cannot be interpreted as an integer
2025-07-09 02:06:06,515 - ERROR - Unexpected error: 'NoneType' object cannot be interpreted as an integer
2025-07-09 02:06:06,687 - ERROR - Unexpected error: 'NoneType' object cannot be interpreted as an integer
2025-07-09 02:06:07,728 - ERROR - Unexpected error: 'NoneType' object cannot be interpreted as an integer
2025-07-09 02:06:07,887 - ERROR - Unexpected error: 'NoneType' object cannot be interpreted as an integer
2025-07-09 02:06:08,054 - ERROR - Unexpected error: 'NoneType' object cannot be interpreted as an integer
2025-07-09 02:06:09,488 - ERROR - Unexpected error: 'NoneType' object cannot be interpreted as an integer
2025-07-09 02:06:12,700 - ERROR - Unexpected error: 'NoneType' object cannot be interpreted as an integer
2025-07-09 02:06:13,155 - ERROR - Unexpected error: 'NoneType' object cannot be interpreted as an integer
2025-07-09 02:06:14,188 - ERROR - Unexpected error: 'NoneType' object cannot be interpreted as an integer
2025-07-09 02:06:14,498 - ERROR - Unexpected error: 'NoneType' object cannot be interpreted as an integer
2025-07-09 02:06:15,647 - ERROR - Unexpected error: 'NoneType' object cannot be interpreted as an integer
2025-07-09 02:06:15,807 - ERROR - Unexpected error: 'NoneType' object cannot be interpreted as an integer
2025-07-09 02:06:16,530 - ERROR - Unexpected error: 'NoneType' object cannot be interpreted as an integer
2025-07-09 02:06:17,458 - ERROR - Unexpected error: 'NoneType' object cannot be interpreted as an integer
2025-07-09 02:06:18,071 - ERROR - Unexpected error: 'NoneType' object cannot be interpreted as an integer
2025-07-09 02:06:18,956 - ERROR - Unexpected error: 'NoneType' object cannot be interpreted as an integer
2025-07-09 02:06:19,385 - ERROR - Unexpected error: 'NoneType' object cannot be interpreted as an integer
2025-07-09 02:06:19,756 - ERROR - Unexpected error: 'NoneType' object cannot be interpreted as an integer
2025-07-09 02:06:19,925 - ERROR - Unexpected error: 'NoneType' object cannot be interpreted as an integer
2025-07-09 02:06:21,429 - ERROR - Unexpected error: 'NoneType' object cannot be interpreted as an integer
2025-07-09 02:06:23,003 - ERROR - Unexpected error: 'NoneType' object cannot be interpreted as an integer
2025-07-09 02:06:23,415 - ERROR - Unexpected error: 'NoneType' object cannot be interpreted as an integer
2025-07-09 02:06:24,397 - ERROR - Unexpected error: 'NoneType' object cannot be interpreted as an integer
2025-07-09 02:06:26,514 - ERROR - Unexpected error: 'NoneType' object cannot be interpreted as an integer
2025-07-09 02:06:26,683 - ERROR - Unexpected error: 'NoneType' object cannot be interpreted as an integer
2025-07-09 02:06:27,446 - ERROR - Unexpected error: 'NoneType' object cannot be interpreted as an integer
2025-07-09 02:06:28,083 - ERROR - Unexpected error: 'NoneType' object cannot be interpreted as an integer
2025-07-09 02:06:29,363 - ERROR - Unexpected error: 'NoneType' object cannot be interpreted as an integer
2025-07-09 02:06:30,425 - ERROR - Unexpected error: 'NoneType' object cannot be interpreted as an integer
2025-07-09 02:06:30,961 - ERROR - Unexpected error: 'NoneType' object cannot be interpreted as an integer
2025-07-09 02:06:31,147 - ERROR - Unexpected error: 'NoneType' object cannot be interpreted as an integer
2025-07-09 02:06:31,610 - ERROR - Unexpected error: 'NoneType' object cannot be interpreted as an integer
2025-07-09 02:06:32,212 - ERROR - Unexpected error: 'NoneType' object cannot be interpreted as an integer
2025-07-09 02:06:33,092 - ERROR - Unexpected error: 'NoneType' object cannot be interpreted as an integer
2025-07-09 02:06:34,074 - ERROR - Unexpected error: 'NoneType' object cannot be interpreted as an integer
2025-07-09 02:06:34,235 - ERROR - Unexpected error: 'NoneType' object cannot be interpreted as an integer
2025-07-09 02:06:36,074 - ERROR - Unexpected error: 'NoneType' object cannot be interpreted as an integer
2025-07-09 02:06:38,567 - ERROR - Unexpected error: 'NoneType' object cannot be interpreted as an integer
2025-07-09 02:06:38,892 - ERROR - Unexpected error: 'NoneType' object cannot be interpreted as an integer
2025-07-09 02:06:39,462 - ERROR - Unexpected error: 'NoneType' object cannot be interpreted as an integer
2025-07-09 02:06:40,012 - ERROR - Unexpected error: 'NoneType' object cannot be interpreted as an integer
2025-07-09 02:06:41,642 - ERROR - Unexpected error: 'NoneType' object cannot be interpreted as an integer
2025-07-09 02:06:42,669 - ERROR - Unexpected error: 'NoneType' object cannot be interpreted as an integer
2025-07-09 02:06:43,025 - ERROR - Unexpected error: 'NoneType' object cannot be interpreted as an integer
2025-07-09 02:06:43,225 - ERROR - Unexpected error: 'NoneType' object cannot be interpreted as an integer
2025-07-09 02:06:44,211 - ERROR - Unexpected error: 'NoneType' object cannot be interpreted as an integer
2025-07-09 02:06:44,621 - ERROR - Unexpected error: 'NoneType' object cannot be interpreted as an integer
2025-07-09 02:06:48,510 - ERROR - Unexpected error: 'NoneType' object cannot be interpreted as an integer
2025-07-09 02:06:49,095 - ERROR - Unexpected error: 'NoneType' object cannot be interpreted as an integer
2025-07-09 02:06:50,878 - ERROR - Unexpected error: 'NoneType' object cannot be interpreted as an integer
2025-07-09 02:06:51,867 - ERROR - Unexpected error: 'NoneType' object cannot be interpreted as an integer
2025-07-09 02:06:53,045 - ERROR - Unexpected error: 'NoneType' object cannot be interpreted as an integer
2025-07-09 02:06:57,018 - ERROR - Unexpected error: 'NoneType' object cannot be interpreted as an integer
2025-07-09 02:07:00,989 - ERROR - Unexpected error: 'NoneType' object cannot be interpreted as an integer
2025-07-09 02:07:02,996 - ERROR - Unexpected error: 'NoneType' object cannot be interpreted as an integer
2025-07-09 02:07:04,676 - ERROR - Unexpected error: 'NoneType' object cannot be interpreted as an integer
2025-07-09 02:07:04,838 - ERROR - Unexpected error: 'NoneType' object cannot be interpreted as an integer
2025-07-09 02:07:05,261 - ERROR - Unexpected error: 'NoneType' object cannot be interpreted as an integer
2025-07-09 02:07:05,426 - ERROR - Unexpected error: 'NoneType' object cannot be interpreted as an integer
2025-07-09 02:07:05,873 - ERROR - Unexpected error: 'NoneType' object cannot be interpreted as an integer
2025-07-09 02:07:06,375 - ERROR - Unexpected error: 'NoneType' object cannot be interpreted as an integer
2025-07-09 02:07:08,154 - ERROR - Unexpected error: 'NoneType' object cannot be interpreted as an integer
2025-07-09 02:07:08,624 - ERROR - Unexpected error: 'NoneType' object cannot be interpreted as an integer
2025-07-09 02:07:09,105 - ERROR - Unexpected error: 'NoneType' object cannot be interpreted as an integer
2025-07-09 02:07:10,561 - ERROR - Unexpected error: 'NoneType' object cannot be interpreted as an integer
2025-07-09 02:07:11,780 - ERROR - Unexpected error: 'NoneType' object cannot be interpreted as an integer
2025-07-09 02:07:11,946 - ERROR - Unexpected error: 'NoneType' object cannot be interpreted as an integer
2025-07-09 02:07:12,365 - ERROR - Unexpected error: 'NoneType' object cannot be interpreted as an integer
2025-07-09 02:07:12,533 - ERROR - Unexpected error: 'NoneType' object cannot be interpreted as an integer
2025-07-09 02:07:12,968 - ERROR - Unexpected error: 'NoneType' object cannot be interpreted as an integer
2025-07-09 02:07:13,878 - ERROR - Unexpected error: 'NoneType' object cannot be interpreted as an integer
2025-07-09 02:07:14,048 - ERROR - Unexpected error: 'NoneType' object cannot be interpreted as an integer
2025-07-09 02:07:14,690 - ERROR - Unexpected error: 'NoneType' object cannot be interpreted as an integer
2025-07-09 02:07:17,140 - ERROR - Unexpected error: 'NoneType' object cannot be interpreted as an integer
2025-07-09 02:07:18,192 - ERROR - Unexpected error: 'NoneType' object cannot be interpreted as an integer
2025-07-09 02:07:21,710 - ERROR - Unexpected error: 'NoneType' object cannot be interpreted as an integer
2025-07-09 02:07:22,233 - ERROR - Unexpected error: 'NoneType' object cannot be interpreted as an integer
2025-07-09 02:07:23,053 - ERROR - Unexpected error: 'NoneType' object cannot be interpreted as an integer
2025-07-09 02:07:23,487 - ERROR - Unexpected error: 'NoneType' object cannot be interpreted as an integer
2025-07-09 02:07:25,297 - ERROR - Unexpected error: 'NoneType' object cannot be interpreted as an integer
2025-07-09 02:07:26,971 - ERROR - Unexpected error: 'NoneType' object cannot be interpreted as an integer
2025-07-09 02:07:27,402 - ERROR - Unexpected error: 'NoneType' object cannot be interpreted as an integer
2025-07-09 02:07:28,839 - ERROR - Unexpected error: 'NoneType' object cannot be interpreted as an integer
2025-07-09 02:07:29,197 - ERROR - Unexpected error: 'NoneType' object cannot be interpreted as an integer
2025-07-09 02:07:29,378 - ERROR - Unexpected error: 'NoneType' object cannot be interpreted as an integer
2025-07-09 02:07:31,652 - ERROR - Unexpected error: 'NoneType' object cannot be interpreted as an integer
2025-07-09 02:07:33,091 - ERROR - Unexpected error: 'NoneType' object cannot be interpreted as an integer
2025-07-09 02:07:35,123 - ERROR - Unexpected error: 'NoneType' object cannot be interpreted as an integer
2025-07-09 02:07:36,021 - ERROR - Unexpected error: 'NoneType' object cannot be interpreted as an integer
2025-07-09 02:07:39,231 - ERROR - Unexpected error: 'NoneType' object cannot be interpreted as an integer
2025-07-09 02:07:39,842 - ERROR - Unexpected error: 'NoneType' object cannot be interpreted as an integer
2025-07-09 02:07:40,421 - ERROR - Unexpected error: 'NoneType' object cannot be interpreted as an integer
2025-07-09 02:07:41,574 - ERROR - Unexpected error: 'NoneType' object cannot be interpreted as an integer
2025-07-09 02:07:43,756 - ERROR - Unexpected error: 'NoneType' object cannot be interpreted as an integer
2025-07-09 02:07:46,025 - ERROR - Unexpected error: 'NoneType' object cannot be interpreted as an integer
2025-07-09 02:07:47,358 - ERROR - Unexpected error: 'NoneType' object cannot be interpreted as an integer
2025-07-09 02:07:47,766 - ERROR - Unexpected error: 'NoneType' object cannot be interpreted as an integer
2025-07-09 02:07:48,809 - ERROR - Unexpected error: 'NoneType' object cannot be interpreted as an integer
2025-07-09 02:07:50,393 - ERROR - Unexpected error: 'NoneType' object cannot be interpreted as an integer
2025-07-09 02:07:51,837 - ERROR - Unexpected error: 'NoneType' object cannot be interpreted as an integer
2025-07-09 02:07:51,996 - ERROR - Unexpected error: 'NoneType' object cannot be interpreted as an integer
2025-07-09 02:07:52,582 - ERROR - Unexpected error: 'NoneType' object cannot be interpreted as an integer
2025-07-09 02:07:52,770 - ERROR - Unexpected error: 'NoneType' object cannot be interpreted as an integer
2025-07-09 02:07:56,879 - ERROR - Unexpected error: 'NoneType' object cannot be interpreted as an integer
2025-07-09 02:07:57,568 - ERROR - Unexpected error: 'NoneType' object cannot be interpreted as an integer
2025-07-09 02:07:58,764 - ERROR - Unexpected error: 'NoneType' object cannot be interpreted as an integer
2025-07-09 02:08:00,951 - ERROR - Unexpected error: 'NoneType' object cannot be interpreted as an integer
2025-07-09 02:08:03,292 - ERROR - Unexpected error: 'NoneType' object cannot be interpreted as an integer
2025-07-09 02:08:04,224 - ERROR - Unexpected error: 'NoneType' object cannot be interpreted as an integer
2025-07-09 02:08:05,116 - ERROR - Unexpected error: 'NoneType' object cannot be interpreted as an integer
2025-07-09 02:08:06,036 - ERROR - Unexpected error: 'NoneType' object cannot be interpreted as an integer
2025-07-09 02:08:06,204 - ERROR - Unexpected error: 'NoneType' object cannot be interpreted as an integer
2025-07-09 02:08:06,918 - ERROR - Unexpected error: 'NoneType' object cannot be interpreted as an integer
2025-07-09 02:08:07,595 - ERROR - Unexpected error: 'NoneType' object cannot be interpreted as an integer
2025-07-09 02:08:08,833 - ERROR - Unexpected error: 'NoneType' object cannot be interpreted as an integer
2025-07-09 02:08:11,284 - ERROR - Unexpected error: 'NoneType' object cannot be interpreted as an integer
2025-07-09 02:08:11,476 - ERROR - Unexpected error: 'NoneType' object cannot be interpreted as an integer
2025-07-09 02:08:11,674 - ERROR - Unexpected error: 'NoneType' object cannot be interpreted as an integer
2025-07-09 02:08:15,537 - ERROR - Unexpected error: 'NoneType' object cannot be interpreted as an integer
2025-07-09 02:08:18,936 - ERROR - Unexpected error: 'NoneType' object cannot be interpreted as an integer
2025-07-09 02:08:19,253 - ERROR - Unexpected error: 'NoneType' object cannot be interpreted as an integer
2025-07-09 02:08:21,164 - ERROR - Unexpected error: 'NoneType' object cannot be interpreted as an integer
2025-07-09 02:08:22,446 - ERROR - Unexpected error: 'NoneType' object cannot be interpreted as an integer
2025-07-09 02:08:23,255 - ERROR - Unexpected error: 'NoneType' object cannot be interpreted as an integer
2025-07-09 02:08:25,386 - ERROR - Unexpected error: 'NoneType' object cannot be interpreted as an integer
2025-07-09 02:08:25,796 - ERROR - Unexpected error: 'NoneType' object cannot be interpreted as an integer
2025-07-09 02:08:27,508 - ERROR - Unexpected error: 'NoneType' object cannot be interpreted as an integer
2025-07-09 02:08:28,091 - ERROR - Unexpected error: 'NoneType' object cannot be interpreted as an integer
2025-07-09 02:08:28,533 - ERROR - Unexpected error: 'NoneType' object cannot be interpreted as an integer
2025-07-09 02:08:28,943 - ERROR - Unexpected error: 'NoneType' object cannot be interpreted as an integer
2025-07-09 02:08:29,115 - ERROR - Unexpected error: 'NoneType' object cannot be interpreted as an integer
2025-07-09 02:08:29,672 - ERROR - Unexpected error: 'NoneType' object cannot be interpreted as an integer
2025-07-09 02:08:30,790 - ERROR - Unexpected error: 'NoneType' object cannot be interpreted as an integer
2025-07-09 02:08:32,604 - ERROR - Unexpected error: 'NoneType' object cannot be interpreted as an integer
2025-07-09 02:08:33,022 - ERROR - Unexpected error: 'NoneType' object cannot be interpreted as an integer
2025-07-09 02:08:34,804 - ERROR - Unexpected error: 'NoneType' object cannot be interpreted as an integer
2025-07-09 02:08:34,969 - ERROR - Unexpected error: 'NoneType' object cannot be interpreted as an integer
2025-07-09 02:08:35,445 - ERROR - Unexpected error: 'NoneType' object cannot be interpreted as an integer
2025-07-09 02:08:36,378 - ERROR - Unexpected error: 'NoneType' object cannot be interpreted as an integer
2025-07-09 02:08:36,798 - ERROR - Unexpected error: 'NoneType' object cannot be interpreted as an integer
2025-07-09 02:08:37,453 - ERROR - Unexpected error: 'NoneType' object cannot be interpreted as an integer
2025-07-09 02:08:38,290 - ERROR - Unexpected error: 'NoneType' object cannot be interpreted as an integer
2025-07-09 02:08:39,341 - ERROR - Unexpected error: 'NoneType' object cannot be interpreted as an integer
2025-07-09 02:08:40,536 - ERROR - Unexpected error: 'NoneType' object cannot be interpreted as an integer
2025-07-09 02:08:40,695 - ERROR - Unexpected error: 'NoneType' object cannot be interpreted as an integer
2025-07-09 02:08:43,019 - ERROR - Unexpected error: 'NoneType' object cannot be interpreted as an integer
2025-07-09 02:08:46,493 - ERROR - Unexpected error: 'NoneType' object cannot be interpreted as an integer
2025-07-09 02:08:47,442 - ERROR - Unexpected error: 'NoneType' object cannot be interpreted as an integer
2025-07-09 02:08:47,887 - ERROR - Unexpected error: 'NoneType' object cannot be interpreted as an integer
2025-07-09 02:08:50,279 - ERROR - Unexpected error: 'NoneType' object cannot be interpreted as an integer
2025-07-09 02:08:52,519 - ERROR - Unexpected error: 'NoneType' object cannot be interpreted as an integer
2025-07-09 02:08:52,935 - ERROR - Unexpected error: 'NoneType' object cannot be interpreted as an integer
2025-07-09 02:08:54,128 - ERROR - Unexpected error: 'NoneType' object cannot be interpreted as an integer
2025-07-09 02:08:55,215 - ERROR - Unexpected error: 'NoneType' object cannot be interpreted as an integer
2025-07-09 02:08:55,550 - ERROR - Unexpected error: 'NoneType' object cannot be interpreted as an integer
2025-07-09 02:08:57,344 - ERROR - Unexpected error: 'NoneType' object cannot be interpreted as an integer
2025-07-09 02:08:57,507 - ERROR - Unexpected error: 'NoneType' object cannot be interpreted as an integer
2025-07-09 02:08:58,016 - ERROR - Unexpected error: 'NoneType' object cannot be interpreted as an integer
2025-07-09 02:08:58,188 - ERROR - Unexpected error: 'NoneType' object cannot be interpreted as an integer
2025-07-09 02:08:59,092 - ERROR - Unexpected error: 'NoneType' object cannot be interpreted as an integer
2025-07-09 02:08:59,389 - ERROR - Unexpected error: 'NoneType' object cannot be interpreted as an integer
2025-07-09 02:08:59,728 - ERROR - Unexpected error: 'NoneType' object cannot be interpreted as an integer
2025-07-09 02:09:00,247 - ERROR - Unexpected error: 'NoneType' object cannot be interpreted as an integer
2025-07-09 02:09:00,662 - ERROR - Unexpected error: 'NoneType' object cannot be interpreted as an integer
2025-07-09 02:09:02,806 - INFO - Processed 46000 users so far
2025-07-09 02:09:02,965 - ERROR - Unexpected error: 'NoneType' object cannot be interpreted as an integer
2025-07-09 02:09:03,400 - ERROR - Unexpected error: 'NoneType' object cannot be interpreted as an integer
2025-07-09 02:09:06,080 - ERROR - Unexpected error: 'NoneType' object cannot be interpreted as an integer
2025-07-09 02:09:06,696 - ERROR - Unexpected error: 'NoneType' object cannot be interpreted as an integer
2025-07-09 02:09:09,135 - ERROR - Unexpected error: 'NoneType' object cannot be interpreted as an integer
2025-07-09 02:09:11,940 - ERROR - Unexpected error: 'NoneType' object cannot be interpreted as an integer
2025-07-09 02:09:15,919 - ERROR - Unexpected error: 'NoneType' object cannot be interpreted as an integer
2025-07-09 02:09:16,554 - ERROR - Unexpected error: 'NoneType' object cannot be interpreted as an integer
2025-07-09 02:09:17,143 - ERROR - Unexpected error: 'NoneType' object cannot be interpreted as an integer
2025-07-09 02:09:17,314 - ERROR - Unexpected error: 'NoneType' object cannot be interpreted as an integer
2025-07-09 02:09:17,742 - ERROR - Unexpected error: 'NoneType' object cannot be interpreted as an integer
2025-07-09 02:09:20,528 - ERROR - Unexpected error: 'NoneType' object cannot be interpreted as an integer
2025-07-09 02:09:22,258 - ERROR - Unexpected error: 'NoneType' object cannot be interpreted as an integer
2025-07-09 02:09:22,459 - ERROR - Unexpected error: 'NoneType' object cannot be interpreted as an integer
2025-07-09 02:09:22,663 - ERROR - Unexpected error: 'NoneType' object cannot be interpreted as an integer
2025-07-09 02:09:23,332 - ERROR - Unexpected error: 'NoneType' object cannot be interpreted as an integer
2025-07-09 02:09:23,670 - ERROR - Unexpected error: 'NoneType' object cannot be interpreted as an integer
2025-07-09 02:09:25,602 - ERROR - Unexpected error: 'NoneType' object cannot be interpreted as an integer
2025-07-09 02:09:28,190 - ERROR - Unexpected error: 'NoneType' object cannot be interpreted as an integer
2025-07-09 02:09:31,227 - ERROR - Unexpected error: 'NoneType' object cannot be interpreted as an integer
2025-07-09 02:09:32,893 - ERROR - Unexpected error: 'NoneType' object cannot be interpreted as an integer
2025-07-09 02:09:33,047 - ERROR - Unexpected error: 'NoneType' object cannot be interpreted as an integer
2025-07-09 02:09:33,219 - ERROR - Unexpected error: 'NoneType' object cannot be interpreted as an integer
2025-07-09 02:09:36,909 - ERROR - Unexpected error: 'NoneType' object cannot be interpreted as an integer
2025-07-09 02:09:37,337 - ERROR - Unexpected error: 'NoneType' object cannot be interpreted as an integer
2025-07-09 02:09:38,237 - ERROR - Unexpected error: 'NoneType' object cannot be interpreted as an integer
2025-07-09 02:09:38,397 - ERROR - Unexpected error: 'NoneType' object cannot be interpreted as an integer
2025-07-09 02:09:39,147 - ERROR - Unexpected error: 'NoneType' object cannot be interpreted as an integer
2025-07-09 02:09:40,582 - ERROR - Unexpected error: 'NoneType' object cannot be interpreted as an integer
2025-07-09 02:09:41,434 - ERROR - Unexpected error: 'NoneType' object cannot be interpreted as an integer
2025-07-09 02:09:41,844 - ERROR - Unexpected error: 'NoneType' object cannot be interpreted as an integer
2025-07-09 02:09:42,649 - ERROR - Unexpected error: 'NoneType' object cannot be interpreted as an integer
2025-07-09 02:09:47,280 - ERROR - Unexpected error: 'NoneType' object cannot be interpreted as an integer
2025-07-09 02:09:47,684 - ERROR - Unexpected error: 'NoneType' object cannot be interpreted as an integer
2025-07-09 02:09:49,338 - ERROR - Unexpected error: 'NoneType' object cannot be interpreted as an integer
2025-07-09 02:09:49,501 - ERROR - Unexpected error: 'NoneType' object cannot be interpreted as an integer
2025-07-09 02:09:50,216 - ERROR - Unexpected error: 'NoneType' object cannot be interpreted as an integer
2025-07-09 02:09:51,450 - ERROR - Unexpected error: 'NoneType' object cannot be interpreted as an integer
2025-07-09 02:09:51,757 - ERROR - Unexpected error: 'NoneType' object cannot be interpreted as an integer
2025-07-09 02:09:52,788 - ERROR - Unexpected error: 'NoneType' object cannot be interpreted as an integer
2025-07-09 02:09:53,066 - ERROR - Unexpected error: 'NoneType' object cannot be interpreted as an integer
2025-07-09 02:09:54,357 - ERROR - Unexpected error: 'NoneType' object cannot be interpreted as an integer
2025-07-09 02:09:56,364 - ERROR - Unexpected error: 'NoneType' object cannot be interpreted as an integer
2025-07-09 02:09:57,230 - ERROR - Unexpected error: 'NoneType' object cannot be interpreted as an integer
2025-07-09 02:09:57,994 - ERROR - Unexpected error: 'NoneType' object cannot be interpreted as an integer
2025-07-09 02:10:09,826 - ERROR - Unexpected error: 'NoneType' object cannot be interpreted as an integer
2025-07-09 02:10:22,357 - ERROR - Unexpected error: 'NoneType' object cannot be interpreted as an integer
2025-07-09 02:10:23,222 - ERROR - Unexpected error: 'NoneType' object cannot be interpreted as an integer
2025-07-09 02:10:25,968 - ERROR - Unexpected error: 'NoneType' object cannot be interpreted as an integer
2025-07-09 02:10:26,973 - ERROR - Unexpected error: 'NoneType' object cannot be interpreted as an integer
2025-07-09 02:10:29,649 - ERROR - Unexpected error: 'NoneType' object cannot be interpreted as an integer
2025-07-09 02:10:30,214 - ERROR - Unexpected error: 'NoneType' object cannot be interpreted as an integer
2025-07-09 02:10:32,372 - ERROR - Unexpected error: 'NoneType' object cannot be interpreted as an integer
2025-07-09 02:10:33,244 - ERROR - Unexpected error: 'NoneType' object cannot be interpreted as an integer
2025-07-09 02:10:35,890 - ERROR - Unexpected error: 'NoneType' object cannot be interpreted as an integer
2025-07-09 02:10:36,580 - ERROR - Unexpected error: 'NoneType' object cannot be interpreted as an integer
2025-07-09 02:10:38,152 - ERROR - Unexpected error: 'NoneType' object cannot be interpreted as an integer
2025-07-09 02:10:38,457 - ERROR - Unexpected error: 'NoneType' object cannot be interpreted as an integer
2025-07-09 02:10:39,033 - ERROR - Unexpected error: 'NoneType' object cannot be interpreted as an integer
2025-07-09 02:10:43,958 - ERROR - Unexpected error: 'NoneType' object cannot be interpreted as an integer
2025-07-09 02:10:44,315 - ERROR - Unexpected error: 'NoneType' object cannot be interpreted as an integer
2025-07-09 02:10:45,558 - ERROR - Unexpected error: 'NoneType' object cannot be interpreted as an integer
2025-07-09 02:10:49,365 - ERROR - Unexpected error: 'NoneType' object cannot be interpreted as an integer
2025-07-09 02:10:51,521 - ERROR - Unexpected error: 'NoneType' object cannot be interpreted as an integer
2025-07-09 02:10:52,941 - ERROR - Unexpected error: 'NoneType' object cannot be interpreted as an integer
2025-07-09 02:10:56,514 - ERROR - Unexpected error: 'NoneType' object cannot be interpreted as an integer
2025-07-09 02:11:00,299 - ERROR - Unexpected error: 'NoneType' object cannot be interpreted as an integer
2025-07-09 02:11:01,735 - ERROR - Unexpected error: 'NoneType' object cannot be interpreted as an integer
2025-07-09 02:11:05,657 - ERROR - Unexpected error: 'NoneType' object cannot be interpreted as an integer
2025-07-09 02:11:12,289 - ERROR - Unexpected error: 'NoneType' object cannot be interpreted as an integer
2025-07-09 02:11:13,038 - ERROR - Unexpected error: 'NoneType' object cannot be interpreted as an integer
2025-07-09 02:11:14,334 - ERROR - Unexpected error: 'NoneType' object cannot be interpreted as an integer
2025-07-09 02:11:14,999 - ERROR - Unexpected error: 'NoneType' object cannot be interpreted as an integer
2025-07-09 02:11:22,369 - ERROR - Unexpected error: 'NoneType' object cannot be interpreted as an integer
2025-07-09 02:11:23,241 - ERROR - Unexpected error: 'NoneType' object cannot be interpreted as an integer
2025-07-09 02:11:25,553 - ERROR - Unexpected error: 'NoneType' object cannot be interpreted as an integer
2025-07-09 02:11:32,722 - ERROR - Unexpected error: 'NoneType' object cannot be interpreted as an integer
2025-07-09 02:11:36,071 - ERROR - Unexpected error: 'NoneType' object cannot be interpreted as an integer
2025-07-09 02:11:45,062 - ERROR - Unexpected error: 'NoneType' object cannot be interpreted as an integer
2025-07-09 02:11:46,217 - ERROR - Unexpected error: 'NoneType' object cannot be interpreted as an integer
2025-07-09 02:11:49,701 - ERROR - Unexpected error: 'NoneType' object cannot be interpreted as an integer
2025-07-09 02:11:53,222 - ERROR - Unexpected error: 'NoneType' object cannot be interpreted as an integer
2025-07-09 02:11:53,556 - ERROR - Unexpected error: 'NoneType' object cannot be interpreted as an integer
2025-07-09 02:11:54,672 - ERROR - Unexpected error: 'NoneType' object cannot be interpreted as an integer
2025-07-09 02:11:55,996 - ERROR - Unexpected error: 'NoneType' object cannot be interpreted as an integer
2025-07-09 02:12:01,288 - ERROR - Unexpected error: 'NoneType' object cannot be interpreted as an integer
2025-07-09 02:12:04,103 - ERROR - Unexpected error: 'NoneType' object cannot be interpreted as an integer
2025-07-09 02:12:10,504 - ERROR - Unexpected error: 'NoneType' object cannot be interpreted as an integer
2025-07-09 02:12:13,506 - ERROR - Unexpected error: 'NoneType' object cannot be interpreted as an integer
2025-07-09 02:12:14,849 - ERROR - Unexpected error: 'NoneType' object cannot be interpreted as an integer
2025-07-09 02:12:15,754 - ERROR - Unexpected error: 'NoneType' object cannot be interpreted as an integer
2025-07-09 02:12:16,611 - ERROR - Unexpected error: 'NoneType' object cannot be interpreted as an integer
2025-07-09 02:12:17,769 - ERROR - Unexpected error: 'NoneType' object cannot be interpreted as an integer
2025-07-09 02:12:19,126 - ERROR - Unexpected error: 'NoneType' object cannot be interpreted as an integer
2025-07-09 02:12:27,431 - ERROR - Unexpected error: 'NoneType' object cannot be interpreted as an integer
2025-07-09 02:12:32,062 - ERROR - Unexpected error: 'NoneType' object cannot be interpreted as an integer
2025-07-09 02:12:32,382 - ERROR - Unexpected error: 'NoneType' object cannot be interpreted as an integer
2025-07-09 02:12:34,109 - ERROR - Unexpected error: 'NoneType' object cannot be interpreted as an integer
2025-07-09 02:12:35,675 - ERROR - Unexpected error: 'NoneType' object cannot be interpreted as an integer
2025-07-09 02:12:38,618 - ERROR - Unexpected error: 'NoneType' object cannot be interpreted as an integer
2025-07-09 02:12:40,091 - ERROR - Unexpected error: 'NoneType' object cannot be interpreted as an integer
2025-07-09 02:12:41,299 - ERROR - Unexpected error: 'NoneType' object cannot be interpreted as an integer
2025-07-09 02:12:45,265 - ERROR - Unexpected error: 'NoneType' object cannot be interpreted as an integer
2025-07-09 02:12:53,261 - ERROR - Unexpected error: 'NoneType' object cannot be interpreted as an integer
2025-07-09 02:12:53,920 - ERROR - Unexpected error: 'NoneType' object cannot be interpreted as an integer
2025-07-09 02:12:55,245 - ERROR - Unexpected error: 'NoneType' object cannot be interpreted as an integer
2025-07-09 02:13:03,770 - ERROR - Unexpected error: 'NoneType' object cannot be interpreted as an integer
2025-07-09 02:13:21,593 - ERROR - Unexpected error: 'NoneType' object cannot be interpreted as an integer
2025-07-09 02:13:23,008 - ERROR - Unexpected error: 'NoneType' object cannot be interpreted as an integer
2025-07-09 02:13:31,709 - ERROR - Unexpected error: 'NoneType' object cannot be interpreted as an integer
2025-07-09 02:13:43,485 - ERROR - Unexpected error: 'NoneType' object cannot be interpreted as an integer
2025-07-09 02:13:45,918 - ERROR - Unexpected error: 'NoneType' object cannot be interpreted as an integer
2025-07-09 02:13:46,460 - ERROR - Unexpected error: 'NoneType' object cannot be interpreted as an integer
2025-07-09 02:13:50,890 - ERROR - Unexpected error: 'NoneType' object cannot be interpreted as an integer
2025-07-09 02:13:52,118 - ERROR - Unexpected error: 'NoneType' object cannot be interpreted as an integer
2025-07-09 02:13:57,590 - ERROR - Unexpected error: 'NoneType' object cannot be interpreted as an integer
2025-07-09 02:14:05,180 - ERROR - Unexpected error: 'NoneType' object cannot be interpreted as an integer
2025-07-09 02:14:08,396 - ERROR - Unexpected error: 'NoneType' object cannot be interpreted as an integer
2025-07-09 02:14:12,263 - ERROR - Unexpected error: 'NoneType' object cannot be interpreted as an integer
2025-07-09 02:14:12,586 - ERROR - Unexpected error: 'NoneType' object cannot be interpreted as an integer
2025-07-09 02:14:13,563 - ERROR - Unexpected error: 'NoneType' object cannot be interpreted as an integer
2025-07-09 02:14:14,243 - ERROR - Unexpected error: 'NoneType' object cannot be interpreted as an integer
2025-07-09 02:14:14,662 - ERROR - Unexpected error: 'NoneType' object cannot be interpreted as an integer
2025-07-09 02:14:15,257 - ERROR - Unexpected error: 'NoneType' object cannot be interpreted as an integer
2025-07-09 02:14:25,932 - ERROR - Unexpected error: 'NoneType' object cannot be interpreted as an integer
2025-07-09 02:14:28,754 - ERROR - Unexpected error: 'NoneType' object cannot be interpreted as an integer
2025-07-09 02:14:33,236 - ERROR - Unexpected error: 'NoneType' object cannot be interpreted as an integer
2025-07-09 02:14:42,079 - ERROR - Unexpected error: 'NoneType' object cannot be interpreted as an integer
2025-07-09 02:14:42,598 - ERROR - Unexpected error: 'NoneType' object cannot be interpreted as an integer
2025-07-09 02:14:51,181 - ERROR - Unexpected error: 'NoneType' object cannot be interpreted as an integer
2025-07-09 02:14:57,851 - ERROR - Unexpected error: 'NoneType' object cannot be interpreted as an integer
2025-07-09 02:14:58,293 - ERROR - Unexpected error: 'NoneType' object cannot be interpreted as an integer
2025-07-09 02:15:14,376 - ERROR - Unexpected error: 'NoneType' object cannot be interpreted as an integer
2025-07-09 02:15:23,402 - ERROR - Unexpected error: 'NoneType' object cannot be interpreted as an integer
2025-07-09 02:15:24,950 - ERROR - Unexpected error: 'NoneType' object cannot be interpreted as an integer
2025-07-09 02:15:27,091 - ERROR - Unexpected error: 'NoneType' object cannot be interpreted as an integer
2025-07-09 02:15:27,581 - ERROR - Unexpected error: 'NoneType' object cannot be interpreted as an integer
2025-07-09 02:15:28,749 - ERROR - Unexpected error: 'NoneType' object cannot be interpreted as an integer
2025-07-09 02:15:30,266 - ERROR - Unexpected error: 'NoneType' object cannot be interpreted as an integer
2025-07-09 02:15:31,181 - ERROR - Unexpected error: 'NoneType' object cannot be interpreted as an integer
2025-07-09 02:15:43,331 - ERROR - Unexpected error: 'NoneType' object cannot be interpreted as an integer
2025-07-09 02:15:45,725 - ERROR - Unexpected error: 'NoneType' object cannot be interpreted as an integer
2025-07-09 02:15:46,662 - ERROR - Unexpected error: 'NoneType' object cannot be interpreted as an integer
2025-07-09 02:15:47,710 - ERROR - Unexpected error: 'NoneType' object cannot be interpreted as an integer
2025-07-09 02:15:48,182 - ERROR - Unexpected error: 'NoneType' object cannot be interpreted as an integer
2025-07-09 02:15:48,901 - ERROR - Unexpected error: 'NoneType' object cannot be interpreted as an integer
2025-07-09 02:15:50,255 - ERROR - Unexpected error: 'NoneType' object cannot be interpreted as an integer
2025-07-09 02:15:50,425 - ERROR - Unexpected error: 'NoneType' object cannot be interpreted as an integer
2025-07-09 02:15:54,928 - ERROR - Unexpected error: 'NoneType' object cannot be interpreted as an integer
2025-07-09 02:15:55,534 - ERROR - Unexpected error: 'NoneType' object cannot be interpreted as an integer
2025-07-09 02:15:55,881 - ERROR - Unexpected error: 'NoneType' object cannot be interpreted as an integer
2025-07-09 02:16:00,812 - ERROR - Unexpected error: 'NoneType' object cannot be interpreted as an integer
2025-07-09 02:16:02,024 - ERROR - Unexpected error: 'NoneType' object cannot be interpreted as an integer
2025-07-09 02:16:02,933 - ERROR - Unexpected error: 'NoneType' object cannot be interpreted as an integer
2025-07-09 02:16:07,698 - ERROR - Unexpected error: 'NoneType' object cannot be interpreted as an integer
2025-07-09 02:16:09,862 - ERROR - Unexpected error: 'NoneType' object cannot be interpreted as an integer
2025-07-09 02:16:19,254 - ERROR - Unexpected error: 'NoneType' object cannot be interpreted as an integer
2025-07-09 02:16:20,159 - ERROR - Unexpected error: 'NoneType' object cannot be interpreted as an integer
2025-07-09 02:16:21,187 - ERROR - Unexpected error: 'NoneType' object cannot be interpreted as an integer
2025-07-09 02:16:22,771 - ERROR - Unexpected error: 'NoneType' object cannot be interpreted as an integer
2025-07-09 02:16:24,714 - ERROR - Unexpected error: 'NoneType' object cannot be interpreted as an integer
2025-07-09 02:16:24,886 - ERROR - Unexpected error: 'NoneType' object cannot be interpreted as an integer
2025-07-09 02:16:26,285 - ERROR - Unexpected error: 'NoneType' object cannot be interpreted as an integer
2025-07-09 02:16:27,210 - ERROR - Unexpected error: 'NoneType' object cannot be interpreted as an integer
2025-07-09 02:16:31,499 - ERROR - Unexpected error: 'NoneType' object cannot be interpreted as an integer
2025-07-09 02:16:31,826 - ERROR - Unexpected error: 'NoneType' object cannot be interpreted as an integer
2025-07-09 02:16:33,298 - ERROR - Unexpected error: 'NoneType' object cannot be interpreted as an integer
2025-07-09 02:16:34,545 - ERROR - Unexpected error: 'NoneType' object cannot be interpreted as an integer
2025-07-09 02:16:37,848 - ERROR - Unexpected error: 'NoneType' object cannot be interpreted as an integer
2025-07-09 02:16:38,182 - ERROR - Unexpected error: 'NoneType' object cannot be interpreted as an integer
2025-07-09 02:16:38,514 - ERROR - Unexpected error: 'NoneType' object cannot be interpreted as an integer
2025-07-09 02:16:39,123 - ERROR - Unexpected error: 'NoneType' object cannot be interpreted as an integer
2025-07-09 02:16:39,490 - ERROR - Unexpected error: 'NoneType' object cannot be interpreted as an integer
2025-07-09 02:16:46,553 - ERROR - Unexpected error: 'NoneType' object cannot be interpreted as an integer
2025-07-09 02:16:47,601 - ERROR - Unexpected error: 'NoneType' object cannot be interpreted as an integer
2025-07-09 02:16:49,566 - ERROR - Unexpected error: 'NoneType' object cannot be interpreted as an integer
2025-07-09 02:16:53,579 - ERROR - Unexpected error: 'NoneType' object cannot be interpreted as an integer
2025-07-09 02:16:57,081 - ERROR - Unexpected error: 'NoneType' object cannot be interpreted as an integer
2025-07-09 02:17:15,325 - ERROR - Unexpected error: 'NoneType' object cannot be interpreted as an integer
2025-07-09 02:17:15,788 - ERROR - Unexpected error: 'NoneType' object cannot be interpreted as an integer
2025-07-09 02:17:16,123 - ERROR - Unexpected error: 'NoneType' object cannot be interpreted as an integer
2025-07-09 02:17:18,212 - ERROR - Unexpected error: 'NoneType' object cannot be interpreted as an integer
2025-07-09 02:17:19,702 - ERROR - Unexpected error: 'NoneType' object cannot be interpreted as an integer
2025-07-09 02:17:21,392 - ERROR - Unexpected error: 'NoneType' object cannot be interpreted as an integer
2025-07-09 02:17:24,232 - ERROR - Unexpected error: 'NoneType' object cannot be interpreted as an integer
2025-07-09 02:17:24,542 - ERROR - Unexpected error: 'NoneType' object cannot be interpreted as an integer
2025-07-09 02:17:34,760 - ERROR - Unexpected error: 'NoneType' object cannot be interpreted as an integer
2025-07-09 02:17:39,991 - ERROR - Unexpected error: 'NoneType' object cannot be interpreted as an integer
2025-07-09 02:17:40,164 - ERROR - Unexpected error: 'NoneType' object cannot be interpreted as an integer
2025-07-09 02:17:42,179 - ERROR - Unexpected error: 'NoneType' object cannot be interpreted as an integer
2025-07-09 02:17:43,611 - ERROR - Unexpected error: 'NoneType' object cannot be interpreted as an integer
2025-07-09 02:17:43,777 - ERROR - Unexpected error: 'NoneType' object cannot be interpreted as an integer
2025-07-09 02:17:47,258 - ERROR - Unexpected error: 'NoneType' object cannot be interpreted as an integer
2025-07-09 02:17:48,191 - ERROR - Unexpected error: 'NoneType' object cannot be interpreted as an integer
2025-07-09 02:17:50,386 - ERROR - Unexpected error: 'NoneType' object cannot be interpreted as an integer
2025-07-09 02:17:50,680 - ERROR - Unexpected error: 'NoneType' object cannot be interpreted as an integer
2025-07-09 02:17:51,190 - ERROR - Unexpected error: 'NoneType' object cannot be interpreted as an integer
2025-07-09 02:18:01,774 - ERROR - Unexpected error: 'NoneType' object cannot be interpreted as an integer
2025-07-09 02:18:02,129 - ERROR - Unexpected error: 'NoneType' object cannot be interpreted as an integer
2025-07-09 02:18:03,775 - ERROR - Unexpected error: 'NoneType' object cannot be interpreted as an integer
2025-07-09 02:18:06,208 - ERROR - Unexpected error: 'NoneType' object cannot be interpreted as an integer
2025-07-09 02:18:15,102 - ERROR - Unexpected error: 'NoneType' object cannot be interpreted as an integer
2025-07-09 02:18:17,850 - ERROR - Unexpected error: 'NoneType' object cannot be interpreted as an integer
2025-07-09 02:18:19,308 - ERROR - Unexpected error: 'NoneType' object cannot be interpreted as an integer
2025-07-09 02:18:20,445 - ERROR - Unexpected error: 'NoneType' object cannot be interpreted as an integer
2025-07-09 02:18:26,199 - ERROR - Unexpected error: 'NoneType' object cannot be interpreted as an integer
2025-07-09 02:18:26,964 - ERROR - Unexpected error: 'NoneType' object cannot be interpreted as an integer
2025-07-09 02:18:29,718 - ERROR - Unexpected error: 'NoneType' object cannot be interpreted as an integer
2025-07-09 02:18:30,798 - ERROR - Unexpected error: 'NoneType' object cannot be interpreted as an integer
2025-07-09 02:18:34,297 - ERROR - Unexpected error: 'NoneType' object cannot be interpreted as an integer
2025-07-09 02:18:36,314 - ERROR - Unexpected error: 'NoneType' object cannot be interpreted as an integer
2025-07-09 02:18:37,046 - ERROR - Unexpected error: 'NoneType' object cannot be interpreted as an integer
2025-07-09 02:18:40,139 - ERROR - Unexpected error: 'NoneType' object cannot be interpreted as an integer
2025-07-09 02:18:40,424 - ERROR - Unexpected error: 'NoneType' object cannot be interpreted as an integer
2025-07-09 02:18:43,154 - ERROR - Unexpected error: 'NoneType' object cannot be interpreted as an integer
2025-07-09 02:18:44,449 - ERROR - Unexpected error: 'NoneType' object cannot be interpreted as an integer
2025-07-09 02:18:55,652 - ERROR - Unexpected error: 'NoneType' object cannot be interpreted as an integer
2025-07-09 02:19:07,074 - ERROR - Unexpected error: 'NoneType' object cannot be interpreted as an integer
2025-07-09 02:19:08,769 - ERROR - Unexpected error: 'NoneType' object cannot be interpreted as an integer
2025-07-09 02:19:10,994 - ERROR - Unexpected error: 'NoneType' object cannot be interpreted as an integer
2025-07-09 02:19:15,754 - ERROR - Unexpected error: 'NoneType' object cannot be interpreted as an integer
2025-07-09 02:19:17,784 - ERROR - Unexpected error: 'NoneType' object cannot be interpreted as an integer
2025-07-09 02:19:18,344 - ERROR - Unexpected error: 'NoneType' object cannot be interpreted as an integer
2025-07-09 02:19:30,696 - ERROR - Unexpected error: 'NoneType' object cannot be interpreted as an integer
2025-07-09 02:19:31,403 - ERROR - Unexpected error: 'NoneType' object cannot be interpreted as an integer
2025-07-09 02:19:31,818 - ERROR - Unexpected error: 'NoneType' object cannot be interpreted as an integer
2025-07-09 02:19:34,111 - ERROR - Unexpected error: 'NoneType' object cannot be interpreted as an integer
2025-07-09 02:19:39,767 - ERROR - Unexpected error: 'NoneType' object cannot be interpreted as an integer
2025-07-09 02:19:48,803 - ERROR - Unexpected error: 'NoneType' object cannot be interpreted as an integer
2025-07-09 02:19:59,516 - ERROR - Unexpected error: 'NoneType' object cannot be interpreted as an integer
2025-07-09 02:20:00,238 - ERROR - Unexpected error: 'NoneType' object cannot be interpreted as an integer
2025-07-09 02:20:00,629 - ERROR - Unexpected error: 'NoneType' object cannot be interpreted as an integer
2025-07-09 02:20:02,740 - ERROR - Unexpected error: 'NoneType' object cannot be interpreted as an integer
2025-07-09 02:20:16,932 - ERROR - Unexpected error: 'NoneType' object cannot be interpreted as an integer
2025-07-09 02:20:34,001 - ERROR - Unexpected error: 'NoneType' object cannot be interpreted as an integer
2025-07-09 02:20:34,630 - ERROR - Unexpected error: 'NoneType' object cannot be interpreted as an integer
2025-07-09 02:20:35,126 - ERROR - Unexpected error: 'NoneType' object cannot be interpreted as an integer
2025-07-09 02:20:54,587 - INFO - Processed 48000 users so far
2025-07-09 02:21:00,217 - ERROR - Unexpected error: 'NoneType' object cannot be interpreted as an integer
2025-07-09 02:21:00,630 - ERROR - Unexpected error: 'NoneType' object cannot be interpreted as an integer
2025-07-09 02:21:03,238 - ERROR - Unexpected error: 'NoneType' object cannot be interpreted as an integer
2025-07-09 02:21:10,754 - ERROR - Unexpected error: 'NoneType' object cannot be interpreted as an integer
2025-07-09 02:21:11,564 - ERROR - Unexpected error: 'NoneType' object cannot be interpreted as an integer
2025-07-09 02:21:14,862 - ERROR - Unexpected error: 'NoneType' object cannot be interpreted as an integer
2025-07-09 02:21:18,341 - ERROR - Unexpected error: 'NoneType' object cannot be interpreted as an integer
2025-07-09 02:21:21,941 - ERROR - Unexpected error: 'NoneType' object cannot be interpreted as an integer
2025-07-09 02:21:22,873 - ERROR - Unexpected error: 'NoneType' object cannot be interpreted as an integer
2025-07-09 02:21:23,197 - ERROR - Unexpected error: 'NoneType' object cannot be interpreted as an integer
2025-07-09 02:21:36,414 - ERROR - Unexpected error: 'NoneType' object cannot be interpreted as an integer
2025-07-09 02:21:42,798 - ERROR - Unexpected error: 'NoneType' object cannot be interpreted as an integer
2025-07-09 02:21:44,058 - ERROR - Unexpected error: 'NoneType' object cannot be interpreted as an integer
2025-07-09 02:21:49,029 - ERROR - Unexpected error: 'NoneType' object cannot be interpreted as an integer
2025-07-09 02:21:52,938 - ERROR - Unexpected error: 'NoneType' object cannot be interpreted as an integer
2025-07-09 02:21:54,773 - ERROR - Unexpected error: 'NoneType' object cannot be interpreted as an integer
2025-07-09 02:21:55,935 - ERROR - Unexpected error: 'NoneType' object cannot be interpreted as an integer
2025-07-09 02:22:01,674 - ERROR - Unexpected error: 'NoneType' object cannot be interpreted as an integer
2025-07-09 02:22:06,208 - ERROR - Unexpected error: 'NoneType' object cannot be interpreted as an integer
2025-07-09 02:22:09,658 - ERROR - Unexpected error: 'NoneType' object cannot be interpreted as an integer
2025-07-09 02:22:09,965 - ERROR - Unexpected error: 'NoneType' object cannot be interpreted as an integer
2025-07-09 02:22:10,128 - ERROR - Unexpected error: 'NoneType' object cannot be interpreted as an integer
2025-07-09 02:22:16,885 - ERROR - Unexpected error: 'NoneType' object cannot be interpreted as an integer
2025-07-09 02:22:19,936 - ERROR - Unexpected error: 'NoneType' object cannot be interpreted as an integer
2025-07-09 02:22:30,455 - ERROR - Unexpected error: 'NoneType' object cannot be interpreted as an integer
2025-07-09 02:22:30,774 - ERROR - Unexpected error: 'NoneType' object cannot be interpreted as an integer
2025-07-09 02:22:36,164 - ERROR - Unexpected error: 'NoneType' object cannot be interpreted as an integer
2025-07-09 02:22:38,804 - ERROR - Unexpected error: 'NoneType' object cannot be interpreted as an integer
2025-07-09 02:22:42,216 - ERROR - Unexpected error: 'NoneType' object cannot be interpreted as an integer
2025-07-09 02:22:50,479 - ERROR - Unexpected error: 'NoneType' object cannot be interpreted as an integer
2025-07-09 02:22:51,217 - ERROR - Unexpected error: 'NoneType' object cannot be interpreted as an integer
2025-07-09 02:22:52,891 - ERROR - Unexpected error: 'NoneType' object cannot be interpreted as an integer
2025-07-09 02:22:58,348 - ERROR - Unexpected error: 'NoneType' object cannot be interpreted as an integer
2025-07-09 02:23:07,259 - ERROR - Unexpected error: 'NoneType' object cannot be interpreted as an integer
2025-07-09 02:23:07,420 - ERROR - Unexpected error: 'NoneType' object cannot be interpreted as an integer
2025-07-09 02:23:07,776 - ERROR - Unexpected error: 'NoneType' object cannot be interpreted as an integer
2025-07-09 02:23:08,074 - ERROR - Unexpected error: 'NoneType' object cannot be interpreted as an integer
2025-07-09 02:23:09,703 - ERROR - Unexpected error: 'NoneType' object cannot be interpreted as an integer
2025-07-09 02:23:12,627 - ERROR - Unexpected error: 'NoneType' object cannot be interpreted as an integer
2025-07-09 02:23:14,789 - ERROR - Unexpected error: 'NoneType' object cannot be interpreted as an integer
2025-07-09 02:23:15,120 - ERROR - Unexpected error: 'NoneType' object cannot be interpreted as an integer
2025-07-09 02:23:18,435 - ERROR - Unexpected error: 'NoneType' object cannot be interpreted as an integer
2025-07-09 02:23:23,926 - ERROR - Unexpected error: 'NoneType' object cannot be interpreted as an integer
2025-07-09 02:23:29,400 - ERROR - Unexpected error: 'NoneType' object cannot be interpreted as an integer
2025-07-09 02:23:45,471 - ERROR - Unexpected error: 'NoneType' object cannot be interpreted as an integer
2025-07-09 02:23:49,808 - ERROR - Unexpected error: 'NoneType' object cannot be interpreted as an integer
2025-07-09 02:23:52,164 - ERROR - Unexpected error: 'NoneType' object cannot be interpreted as an integer
2025-07-09 02:24:04,579 - ERROR - Unexpected error: 'NoneType' object cannot be interpreted as an integer
2025-07-09 02:24:13,069 - ERROR - Unexpected error: 'NoneType' object cannot be interpreted as an integer
2025-07-09 02:24:13,396 - ERROR - Unexpected error: 'NoneType' object cannot be interpreted as an integer
2025-07-09 02:24:15,693 - ERROR - Unexpected error: 'NoneType' object cannot be interpreted as an integer
2025-07-09 02:24:24,181 - ERROR - Unexpected error: 'NoneType' object cannot be interpreted as an integer
2025-07-09 02:24:31,468 - ERROR - Unexpected error: 'NoneType' object cannot be interpreted as an integer
2025-07-09 02:24:34,271 - ERROR - Unexpected error: 'NoneType' object cannot be interpreted as an integer
2025-07-09 02:24:38,470 - ERROR - Unexpected error: 'NoneType' object cannot be interpreted as an integer
2025-07-09 02:24:40,440 - ERROR - Unexpected error: 'NoneType' object cannot be interpreted as an integer
2025-07-09 02:24:41,026 - ERROR - Unexpected error: 'NoneType' object cannot be interpreted as an integer
2025-07-09 02:24:43,285 - ERROR - Unexpected error: 'NoneType' object cannot be interpreted as an integer
2025-07-09 02:24:46,346 - ERROR - Unexpected error: 'NoneType' object cannot be interpreted as an integer
2025-07-09 02:24:51,334 - ERROR - Unexpected error: 'NoneType' object cannot be interpreted as an integer
2025-07-09 02:24:53,116 - ERROR - Unexpected error: 'NoneType' object cannot be interpreted as an integer
2025-07-09 02:24:53,409 - ERROR - Unexpected error: 'NoneType' object cannot be interpreted as an integer
2025-07-09 02:24:54,025 - ERROR - Unexpected error: 'NoneType' object cannot be interpreted as an integer
2025-07-09 02:24:56,310 - ERROR - Unexpected error: 'NoneType' object cannot be interpreted as an integer
2025-07-09 02:24:59,293 - ERROR - Unexpected error: 'NoneType' object cannot be interpreted as an integer
2025-07-09 02:25:08,889 - ERROR - Unexpected error: 'NoneType' object cannot be interpreted as an integer
2025-07-09 02:25:09,816 - ERROR - Unexpected error: 'NoneType' object cannot be interpreted as an integer
2025-07-09 02:25:13,380 - ERROR - Unexpected error: 'NoneType' object cannot be interpreted as an integer
2025-07-09 02:25:17,959 - ERROR - Unexpected error: 'NoneType' object cannot be interpreted as an integer
2025-07-09 02:25:19,304 - ERROR - Unexpected error: 'NoneType' object cannot be interpreted as an integer
2025-07-09 02:25:26,406 - ERROR - Unexpected error: 'NoneType' object cannot be interpreted as an integer
2025-07-09 02:25:40,846 - ERROR - Unexpected error: 'NoneType' object cannot be interpreted as an integer
2025-07-09 02:25:41,000 - ERROR - Unexpected error: 'NoneType' object cannot be interpreted as an integer
2025-07-09 02:25:49,230 - ERROR - Unexpected error: 'NoneType' object cannot be interpreted as an integer
2025-07-09 02:25:50,302 - ERROR - Unexpected error: 'NoneType' object cannot be interpreted as an integer
2025-07-09 02:25:52,326 - ERROR - Unexpected error: 'NoneType' object cannot be interpreted as an integer
2025-07-09 02:25:53,805 - ERROR - Unexpected error: 'NoneType' object cannot be interpreted as an integer
2025-07-09 02:25:58,515 - ERROR - Unexpected error: 'NoneType' object cannot be interpreted as an integer
2025-07-09 02:26:07,720 - ERROR - Unexpected error: 'NoneType' object cannot be interpreted as an integer
2025-07-09 02:26:16,519 - ERROR - Unexpected error: 'NoneType' object cannot be interpreted as an integer
2025-07-09 02:26:27,528 - ERROR - Unexpected error: 'NoneType' object cannot be interpreted as an integer
2025-07-09 02:26:28,019 - ERROR - Unexpected error: 'NoneType' object cannot be interpreted as an integer
2025-07-09 02:26:38,091 - ERROR - Unexpected error: 'NoneType' object cannot be interpreted as an integer
2025-07-09 02:26:43,511 - ERROR - Unexpected error: 'NoneType' object cannot be interpreted as an integer
2025-07-09 02:26:49,313 - ERROR - Unexpected error: 'NoneType' object cannot be interpreted as an integer
2025-07-09 02:26:55,076 - ERROR - Unexpected error: 'NoneType' object cannot be interpreted as an integer
2025-07-09 02:26:55,239 - ERROR - Unexpected error: 'NoneType' object cannot be interpreted as an integer
2025-07-09 02:27:02,115 - ERROR - Unexpected error: 'NoneType' object cannot be interpreted as an integer
2025-07-09 02:27:07,784 - ERROR - Unexpected error: 'NoneType' object cannot be interpreted as an integer
2025-07-09 02:27:11,660 - ERROR - Unexpected error: 'NoneType' object cannot be interpreted as an integer
2025-07-09 02:27:12,160 - ERROR - Unexpected error: 'NoneType' object cannot be interpreted as an integer
2025-07-09 02:27:19,950 - ERROR - Unexpected error: 'NoneType' object cannot be interpreted as an integer
2025-07-09 02:27:32,250 - ERROR - Unexpected error: 'NoneType' object cannot be interpreted as an integer
2025-07-09 02:27:32,731 - ERROR - Unexpected error: 'NoneType' object cannot be interpreted as an integer
2025-07-09 02:27:33,209 - ERROR - Unexpected error: 'NoneType' object cannot be interpreted as an integer
2025-07-09 02:27:35,677 - ERROR - Unexpected error: 'NoneType' object cannot be interpreted as an integer
2025-07-09 02:27:36,050 - ERROR - Unexpected error: 'NoneType' object cannot be interpreted as an integer
2025-07-09 02:27:37,794 - ERROR - Unexpected error: 'NoneType' object cannot be interpreted as an integer
2025-07-09 02:27:45,685 - ERROR - Unexpected error: 'NoneType' object cannot be interpreted as an integer
2025-07-09 02:27:47,454 - ERROR - Unexpected error: 'NoneType' object cannot be interpreted as an integer
2025-07-09 02:27:48,083 - ERROR - Unexpected error: 'NoneType' object cannot be interpreted as an integer
2025-07-09 02:27:56,494 - ERROR - Unexpected error: 'NoneType' object cannot be interpreted as an integer
2025-07-09 02:28:05,082 - ERROR - Unexpected error: 'NoneType' object cannot be interpreted as an integer
2025-07-09 02:28:06,621 - ERROR - Unexpected error: 'NoneType' object cannot be interpreted as an integer
2025-07-09 02:28:06,941 - ERROR - Unexpected error: 'NoneType' object cannot be interpreted as an integer
2025-07-09 02:28:11,374 - ERROR - Unexpected error: 'NoneType' object cannot be interpreted as an integer
2025-07-09 02:28:16,196 - ERROR - Unexpected error: 'NoneType' object cannot be interpreted as an integer
2025-07-09 02:28:19,874 - ERROR - Unexpected error: 'NoneType' object cannot be interpreted as an integer
2025-07-09 02:28:22,632 - ERROR - Unexpected error: 'NoneType' object cannot be interpreted as an integer
2025-07-09 02:28:23,969 - ERROR - Unexpected error: 'NoneType' object cannot be interpreted as an integer
2025-07-09 02:28:34,857 - ERROR - Unexpected error: 'NoneType' object cannot be interpreted as an integer
2025-07-09 02:28:41,971 - ERROR - Unexpected error: 'NoneType' object cannot be interpreted as an integer
2025-07-09 02:28:46,350 - ERROR - Unexpected error: 'NoneType' object cannot be interpreted as an integer
2025-07-09 02:28:47,633 - ERROR - Unexpected error: 'NoneType' object cannot be interpreted as an integer
2025-07-09 02:28:53,859 - ERROR - Unexpected error: 'NoneType' object cannot be interpreted as an integer
2025-07-09 02:28:55,202 - ERROR - Unexpected error: 'NoneType' object cannot be interpreted as an integer
2025-07-09 02:29:03,481 - ERROR - Unexpected error: 'NoneType' object cannot be interpreted as an integer
2025-07-09 02:29:08,122 - ERROR - Unexpected error: 'NoneType' object cannot be interpreted as an integer
2025-07-09 02:29:10,669 - ERROR - Unexpected error: 'NoneType' object cannot be interpreted as an integer
2025-07-09 02:29:22,002 - ERROR - Unexpected error: 'NoneType' object cannot be interpreted as an integer
2025-07-09 02:29:29,834 - ERROR - Unexpected error: 'NoneType' object cannot be interpreted as an integer
2025-07-09 02:29:30,430 - ERROR - Unexpected error: 'NoneType' object cannot be interpreted as an integer
2025-07-09 02:29:34,392 - ERROR - Unexpected error: 'NoneType' object cannot be interpreted as an integer
2025-07-09 02:29:35,607 - ERROR - Unexpected error: 'NoneType' object cannot be interpreted as an integer
2025-07-09 02:29:41,108 - ERROR - Unexpected error: 'NoneType' object cannot be interpreted as an integer
2025-07-09 02:29:42,113 - ERROR - Unexpected error: 'NoneType' object cannot be interpreted as an integer
2025-07-09 02:29:43,445 - ERROR - Unexpected error: 'NoneType' object cannot be interpreted as an integer
2025-07-09 02:29:48,953 - ERROR - Unexpected error: 'NoneType' object cannot be interpreted as an integer
2025-07-09 02:29:54,154 - ERROR - Unexpected error: 'NoneType' object cannot be interpreted as an integer
2025-07-09 02:29:56,486 - ERROR - Unexpected error: 'NoneType' object cannot be interpreted as an integer
2025-07-09 02:29:57,153 - ERROR - Unexpected error: 'NoneType' object cannot be interpreted as an integer
2025-07-09 02:30:06,096 - ERROR - Unexpected error: 'NoneType' object cannot be interpreted as an integer
2025-07-09 02:30:07,018 - ERROR - Unexpected error: 'NoneType' object cannot be interpreted as an integer
2025-07-09 02:30:08,835 - ERROR - Unexpected error: 'NoneType' object cannot be interpreted as an integer
2025-07-09 02:30:11,545 - ERROR - Unexpected error: 'NoneType' object cannot be interpreted as an integer
2025-07-09 02:30:32,288 - ERROR - Unexpected error: 'NoneType' object cannot be interpreted as an integer
2025-07-09 02:30:32,935 - ERROR - Unexpected error: 'NoneType' object cannot be interpreted as an integer
2025-07-09 02:30:46,058 - ERROR - Unexpected error: 'NoneType' object cannot be interpreted as an integer
2025-07-09 02:30:55,703 - ERROR - Unexpected error: 'NoneType' object cannot be interpreted as an integer
2025-07-09 02:30:56,860 - ERROR - Unexpected error: 'NoneType' object cannot be interpreted as an integer
2025-07-09 02:30:59,122 - ERROR - Unexpected error: 'NoneType' object cannot be interpreted as an integer
2025-07-09 02:31:04,539 - ERROR - Unexpected error: 'NoneType' object cannot be interpreted as an integer
2025-07-09 02:31:10,288 - ERROR - Unexpected error: 'NoneType' object cannot be interpreted as an integer
2025-07-09 02:31:10,943 - ERROR - Unexpected error: 'NoneType' object cannot be interpreted as an integer
2025-07-09 02:31:15,366 - ERROR - Unexpected error: 'NoneType' object cannot be interpreted as an integer
2025-07-09 02:31:19,028 - ERROR - Unexpected error: 'NoneType' object cannot be interpreted as an integer
2025-07-09 02:31:19,440 - ERROR - Unexpected error: 'NoneType' object cannot be interpreted as an integer
2025-07-09 02:31:42,813 - ERROR - Unexpected error: 'NoneType' object cannot be interpreted as an integer
2025-07-09 02:31:49,597 - ERROR - Unexpected error: 'NoneType' object cannot be interpreted as an integer
2025-07-09 02:31:52,872 - ERROR - Unexpected error: 'NoneType' object cannot be interpreted as an integer
2025-07-09 02:32:00,296 - ERROR - Unexpected error: 'NoneType' object cannot be interpreted as an integer
2025-07-09 02:32:03,766 - ERROR - Unexpected error: 'NoneType' object cannot be interpreted as an integer
2025-07-09 02:32:07,637 - ERROR - Unexpected error: 'NoneType' object cannot be interpreted as an integer
2025-07-09 02:32:08,860 - ERROR - Unexpected error: 'NoneType' object cannot be interpreted as an integer
2025-07-09 02:32:12,502 - ERROR - Unexpected error: 'NoneType' object cannot be interpreted as an integer
2025-07-09 02:32:13,858 - ERROR - Unexpected error: 'NoneType' object cannot be interpreted as an integer
2025-07-09 02:32:15,845 - ERROR - Unexpected error: 'NoneType' object cannot be interpreted as an integer
2025-07-09 02:32:20,490 - ERROR - Unexpected error: 'NoneType' object cannot be interpreted as an integer
2025-07-09 02:32:21,667 - ERROR - Unexpected error: 'NoneType' object cannot be interpreted as an integer
2025-07-09 02:32:28,813 - ERROR - Unexpected error: 'NoneType' object cannot be interpreted as an integer
2025-07-09 02:32:35,378 - ERROR - Unexpected error: 'NoneType' object cannot be interpreted as an integer
2025-07-09 02:32:42,217 - ERROR - Unexpected error: 'NoneType' object cannot be interpreted as an integer
2025-07-09 02:32:42,682 - ERROR - Unexpected error: 'NoneType' object cannot be interpreted as an integer
2025-07-09 02:32:44,829 - ERROR - Unexpected error: 'NoneType' object cannot be interpreted as an integer
2025-07-09 02:32:45,127 - ERROR - Unexpected error: 'NoneType' object cannot be interpreted as an integer
2025-07-09 02:32:46,872 - ERROR - Unexpected error: 'NoneType' object cannot be interpreted as an integer
2025-07-09 02:32:49,880 - ERROR - Unexpected error: 'NoneType' object cannot be interpreted as an integer
2025-07-09 02:32:59,738 - INFO - Processed 50000 users so far
2025-07-09 02:32:59,738 - INFO - Reached max user limit (50000), stopping processing
2025-07-09 02:32:59,743 - INFO - Completed processing. Combined output saved to jobs_author_data.jsonl
