2025-07-09 10:59:56,165 - ERROR - Unexpected error: 'NoneType' object cannot be interpreted as an integer
2025-07-09 11:00:01,401 - ERROR - Unexpected error: 'NoneType' object cannot be interpreted as an integer
2025-07-09 11:00:09,627 - ERROR - Unexpected error: 'NoneType' object cannot be interpreted as an integer
2025-07-09 11:00:17,083 - ERROR - Unexpected error: 'NoneType' object cannot be interpreted as an integer
2025-07-09 11:00:22,470 - ERROR - Unexpected error: 'NoneType' object cannot be interpreted as an integer
2025-07-09 11:00:31,654 - ERROR - Unexpected error: 'NoneType' object cannot be interpreted as an integer
2025-07-09 11:00:41,746 - ERROR - Unexpected error: 'NoneType' object cannot be interpreted as an integer
2025-07-09 11:00:42,464 - ERROR - Unexpected error: 'NoneType' object cannot be interpreted as an integer
2025-07-09 11:00:49,463 - ERROR - Unexpected error: 'NoneType' object cannot be interpreted as an integer
2025-07-09 11:00:55,407 - ERROR - Unexpected error: 'NoneType' object cannot be interpreted as an integer
2025-07-09 11:00:57,159 - ERROR - Unexpected error: 'NoneType' object cannot be interpreted as an integer
2025-07-09 11:01:09,272 - ERROR - Unexpected error: 'NoneType' object cannot be interpreted as an integer
2025-07-09 11:01:12,763 - ERROR - Unexpected error: 'NoneType' object cannot be interpreted as an integer
2025-07-09 11:01:20,232 - ERROR - Unexpected error: 'NoneType' object cannot be interpreted as an integer
2025-07-09 11:01:44,535 - ERROR - Unexpected error: 'NoneType' object cannot be interpreted as an integer
2025-07-09 11:01:57,622 - ERROR - Unexpected error: 'NoneType' object cannot be interpreted as an integer
2025-07-09 11:02:01,748 - ERROR - Unexpected error: 'NoneType' object cannot be interpreted as an integer
2025-07-09 11:02:06,839 - ERROR - Unexpected error: 'NoneType' object cannot be interpreted as an integer
2025-07-09 11:02:10,724 - ERROR - Unexpected error: 'NoneType' object cannot be interpreted as an integer
2025-07-09 11:02:12,608 - ERROR - Unexpected error: 'NoneType' object cannot be interpreted as an integer
2025-07-09 11:02:23,694 - ERROR - Unexpected error: 'NoneType' object cannot be interpreted as an integer
2025-07-09 11:02:24,420 - ERROR - Unexpected error: 'NoneType' object cannot be interpreted as an integer
2025-07-09 11:02:32,387 - ERROR - Unexpected error: 'NoneType' object cannot be interpreted as an integer
2025-07-09 11:02:53,000 - ERROR - Unexpected error: 'NoneType' object cannot be interpreted as an integer
2025-07-09 11:02:53,347 - ERROR - Unexpected error: 'NoneType' object cannot be interpreted as an integer
2025-07-09 11:03:04,778 - ERROR - Unexpected error: 'NoneType' object cannot be interpreted as an integer
2025-07-09 11:03:15,930 - ERROR - Unexpected error: 'NoneType' object cannot be interpreted as an integer
2025-07-09 11:03:53,322 - ERROR - Unexpected error: 'NoneType' object cannot be interpreted as an integer
2025-07-09 11:03:57,361 - ERROR - Unexpected error: 'NoneType' object cannot be interpreted as an integer
2025-07-09 11:04:08,105 - ERROR - Unexpected error: 'NoneType' object cannot be interpreted as an integer
2025-07-09 11:04:09,328 - ERROR - Unexpected error: 'NoneType' object cannot be interpreted as an integer
2025-07-09 11:04:24,686 - ERROR - Unexpected error: 'NoneType' object cannot be interpreted as an integer
2025-07-09 11:04:35,335 - ERROR - Unexpected error: 'NoneType' object cannot be interpreted as an integer
2025-07-09 11:04:35,499 - ERROR - Unexpected error: 'NoneType' object cannot be interpreted as an integer
2025-07-09 11:04:39,919 - ERROR - Unexpected error: 'NoneType' object cannot be interpreted as an integer
2025-07-09 11:04:40,249 - ERROR - Unexpected error: 'NoneType' object cannot be interpreted as an integer
2025-07-09 11:04:48,110 - ERROR - Unexpected error: 'NoneType' object cannot be interpreted as an integer
2025-07-09 11:04:54,098 - ERROR - Unexpected error: 'NoneType' object cannot be interpreted as an integer
2025-07-09 11:04:57,729 - ERROR - Unexpected error: 'NoneType' object cannot be interpreted as an integer
2025-07-09 11:04:59,123 - ERROR - Unexpected error: 'NoneType' object cannot be interpreted as an integer
2025-07-09 11:04:59,620 - ERROR - Unexpected error: 'NoneType' object cannot be interpreted as an integer
2025-07-09 11:05:11,854 - ERROR - Request failed: 422 Client Error: Unprocessable Entity for url: https://arctic-shift.photon-reddit.com/api/posts/search?author=rhinoballz88&after=1641016800&before=1745989200&limit=auto&sort=asc&meta-app=download-tool
2025-07-09 11:05:42,669 - ERROR - Unexpected error: 'NoneType' object cannot be interpreted as an integer
2025-07-09 11:05:44,867 - ERROR - Unexpected error: 'NoneType' object cannot be interpreted as an integer
2025-07-09 11:05:45,951 - ERROR - Unexpected error: 'NoneType' object cannot be interpreted as an integer
2025-07-09 11:05:46,434 - ERROR - Unexpected error: 'NoneType' object cannot be interpreted as an integer
2025-07-09 11:05:58,788 - ERROR - Unexpected error: 'NoneType' object cannot be interpreted as an integer
2025-07-09 11:06:03,556 - ERROR - Unexpected error: 'NoneType' object cannot be interpreted as an integer
2025-07-09 11:06:04,891 - ERROR - Unexpected error: 'NoneType' object cannot be interpreted as an integer
2025-07-09 11:06:28,790 - ERROR - Unexpected error: 'NoneType' object cannot be interpreted as an integer
2025-07-09 11:06:37,835 - ERROR - Unexpected error: 'NoneType' object cannot be interpreted as an integer
2025-07-09 11:06:41,377 - ERROR - Unexpected error: 'NoneType' object cannot be interpreted as an integer
2025-07-09 11:06:44,155 - ERROR - Unexpected error: 'NoneType' object cannot be interpreted as an integer
2025-07-09 11:06:57,107 - ERROR - Unexpected error: 'NoneType' object cannot be interpreted as an integer
2025-07-09 11:07:05,485 - ERROR - Unexpected error: 'NoneType' object cannot be interpreted as an integer
2025-07-09 11:07:29,246 - ERROR - Unexpected error: 'NoneType' object cannot be interpreted as an integer
2025-07-09 11:07:39,243 - ERROR - Unexpected error: 'NoneType' object cannot be interpreted as an integer
2025-07-09 11:07:44,285 - ERROR - Unexpected error: 'NoneType' object cannot be interpreted as an integer
2025-07-09 11:07:53,463 - ERROR - Unexpected error: 'NoneType' object cannot be interpreted as an integer
2025-07-09 11:07:59,788 - ERROR - Unexpected error: 'NoneType' object cannot be interpreted as an integer
2025-07-09 11:08:01,370 - ERROR - Unexpected error: 'NoneType' object cannot be interpreted as an integer
2025-07-09 11:08:25,227 - ERROR - Unexpected error: 'NoneType' object cannot be interpreted as an integer
2025-07-09 11:08:32,246 - ERROR - Unexpected error: 'NoneType' object cannot be interpreted as an integer
2025-07-09 11:08:33,528 - ERROR - Unexpected error: 'NoneType' object cannot be interpreted as an integer
2025-07-09 11:08:35,092 - ERROR - Unexpected error: 'NoneType' object cannot be interpreted as an integer
2025-07-09 11:08:41,794 - ERROR - Unexpected error: 'NoneType' object cannot be interpreted as an integer
2025-07-09 11:08:46,185 - ERROR - Unexpected error: 'NoneType' object cannot be interpreted as an integer
2025-07-09 11:09:05,621 - ERROR - Unexpected error: 'NoneType' object cannot be interpreted as an integer
2025-07-09 11:09:17,584 - ERROR - Unexpected error: 'NoneType' object cannot be interpreted as an integer
2025-07-09 11:09:19,792 - ERROR - Unexpected error: 'NoneType' object cannot be interpreted as an integer
2025-07-09 11:09:29,226 - ERROR - Unexpected error: 'NoneType' object cannot be interpreted as an integer
2025-07-09 11:09:41,819 - ERROR - Unexpected error: 'NoneType' object cannot be interpreted as an integer
2025-07-09 11:09:50,381 - ERROR - Unexpected error: 'NoneType' object cannot be interpreted as an integer
2025-07-09 11:09:56,949 - ERROR - Unexpected error: 'NoneType' object cannot be interpreted as an integer
2025-07-09 11:10:14,463 - ERROR - Unexpected error: 'NoneType' object cannot be interpreted as an integer
2025-07-09 11:10:25,455 - ERROR - Unexpected error: 'NoneType' object cannot be interpreted as an integer
2025-07-09 11:10:32,734 - ERROR - Unexpected error: 'NoneType' object cannot be interpreted as an integer
2025-07-09 11:10:34,758 - ERROR - Unexpected error: 'NoneType' object cannot be interpreted as an integer
2025-07-09 11:10:42,987 - ERROR - Unexpected error: 'NoneType' object cannot be interpreted as an integer
2025-07-09 11:10:43,829 - ERROR - Unexpected error: 'NoneType' object cannot be interpreted as an integer
2025-07-09 11:10:44,841 - ERROR - Unexpected error: 'NoneType' object cannot be interpreted as an integer
2025-07-09 11:10:51,486 - ERROR - Unexpected error: 'NoneType' object cannot be interpreted as an integer
2025-07-09 11:11:01,161 - ERROR - Unexpected error: 'NoneType' object cannot be interpreted as an integer
2025-07-09 11:11:02,551 - ERROR - Unexpected error: 'NoneType' object cannot be interpreted as an integer
2025-07-09 11:11:13,715 - ERROR - Unexpected error: 'NoneType' object cannot be interpreted as an integer
2025-07-09 11:11:17,931 - INFO - Processed 2000 users so far
2025-07-09 11:11:18,762 - ERROR - Unexpected error: 'NoneType' object cannot be interpreted as an integer
2025-07-09 11:11:38,931 - ERROR - Unexpected error: 'NoneType' object cannot be interpreted as an integer
2025-07-09 11:11:47,490 - ERROR - Unexpected error: 'NoneType' object cannot be interpreted as an integer
2025-07-09 11:11:56,952 - ERROR - Unexpected error: 'NoneType' object cannot be interpreted as an integer
2025-07-09 11:12:04,416 - ERROR - Unexpected error: 'NoneType' object cannot be interpreted as an integer
2025-07-09 11:12:12,453 - ERROR - Unexpected error: 'NoneType' object cannot be interpreted as an integer
2025-07-09 11:12:15,736 - ERROR - Unexpected error: 'NoneType' object cannot be interpreted as an integer
2025-07-09 11:12:22,209 - ERROR - Unexpected error: 'NoneType' object cannot be interpreted as an integer
2025-07-09 11:12:22,494 - ERROR - Unexpected error: 'NoneType' object cannot be interpreted as an integer
2025-07-09 11:12:28,769 - ERROR - Unexpected error: 'NoneType' object cannot be interpreted as an integer
2025-07-09 11:12:35,218 - ERROR - Unexpected error: 'NoneType' object cannot be interpreted as an integer
2025-07-09 11:12:38,343 - ERROR - Unexpected error: 'NoneType' object cannot be interpreted as an integer
2025-07-09 11:12:44,018 - ERROR - Unexpected error: 'NoneType' object cannot be interpreted as an integer
2025-07-09 11:12:47,129 - ERROR - Unexpected error: 'NoneType' object cannot be interpreted as an integer
2025-07-09 11:13:06,204 - ERROR - Unexpected error: 'NoneType' object cannot be interpreted as an integer
2025-07-09 11:13:10,262 - ERROR - Unexpected error: 'NoneType' object cannot be interpreted as an integer
2025-07-09 11:13:16,493 - ERROR - Unexpected error: 'NoneType' object cannot be interpreted as an integer
2025-07-09 11:13:51,976 - ERROR - Unexpected error: 'NoneType' object cannot be interpreted as an integer
2025-07-09 11:13:55,522 - ERROR - Unexpected error: 'NoneType' object cannot be interpreted as an integer
2025-07-09 11:14:01,519 - ERROR - Unexpected error: 'NoneType' object cannot be interpreted as an integer
2025-07-09 11:14:16,815 - ERROR - Unexpected error: 'NoneType' object cannot be interpreted as an integer
2025-07-09 11:14:19,087 - ERROR - Unexpected error: 'NoneType' object cannot be interpreted as an integer
2025-07-09 11:14:20,781 - ERROR - Unexpected error: 'NoneType' object cannot be interpreted as an integer
2025-07-09 11:14:20,943 - ERROR - Unexpected error: 'NoneType' object cannot be interpreted as an integer
2025-07-09 11:14:22,745 - ERROR - Unexpected error: 'NoneType' object cannot be interpreted as an integer
2025-07-09 11:14:41,742 - ERROR - Unexpected error: 'NoneType' object cannot be interpreted as an integer
2025-07-09 11:14:59,333 - ERROR - Unexpected error: 'NoneType' object cannot be interpreted as an integer
2025-07-09 11:15:00,096 - ERROR - Unexpected error: 'NoneType' object cannot be interpreted as an integer
2025-07-09 11:15:03,712 - ERROR - Unexpected error: 'NoneType' object cannot be interpreted as an integer
2025-07-09 11:15:06,807 - ERROR - Unexpected error: 'NoneType' object cannot be interpreted as an integer
2025-07-09 11:15:20,843 - ERROR - Unexpected error: 'NoneType' object cannot be interpreted as an integer
2025-07-09 11:15:31,188 - ERROR - Unexpected error: 'NoneType' object cannot be interpreted as an integer
2025-07-09 11:15:34,085 - ERROR - Unexpected error: 'NoneType' object cannot be interpreted as an integer
2025-07-09 11:15:37,044 - ERROR - Unexpected error: 'NoneType' object cannot be interpreted as an integer
2025-07-09 11:15:41,804 - ERROR - Unexpected error: 'NoneType' object cannot be interpreted as an integer
2025-07-09 11:15:51,219 - ERROR - Unexpected error: 'NoneType' object cannot be interpreted as an integer
2025-07-09 11:15:55,300 - ERROR - Unexpected error: 'NoneType' object cannot be interpreted as an integer
2025-07-09 11:15:55,786 - ERROR - Unexpected error: 'NoneType' object cannot be interpreted as an integer
2025-07-09 11:15:56,673 - ERROR - Unexpected error: 'NoneType' object cannot be interpreted as an integer
2025-07-09 11:15:58,346 - ERROR - Unexpected error: 'NoneType' object cannot be interpreted as an integer
2025-07-09 11:16:05,047 - ERROR - Unexpected error: 'NoneType' object cannot be interpreted as an integer
2025-07-09 11:16:21,089 - ERROR - Unexpected error: 'NoneType' object cannot be interpreted as an integer
2025-07-09 11:16:34,044 - ERROR - Unexpected error: 'NoneType' object cannot be interpreted as an integer
2025-07-09 11:16:38,738 - ERROR - Unexpected error: 'NoneType' object cannot be interpreted as an integer
2025-07-09 11:16:45,332 - ERROR - Unexpected error: 'NoneType' object cannot be interpreted as an integer
2025-07-09 11:16:56,255 - ERROR - Unexpected error: 'NoneType' object cannot be interpreted as an integer
2025-07-09 11:17:10,986 - ERROR - Unexpected error: 'NoneType' object cannot be interpreted as an integer
2025-07-09 11:17:20,629 - ERROR - Unexpected error: 'NoneType' object cannot be interpreted as an integer
2025-07-09 11:17:24,670 - ERROR - Unexpected error: 'NoneType' object cannot be interpreted as an integer
2025-07-09 11:17:29,751 - ERROR - Unexpected error: 'NoneType' object cannot be interpreted as an integer
2025-07-09 11:17:32,377 - ERROR - Unexpected error: 'NoneType' object cannot be interpreted as an integer
2025-07-09 11:18:01,689 - ERROR - Unexpected error: 'NoneType' object cannot be interpreted as an integer
2025-07-09 11:18:04,493 - ERROR - Unexpected error: 'NoneType' object cannot be interpreted as an integer
2025-07-09 11:18:06,135 - ERROR - Unexpected error: 'NoneType' object cannot be interpreted as an integer
2025-07-09 11:18:06,311 - ERROR - Unexpected error: 'NoneType' object cannot be interpreted as an integer
2025-07-09 11:18:09,446 - ERROR - Unexpected error: 'NoneType' object cannot be interpreted as an integer
2025-07-09 11:18:14,331 - ERROR - Unexpected error: 'NoneType' object cannot be interpreted as an integer
2025-07-09 11:18:16,712 - ERROR - Unexpected error: 'NoneType' object cannot be interpreted as an integer
2025-07-09 11:18:25,246 - ERROR - Unexpected error: 'NoneType' object cannot be interpreted as an integer
2025-07-09 11:18:58,166 - ERROR - Unexpected error: 'NoneType' object cannot be interpreted as an integer
2025-07-09 11:19:06,262 - ERROR - Unexpected error: 'NoneType' object cannot be interpreted as an integer
2025-07-09 11:19:11,755 - ERROR - Unexpected error: 'NoneType' object cannot be interpreted as an integer
2025-07-09 11:19:15,453 - ERROR - Unexpected error: 'NoneType' object cannot be interpreted as an integer
2025-07-09 11:19:16,417 - ERROR - Unexpected error: 'NoneType' object cannot be interpreted as an integer
2025-07-09 11:19:19,007 - ERROR - Unexpected error: 'NoneType' object cannot be interpreted as an integer
2025-07-09 11:19:25,825 - ERROR - Unexpected error: 'NoneType' object cannot be interpreted as an integer
2025-07-09 11:19:33,264 - ERROR - Unexpected error: 'NoneType' object cannot be interpreted as an integer
2025-07-09 11:19:33,734 - ERROR - Unexpected error: 'NoneType' object cannot be interpreted as an integer
2025-07-09 11:19:48,950 - ERROR - Unexpected error: 'NoneType' object cannot be interpreted as an integer
2025-07-09 11:19:56,846 - ERROR - Unexpected error: 'NoneType' object cannot be interpreted as an integer
2025-07-09 11:20:12,056 - ERROR - Unexpected error: 'NoneType' object cannot be interpreted as an integer
2025-07-09 11:20:31,662 - ERROR - Unexpected error: 'NoneType' object cannot be interpreted as an integer
2025-07-09 11:20:41,387 - ERROR - Unexpected error: 'NoneType' object cannot be interpreted as an integer
2025-07-09 11:20:41,989 - ERROR - Unexpected error: 'NoneType' object cannot be interpreted as an integer
2025-07-09 11:20:47,244 - ERROR - Unexpected error: 'NoneType' object cannot be interpreted as an integer
2025-07-09 11:20:47,421 - ERROR - Unexpected error: 'NoneType' object cannot be interpreted as an integer
2025-07-09 11:20:47,901 - ERROR - Unexpected error: 'NoneType' object cannot be interpreted as an integer
2025-07-09 11:20:51,172 - ERROR - Unexpected error: 'NoneType' object cannot be interpreted as an integer
2025-07-09 11:20:53,287 - ERROR - Unexpected error: 'NoneType' object cannot be interpreted as an integer
2025-07-09 11:20:56,532 - INFO - Processed 4000 users so far
2025-07-09 11:20:56,694 - ERROR - Unexpected error: 'NoneType' object cannot be interpreted as an integer
2025-07-09 11:20:57,165 - ERROR - Unexpected error: 'NoneType' object cannot be interpreted as an integer
2025-07-09 11:21:02,143 - ERROR - Unexpected error: 'NoneType' object cannot be interpreted as an integer
2025-07-09 11:21:06,494 - ERROR - Unexpected error: 'NoneType' object cannot be interpreted as an integer
2025-07-09 11:21:13,330 - ERROR - Unexpected error: 'NoneType' object cannot be interpreted as an integer
2025-07-09 11:21:14,868 - ERROR - Unexpected error: 'NoneType' object cannot be interpreted as an integer
2025-07-09 11:21:33,733 - ERROR - Unexpected error: 'NoneType' object cannot be interpreted as an integer
2025-07-09 11:21:41,201 - ERROR - Unexpected error: 'NoneType' object cannot be interpreted as an integer
2025-07-09 11:21:44,070 - ERROR - Unexpected error: 'NoneType' object cannot be interpreted as an integer
2025-07-09 11:21:57,113 - ERROR - Unexpected error: 'NoneType' object cannot be interpreted as an integer
2025-07-09 11:21:57,276 - ERROR - Unexpected error: 'NoneType' object cannot be interpreted as an integer
2025-07-09 11:22:59,178 - ERROR - Unexpected error: 'NoneType' object cannot be interpreted as an integer
2025-07-09 11:23:02,981 - ERROR - Unexpected error: 'NoneType' object cannot be interpreted as an integer
2025-07-09 11:23:03,785 - ERROR - Unexpected error: 'NoneType' object cannot be interpreted as an integer
2025-07-09 11:23:11,785 - ERROR - Unexpected error: 'NoneType' object cannot be interpreted as an integer
2025-07-09 11:23:16,961 - ERROR - Unexpected error: 'NoneType' object cannot be interpreted as an integer
2025-07-09 11:23:19,690 - ERROR - Unexpected error: 'NoneType' object cannot be interpreted as an integer
2025-07-09 11:23:25,834 - ERROR - Unexpected error: 'NoneType' object cannot be interpreted as an integer
2025-07-09 11:23:26,289 - ERROR - Unexpected error: 'NoneType' object cannot be interpreted as an integer
2025-07-09 11:23:44,985 - ERROR - Unexpected error: 'NoneType' object cannot be interpreted as an integer
2025-07-09 11:23:52,462 - ERROR - Unexpected error: 'NoneType' object cannot be interpreted as an integer
2025-07-09 11:23:53,085 - ERROR - Unexpected error: 'NoneType' object cannot be interpreted as an integer
2025-07-09 11:24:03,768 - ERROR - Unexpected error: 'NoneType' object cannot be interpreted as an integer
2025-07-09 11:24:07,928 - ERROR - Unexpected error: 'NoneType' object cannot be interpreted as an integer
2025-07-09 11:24:09,624 - ERROR - Unexpected error: 'NoneType' object cannot be interpreted as an integer
2025-07-09 11:24:13,458 - ERROR - Unexpected error: 'NoneType' object cannot be interpreted as an integer
2025-07-09 11:24:36,776 - ERROR - Unexpected error: 'NoneType' object cannot be interpreted as an integer
2025-07-09 11:24:44,850 - ERROR - Unexpected error: 'NoneType' object cannot be interpreted as an integer
2025-07-09 11:24:50,314 - ERROR - Unexpected error: 'NoneType' object cannot be interpreted as an integer
2025-07-09 11:25:19,039 - ERROR - Unexpected error: 'NoneType' object cannot be interpreted as an integer
2025-07-09 11:25:27,512 - ERROR - Unexpected error: 'NoneType' object cannot be interpreted as an integer
2025-07-09 11:25:55,271 - ERROR - Request failed: 422 Client Error: Unprocessable Entity for url: https://arctic-shift.photon-reddit.com/api/posts/search?author=FederalAd6733&after=1641016800&before=1745989200&limit=auto&sort=asc&meta-app=download-tool
2025-07-09 11:26:05,431 - ERROR - Request failed: 422 Client Error: Unprocessable Entity for url: https://arctic-shift.photon-reddit.com/api/posts/search?author=Wide_Treacle_4732&after=1641016800&before=1745989200&limit=auto&sort=asc&meta-app=download-tool
2025-07-09 11:26:49,222 - ERROR - Unexpected error: 'NoneType' object cannot be interpreted as an integer
2025-07-09 11:26:56,926 - ERROR - Unexpected error: 'NoneType' object cannot be interpreted as an integer
2025-07-09 11:26:57,873 - ERROR - Unexpected error: 'NoneType' object cannot be interpreted as an integer
2025-07-09 11:27:03,596 - ERROR - Unexpected error: 'NoneType' object cannot be interpreted as an integer
2025-07-09 11:27:08,144 - ERROR - Unexpected error: 'NoneType' object cannot be interpreted as an integer
2025-07-09 11:27:21,990 - ERROR - Unexpected error: 'NoneType' object cannot be interpreted as an integer
2025-07-09 11:27:26,990 - ERROR - Unexpected error: 'NoneType' object cannot be interpreted as an integer
2025-07-09 11:27:34,515 - ERROR - Unexpected error: 'NoneType' object cannot be interpreted as an integer
2025-07-09 11:27:43,690 - ERROR - Unexpected error: 'NoneType' object cannot be interpreted as an integer
2025-07-09 11:27:44,002 - ERROR - Unexpected error: 'NoneType' object cannot be interpreted as an integer
2025-07-09 11:27:57,401 - ERROR - Unexpected error: 'NoneType' object cannot be interpreted as an integer
2025-07-09 11:27:59,101 - ERROR - Unexpected error: 'NoneType' object cannot be interpreted as an integer
2025-07-09 11:28:05,478 - ERROR - Unexpected error: 'NoneType' object cannot be interpreted as an integer
2025-07-09 11:28:06,925 - ERROR - Unexpected error: 'NoneType' object cannot be interpreted as an integer
2025-07-09 11:28:13,096 - ERROR - Unexpected error: 'NoneType' object cannot be interpreted as an integer
2025-07-09 11:28:28,957 - ERROR - Unexpected error: 'NoneType' object cannot be interpreted as an integer
2025-07-09 11:28:29,431 - ERROR - Unexpected error: 'NoneType' object cannot be interpreted as an integer
2025-07-09 11:28:29,759 - ERROR - Unexpected error: 'NoneType' object cannot be interpreted as an integer
2025-07-09 11:29:34,731 - ERROR - Unexpected error: 'NoneType' object cannot be interpreted as an integer
2025-07-09 11:29:41,083 - ERROR - Unexpected error: 'NoneType' object cannot be interpreted as an integer
2025-07-09 11:29:49,031 - ERROR - Unexpected error: 'NoneType' object cannot be interpreted as an integer
2025-07-09 11:30:02,755 - ERROR - Unexpected error: 'NoneType' object cannot be interpreted as an integer
2025-07-09 11:30:03,636 - ERROR - Unexpected error: 'NoneType' object cannot be interpreted as an integer
2025-07-09 11:30:06,072 - ERROR - Unexpected error: 'NoneType' object cannot be interpreted as an integer
2025-07-09 11:30:08,122 - ERROR - Unexpected error: 'NoneType' object cannot be interpreted as an integer
2025-07-09 11:30:32,733 - ERROR - Unexpected error: 'NoneType' object cannot be interpreted as an integer
2025-07-09 11:30:42,536 - ERROR - Unexpected error: 'NoneType' object cannot be interpreted as an integer
2025-07-09 11:30:56,023 - ERROR - Unexpected error: 'NoneType' object cannot be interpreted as an integer
2025-07-09 11:31:05,938 - ERROR - Unexpected error: 'NoneType' object cannot be interpreted as an integer
2025-07-09 11:31:13,677 - ERROR - Unexpected error: 'NoneType' object cannot be interpreted as an integer
2025-07-09 11:31:13,838 - ERROR - Unexpected error: 'NoneType' object cannot be interpreted as an integer
2025-07-09 11:31:15,685 - ERROR - Unexpected error: 'NoneType' object cannot be interpreted as an integer
2025-07-09 11:31:27,091 - ERROR - Unexpected error: 'NoneType' object cannot be interpreted as an integer
2025-07-09 11:31:31,102 - ERROR - Unexpected error: 'NoneType' object cannot be interpreted as an integer
2025-07-09 11:31:40,854 - ERROR - Unexpected error: 'NoneType' object cannot be interpreted as an integer
2025-07-09 11:31:43,554 - ERROR - Unexpected error: 'NoneType' object cannot be interpreted as an integer
2025-07-09 11:31:44,912 - ERROR - Unexpected error: 'NoneType' object cannot be interpreted as an integer
2025-07-09 11:31:46,448 - ERROR - Unexpected error: 'NoneType' object cannot be interpreted as an integer
2025-07-09 11:31:48,776 - ERROR - Unexpected error: 'NoneType' object cannot be interpreted as an integer
2025-07-09 11:31:54,296 - ERROR - Unexpected error: 'NoneType' object cannot be interpreted as an integer
2025-07-09 11:32:00,758 - ERROR - Unexpected error: 'NoneType' object cannot be interpreted as an integer
2025-07-09 11:32:19,247 - ERROR - Unexpected error: 'NoneType' object cannot be interpreted as an integer
2025-07-09 11:32:20,114 - ERROR - Unexpected error: 'NoneType' object cannot be interpreted as an integer
2025-07-09 11:32:20,848 - ERROR - Unexpected error: 'NoneType' object cannot be interpreted as an integer
2025-07-09 11:32:27,255 - ERROR - Unexpected error: 'NoneType' object cannot be interpreted as an integer
2025-07-09 11:32:57,536 - ERROR - Unexpected error: 'NoneType' object cannot be interpreted as an integer
2025-07-09 11:32:59,414 - ERROR - Unexpected error: 'NoneType' object cannot be interpreted as an integer
2025-07-09 11:33:01,417 - ERROR - Unexpected error: 'NoneType' object cannot be interpreted as an integer
2025-07-09 11:33:13,695 - INFO - Processed 6000 users so far
2025-07-09 11:33:15,339 - ERROR - Unexpected error: 'NoneType' object cannot be interpreted as an integer
2025-07-09 11:33:25,823 - ERROR - Unexpected error: 'NoneType' object cannot be interpreted as an integer
2025-07-09 11:33:32,338 - ERROR - Unexpected error: 'NoneType' object cannot be interpreted as an integer
2025-07-09 11:33:43,816 - ERROR - Unexpected error: 'NoneType' object cannot be interpreted as an integer
2025-07-09 11:33:44,101 - ERROR - Unexpected error: 'NoneType' object cannot be interpreted as an integer
2025-07-09 11:33:48,660 - ERROR - Unexpected error: 'NoneType' object cannot be interpreted as an integer
2025-07-09 11:33:49,445 - ERROR - Unexpected error: 'NoneType' object cannot be interpreted as an integer
2025-07-09 11:33:56,891 - ERROR - Unexpected error: 'NoneType' object cannot be interpreted as an integer
2025-07-09 11:34:28,302 - ERROR - Unexpected error: 'NoneType' object cannot be interpreted as an integer
2025-07-09 11:34:47,882 - ERROR - Unexpected error: 'NoneType' object cannot be interpreted as an integer
2025-07-09 11:35:12,582 - ERROR - Unexpected error: 'NoneType' object cannot be interpreted as an integer
2025-07-09 11:35:26,573 - ERROR - Unexpected error: 'NoneType' object cannot be interpreted as an integer
2025-07-09 11:35:31,714 - ERROR - Unexpected error: 'NoneType' object cannot be interpreted as an integer
2025-07-09 11:35:44,187 - ERROR - Unexpected error: 'NoneType' object cannot be interpreted as an integer
2025-07-09 11:35:57,530 - ERROR - Unexpected error: 'NoneType' object cannot be interpreted as an integer
2025-07-09 11:35:59,910 - ERROR - Unexpected error: 'NoneType' object cannot be interpreted as an integer
2025-07-09 11:36:14,763 - ERROR - Unexpected error: 'NoneType' object cannot be interpreted as an integer
2025-07-09 11:36:23,035 - ERROR - Unexpected error: 'NoneType' object cannot be interpreted as an integer
2025-07-09 11:36:25,229 - ERROR - Unexpected error: 'NoneType' object cannot be interpreted as an integer
2025-07-09 11:36:43,827 - ERROR - Unexpected error: 'NoneType' object cannot be interpreted as an integer
2025-07-09 11:37:05,569 - ERROR - Unexpected error: 'NoneType' object cannot be interpreted as an integer
2025-07-09 11:37:09,391 - ERROR - Unexpected error: 'NoneType' object cannot be interpreted as an integer
2025-07-09 11:37:11,055 - ERROR - Unexpected error: 'NoneType' object cannot be interpreted as an integer
2025-07-09 11:37:18,978 - ERROR - Unexpected error: 'NoneType' object cannot be interpreted as an integer
2025-07-09 11:37:21,954 - ERROR - Unexpected error: 'NoneType' object cannot be interpreted as an integer
2025-07-09 11:37:26,883 - ERROR - Unexpected error: 'NoneType' object cannot be interpreted as an integer
2025-07-09 11:37:28,966 - ERROR - Unexpected error: 'NoneType' object cannot be interpreted as an integer
2025-07-09 11:37:34,971 - ERROR - Unexpected error: 'NoneType' object cannot be interpreted as an integer
2025-07-09 11:37:35,748 - ERROR - Unexpected error: 'NoneType' object cannot be interpreted as an integer
2025-07-09 11:37:41,217 - ERROR - Unexpected error: 'NoneType' object cannot be interpreted as an integer
2025-07-09 11:37:55,545 - ERROR - Unexpected error: 'NoneType' object cannot be interpreted as an integer
2025-07-09 11:38:03,680 - ERROR - Unexpected error: 'NoneType' object cannot be interpreted as an integer
2025-07-09 11:38:09,856 - ERROR - Unexpected error: 'NoneType' object cannot be interpreted as an integer
2025-07-09 11:38:17,094 - ERROR - Unexpected error: 'NoneType' object cannot be interpreted as an integer
2025-07-09 11:38:28,331 - ERROR - Unexpected error: 'NoneType' object cannot be interpreted as an integer
2025-07-09 11:38:32,832 - ERROR - Unexpected error: 'NoneType' object cannot be interpreted as an integer
2025-07-09 11:38:41,130 - ERROR - Unexpected error: 'NoneType' object cannot be interpreted as an integer
2025-07-09 11:38:45,571 - ERROR - Unexpected error: 'NoneType' object cannot be interpreted as an integer
2025-07-09 11:39:09,045 - ERROR - Unexpected error: 'NoneType' object cannot be interpreted as an integer
2025-07-09 11:39:17,918 - ERROR - Unexpected error: 'NoneType' object cannot be interpreted as an integer
2025-07-09 11:39:18,638 - ERROR - Unexpected error: 'NoneType' object cannot be interpreted as an integer
2025-07-09 11:39:19,577 - ERROR - Unexpected error: 'NoneType' object cannot be interpreted as an integer
2025-07-09 11:39:32,728 - ERROR - Unexpected error: 'NoneType' object cannot be interpreted as an integer
2025-07-09 11:39:33,512 - ERROR - Unexpected error: 'NoneType' object cannot be interpreted as an integer
2025-07-09 11:39:34,287 - ERROR - Unexpected error: 'NoneType' object cannot be interpreted as an integer
2025-07-09 11:39:36,045 - ERROR - Unexpected error: 'NoneType' object cannot be interpreted as an integer
2025-07-09 11:39:39,133 - ERROR - Unexpected error: 'NoneType' object cannot be interpreted as an integer
2025-07-09 11:39:39,894 - ERROR - Unexpected error: 'NoneType' object cannot be interpreted as an integer
2025-07-09 11:39:53,970 - ERROR - Unexpected error: 'NoneType' object cannot be interpreted as an integer
2025-07-09 11:39:59,062 - ERROR - Unexpected error: 'NoneType' object cannot be interpreted as an integer
2025-07-09 11:39:59,859 - ERROR - Unexpected error: 'NoneType' object cannot be interpreted as an integer
2025-07-09 11:40:01,811 - ERROR - Unexpected error: 'NoneType' object cannot be interpreted as an integer
2025-07-09 11:40:24,863 - ERROR - Unexpected error: 'NoneType' object cannot be interpreted as an integer
2025-07-09 11:40:36,150 - ERROR - Unexpected error: 'NoneType' object cannot be interpreted as an integer
2025-07-09 11:40:49,684 - ERROR - Unexpected error: 'NoneType' object cannot be interpreted as an integer
2025-07-09 11:40:53,953 - ERROR - Unexpected error: 'NoneType' object cannot be interpreted as an integer
2025-07-09 11:40:55,710 - ERROR - Unexpected error: 'NoneType' object cannot be interpreted as an integer
2025-07-09 11:41:09,299 - ERROR - Unexpected error: 'NoneType' object cannot be interpreted as an integer
2025-07-09 11:41:25,628 - ERROR - Unexpected error: 'NoneType' object cannot be interpreted as an integer
2025-07-09 11:41:34,099 - ERROR - Unexpected error: 'NoneType' object cannot be interpreted as an integer
2025-07-09 11:41:34,451 - ERROR - Unexpected error: 'NoneType' object cannot be interpreted as an integer
2025-07-09 11:41:44,295 - ERROR - Unexpected error: 'NoneType' object cannot be interpreted as an integer
2025-07-09 11:41:49,709 - ERROR - Unexpected error: 'NoneType' object cannot be interpreted as an integer
2025-07-09 11:41:52,415 - ERROR - Unexpected error: 'NoneType' object cannot be interpreted as an integer
2025-07-09 11:41:54,360 - ERROR - Unexpected error: 'NoneType' object cannot be interpreted as an integer
2025-07-09 11:42:07,638 - ERROR - Unexpected error: 'NoneType' object cannot be interpreted as an integer
2025-07-09 11:42:34,270 - ERROR - Unexpected error: 'NoneType' object cannot be interpreted as an integer
2025-07-09 11:42:42,829 - ERROR - Unexpected error: 'NoneType' object cannot be interpreted as an integer
2025-07-09 11:43:14,367 - ERROR - Unexpected error: 'NoneType' object cannot be interpreted as an integer
2025-07-09 11:43:30,982 - ERROR - Unexpected error: 'NoneType' object cannot be interpreted as an integer
2025-07-09 11:43:40,656 - ERROR - Unexpected error: 'NoneType' object cannot be interpreted as an integer
2025-07-09 11:43:41,129 - ERROR - Unexpected error: 'NoneType' object cannot be interpreted as an integer
2025-07-09 11:43:51,481 - ERROR - Unexpected error: 'NoneType' object cannot be interpreted as an integer
2025-07-09 11:44:05,958 - ERROR - Unexpected error: 'NoneType' object cannot be interpreted as an integer
2025-07-09 11:44:06,599 - ERROR - Unexpected error: 'NoneType' object cannot be interpreted as an integer
2025-07-09 11:44:16,399 - INFO - Processed 8000 users so far
2025-07-09 11:44:23,070 - ERROR - Unexpected error: 'NoneType' object cannot be interpreted as an integer
2025-07-09 11:44:23,834 - ERROR - Unexpected error: 'NoneType' object cannot be interpreted as an integer
2025-07-09 11:44:26,584 - ERROR - Unexpected error: 'NoneType' object cannot be interpreted as an integer
2025-07-09 11:44:29,836 - ERROR - Unexpected error: 'NoneType' object cannot be interpreted as an integer
2025-07-09 11:44:35,039 - ERROR - Unexpected error: 'NoneType' object cannot be interpreted as an integer
2025-07-09 11:44:52,265 - ERROR - Unexpected error: 'NoneType' object cannot be interpreted as an integer
2025-07-09 11:44:55,849 - ERROR - Unexpected error: 'NoneType' object cannot be interpreted as an integer
2025-07-09 11:44:56,332 - ERROR - Unexpected error: 'NoneType' object cannot be interpreted as an integer
2025-07-09 11:45:08,605 - ERROR - Unexpected error: 'NoneType' object cannot be interpreted as an integer
2025-07-09 11:45:29,816 - ERROR - Unexpected error: 'NoneType' object cannot be interpreted as an integer
2025-07-09 11:46:21,311 - ERROR - Unexpected error: 'NoneType' object cannot be interpreted as an integer
2025-07-09 11:46:21,490 - ERROR - Unexpected error: 'NoneType' object cannot be interpreted as an integer
2025-07-09 11:46:32,680 - ERROR - Unexpected error: 'NoneType' object cannot be interpreted as an integer
2025-07-09 11:46:51,839 - ERROR - Unexpected error: 'NoneType' object cannot be interpreted as an integer
2025-07-09 11:46:57,494 - ERROR - Unexpected error: 'NoneType' object cannot be interpreted as an integer
2025-07-09 11:47:07,062 - ERROR - Unexpected error: 'NoneType' object cannot be interpreted as an integer
2025-07-09 11:47:08,058 - ERROR - Unexpected error: 'NoneType' object cannot be interpreted as an integer
2025-07-09 11:47:13,879 - ERROR - Unexpected error: 'NoneType' object cannot be interpreted as an integer
2025-07-09 11:47:48,874 - ERROR - Unexpected error: 'NoneType' object cannot be interpreted as an integer
2025-07-09 11:47:50,506 - ERROR - Unexpected error: 'NoneType' object cannot be interpreted as an integer
2025-07-09 11:47:57,630 - ERROR - Unexpected error: 'NoneType' object cannot be interpreted as an integer
2025-07-09 11:47:58,661 - ERROR - Unexpected error: 'NoneType' object cannot be interpreted as an integer
2025-07-09 11:48:05,162 - ERROR - Unexpected error: 'NoneType' object cannot be interpreted as an integer
2025-07-09 11:48:09,409 - ERROR - Unexpected error: 'NoneType' object cannot be interpreted as an integer
2025-07-09 11:48:24,085 - ERROR - Unexpected error: 'NoneType' object cannot be interpreted as an integer
2025-07-09 11:48:31,276 - ERROR - Unexpected error: 'NoneType' object cannot be interpreted as an integer
2025-07-09 11:48:38,256 - ERROR - Unexpected error: 'NoneType' object cannot be interpreted as an integer
2025-07-09 11:48:40,096 - ERROR - Unexpected error: 'NoneType' object cannot be interpreted as an integer
2025-07-09 11:48:42,825 - ERROR - Unexpected error: 'NoneType' object cannot be interpreted as an integer
2025-07-09 11:48:53,598 - ERROR - Unexpected error: 'NoneType' object cannot be interpreted as an integer
2025-07-09 11:48:55,525 - ERROR - Unexpected error: 'NoneType' object cannot be interpreted as an integer
2025-07-09 11:49:08,048 - ERROR - Unexpected error: 'NoneType' object cannot be interpreted as an integer
2025-07-09 11:49:14,890 - ERROR - Unexpected error: 'NoneType' object cannot be interpreted as an integer
2025-07-09 11:49:28,013 - ERROR - Unexpected error: 'NoneType' object cannot be interpreted as an integer
2025-07-09 11:49:40,380 - ERROR - Unexpected error: 'NoneType' object cannot be interpreted as an integer
2025-07-09 11:49:49,514 - ERROR - Unexpected error: 'NoneType' object cannot be interpreted as an integer
2025-07-09 11:49:55,373 - ERROR - Unexpected error: 'NoneType' object cannot be interpreted as an integer
2025-07-09 11:49:57,456 - ERROR - Unexpected error: 'NoneType' object cannot be interpreted as an integer
2025-07-09 11:50:10,700 - ERROR - Unexpected error: 'NoneType' object cannot be interpreted as an integer
2025-07-09 11:50:13,436 - ERROR - Unexpected error: 'NoneType' object cannot be interpreted as an integer
2025-07-09 11:50:18,790 - ERROR - Unexpected error: 'NoneType' object cannot be interpreted as an integer
2025-07-09 11:50:29,007 - ERROR - Unexpected error: 'NoneType' object cannot be interpreted as an integer
2025-07-09 11:50:40,537 - ERROR - Unexpected error: 'NoneType' object cannot be interpreted as an integer
2025-07-09 11:50:51,038 - ERROR - Unexpected error: 'NoneType' object cannot be interpreted as an integer
2025-07-09 11:51:07,662 - ERROR - Unexpected error: 'NoneType' object cannot be interpreted as an integer
2025-07-09 11:51:18,800 - ERROR - Unexpected error: 'NoneType' object cannot be interpreted as an integer
2025-07-09 11:51:22,938 - ERROR - Unexpected error: 'NoneType' object cannot be interpreted as an integer
2025-07-09 11:51:43,835 - ERROR - Unexpected error: 'NoneType' object cannot be interpreted as an integer
2025-07-09 11:51:59,761 - ERROR - Unexpected error: 'NoneType' object cannot be interpreted as an integer
2025-07-09 11:52:02,115 - ERROR - Unexpected error: 'NoneType' object cannot be interpreted as an integer
2025-07-09 11:52:18,312 - ERROR - Unexpected error: 'NoneType' object cannot be interpreted as an integer
2025-07-09 11:52:23,149 - ERROR - Unexpected error: 'NoneType' object cannot be interpreted as an integer
2025-07-09 11:52:25,452 - ERROR - Unexpected error: 'NoneType' object cannot be interpreted as an integer
2025-07-09 11:52:30,251 - ERROR - Unexpected error: 'NoneType' object cannot be interpreted as an integer
2025-07-09 11:52:32,461 - ERROR - Unexpected error: 'NoneType' object cannot be interpreted as an integer
2025-07-09 11:52:34,112 - ERROR - Unexpected error: 'NoneType' object cannot be interpreted as an integer
2025-07-09 11:52:41,429 - ERROR - Unexpected error: 'NoneType' object cannot be interpreted as an integer
2025-07-09 11:52:42,404 - ERROR - Unexpected error: 'NoneType' object cannot be interpreted as an integer
2025-07-09 11:52:51,121 - ERROR - Unexpected error: 'NoneType' object cannot be interpreted as an integer
2025-07-09 11:53:02,979 - ERROR - Unexpected error: 'NoneType' object cannot be interpreted as an integer
2025-07-09 11:53:09,235 - ERROR - Unexpected error: 'NoneType' object cannot be interpreted as an integer
2025-07-09 11:53:09,729 - ERROR - Unexpected error: 'NoneType' object cannot be interpreted as an integer
2025-07-09 11:53:12,641 - ERROR - Unexpected error: 'NoneType' object cannot be interpreted as an integer
2025-07-09 11:53:21,237 - ERROR - Unexpected error: 'NoneType' object cannot be interpreted as an integer
2025-07-09 11:53:31,007 - ERROR - Unexpected error: 'NoneType' object cannot be interpreted as an integer
2025-07-09 11:53:37,194 - ERROR - Unexpected error: 'NoneType' object cannot be interpreted as an integer
2025-07-09 11:53:45,269 - ERROR - Unexpected error: 'NoneType' object cannot be interpreted as an integer
2025-07-09 11:54:04,871 - ERROR - Unexpected error: 'NoneType' object cannot be interpreted as an integer
2025-07-09 11:54:19,042 - ERROR - Unexpected error: 'NoneType' object cannot be interpreted as an integer
2025-07-09 11:54:31,938 - INFO - Processed 10000 users so far
2025-07-09 11:54:33,973 - ERROR - Unexpected error: 'NoneType' object cannot be interpreted as an integer
2025-07-09 11:54:48,373 - ERROR - Unexpected error: 'NoneType' object cannot be interpreted as an integer
2025-07-09 11:54:49,857 - ERROR - Unexpected error: 'NoneType' object cannot be interpreted as an integer
2025-07-09 11:54:54,602 - ERROR - Unexpected error: 'NoneType' object cannot be interpreted as an integer
2025-07-09 11:55:05,056 - ERROR - Unexpected error: 'NoneType' object cannot be interpreted as an integer
2025-07-09 11:55:11,280 - ERROR - Unexpected error: 'NoneType' object cannot be interpreted as an integer
2025-07-09 11:55:18,173 - ERROR - Unexpected error: 'NoneType' object cannot be interpreted as an integer
2025-07-09 11:55:21,332 - ERROR - Unexpected error: 'NoneType' object cannot be interpreted as an integer
2025-07-09 11:55:28,823 - ERROR - Unexpected error: 'NoneType' object cannot be interpreted as an integer
2025-07-09 11:55:31,447 - ERROR - Unexpected error: 'NoneType' object cannot be interpreted as an integer
2025-07-09 11:55:32,248 - ERROR - Unexpected error: 'NoneType' object cannot be interpreted as an integer
2025-07-09 11:55:33,667 - ERROR - Unexpected error: 'NoneType' object cannot be interpreted as an integer
2025-07-09 11:55:35,436 - ERROR - Unexpected error: 'NoneType' object cannot be interpreted as an integer
2025-07-09 11:55:54,651 - ERROR - Unexpected error: 'NoneType' object cannot be interpreted as an integer
2025-07-09 11:55:57,126 - ERROR - Unexpected error: 'NoneType' object cannot be interpreted as an integer
2025-07-09 11:56:14,544 - ERROR - Unexpected error: 'NoneType' object cannot be interpreted as an integer
2025-07-09 11:56:21,044 - ERROR - Unexpected error: 'NoneType' object cannot be interpreted as an integer
2025-07-09 11:56:24,535 - ERROR - Unexpected error: 'NoneType' object cannot be interpreted as an integer
2025-07-09 11:56:25,482 - ERROR - Unexpected error: 'NoneType' object cannot be interpreted as an integer
2025-07-09 11:56:29,599 - ERROR - Unexpected error: 'NoneType' object cannot be interpreted as an integer
2025-07-09 11:57:05,156 - ERROR - Unexpected error: 'NoneType' object cannot be interpreted as an integer
2025-07-09 11:57:05,321 - ERROR - Unexpected error: 'NoneType' object cannot be interpreted as an integer
2025-07-09 11:58:05,434 - ERROR - Unexpected error: 'NoneType' object cannot be interpreted as an integer
2025-07-09 11:58:11,061 - ERROR - Unexpected error: 'NoneType' object cannot be interpreted as an integer
2025-07-09 11:58:23,353 - ERROR - Unexpected error: 'NoneType' object cannot be interpreted as an integer
2025-07-09 11:58:26,203 - ERROR - Unexpected error: 'NoneType' object cannot be interpreted as an integer
2025-07-09 11:58:32,707 - ERROR - Unexpected error: 'NoneType' object cannot be interpreted as an integer
2025-07-09 11:58:55,918 - ERROR - Unexpected error: 'NoneType' object cannot be interpreted as an integer
2025-07-09 11:59:23,153 - ERROR - Unexpected error: 'NoneType' object cannot be interpreted as an integer
2025-07-09 11:59:50,751 - ERROR - Unexpected error: 'NoneType' object cannot be interpreted as an integer
2025-07-09 12:00:10,557 - ERROR - Unexpected error: 'NoneType' object cannot be interpreted as an integer
2025-07-09 12:00:35,977 - ERROR - Unexpected error: 'NoneType' object cannot be interpreted as an integer
2025-07-09 12:00:37,013 - ERROR - Unexpected error: 'NoneType' object cannot be interpreted as an integer
2025-07-09 12:00:45,291 - ERROR - Unexpected error: 'NoneType' object cannot be interpreted as an integer
2025-07-09 12:00:52,751 - ERROR - Unexpected error: 'NoneType' object cannot be interpreted as an integer
2025-07-09 12:01:08,032 - ERROR - Unexpected error: 'NoneType' object cannot be interpreted as an integer
2025-07-09 12:01:08,210 - ERROR - Unexpected error: 'NoneType' object cannot be interpreted as an integer
2025-07-09 12:01:19,118 - ERROR - Unexpected error: 'NoneType' object cannot be interpreted as an integer
2025-07-09 12:01:23,949 - ERROR - Unexpected error: 'NoneType' object cannot be interpreted as an integer
2025-07-09 12:01:31,693 - ERROR - Unexpected error: 'NoneType' object cannot be interpreted as an integer
2025-07-09 12:01:38,292 - ERROR - Unexpected error: 'NoneType' object cannot be interpreted as an integer
2025-07-09 12:01:53,503 - ERROR - Unexpected error: 'NoneType' object cannot be interpreted as an integer
2025-07-09 12:01:53,669 - ERROR - Unexpected error: 'NoneType' object cannot be interpreted as an integer
2025-07-09 12:01:54,157 - ERROR - Unexpected error: 'NoneType' object cannot be interpreted as an integer
2025-07-09 12:02:00,705 - ERROR - Unexpected error: 'NoneType' object cannot be interpreted as an integer
2025-07-09 12:02:22,551 - ERROR - Unexpected error: 'NoneType' object cannot be interpreted as an integer
2025-07-09 12:02:34,571 - ERROR - Unexpected error: 'NoneType' object cannot be interpreted as an integer
2025-07-09 12:02:43,485 - ERROR - Unexpected error: 'NoneType' object cannot be interpreted as an integer
2025-07-09 12:02:49,347 - ERROR - Unexpected error: 'NoneType' object cannot be interpreted as an integer
2025-07-09 12:03:04,334 - ERROR - Unexpected error: 'NoneType' object cannot be interpreted as an integer
2025-07-09 12:03:05,275 - ERROR - Unexpected error: 'NoneType' object cannot be interpreted as an integer
2025-07-09 12:03:06,503 - ERROR - Unexpected error: 'NoneType' object cannot be interpreted as an integer
2025-07-09 12:03:06,953 - ERROR - Unexpected error: 'NoneType' object cannot be interpreted as an integer
2025-07-09 12:03:09,990 - ERROR - Unexpected error: 'NoneType' object cannot be interpreted as an integer
2025-07-09 12:03:14,837 - ERROR - Unexpected error: 'NoneType' object cannot be interpreted as an integer
2025-07-09 12:03:37,812 - ERROR - Unexpected error: 'NoneType' object cannot be interpreted as an integer
2025-07-09 12:03:40,916 - ERROR - Unexpected error: 'NoneType' object cannot be interpreted as an integer
2025-07-09 12:03:46,437 - ERROR - Unexpected error: 'NoneType' object cannot be interpreted as an integer
2025-07-09 12:03:47,720 - ERROR - Unexpected error: 'NoneType' object cannot be interpreted as an integer
2025-07-09 12:03:53,724 - ERROR - Unexpected error: 'NoneType' object cannot be interpreted as an integer
2025-07-09 12:03:54,223 - ERROR - Unexpected error: 'NoneType' object cannot be interpreted as an integer
2025-07-09 12:03:55,695 - ERROR - Unexpected error: 'NoneType' object cannot be interpreted as an integer
2025-07-09 12:04:04,723 - ERROR - Unexpected error: 'NoneType' object cannot be interpreted as an integer
2025-07-09 12:04:05,626 - ERROR - Unexpected error: 'NoneType' object cannot be interpreted as an integer
2025-07-09 12:04:14,402 - ERROR - Unexpected error: 'NoneType' object cannot be interpreted as an integer
2025-07-09 12:04:18,858 - ERROR - Unexpected error: 'NoneType' object cannot be interpreted as an integer
2025-07-09 12:04:19,313 - ERROR - Unexpected error: 'NoneType' object cannot be interpreted as an integer
2025-07-09 12:04:19,773 - ERROR - Unexpected error: 'NoneType' object cannot be interpreted as an integer
2025-07-09 12:04:36,026 - ERROR - Unexpected error: 'NoneType' object cannot be interpreted as an integer
2025-07-09 12:04:37,866 - ERROR - Unexpected error: 'NoneType' object cannot be interpreted as an integer
2025-07-09 12:04:48,435 - ERROR - Unexpected error: 'NoneType' object cannot be interpreted as an integer
2025-07-09 12:04:50,089 - ERROR - Unexpected error: 'NoneType' object cannot be interpreted as an integer
2025-07-09 12:05:00,007 - ERROR - Unexpected error: 'NoneType' object cannot be interpreted as an integer
2025-07-09 12:05:17,870 - INFO - Processed 12000 users so far
2025-07-09 12:05:26,809 - ERROR - Request failed: 422 Client Error: Unprocessable Entity for url: https://arctic-shift.photon-reddit.com/api/posts/search?author=SaysSaysSaysSays&after=1641016800&before=1745989200&limit=auto&sort=asc&meta-app=download-tool
2025-07-09 12:05:29,962 - ERROR - Request failed: 422 Client Error: Unprocessable Entity for url: https://arctic-shift.photon-reddit.com/api/posts/search?author=ExperienceExplored&after=1641016800&before=1745989200&limit=auto&sort=asc&meta-app=download-tool
2025-07-09 12:06:05,573 - ERROR - Request failed: 422 Client Error: Unprocessable Entity for url: https://arctic-shift.photon-reddit.com/api/posts/search?author=Responsible-Event876&after=1641016800&before=1745989200&limit=auto&sort=asc&meta-app=download-tool
2025-07-09 12:06:32,956 - ERROR - Request failed: 422 Client Error: Unprocessable Entity for url: https://arctic-shift.photon-reddit.com/api/posts/search?author=Opposite-Back-5229&after=1641016800&before=1745989200&limit=auto&sort=asc&meta-app=download-tool
2025-07-09 12:06:51,322 - ERROR - Unexpected error: 'NoneType' object cannot be interpreted as an integer
2025-07-09 12:07:06,926 - ERROR - Request failed: 422 Client Error: Unprocessable Entity for url: https://arctic-shift.photon-reddit.com/api/posts/search?author=gwenchen&after=1641016800&before=1745989200&limit=auto&sort=asc&meta-app=download-tool
2025-07-09 12:07:40,778 - ERROR - Request failed: 422 Client Error: Unprocessable Entity for url: https://arctic-shift.photon-reddit.com/api/posts/search?author=LightningEdge756&after=1641016800&before=1745989200&limit=auto&sort=asc&meta-app=download-tool
2025-07-09 12:08:18,618 - ERROR - Request failed: 422 Client Error: Unprocessable Entity for url: https://arctic-shift.photon-reddit.com/api/posts/search?author=Sure-Essay5162&after=1641016800&before=1745989200&limit=auto&sort=asc&meta-app=download-tool
2025-07-09 12:08:37,463 - ERROR - Request failed: 422 Client Error: Unprocessable Entity for url: https://arctic-shift.photon-reddit.com/api/posts/search?author=Quick_Task_724&after=1641016800&before=1745989200&limit=auto&sort=asc&meta-app=download-tool
2025-07-09 12:08:50,049 - ERROR - Request failed: 422 Client Error: Unprocessable Entity for url: https://arctic-shift.photon-reddit.com/api/posts/search?author=WeedThrough&after=1641016800&before=1745989200&limit=auto&sort=asc&meta-app=download-tool
2025-07-09 12:09:06,206 - ERROR - Request failed: 422 Client Error: Unprocessable Entity for url: https://arctic-shift.photon-reddit.com/api/posts/search?author=Kinkycurls_36&after=1641016800&before=1745989200&limit=auto&sort=asc&meta-app=download-tool
2025-07-09 12:09:17,201 - ERROR - Request failed: 422 Client Error: Unprocessable Entity for url: https://arctic-shift.photon-reddit.com/api/posts/search?author=mirrorskz&after=1641016800&before=1745989200&limit=auto&sort=asc&meta-app=download-tool
2025-07-09 12:09:44,863 - ERROR - Request failed: 422 Client Error: Unprocessable Entity for url: https://arctic-shift.photon-reddit.com/api/posts/search?author=TadpoleComfortable70&after=1641016800&before=1745989200&limit=auto&sort=asc&meta-app=download-tool
2025-07-09 12:09:49,370 - ERROR - Unexpected error: 'NoneType' object cannot be interpreted as an integer
2025-07-09 12:09:49,672 - ERROR - Unexpected error: 'NoneType' object cannot be interpreted as an integer
2025-07-09 12:10:16,771 - ERROR - Unexpected error: 'NoneType' object cannot be interpreted as an integer
2025-07-09 12:10:23,467 - ERROR - Unexpected error: 'NoneType' object cannot be interpreted as an integer
2025-07-09 12:10:43,514 - ERROR - Unexpected error: 'NoneType' object cannot be interpreted as an integer
2025-07-09 12:11:02,351 - ERROR - Unexpected error: 'NoneType' object cannot be interpreted as an integer
2025-07-09 12:11:13,341 - ERROR - Unexpected error: 'NoneType' object cannot be interpreted as an integer
2025-07-09 12:11:23,288 - ERROR - Unexpected error: 'NoneType' object cannot be interpreted as an integer
2025-07-09 12:11:30,742 - ERROR - Unexpected error: 'NoneType' object cannot be interpreted as an integer
2025-07-09 12:11:32,374 - ERROR - Unexpected error: 'NoneType' object cannot be interpreted as an integer
2025-07-09 12:12:17,990 - ERROR - Unexpected error: 'NoneType' object cannot be interpreted as an integer
2025-07-09 12:12:19,426 - ERROR - Unexpected error: 'NoneType' object cannot be interpreted as an integer
2025-07-09 12:12:33,366 - ERROR - Unexpected error: 'NoneType' object cannot be interpreted as an integer
2025-07-09 12:12:35,063 - ERROR - Unexpected error: 'NoneType' object cannot be interpreted as an integer
2025-07-09 12:12:49,545 - ERROR - Unexpected error: 'NoneType' object cannot be interpreted as an integer
2025-07-09 12:12:50,442 - ERROR - Unexpected error: 'NoneType' object cannot be interpreted as an integer
2025-07-09 12:12:52,202 - ERROR - Unexpected error: 'NoneType' object cannot be interpreted as an integer
2025-07-09 12:13:03,847 - ERROR - Unexpected error: 'NoneType' object cannot be interpreted as an integer
2025-07-09 12:13:25,739 - ERROR - Unexpected error: 'NoneType' object cannot be interpreted as an integer
2025-07-09 12:13:33,402 - ERROR - Unexpected error: 'NoneType' object cannot be interpreted as an integer
2025-07-09 12:13:34,489 - ERROR - Unexpected error: 'NoneType' object cannot be interpreted as an integer
2025-07-09 12:13:35,277 - ERROR - Unexpected error: 'NoneType' object cannot be interpreted as an integer
2025-07-09 12:13:43,112 - ERROR - Unexpected error: 'NoneType' object cannot be interpreted as an integer
2025-07-09 12:13:49,654 - ERROR - Unexpected error: 'NoneType' object cannot be interpreted as an integer
2025-07-09 12:13:57,800 - ERROR - Unexpected error: 'NoneType' object cannot be interpreted as an integer
2025-07-09 12:14:04,454 - ERROR - Unexpected error: 'NoneType' object cannot be interpreted as an integer
2025-07-09 12:14:26,591 - ERROR - Unexpected error: 'NoneType' object cannot be interpreted as an integer
2025-07-09 12:14:38,650 - ERROR - Unexpected error: 'NoneType' object cannot be interpreted as an integer
2025-07-09 12:14:40,213 - ERROR - Unexpected error: 'NoneType' object cannot be interpreted as an integer
2025-07-09 12:14:46,575 - ERROR - Unexpected error: 'NoneType' object cannot be interpreted as an integer
2025-07-09 12:14:56,256 - ERROR - Unexpected error: 'NoneType' object cannot be interpreted as an integer
2025-07-09 12:15:00,230 - ERROR - Unexpected error: 'NoneType' object cannot be interpreted as an integer
2025-07-09 12:15:02,477 - ERROR - Unexpected error: 'NoneType' object cannot be interpreted as an integer
2025-07-09 12:15:04,165 - ERROR - Unexpected error: 'NoneType' object cannot be interpreted as an integer
2025-07-09 12:17:13,269 - ERROR - Unexpected error: 'NoneType' object cannot be interpreted as an integer
2025-07-09 12:17:26,773 - ERROR - Unexpected error: 'NoneType' object cannot be interpreted as an integer
2025-07-09 12:17:28,585 - ERROR - Unexpected error: 'NoneType' object cannot be interpreted as an integer
2025-07-09 12:17:37,541 - ERROR - Unexpected error: 'NoneType' object cannot be interpreted as an integer
2025-07-09 12:17:38,064 - ERROR - Unexpected error: 'NoneType' object cannot be interpreted as an integer
2025-07-09 12:17:46,415 - ERROR - Unexpected error: 'NoneType' object cannot be interpreted as an integer
2025-07-09 12:17:48,510 - ERROR - Unexpected error: 'NoneType' object cannot be interpreted as an integer
2025-07-09 12:17:49,985 - ERROR - Unexpected error: 'NoneType' object cannot be interpreted as an integer
2025-07-09 12:18:17,099 - ERROR - Unexpected error: 'NoneType' object cannot be interpreted as an integer
2025-07-09 12:18:31,063 - ERROR - Unexpected error: 'NoneType' object cannot be interpreted as an integer
2025-07-09 12:18:42,054 - ERROR - Unexpected error: 'NoneType' object cannot be interpreted as an integer
2025-07-09 12:18:53,574 - ERROR - Unexpected error: 'NoneType' object cannot be interpreted as an integer
2025-07-09 12:18:55,546 - ERROR - Unexpected error: 'NoneType' object cannot be interpreted as an integer
2025-07-09 12:18:56,514 - ERROR - Unexpected error: 'NoneType' object cannot be interpreted as an integer
2025-07-09 12:18:59,871 - ERROR - Unexpected error: 'NoneType' object cannot be interpreted as an integer
2025-07-09 12:19:04,726 - ERROR - Unexpected error: 'NoneType' object cannot be interpreted as an integer
2025-07-09 12:19:22,241 - ERROR - Unexpected error: 'NoneType' object cannot be interpreted as an integer
2025-07-09 12:19:27,381 - ERROR - Unexpected error: 'NoneType' object cannot be interpreted as an integer
2025-07-09 12:19:31,502 - ERROR - Unexpected error: 'NoneType' object cannot be interpreted as an integer
2025-07-09 12:19:32,297 - ERROR - Unexpected error: 'NoneType' object cannot be interpreted as an integer
2025-07-09 12:19:41,330 - ERROR - Unexpected error: 'NoneType' object cannot be interpreted as an integer
2025-07-09 12:19:44,517 - ERROR - Unexpected error: 'NoneType' object cannot be interpreted as an integer
2025-07-09 12:19:48,967 - ERROR - Unexpected error: 'NoneType' object cannot be interpreted as an integer
2025-07-09 12:20:00,018 - ERROR - Unexpected error: 'NoneType' object cannot be interpreted as an integer
2025-07-09 12:20:00,198 - ERROR - Unexpected error: 'NoneType' object cannot be interpreted as an integer
2025-07-09 12:20:02,414 - ERROR - Unexpected error: 'NoneType' object cannot be interpreted as an integer
2025-07-09 12:20:33,661 - ERROR - Unexpected error: 'NoneType' object cannot be interpreted as an integer
2025-07-09 12:20:38,945 - ERROR - Unexpected error: 'NoneType' object cannot be interpreted as an integer
2025-07-09 12:20:41,640 - ERROR - Unexpected error: 'NoneType' object cannot be interpreted as an integer
2025-07-09 12:20:44,499 - ERROR - Unexpected error: 'NoneType' object cannot be interpreted as an integer
2025-07-09 12:20:51,456 - ERROR - Unexpected error: 'NoneType' object cannot be interpreted as an integer
2025-07-09 12:20:58,601 - ERROR - Unexpected error: 'NoneType' object cannot be interpreted as an integer
2025-07-09 12:21:01,097 - INFO - Processed 14000 users so far
2025-07-09 12:21:23,594 - ERROR - Unexpected error: 'NoneType' object cannot be interpreted as an integer
2025-07-09 12:21:25,063 - ERROR - Unexpected error: 'NoneType' object cannot be interpreted as an integer
2025-07-09 12:21:42,590 - ERROR - Unexpected error: 'NoneType' object cannot be interpreted as an integer
2025-07-09 12:21:43,889 - ERROR - Unexpected error: 'NoneType' object cannot be interpreted as an integer
2025-07-09 12:21:46,398 - ERROR - Unexpected error: 'NoneType' object cannot be interpreted as an integer
2025-07-09 12:21:56,349 - ERROR - Unexpected error: 'NoneType' object cannot be interpreted as an integer
2025-07-09 12:22:07,467 - ERROR - Unexpected error: 'NoneType' object cannot be interpreted as an integer
2025-07-09 12:22:13,751 - ERROR - Unexpected error: 'NoneType' object cannot be interpreted as an integer
2025-07-09 12:22:20,190 - ERROR - Unexpected error: 'NoneType' object cannot be interpreted as an integer
2025-07-09 12:22:26,593 - ERROR - Unexpected error: 'NoneType' object cannot be interpreted as an integer
2025-07-09 12:22:35,848 - ERROR - Unexpected error: 'NoneType' object cannot be interpreted as an integer
2025-07-09 12:22:40,341 - ERROR - Unexpected error: 'NoneType' object cannot be interpreted as an integer
2025-07-09 12:23:01,833 - ERROR - Unexpected error: 'NoneType' object cannot be interpreted as an integer
2025-07-09 12:23:09,392 - ERROR - Unexpected error: 'NoneType' object cannot be interpreted as an integer
2025-07-09 12:23:10,746 - ERROR - Unexpected error: 'NoneType' object cannot be interpreted as an integer
2025-07-09 12:23:16,899 - ERROR - Unexpected error: 'NoneType' object cannot be interpreted as an integer
2025-07-09 12:23:23,495 - ERROR - Unexpected error: 'NoneType' object cannot be interpreted as an integer
2025-07-09 12:23:27,573 - ERROR - Unexpected error: 'NoneType' object cannot be interpreted as an integer
2025-07-09 12:23:28,817 - ERROR - Unexpected error: 'NoneType' object cannot be interpreted as an integer
2025-07-09 12:23:56,372 - ERROR - Unexpected error: 'NoneType' object cannot be interpreted as an integer
2025-07-09 12:24:04,715 - ERROR - Unexpected error: 'NoneType' object cannot be interpreted as an integer
2025-07-09 12:24:09,589 - ERROR - Unexpected error: 'NoneType' object cannot be interpreted as an integer
2025-07-09 12:24:19,763 - ERROR - Unexpected error: 'NoneType' object cannot be interpreted as an integer
2025-07-09 12:24:30,607 - ERROR - Unexpected error: 'NoneType' object cannot be interpreted as an integer
2025-07-09 12:24:38,150 - ERROR - Unexpected error: 'NoneType' object cannot be interpreted as an integer
2025-07-09 12:24:43,795 - ERROR - Unexpected error: 'NoneType' object cannot be interpreted as an integer
2025-07-09 12:24:47,427 - ERROR - Unexpected error: 'NoneType' object cannot be interpreted as an integer
2025-07-09 12:25:05,739 - ERROR - Unexpected error: 'NoneType' object cannot be interpreted as an integer
2025-07-09 12:25:14,000 - ERROR - Unexpected error: 'NoneType' object cannot be interpreted as an integer
2025-07-09 12:25:15,631 - ERROR - Unexpected error: 'NoneType' object cannot be interpreted as an integer
2025-07-09 12:25:26,969 - ERROR - Unexpected error: 'NoneType' object cannot be interpreted as an integer
2025-07-09 12:25:29,887 - ERROR - Unexpected error: 'NoneType' object cannot be interpreted as an integer
2025-07-09 12:25:31,159 - ERROR - Unexpected error: 'NoneType' object cannot be interpreted as an integer
2025-07-09 12:25:40,528 - ERROR - Unexpected error: 'NoneType' object cannot be interpreted as an integer
2025-07-09 12:25:42,136 - ERROR - Unexpected error: 'NoneType' object cannot be interpreted as an integer
2025-07-09 12:25:58,085 - ERROR - Unexpected error: 'NoneType' object cannot be interpreted as an integer
2025-07-09 12:25:58,995 - ERROR - Unexpected error: 'NoneType' object cannot be interpreted as an integer
2025-07-09 12:26:02,606 - ERROR - Unexpected error: 'NoneType' object cannot be interpreted as an integer
2025-07-09 12:26:43,317 - ERROR - Unexpected error: 'NoneType' object cannot be interpreted as an integer
2025-07-09 12:26:54,021 - ERROR - Unexpected error: 'NoneType' object cannot be interpreted as an integer
2025-07-09 12:27:00,922 - ERROR - Unexpected error: 'NoneType' object cannot be interpreted as an integer
2025-07-09 12:27:07,351 - ERROR - Unexpected error: 'NoneType' object cannot be interpreted as an integer
2025-07-09 12:27:09,129 - ERROR - Unexpected error: 'NoneType' object cannot be interpreted as an integer
2025-07-09 12:27:38,551 - ERROR - Unexpected error: 'NoneType' object cannot be interpreted as an integer
2025-07-09 12:27:58,991 - ERROR - Unexpected error: 'NoneType' object cannot be interpreted as an integer
2025-07-09 12:28:02,581 - ERROR - Unexpected error: 'NoneType' object cannot be interpreted as an integer
2025-07-09 12:28:02,895 - ERROR - Unexpected error: 'NoneType' object cannot be interpreted as an integer
2025-07-09 12:28:35,369 - ERROR - Unexpected error: 'NoneType' object cannot be interpreted as an integer
2025-07-09 12:28:44,321 - ERROR - Unexpected error: 'NoneType' object cannot be interpreted as an integer
2025-07-09 12:28:54,730 - ERROR - Unexpected error: 'NoneType' object cannot be interpreted as an integer
2025-07-09 12:28:55,201 - ERROR - Unexpected error: 'NoneType' object cannot be interpreted as an integer
2025-07-09 12:29:01,703 - ERROR - Unexpected error: 'NoneType' object cannot be interpreted as an integer
2025-07-09 12:29:08,261 - ERROR - Unexpected error: 'NoneType' object cannot be interpreted as an integer
2025-07-09 12:29:11,292 - ERROR - Unexpected error: 'NoneType' object cannot be interpreted as an integer
2025-07-09 12:29:26,179 - ERROR - Unexpected error: 'NoneType' object cannot be interpreted as an integer
2025-07-09 12:29:36,462 - ERROR - Unexpected error: 'NoneType' object cannot be interpreted as an integer
2025-07-09 12:29:37,264 - ERROR - Unexpected error: 'NoneType' object cannot be interpreted as an integer
2025-07-09 12:29:42,835 - ERROR - Unexpected error: 'NoneType' object cannot be interpreted as an integer
2025-07-09 12:29:43,339 - ERROR - Unexpected error: 'NoneType' object cannot be interpreted as an integer
2025-07-09 12:29:51,688 - ERROR - Unexpected error: 'NoneType' object cannot be interpreted as an integer
2025-07-09 12:29:55,223 - ERROR - Unexpected error: 'NoneType' object cannot be interpreted as an integer
2025-07-09 12:29:58,275 - ERROR - Unexpected error: 'NoneType' object cannot be interpreted as an integer
2025-07-09 12:30:16,375 - ERROR - Unexpected error: 'NoneType' object cannot be interpreted as an integer
2025-07-09 12:30:22,165 - ERROR - Unexpected error: 'NoneType' object cannot be interpreted as an integer
2025-07-09 12:30:23,191 - INFO - Processed 16000 users so far
2025-07-09 12:30:29,850 - ERROR - Unexpected error: 'NoneType' object cannot be interpreted as an integer
2025-07-09 12:30:33,144 - ERROR - Unexpected error: 'NoneType' object cannot be interpreted as an integer
2025-07-09 12:30:35,216 - ERROR - Unexpected error: 'NoneType' object cannot be interpreted as an integer
2025-07-09 12:30:39,645 - ERROR - Unexpected error: 'NoneType' object cannot be interpreted as an integer
2025-07-09 12:30:44,848 - ERROR - Unexpected error: 'NoneType' object cannot be interpreted as an integer
2025-07-09 12:31:02,313 - ERROR - Unexpected error: 'NoneType' object cannot be interpreted as an integer
2025-07-09 12:31:08,100 - ERROR - Unexpected error: 'NoneType' object cannot be interpreted as an integer
2025-07-09 12:31:11,742 - ERROR - Unexpected error: 'NoneType' object cannot be interpreted as an integer
2025-07-09 12:31:15,186 - ERROR - Unexpected error: 'NoneType' object cannot be interpreted as an integer
2025-07-09 12:31:17,261 - ERROR - Unexpected error: 'NoneType' object cannot be interpreted as an integer
2025-07-09 12:31:27,553 - ERROR - Unexpected error: 'NoneType' object cannot be interpreted as an integer
2025-07-09 12:31:29,421 - ERROR - Unexpected error: 'NoneType' object cannot be interpreted as an integer
2025-07-09 12:31:33,853 - ERROR - Unexpected error: 'NoneType' object cannot be interpreted as an integer
2025-07-09 12:31:57,878 - ERROR - Unexpected error: 'NoneType' object cannot be interpreted as an integer
2025-07-09 12:31:58,991 - ERROR - Unexpected error: 'NoneType' object cannot be interpreted as an integer
2025-07-09 12:32:03,578 - ERROR - Unexpected error: 'NoneType' object cannot be interpreted as an integer
2025-07-09 12:32:06,934 - ERROR - Unexpected error: 'NoneType' object cannot be interpreted as an integer
2025-07-09 12:32:15,346 - ERROR - Unexpected error: 'NoneType' object cannot be interpreted as an integer
2025-07-09 12:32:18,458 - ERROR - Unexpected error: 'NoneType' object cannot be interpreted as an integer
2025-07-09 12:32:19,243 - ERROR - Unexpected error: 'NoneType' object cannot be interpreted as an integer
2025-07-09 12:32:29,474 - ERROR - Unexpected error: 'NoneType' object cannot be interpreted as an integer
2025-07-09 12:32:34,805 - ERROR - Unexpected error: 'NoneType' object cannot be interpreted as an integer
2025-07-09 12:32:57,180 - ERROR - Unexpected error: 'NoneType' object cannot be interpreted as an integer
2025-07-09 12:33:00,546 - ERROR - Unexpected error: 'NoneType' object cannot be interpreted as an integer
2025-07-09 12:33:00,970 - ERROR - Unexpected error: 'NoneType' object cannot be interpreted as an integer
2025-07-09 12:33:02,511 - ERROR - Unexpected error: 'NoneType' object cannot be interpreted as an integer
2025-07-09 12:33:25,537 - ERROR - Unexpected error: 'NoneType' object cannot be interpreted as an integer
2025-07-09 12:33:48,659 - ERROR - Unexpected error: 'NoneType' object cannot be interpreted as an integer
2025-07-09 12:34:01,253 - ERROR - Unexpected error: 'NoneType' object cannot be interpreted as an integer
2025-07-09 12:34:20,083 - ERROR - Unexpected error: 'NoneType' object cannot be interpreted as an integer
2025-07-09 12:34:38,818 - ERROR - Unexpected error: 'NoneType' object cannot be interpreted as an integer
2025-07-09 12:34:43,616 - ERROR - Unexpected error: 'NoneType' object cannot be interpreted as an integer
2025-07-09 12:34:51,046 - ERROR - Unexpected error: 'NoneType' object cannot be interpreted as an integer
2025-07-09 12:35:07,994 - ERROR - Unexpected error: 'NoneType' object cannot be interpreted as an integer
2025-07-09 12:35:08,907 - ERROR - Unexpected error: 'NoneType' object cannot be interpreted as an integer
2025-07-09 12:35:10,497 - ERROR - Unexpected error: 'NoneType' object cannot be interpreted as an integer
2025-07-09 12:35:26,664 - ERROR - Unexpected error: 'NoneType' object cannot be interpreted as an integer
2025-07-09 12:35:27,313 - ERROR - Unexpected error: 'NoneType' object cannot be interpreted as an integer
2025-07-09 12:35:37,921 - ERROR - Unexpected error: 'NoneType' object cannot be interpreted as an integer
2025-07-09 12:35:48,664 - ERROR - Unexpected error: 'NoneType' object cannot be interpreted as an integer
2025-07-09 12:36:05,875 - ERROR - Unexpected error: 'NoneType' object cannot be interpreted as an integer
2025-07-09 12:36:14,510 - ERROR - Unexpected error: 'NoneType' object cannot be interpreted as an integer
2025-07-09 12:36:16,291 - ERROR - Unexpected error: 'NoneType' object cannot be interpreted as an integer
2025-07-09 12:36:17,186 - ERROR - Unexpected error: 'NoneType' object cannot be interpreted as an integer
2025-07-09 12:36:21,331 - ERROR - Unexpected error: 'NoneType' object cannot be interpreted as an integer
2025-07-09 12:36:23,428 - ERROR - Unexpected error: 'NoneType' object cannot be interpreted as an integer
2025-07-09 12:36:24,843 - ERROR - Unexpected error: 'NoneType' object cannot be interpreted as an integer
2025-07-09 12:36:25,490 - ERROR - Unexpected error: 'NoneType' object cannot be interpreted as an integer
2025-07-09 12:37:05,005 - ERROR - Unexpected error: 'NoneType' object cannot be interpreted as an integer
2025-07-09 12:37:24,011 - ERROR - Unexpected error: 'NoneType' object cannot be interpreted as an integer
2025-07-09 12:37:24,316 - ERROR - Unexpected error: 'NoneType' object cannot be interpreted as an integer
2025-07-09 12:37:25,423 - ERROR - Unexpected error: 'NoneType' object cannot be interpreted as an integer
2025-07-09 12:37:35,542 - ERROR - Unexpected error: 'NoneType' object cannot be interpreted as an integer
2025-07-09 12:37:48,447 - ERROR - Unexpected error: 'NoneType' object cannot be interpreted as an integer
2025-07-09 12:37:50,920 - ERROR - Unexpected error: 'NoneType' object cannot be interpreted as an integer
2025-07-09 12:37:52,959 - ERROR - Unexpected error: 'NoneType' object cannot be interpreted as an integer
2025-07-09 12:37:54,348 - ERROR - Unexpected error: 'NoneType' object cannot be interpreted as an integer
2025-07-09 12:37:57,401 - ERROR - Unexpected error: 'NoneType' object cannot be interpreted as an integer
2025-07-09 12:38:04,809 - ERROR - Unexpected error: 'NoneType' object cannot be interpreted as an integer
2025-07-09 12:38:11,837 - ERROR - Unexpected error: 'NoneType' object cannot be interpreted as an integer
2025-07-09 12:38:13,385 - ERROR - Unexpected error: 'NoneType' object cannot be interpreted as an integer
2025-07-09 12:38:21,154 - ERROR - Unexpected error: 'NoneType' object cannot be interpreted as an integer
2025-07-09 12:38:25,115 - ERROR - Unexpected error: 'NoneType' object cannot be interpreted as an integer
2025-07-09 12:38:28,124 - ERROR - Unexpected error: 'NoneType' object cannot be interpreted as an integer
2025-07-09 12:38:29,909 - ERROR - Unexpected error: 'NoneType' object cannot be interpreted as an integer
2025-07-09 12:38:31,199 - ERROR - Unexpected error: 'NoneType' object cannot be interpreted as an integer
2025-07-09 12:38:46,423 - ERROR - Unexpected error: 'NoneType' object cannot be interpreted as an integer
2025-07-09 12:38:51,253 - ERROR - Unexpected error: 'NoneType' object cannot be interpreted as an integer
2025-07-09 12:38:57,225 - ERROR - Unexpected error: 'NoneType' object cannot be interpreted as an integer
2025-07-09 12:39:04,587 - ERROR - Unexpected error: 'NoneType' object cannot be interpreted as an integer
2025-07-09 12:39:12,792 - ERROR - Unexpected error: 'NoneType' object cannot be interpreted as an integer
2025-07-09 12:39:21,018 - ERROR - Unexpected error: 'NoneType' object cannot be interpreted as an integer
2025-07-09 12:39:25,182 - ERROR - Unexpected error: 'NoneType' object cannot be interpreted as an integer
2025-07-09 12:39:28,307 - ERROR - Unexpected error: 'NoneType' object cannot be interpreted as an integer
2025-07-09 12:39:37,693 - ERROR - Unexpected error: 'NoneType' object cannot be interpreted as an integer
2025-07-09 12:39:39,479 - ERROR - Unexpected error: 'NoneType' object cannot be interpreted as an integer
2025-07-09 12:39:40,549 - ERROR - Unexpected error: 'NoneType' object cannot be interpreted as an integer
2025-07-09 12:39:42,378 - INFO - Processed 18000 users so far
2025-07-09 12:39:43,783 - ERROR - Unexpected error: 'NoneType' object cannot be interpreted as an integer
2025-07-09 12:39:45,184 - ERROR - Unexpected error: 'NoneType' object cannot be interpreted as an integer
2025-07-09 12:39:52,174 - ERROR - Unexpected error: 'NoneType' object cannot be interpreted as an integer
2025-07-09 12:39:53,918 - ERROR - Unexpected error: 'NoneType' object cannot be interpreted as an integer
2025-07-09 12:39:58,612 - ERROR - Unexpected error: 'NoneType' object cannot be interpreted as an integer
2025-07-09 12:40:07,916 - ERROR - Unexpected error: 'NoneType' object cannot be interpreted as an integer
2025-07-09 12:40:18,644 - ERROR - Unexpected error: 'NoneType' object cannot be interpreted as an integer
2025-07-09 12:40:20,266 - ERROR - Unexpected error: 'NoneType' object cannot be interpreted as an integer
2025-07-09 12:40:25,387 - ERROR - Unexpected error: 'NoneType' object cannot be interpreted as an integer
2025-07-09 12:40:37,584 - ERROR - Unexpected error: 'NoneType' object cannot be interpreted as an integer
2025-07-09 12:40:39,719 - ERROR - Unexpected error: 'NoneType' object cannot be interpreted as an integer
2025-07-09 12:40:45,447 - ERROR - Unexpected error: 'NoneType' object cannot be interpreted as an integer
2025-07-09 12:40:47,148 - ERROR - Unexpected error: 'NoneType' object cannot be interpreted as an integer
2025-07-09 12:40:50,708 - ERROR - Unexpected error: 'NoneType' object cannot be interpreted as an integer
2025-07-09 12:41:16,867 - ERROR - Unexpected error: 'NoneType' object cannot be interpreted as an integer
2025-07-09 12:41:21,173 - ERROR - Unexpected error: 'NoneType' object cannot be interpreted as an integer
2025-07-09 12:41:28,074 - ERROR - Unexpected error: 'NoneType' object cannot be interpreted as an integer
2025-07-09 12:41:34,034 - ERROR - Unexpected error: 'NoneType' object cannot be interpreted as an integer
2025-07-09 12:42:06,246 - ERROR - Unexpected error: 'NoneType' object cannot be interpreted as an integer
2025-07-09 12:42:10,765 - ERROR - Unexpected error: 'NoneType' object cannot be interpreted as an integer
2025-07-09 12:42:16,783 - ERROR - Unexpected error: 'NoneType' object cannot be interpreted as an integer
2025-07-09 12:42:33,058 - ERROR - Unexpected error: 'NoneType' object cannot be interpreted as an integer
2025-07-09 12:42:39,819 - ERROR - Unexpected error: 'NoneType' object cannot be interpreted as an integer
2025-07-09 12:42:41,378 - ERROR - Unexpected error: 'NoneType' object cannot be interpreted as an integer
2025-07-09 12:42:44,175 - ERROR - Unexpected error: 'NoneType' object cannot be interpreted as an integer
2025-07-09 12:42:46,299 - ERROR - Unexpected error: 'NoneType' object cannot be interpreted as an integer
2025-07-09 12:42:54,819 - ERROR - Unexpected error: 'NoneType' object cannot be interpreted as an integer
2025-07-09 12:43:03,836 - ERROR - Unexpected error: 'NoneType' object cannot be interpreted as an integer
2025-07-09 12:43:03,996 - ERROR - Unexpected error: 'NoneType' object cannot be interpreted as an integer
2025-07-09 12:43:17,401 - ERROR - Unexpected error: 'NoneType' object cannot be interpreted as an integer
2025-07-09 12:43:23,101 - ERROR - Unexpected error: 'NoneType' object cannot be interpreted as an integer
2025-07-09 12:43:26,221 - ERROR - Unexpected error: 'NoneType' object cannot be interpreted as an integer
2025-07-09 12:43:28,698 - ERROR - Unexpected error: 'NoneType' object cannot be interpreted as an integer
2025-07-09 12:43:33,020 - ERROR - Unexpected error: 'NoneType' object cannot be interpreted as an integer
2025-07-09 12:43:36,997 - ERROR - Unexpected error: 'NoneType' object cannot be interpreted as an integer
2025-07-09 12:43:47,815 - ERROR - Unexpected error: 'NoneType' object cannot be interpreted as an integer
2025-07-09 12:43:48,282 - ERROR - Unexpected error: 'NoneType' object cannot be interpreted as an integer
2025-07-09 12:43:48,783 - ERROR - Unexpected error: 'NoneType' object cannot be interpreted as an integer
2025-07-09 12:44:29,424 - ERROR - Unexpected error: 'NoneType' object cannot be interpreted as an integer
2025-07-09 12:44:33,422 - ERROR - Unexpected error: 'NoneType' object cannot be interpreted as an integer
2025-07-09 12:44:35,466 - ERROR - Unexpected error: 'NoneType' object cannot be interpreted as an integer
2025-07-09 12:44:39,024 - ERROR - Unexpected error: 'NoneType' object cannot be interpreted as an integer
2025-07-09 12:44:54,831 - ERROR - Unexpected error: 'NoneType' object cannot be interpreted as an integer
2025-07-09 12:44:57,449 - ERROR - Unexpected error: 'NoneType' object cannot be interpreted as an integer
2025-07-09 12:45:02,779 - ERROR - Unexpected error: 'NoneType' object cannot be interpreted as an integer
2025-07-09 12:45:04,236 - ERROR - Unexpected error: 'NoneType' object cannot be interpreted as an integer
2025-07-09 12:45:05,213 - ERROR - Unexpected error: 'NoneType' object cannot be interpreted as an integer
2025-07-09 12:45:05,672 - ERROR - Unexpected error: 'NoneType' object cannot be interpreted as an integer
2025-07-09 12:45:23,793 - ERROR - Unexpected error: 'NoneType' object cannot be interpreted as an integer
2025-07-09 12:45:24,961 - ERROR - Unexpected error: 'NoneType' object cannot be interpreted as an integer
2025-07-09 12:45:39,487 - ERROR - Unexpected error: 'NoneType' object cannot be interpreted as an integer
2025-07-09 12:45:49,079 - ERROR - Unexpected error: 'NoneType' object cannot be interpreted as an integer
2025-07-09 12:46:02,555 - ERROR - Unexpected error: 'NoneType' object cannot be interpreted as an integer
2025-07-09 12:46:07,258 - ERROR - Unexpected error: 'NoneType' object cannot be interpreted as an integer
2025-07-09 12:46:21,715 - ERROR - Unexpected error: 'NoneType' object cannot be interpreted as an integer
2025-07-09 12:46:23,649 - ERROR - Unexpected error: 'NoneType' object cannot be interpreted as an integer
2025-07-09 12:46:24,818 - ERROR - Unexpected error: 'NoneType' object cannot be interpreted as an integer
2025-07-09 12:46:32,629 - ERROR - Unexpected error: 'NoneType' object cannot be interpreted as an integer
2025-07-09 12:46:40,669 - ERROR - Unexpected error: 'NoneType' object cannot be interpreted as an integer
2025-07-09 12:46:41,511 - ERROR - Unexpected error: 'NoneType' object cannot be interpreted as an integer
2025-07-09 12:47:01,903 - ERROR - Unexpected error: 'NoneType' object cannot be interpreted as an integer
2025-07-09 12:47:02,279 - ERROR - Unexpected error: 'NoneType' object cannot be interpreted as an integer
2025-07-09 12:47:03,951 - ERROR - Unexpected error: 'NoneType' object cannot be interpreted as an integer
2025-07-09 12:47:12,344 - ERROR - Unexpected error: 'NoneType' object cannot be interpreted as an integer
2025-07-09 12:47:14,401 - ERROR - Unexpected error: 'NoneType' object cannot be interpreted as an integer
2025-07-09 12:48:01,919 - ERROR - Unexpected error: 'NoneType' object cannot be interpreted as an integer
2025-07-09 12:48:19,790 - ERROR - Unexpected error: 'NoneType' object cannot be interpreted as an integer
2025-07-09 12:48:23,512 - ERROR - Unexpected error: 'NoneType' object cannot be interpreted as an integer
2025-07-09 12:48:38,765 - ERROR - Unexpected error: 'NoneType' object cannot be interpreted as an integer
2025-07-09 12:48:41,645 - ERROR - Unexpected error: 'NoneType' object cannot be interpreted as an integer
2025-07-09 12:48:45,396 - ERROR - Unexpected error: 'NoneType' object cannot be interpreted as an integer
2025-07-09 12:48:45,723 - ERROR - Unexpected error: 'NoneType' object cannot be interpreted as an integer
2025-07-09 12:48:48,953 - ERROR - Unexpected error: 'NoneType' object cannot be interpreted as an integer
2025-07-09 12:48:52,868 - ERROR - Unexpected error: 'NoneType' object cannot be interpreted as an integer
2025-07-09 12:49:01,372 - ERROR - Unexpected error: 'NoneType' object cannot be interpreted as an integer
2025-07-09 12:49:06,307 - ERROR - Unexpected error: 'NoneType' object cannot be interpreted as an integer
2025-07-09 12:49:17,755 - ERROR - Unexpected error: 'NoneType' object cannot be interpreted as an integer
2025-07-09 12:49:35,311 - ERROR - Unexpected error: 'NoneType' object cannot be interpreted as an integer
2025-07-09 12:49:36,712 - ERROR - Unexpected error: 'NoneType' object cannot be interpreted as an integer
2025-07-09 12:49:39,242 - ERROR - Unexpected error: 'NoneType' object cannot be interpreted as an integer
2025-07-09 12:49:43,297 - INFO - Processed 20000 users so far
2025-07-09 12:49:56,593 - ERROR - Unexpected error: 'NoneType' object cannot be interpreted as an integer
2025-07-09 12:50:07,542 - ERROR - Unexpected error: 'NoneType' object cannot be interpreted as an integer
2025-07-09 12:50:10,603 - ERROR - Unexpected error: 'NoneType' object cannot be interpreted as an integer
2025-07-09 12:50:17,507 - ERROR - Unexpected error: 'NoneType' object cannot be interpreted as an integer
2025-07-09 12:50:22,127 - ERROR - Unexpected error: 'NoneType' object cannot be interpreted as an integer
2025-07-09 12:50:45,232 - ERROR - Unexpected error: 'NoneType' object cannot be interpreted as an integer
2025-07-09 12:50:46,204 - ERROR - Unexpected error: 'NoneType' object cannot be interpreted as an integer
2025-07-09 12:50:47,622 - ERROR - Unexpected error: 'NoneType' object cannot be interpreted as an integer
2025-07-09 12:50:50,970 - ERROR - Unexpected error: 'NoneType' object cannot be interpreted as an integer
2025-07-09 12:50:52,132 - ERROR - Unexpected error: 'NoneType' object cannot be interpreted as an integer
2025-07-09 12:50:52,294 - ERROR - Unexpected error: 'NoneType' object cannot be interpreted as an integer
2025-07-09 12:51:06,838 - ERROR - Unexpected error: 'NoneType' object cannot be interpreted as an integer
2025-07-09 12:51:07,330 - ERROR - Unexpected error: 'NoneType' object cannot be interpreted as an integer
2025-07-09 12:51:08,558 - ERROR - Unexpected error: 'NoneType' object cannot be interpreted as an integer
2025-07-09 12:51:19,080 - ERROR - Unexpected error: 'NoneType' object cannot be interpreted as an integer
2025-07-09 12:51:22,581 - ERROR - Unexpected error: 'NoneType' object cannot be interpreted as an integer
2025-07-09 12:51:24,995 - ERROR - Unexpected error: 'NoneType' object cannot be interpreted as an integer
2025-07-09 12:51:38,389 - ERROR - Unexpected error: 'NoneType' object cannot be interpreted as an integer
2025-07-09 12:51:48,527 - ERROR - Unexpected error: 'NoneType' object cannot be interpreted as an integer
2025-07-09 12:51:51,022 - ERROR - Unexpected error: 'NoneType' object cannot be interpreted as an integer
2025-07-09 12:52:21,623 - ERROR - Unexpected error: 'NoneType' object cannot be interpreted as an integer
2025-07-09 12:52:37,094 - ERROR - Unexpected error: 'NoneType' object cannot be interpreted as an integer
2025-07-09 12:52:52,989 - ERROR - Unexpected error: 'NoneType' object cannot be interpreted as an integer
2025-07-09 12:52:53,331 - ERROR - Unexpected error: 'NoneType' object cannot be interpreted as an integer
2025-07-09 12:53:03,866 - ERROR - Unexpected error: 'NoneType' object cannot be interpreted as an integer
2025-07-09 12:53:07,804 - ERROR - Unexpected error: 'NoneType' object cannot be interpreted as an integer
2025-07-09 12:53:16,920 - ERROR - Unexpected error: 'NoneType' object cannot be interpreted as an integer
2025-07-09 12:53:17,371 - ERROR - Unexpected error: 'NoneType' object cannot be interpreted as an integer
2025-07-09 12:53:18,244 - ERROR - Unexpected error: 'NoneType' object cannot be interpreted as an integer
2025-07-09 12:53:26,244 - ERROR - Unexpected error: 'NoneType' object cannot be interpreted as an integer
2025-07-09 12:53:30,929 - ERROR - Unexpected error: 'NoneType' object cannot be interpreted as an integer
2025-07-09 12:53:33,865 - ERROR - Unexpected error: 'NoneType' object cannot be interpreted as an integer
2025-07-09 12:53:40,220 - ERROR - Unexpected error: 'NoneType' object cannot be interpreted as an integer
2025-07-09 12:53:49,428 - ERROR - Unexpected error: 'NoneType' object cannot be interpreted as an integer
2025-07-09 12:53:52,968 - ERROR - Unexpected error: 'NoneType' object cannot be interpreted as an integer
2025-07-09 12:53:53,453 - ERROR - Unexpected error: 'NoneType' object cannot be interpreted as an integer
2025-07-09 12:53:53,934 - ERROR - Unexpected error: 'NoneType' object cannot be interpreted as an integer
2025-07-09 12:53:58,263 - ERROR - Unexpected error: 'NoneType' object cannot be interpreted as an integer
2025-07-09 12:54:00,258 - ERROR - Unexpected error: 'NoneType' object cannot be interpreted as an integer
2025-07-09 12:54:10,342 - ERROR - Unexpected error: 'NoneType' object cannot be interpreted as an integer
2025-07-09 12:54:16,796 - ERROR - Unexpected error: 'NoneType' object cannot be interpreted as an integer
2025-07-09 12:54:21,650 - ERROR - Unexpected error: 'NoneType' object cannot be interpreted as an integer
2025-07-09 12:54:24,960 - ERROR - Unexpected error: 'NoneType' object cannot be interpreted as an integer
2025-07-09 12:54:26,703 - ERROR - Unexpected error: 'NoneType' object cannot be interpreted as an integer
2025-07-09 12:54:41,645 - ERROR - Unexpected error: 'NoneType' object cannot be interpreted as an integer
2025-07-09 12:54:53,793 - ERROR - Unexpected error: 'NoneType' object cannot be interpreted as an integer
2025-07-09 12:54:59,041 - ERROR - Unexpected error: 'NoneType' object cannot be interpreted as an integer
2025-07-09 12:54:59,507 - ERROR - Unexpected error: 'NoneType' object cannot be interpreted as an integer
2025-07-09 12:55:07,773 - ERROR - Unexpected error: 'NoneType' object cannot be interpreted as an integer
2025-07-09 12:55:12,592 - ERROR - Unexpected error: 'NoneType' object cannot be interpreted as an integer
2025-07-09 12:55:15,244 - ERROR - Unexpected error: 'NoneType' object cannot be interpreted as an integer
2025-07-09 12:55:15,830 - ERROR - Unexpected error: 'NoneType' object cannot be interpreted as an integer
2025-07-09 12:55:20,306 - ERROR - Unexpected error: 'NoneType' object cannot be interpreted as an integer
2025-07-09 12:55:30,581 - ERROR - Unexpected error: 'NoneType' object cannot be interpreted as an integer
2025-07-09 12:55:43,259 - ERROR - Unexpected error: 'NoneType' object cannot be interpreted as an integer
2025-07-09 12:55:51,751 - ERROR - Unexpected error: 'NoneType' object cannot be interpreted as an integer
2025-07-09 12:55:56,511 - ERROR - Unexpected error: 'NoneType' object cannot be interpreted as an integer
2025-07-09 12:56:08,554 - ERROR - Unexpected error: 'NoneType' object cannot be interpreted as an integer
2025-07-09 12:56:20,907 - ERROR - Unexpected error: 'NoneType' object cannot be interpreted as an integer
2025-07-09 12:56:25,091 - ERROR - Unexpected error: 'NoneType' object cannot be interpreted as an integer
2025-07-09 12:56:39,525 - ERROR - Unexpected error: 'NoneType' object cannot be interpreted as an integer
2025-07-09 12:56:45,337 - ERROR - Unexpected error: 'NoneType' object cannot be interpreted as an integer
2025-07-09 12:56:57,485 - ERROR - Unexpected error: 'NoneType' object cannot be interpreted as an integer
2025-07-09 12:57:05,717 - ERROR - Unexpected error: 'NoneType' object cannot be interpreted as an integer
2025-07-09 12:57:09,222 - ERROR - Unexpected error: 'NoneType' object cannot be interpreted as an integer
2025-07-09 12:57:10,067 - ERROR - Unexpected error: 'NoneType' object cannot be interpreted as an integer
2025-07-09 12:57:29,130 - ERROR - Unexpected error: 'NoneType' object cannot be interpreted as an integer
2025-07-09 12:57:36,545 - ERROR - Unexpected error: 'NoneType' object cannot be interpreted as an integer
2025-07-09 12:57:44,215 - ERROR - Unexpected error: 'NoneType' object cannot be interpreted as an integer
2025-07-09 12:57:50,245 - ERROR - Unexpected error: 'NoneType' object cannot be interpreted as an integer
2025-07-09 12:58:00,765 - ERROR - Unexpected error: 'NoneType' object cannot be interpreted as an integer
2025-07-09 12:58:03,820 - ERROR - Unexpected error: 'NoneType' object cannot be interpreted as an integer
2025-07-09 12:58:06,954 - ERROR - Unexpected error: 'NoneType' object cannot be interpreted as an integer
2025-07-09 12:58:07,592 - ERROR - Unexpected error: 'NoneType' object cannot be interpreted as an integer
2025-07-09 12:58:12,302 - ERROR - Unexpected error: 'NoneType' object cannot be interpreted as an integer
2025-07-09 13:00:21,203 - ERROR - Unexpected error: 'NoneType' object cannot be interpreted as an integer
2025-07-09 13:00:31,774 - ERROR - Unexpected error: 'NoneType' object cannot be interpreted as an integer
2025-07-09 13:00:33,041 - ERROR - Unexpected error: 'NoneType' object cannot be interpreted as an integer
2025-07-09 13:00:35,178 - ERROR - Unexpected error: 'NoneType' object cannot be interpreted as an integer
2025-07-09 13:00:43,263 - ERROR - Unexpected error: 'NoneType' object cannot be interpreted as an integer
2025-07-09 13:00:55,945 - ERROR - Unexpected error: 'NoneType' object cannot be interpreted as an integer
2025-07-09 13:00:57,101 - ERROR - Unexpected error: 'NoneType' object cannot be interpreted as an integer
2025-07-09 13:01:18,102 - ERROR - Unexpected error: 'NoneType' object cannot be interpreted as an integer
2025-07-09 13:01:18,730 - ERROR - Unexpected error: 'NoneType' object cannot be interpreted as an integer
2025-07-09 13:01:23,000 - ERROR - Unexpected error: 'NoneType' object cannot be interpreted as an integer
2025-07-09 13:01:28,487 - ERROR - Unexpected error: 'NoneType' object cannot be interpreted as an integer
2025-07-09 13:01:30,846 - ERROR - Unexpected error: 'NoneType' object cannot be interpreted as an integer
2025-07-09 13:01:34,607 - ERROR - Unexpected error: 'NoneType' object cannot be interpreted as an integer
2025-07-09 13:01:47,394 - ERROR - Unexpected error: 'NoneType' object cannot be interpreted as an integer
2025-07-09 13:01:52,072 - ERROR - Unexpected error: 'NoneType' object cannot be interpreted as an integer
2025-07-09 13:01:52,694 - ERROR - Unexpected error: 'NoneType' object cannot be interpreted as an integer
2025-07-09 13:01:53,235 - INFO - Processed 22000 users so far
2025-07-09 13:01:55,311 - ERROR - Unexpected error: 'NoneType' object cannot be interpreted as an integer
2025-07-09 13:01:56,204 - ERROR - Unexpected error: 'NoneType' object cannot be interpreted as an integer
2025-07-09 13:01:57,013 - ERROR - Unexpected error: 'NoneType' object cannot be interpreted as an integer
2025-07-09 13:02:02,565 - ERROR - Unexpected error: 'NoneType' object cannot be interpreted as an integer
2025-07-09 13:02:07,075 - ERROR - Unexpected error: 'NoneType' object cannot be interpreted as an integer
2025-07-09 13:02:25,348 - ERROR - Unexpected error: 'NoneType' object cannot be interpreted as an integer
2025-07-09 13:02:28,596 - ERROR - Unexpected error: 'NoneType' object cannot be interpreted as an integer
2025-07-09 13:04:37,428 - ERROR - Unexpected error: 'NoneType' object cannot be interpreted as an integer
2025-07-09 13:04:53,679 - ERROR - Unexpected error: 'NoneType' object cannot be interpreted as an integer
2025-07-09 13:04:54,497 - ERROR - Unexpected error: 'NoneType' object cannot be interpreted as an integer
2025-07-09 13:04:56,608 - ERROR - Unexpected error: 'NoneType' object cannot be interpreted as an integer
2025-07-09 13:05:18,309 - ERROR - Unexpected error: 'NoneType' object cannot be interpreted as an integer
2025-07-09 13:05:35,397 - ERROR - Unexpected error: 'NoneType' object cannot be interpreted as an integer
2025-07-09 13:05:43,019 - ERROR - Unexpected error: 'NoneType' object cannot be interpreted as an integer
2025-07-09 13:06:02,640 - ERROR - Unexpected error: 'NoneType' object cannot be interpreted as an integer
2025-07-09 13:06:16,177 - ERROR - Unexpected error: 'NoneType' object cannot be interpreted as an integer
2025-07-09 13:06:56,985 - ERROR - Unexpected error: 'NoneType' object cannot be interpreted as an integer
2025-07-09 13:07:02,229 - ERROR - Unexpected error: 'NoneType' object cannot be interpreted as an integer
2025-07-09 13:07:13,287 - ERROR - Unexpected error: 'NoneType' object cannot be interpreted as an integer
2025-07-09 13:07:26,514 - ERROR - Unexpected error: 'NoneType' object cannot be interpreted as an integer
2025-07-09 13:07:42,317 - ERROR - Unexpected error: 'NoneType' object cannot be interpreted as an integer
2025-07-09 13:07:44,273 - ERROR - Unexpected error: 'NoneType' object cannot be interpreted as an integer
2025-07-09 13:07:46,780 - ERROR - Unexpected error: 'NoneType' object cannot be interpreted as an integer
2025-07-09 13:08:10,162 - ERROR - Unexpected error: 'NoneType' object cannot be interpreted as an integer
2025-07-09 13:08:22,154 - ERROR - Unexpected error: 'NoneType' object cannot be interpreted as an integer
2025-07-09 13:08:25,633 - ERROR - Unexpected error: 'NoneType' object cannot be interpreted as an integer
2025-07-09 13:08:31,312 - ERROR - Unexpected error: 'NoneType' object cannot be interpreted as an integer
2025-07-09 13:08:34,724 - ERROR - Unexpected error: 'NoneType' object cannot be interpreted as an integer
2025-07-09 13:08:36,757 - ERROR - Unexpected error: 'NoneType' object cannot be interpreted as an integer
2025-07-09 13:08:59,119 - ERROR - Unexpected error: 'NoneType' object cannot be interpreted as an integer
2025-07-09 13:09:03,441 - ERROR - Unexpected error: 'NoneType' object cannot be interpreted as an integer
2025-07-09 13:09:12,193 - ERROR - Unexpected error: 'NoneType' object cannot be interpreted as an integer
2025-07-09 13:09:32,568 - ERROR - Unexpected error: 'NoneType' object cannot be interpreted as an integer
2025-07-09 13:09:35,283 - ERROR - Unexpected error: 'NoneType' object cannot be interpreted as an integer
2025-07-09 13:09:35,589 - ERROR - Unexpected error: 'NoneType' object cannot be interpreted as an integer
2025-07-09 13:09:54,374 - ERROR - Unexpected error: 'NoneType' object cannot be interpreted as an integer
2025-07-09 13:10:16,868 - ERROR - Unexpected error: 'NoneType' object cannot be interpreted as an integer
2025-07-09 13:10:40,762 - ERROR - Unexpected error: 'NoneType' object cannot be interpreted as an integer
2025-07-09 13:10:42,480 - ERROR - Unexpected error: 'NoneType' object cannot be interpreted as an integer
2025-07-09 13:10:46,038 - ERROR - Unexpected error: 'NoneType' object cannot be interpreted as an integer
2025-07-09 13:11:04,857 - ERROR - Unexpected error: 'NoneType' object cannot be interpreted as an integer
2025-07-09 13:11:15,354 - ERROR - Unexpected error: 'NoneType' object cannot be interpreted as an integer
2025-07-09 13:11:20,651 - ERROR - Unexpected error: 'NoneType' object cannot be interpreted as an integer
2025-07-09 13:11:21,624 - ERROR - Unexpected error: 'NoneType' object cannot be interpreted as an integer
2025-07-09 13:11:21,790 - ERROR - Unexpected error: 'NoneType' object cannot be interpreted as an integer
2025-07-09 13:11:39,654 - ERROR - Unexpected error: 'NoneType' object cannot be interpreted as an integer
2025-07-09 13:12:15,738 - ERROR - Unexpected error: 'NoneType' object cannot be interpreted as an integer
2025-07-09 13:12:31,574 - ERROR - Unexpected error: 'NoneType' object cannot be interpreted as an integer
2025-07-09 13:12:33,539 - ERROR - Unexpected error: 'NoneType' object cannot be interpreted as an integer
2025-07-09 13:13:05,325 - ERROR - Unexpected error: 'NoneType' object cannot be interpreted as an integer
2025-07-09 13:13:06,410 - ERROR - Unexpected error: 'NoneType' object cannot be interpreted as an integer
2025-07-09 13:13:11,517 - ERROR - Unexpected error: 'NoneType' object cannot be interpreted as an integer
2025-07-09 13:13:12,531 - INFO - Processed 24000 users so far
2025-07-09 13:13:37,753 - ERROR - Unexpected error: 'NoneType' object cannot be interpreted as an integer
2025-07-09 13:13:41,535 - ERROR - Unexpected error: 'NoneType' object cannot be interpreted as an integer
2025-07-09 13:13:46,457 - ERROR - Unexpected error: 'NoneType' object cannot be interpreted as an integer
2025-07-09 13:13:50,977 - ERROR - Unexpected error: 'NoneType' object cannot be interpreted as an integer
2025-07-09 13:14:00,634 - ERROR - Unexpected error: 'NoneType' object cannot be interpreted as an integer
2025-07-09 13:14:09,291 - ERROR - Unexpected error: 'NoneType' object cannot be interpreted as an integer
2025-07-09 13:14:12,150 - ERROR - Unexpected error: 'NoneType' object cannot be interpreted as an integer
2025-07-09 13:14:17,254 - ERROR - Unexpected error: 'NoneType' object cannot be interpreted as an integer
2025-07-09 13:14:18,512 - ERROR - Unexpected error: 'NoneType' object cannot be interpreted as an integer
2025-07-09 13:14:35,384 - ERROR - Unexpected error: 'NoneType' object cannot be interpreted as an integer
2025-07-09 13:14:44,665 - ERROR - Unexpected error: 'NoneType' object cannot be interpreted as an integer
2025-07-09 13:14:44,828 - ERROR - Unexpected error: 'NoneType' object cannot be interpreted as an integer
2025-07-09 13:14:53,652 - ERROR - Unexpected error: 'NoneType' object cannot be interpreted as an integer
2025-07-09 13:15:05,356 - ERROR - Unexpected error: 'NoneType' object cannot be interpreted as an integer
2025-07-09 13:15:10,139 - ERROR - Unexpected error: 'NoneType' object cannot be interpreted as an integer
2025-07-09 13:15:11,299 - ERROR - Unexpected error: 'NoneType' object cannot be interpreted as an integer
2025-07-09 13:15:12,685 - ERROR - Unexpected error: 'NoneType' object cannot be interpreted as an integer
2025-07-09 13:15:20,135 - ERROR - Unexpected error: 'NoneType' object cannot be interpreted as an integer
2025-07-09 13:15:27,035 - ERROR - Unexpected error: 'NoneType' object cannot be interpreted as an integer
2025-07-09 13:15:28,157 - ERROR - Unexpected error: 'NoneType' object cannot be interpreted as an integer
2025-07-09 13:15:32,178 - ERROR - Unexpected error: 'NoneType' object cannot be interpreted as an integer
2025-07-09 13:15:58,038 - ERROR - Unexpected error: 'NoneType' object cannot be interpreted as an integer
2025-07-09 13:16:05,633 - ERROR - Unexpected error: 'NoneType' object cannot be interpreted as an integer
2025-07-09 13:16:06,790 - ERROR - Unexpected error: 'NoneType' object cannot be interpreted as an integer
2025-07-09 13:16:10,875 - ERROR - Unexpected error: 'NoneType' object cannot be interpreted as an integer
2025-07-09 13:16:20,435 - ERROR - Unexpected error: 'NoneType' object cannot be interpreted as an integer
2025-07-09 13:16:34,342 - ERROR - Unexpected error: 'NoneType' object cannot be interpreted as an integer
2025-07-09 13:16:35,955 - ERROR - Unexpected error: 'NoneType' object cannot be interpreted as an integer
2025-07-09 13:16:41,409 - ERROR - Unexpected error: 'NoneType' object cannot be interpreted as an integer
2025-07-09 13:16:44,495 - ERROR - Unexpected error: 'NoneType' object cannot be interpreted as an integer
2025-07-09 13:16:55,608 - ERROR - Unexpected error: 'NoneType' object cannot be interpreted as an integer
2025-07-09 13:16:56,518 - ERROR - Unexpected error: 'NoneType' object cannot be interpreted as an integer
2025-07-09 13:17:19,582 - ERROR - Unexpected error: 'NoneType' object cannot be interpreted as an integer
2025-07-09 13:17:31,286 - ERROR - Unexpected error: 'NoneType' object cannot be interpreted as an integer
2025-07-09 13:17:39,265 - ERROR - Unexpected error: 'NoneType' object cannot be interpreted as an integer
2025-07-09 13:17:40,383 - ERROR - Unexpected error: 'NoneType' object cannot be interpreted as an integer
2025-07-09 13:17:41,285 - ERROR - Unexpected error: 'NoneType' object cannot be interpreted as an integer
2025-07-09 13:17:43,588 - ERROR - Unexpected error: 'NoneType' object cannot be interpreted as an integer
2025-07-09 13:17:50,803 - ERROR - Unexpected error: 'NoneType' object cannot be interpreted as an integer
2025-07-09 13:17:51,144 - ERROR - Unexpected error: 'NoneType' object cannot be interpreted as an integer
2025-07-09 13:17:59,358 - ERROR - Unexpected error: 'NoneType' object cannot be interpreted as an integer
2025-07-09 13:18:13,798 - ERROR - Unexpected error: 'NoneType' object cannot be interpreted as an integer
2025-07-09 13:18:19,707 - ERROR - Unexpected error: 'NoneType' object cannot be interpreted as an integer
2025-07-09 13:18:20,969 - ERROR - Unexpected error: 'NoneType' object cannot be interpreted as an integer
2025-07-09 13:19:00,827 - ERROR - Unexpected error: 'NoneType' object cannot be interpreted as an integer
2025-07-09 13:19:16,077 - ERROR - Unexpected error: 'NoneType' object cannot be interpreted as an integer
2025-07-09 13:19:23,376 - ERROR - Unexpected error: 'NoneType' object cannot be interpreted as an integer
2025-07-09 13:19:48,549 - ERROR - Unexpected error: 'NoneType' object cannot be interpreted as an integer
2025-07-09 13:20:00,133 - ERROR - Unexpected error: 'NoneType' object cannot be interpreted as an integer
2025-07-09 13:20:30,609 - ERROR - Unexpected error: 'NoneType' object cannot be interpreted as an integer
2025-07-09 13:20:49,895 - ERROR - Unexpected error: 'NoneType' object cannot be interpreted as an integer
2025-07-09 13:20:55,773 - ERROR - Unexpected error: 'NoneType' object cannot be interpreted as an integer
2025-07-09 13:21:02,284 - ERROR - Unexpected error: 'NoneType' object cannot be interpreted as an integer
2025-07-09 13:21:10,727 - ERROR - Unexpected error: 'NoneType' object cannot be interpreted as an integer
2025-07-09 13:21:20,066 - ERROR - Unexpected error: 'NoneType' object cannot be interpreted as an integer
2025-07-09 13:21:44,254 - ERROR - Unexpected error: 'NoneType' object cannot be interpreted as an integer
2025-07-09 13:21:44,718 - ERROR - Unexpected error: 'NoneType' object cannot be interpreted as an integer
2025-07-09 13:21:45,705 - ERROR - Unexpected error: 'NoneType' object cannot be interpreted as an integer
2025-07-09 13:21:46,816 - ERROR - Unexpected error: 'NoneType' object cannot be interpreted as an integer
2025-07-09 13:21:48,255 - ERROR - Unexpected error: 'NoneType' object cannot be interpreted as an integer
2025-07-09 13:22:03,167 - ERROR - Unexpected error: 'NoneType' object cannot be interpreted as an integer
2025-07-09 13:22:10,236 - ERROR - Unexpected error: 'NoneType' object cannot be interpreted as an integer
2025-07-09 13:22:14,680 - ERROR - Unexpected error: 'NoneType' object cannot be interpreted as an integer
2025-07-09 13:22:28,654 - ERROR - Unexpected error: 'NoneType' object cannot be interpreted as an integer
2025-07-09 13:22:55,627 - ERROR - Unexpected error: 'NoneType' object cannot be interpreted as an integer
2025-07-09 13:23:06,113 - ERROR - Unexpected error: 'NoneType' object cannot be interpreted as an integer
2025-07-09 13:23:07,758 - INFO - Processed 26000 users so far
2025-07-09 13:23:43,004 - ERROR - Unexpected error: 'NoneType' object cannot be interpreted as an integer
2025-07-09 13:23:44,249 - ERROR - Unexpected error: 'NoneType' object cannot be interpreted as an integer
2025-07-09 13:23:46,949 - ERROR - Unexpected error: 'NoneType' object cannot be interpreted as an integer
2025-07-09 13:23:51,082 - ERROR - Unexpected error: 'NoneType' object cannot be interpreted as an integer
2025-07-09 13:23:55,395 - ERROR - Unexpected error: 'NoneType' object cannot be interpreted as an integer
2025-07-09 13:23:58,552 - ERROR - Unexpected error: 'NoneType' object cannot be interpreted as an integer
2025-07-09 13:24:15,524 - ERROR - Unexpected error: 'NoneType' object cannot be interpreted as an integer
2025-07-09 13:24:26,987 - ERROR - Unexpected error: 'NoneType' object cannot be interpreted as an integer
2025-07-09 13:24:31,478 - ERROR - Unexpected error: 'NoneType' object cannot be interpreted as an integer
2025-07-09 13:24:40,689 - ERROR - Unexpected error: 'NoneType' object cannot be interpreted as an integer
2025-07-09 13:24:41,457 - ERROR - Unexpected error: 'NoneType' object cannot be interpreted as an integer
2025-07-09 13:24:57,017 - ERROR - Unexpected error: 'NoneType' object cannot be interpreted as an integer
2025-07-09 13:25:02,909 - ERROR - Unexpected error: 'NoneType' object cannot be interpreted as an integer
2025-07-09 13:25:07,597 - ERROR - Unexpected error: 'NoneType' object cannot be interpreted as an integer
2025-07-09 13:25:11,066 - ERROR - Unexpected error: 'NoneType' object cannot be interpreted as an integer
2025-07-09 13:25:30,465 - ERROR - Unexpected error: 'NoneType' object cannot be interpreted as an integer
2025-07-09 13:25:38,626 - ERROR - Unexpected error: 'NoneType' object cannot be interpreted as an integer
2025-07-09 13:25:41,336 - ERROR - Unexpected error: 'NoneType' object cannot be interpreted as an integer
2025-07-09 13:26:00,397 - ERROR - Unexpected error: 'NoneType' object cannot be interpreted as an integer
2025-07-09 13:26:09,857 - ERROR - Unexpected error: 'NoneType' object cannot be interpreted as an integer
2025-07-09 13:26:16,903 - ERROR - Unexpected error: 'NoneType' object cannot be interpreted as an integer
2025-07-09 13:26:18,166 - ERROR - Unexpected error: 'NoneType' object cannot be interpreted as an integer
2025-07-09 13:26:22,006 - ERROR - Unexpected error: 'NoneType' object cannot be interpreted as an integer
2025-07-09 13:26:42,006 - ERROR - Unexpected error: 'NoneType' object cannot be interpreted as an integer
2025-07-09 13:26:42,186 - ERROR - Unexpected error: 'NoneType' object cannot be interpreted as an integer
2025-07-09 13:26:55,672 - ERROR - Unexpected error: 'NoneType' object cannot be interpreted as an integer
2025-07-09 13:26:57,749 - ERROR - Unexpected error: 'NoneType' object cannot be interpreted as an integer
2025-07-09 13:27:02,733 - ERROR - Unexpected error: 'NoneType' object cannot be interpreted as an integer
2025-07-09 13:27:04,983 - ERROR - Unexpected error: 'NoneType' object cannot be interpreted as an integer
2025-07-09 13:27:23,821 - ERROR - Unexpected error: 'NoneType' object cannot be interpreted as an integer
2025-07-09 13:27:42,196 - ERROR - Unexpected error: 'NoneType' object cannot be interpreted as an integer
2025-07-09 13:27:47,767 - ERROR - Unexpected error: 'NoneType' object cannot be interpreted as an integer
2025-07-09 13:27:50,332 - ERROR - Unexpected error: 'NoneType' object cannot be interpreted as an integer
2025-07-09 13:27:53,184 - ERROR - Unexpected error: 'NoneType' object cannot be interpreted as an integer
2025-07-09 13:28:05,904 - ERROR - Unexpected error: 'NoneType' object cannot be interpreted as an integer
2025-07-09 13:28:24,437 - ERROR - Unexpected error: 'NoneType' object cannot be interpreted as an integer
2025-07-09 13:28:31,188 - ERROR - Unexpected error: 'NoneType' object cannot be interpreted as an integer
2025-07-09 13:28:33,654 - ERROR - Unexpected error: 'NoneType' object cannot be interpreted as an integer
2025-07-09 13:29:00,930 - ERROR - Unexpected error: 'NoneType' object cannot be interpreted as an integer
2025-07-09 13:29:11,535 - ERROR - Unexpected error: 'NoneType' object cannot be interpreted as an integer
2025-07-09 13:29:16,865 - ERROR - Unexpected error: 'NoneType' object cannot be interpreted as an integer
2025-07-09 13:29:38,204 - ERROR - Unexpected error: 'NoneType' object cannot be interpreted as an integer
2025-07-09 13:29:50,570 - ERROR - Unexpected error: 'NoneType' object cannot be interpreted as an integer
2025-07-09 13:30:10,755 - ERROR - Unexpected error: 'NoneType' object cannot be interpreted as an integer
2025-07-09 13:30:17,082 - ERROR - Unexpected error: 'NoneType' object cannot be interpreted as an integer
2025-07-09 13:30:31,798 - ERROR - Unexpected error: 'NoneType' object cannot be interpreted as an integer
2025-07-09 13:30:32,281 - ERROR - Unexpected error: 'NoneType' object cannot be interpreted as an integer
2025-07-09 13:30:32,846 - ERROR - Unexpected error: 'NoneType' object cannot be interpreted as an integer
2025-07-09 13:30:38,485 - ERROR - Unexpected error: 'NoneType' object cannot be interpreted as an integer
2025-07-09 13:30:38,949 - ERROR - Unexpected error: 'NoneType' object cannot be interpreted as an integer
2025-07-09 13:30:42,091 - ERROR - Unexpected error: 'NoneType' object cannot be interpreted as an integer
2025-07-09 13:30:57,511 - ERROR - Unexpected error: 'NoneType' object cannot be interpreted as an integer
2025-07-09 13:31:02,057 - ERROR - Unexpected error: 'NoneType' object cannot be interpreted as an integer
2025-07-09 13:31:08,927 - ERROR - Unexpected error: 'NoneType' object cannot be interpreted as an integer
2025-07-09 13:31:16,137 - ERROR - Unexpected error: 'NoneType' object cannot be interpreted as an integer
2025-07-09 13:31:24,436 - ERROR - Unexpected error: 'NoneType' object cannot be interpreted as an integer
2025-07-09 13:31:26,309 - ERROR - Unexpected error: 'NoneType' object cannot be interpreted as an integer
2025-07-09 13:31:38,251 - ERROR - Unexpected error: 'NoneType' object cannot be interpreted as an integer
2025-07-09 13:32:12,563 - ERROR - Unexpected error: 'NoneType' object cannot be interpreted as an integer
2025-07-09 13:32:15,297 - ERROR - Unexpected error: 'NoneType' object cannot be interpreted as an integer
2025-07-09 13:32:22,613 - ERROR - Unexpected error: 'NoneType' object cannot be interpreted as an integer
2025-07-09 13:32:32,254 - ERROR - Unexpected error: 'NoneType' object cannot be interpreted as an integer
2025-07-09 13:32:34,363 - ERROR - Unexpected error: 'NoneType' object cannot be interpreted as an integer
2025-07-09 13:32:52,164 - ERROR - Unexpected error: 'NoneType' object cannot be interpreted as an integer
2025-07-09 13:33:09,636 - INFO - Processed 28000 users so far
2025-07-09 13:33:14,381 - ERROR - Unexpected error: 'NoneType' object cannot be interpreted as an integer
2025-07-09 13:33:25,877 - ERROR - Unexpected error: 'NoneType' object cannot be interpreted as an integer
2025-07-09 13:33:44,144 - ERROR - Unexpected error: 'NoneType' object cannot be interpreted as an integer
2025-07-09 13:33:46,056 - ERROR - Unexpected error: 'NoneType' object cannot be interpreted as an integer
2025-07-09 13:33:49,958 - ERROR - Unexpected error: 'NoneType' object cannot be interpreted as an integer
2025-07-09 13:34:03,704 - ERROR - Unexpected error: 'NoneType' object cannot be interpreted as an integer
2025-07-09 13:34:16,990 - ERROR - Unexpected error: 'NoneType' object cannot be interpreted as an integer
2025-07-09 13:34:27,571 - ERROR - Unexpected error: 'NoneType' object cannot be interpreted as an integer
2025-07-09 13:34:44,762 - ERROR - Unexpected error: 'NoneType' object cannot be interpreted as an integer
2025-07-09 13:34:46,096 - ERROR - Unexpected error: 'NoneType' object cannot be interpreted as an integer
2025-07-09 13:34:47,383 - ERROR - Unexpected error: 'NoneType' object cannot be interpreted as an integer
2025-07-09 13:35:00,319 - ERROR - Unexpected error: 'NoneType' object cannot be interpreted as an integer
2025-07-09 13:35:20,232 - ERROR - Unexpected error: 'NoneType' object cannot be interpreted as an integer
2025-07-09 13:35:32,862 - ERROR - Unexpected error: 'NoneType' object cannot be interpreted as an integer
2025-07-09 13:35:35,712 - ERROR - Unexpected error: 'NoneType' object cannot be interpreted as an integer
2025-07-09 13:35:36,451 - ERROR - Unexpected error: 'NoneType' object cannot be interpreted as an integer
2025-07-09 13:35:50,784 - ERROR - Unexpected error: 'NoneType' object cannot be interpreted as an integer
2025-07-09 13:35:52,330 - ERROR - Unexpected error: 'NoneType' object cannot be interpreted as an integer
2025-07-09 13:35:53,908 - ERROR - Unexpected error: 'NoneType' object cannot be interpreted as an integer
2025-07-09 13:35:58,076 - ERROR - Unexpected error: 'NoneType' object cannot be interpreted as an integer
2025-07-09 13:35:59,386 - ERROR - Unexpected error: 'NoneType' object cannot be interpreted as an integer
2025-07-09 13:36:11,949 - ERROR - Unexpected error: 'NoneType' object cannot be interpreted as an integer
2025-07-09 13:36:17,247 - ERROR - Unexpected error: 'NoneType' object cannot be interpreted as an integer
2025-07-09 13:36:26,205 - ERROR - Unexpected error: 'NoneType' object cannot be interpreted as an integer
2025-07-09 13:36:26,846 - ERROR - Unexpected error: 'NoneType' object cannot be interpreted as an integer
2025-07-09 13:36:27,940 - ERROR - Unexpected error: 'NoneType' object cannot be interpreted as an integer
2025-07-09 13:36:31,828 - ERROR - Unexpected error: 'NoneType' object cannot be interpreted as an integer
2025-07-09 13:36:42,778 - ERROR - Unexpected error: 'NoneType' object cannot be interpreted as an integer
2025-07-09 13:37:06,701 - ERROR - Unexpected error: 'NoneType' object cannot be interpreted as an integer
2025-07-09 13:37:15,449 - ERROR - Unexpected error: 'NoneType' object cannot be interpreted as an integer
2025-07-09 13:37:44,206 - ERROR - Unexpected error: 'NoneType' object cannot be interpreted as an integer
2025-07-09 13:37:46,594 - ERROR - Unexpected error: 'NoneType' object cannot be interpreted as an integer
2025-07-09 13:37:53,953 - ERROR - Unexpected error: 'NoneType' object cannot be interpreted as an integer
2025-07-09 13:37:59,644 - ERROR - Unexpected error: 'NoneType' object cannot be interpreted as an integer
2025-07-09 13:38:04,646 - ERROR - Unexpected error: 'NoneType' object cannot be interpreted as an integer
2025-07-09 13:38:05,086 - ERROR - Unexpected error: 'NoneType' object cannot be interpreted as an integer
2025-07-09 13:38:32,456 - ERROR - Unexpected error: 'NoneType' object cannot be interpreted as an integer
2025-07-09 13:38:35,930 - ERROR - Unexpected error: 'NoneType' object cannot be interpreted as an integer
2025-07-09 13:38:39,589 - ERROR - Unexpected error: 'NoneType' object cannot be interpreted as an integer
2025-07-09 13:38:54,479 - ERROR - Unexpected error: 'NoneType' object cannot be interpreted as an integer
2025-07-09 13:38:54,780 - ERROR - Unexpected error: 'NoneType' object cannot be interpreted as an integer
2025-07-09 13:38:56,768 - ERROR - Unexpected error: 'NoneType' object cannot be interpreted as an integer
2025-07-09 13:39:03,592 - ERROR - Unexpected error: 'NoneType' object cannot be interpreted as an integer
2025-07-09 13:39:09,240 - ERROR - Unexpected error: 'NoneType' object cannot be interpreted as an integer
2025-07-09 13:39:14,730 - ERROR - Unexpected error: 'NoneType' object cannot be interpreted as an integer
2025-07-09 13:39:17,171 - ERROR - Unexpected error: 'NoneType' object cannot be interpreted as an integer
2025-07-09 13:39:23,087 - ERROR - Unexpected error: 'NoneType' object cannot be interpreted as an integer
2025-07-09 13:39:24,808 - ERROR - Unexpected error: 'NoneType' object cannot be interpreted as an integer
2025-07-09 13:39:28,212 - ERROR - Unexpected error: 'NoneType' object cannot be interpreted as an integer
2025-07-09 13:39:28,818 - ERROR - Unexpected error: 'NoneType' object cannot be interpreted as an integer
2025-07-09 13:39:34,467 - ERROR - Unexpected error: 'NoneType' object cannot be interpreted as an integer
2025-07-09 13:39:34,940 - ERROR - Unexpected error: 'NoneType' object cannot be interpreted as an integer
2025-07-09 13:39:48,926 - ERROR - Unexpected error: 'NoneType' object cannot be interpreted as an integer
2025-07-09 13:40:16,520 - ERROR - Unexpected error: 'NoneType' object cannot be interpreted as an integer
2025-07-09 13:40:19,590 - ERROR - Unexpected error: 'NoneType' object cannot be interpreted as an integer
2025-07-09 13:40:24,048 - ERROR - Unexpected error: 'NoneType' object cannot be interpreted as an integer
2025-07-09 13:40:29,246 - ERROR - Unexpected error: 'NoneType' object cannot be interpreted as an integer
2025-07-09 13:40:30,531 - ERROR - Unexpected error: 'NoneType' object cannot be interpreted as an integer
2025-07-09 13:40:30,876 - ERROR - Unexpected error: 'NoneType' object cannot be interpreted as an integer
2025-07-09 13:40:32,596 - ERROR - Unexpected error: 'NoneType' object cannot be interpreted as an integer
2025-07-09 13:40:33,348 - ERROR - Unexpected error: 'NoneType' object cannot be interpreted as an integer
2025-07-09 13:40:41,798 - ERROR - Request failed: 422 Client Error: Unprocessable Entity for url: https://arctic-shift.photon-reddit.com/api/posts/search?author=RockT20&after=1641016800&before=1745989200&limit=auto&sort=asc&meta-app=download-tool
2025-07-09 13:40:45,200 - ERROR - Request failed: 422 Client Error: Unprocessable Entity for url: https://arctic-shift.photon-reddit.com/api/posts/search?author=Realistic-Will-2026&after=1641016800&before=1745989200&limit=auto&sort=asc&meta-app=download-tool
2025-07-09 13:40:49,244 - ERROR - Unexpected error: 'NoneType' object cannot be interpreted as an integer
2025-07-09 13:41:11,289 - ERROR - Unexpected error: 'NoneType' object cannot be interpreted as an integer
2025-07-09 13:41:19,927 - ERROR - Unexpected error: 'NoneType' object cannot be interpreted as an integer
2025-07-09 13:41:33,279 - ERROR - Unexpected error: 'NoneType' object cannot be interpreted as an integer
2025-07-09 13:41:35,922 - ERROR - Unexpected error: 'NoneType' object cannot be interpreted as an integer
2025-07-09 13:41:41,177 - ERROR - Unexpected error: 'NoneType' object cannot be interpreted as an integer
2025-07-09 13:41:44,943 - ERROR - Unexpected error: 'NoneType' object cannot be interpreted as an integer
2025-07-09 13:41:45,592 - ERROR - Unexpected error: 'NoneType' object cannot be interpreted as an integer
2025-07-09 13:41:51,541 - ERROR - Unexpected error: 'NoneType' object cannot be interpreted as an integer
2025-07-09 13:41:53,794 - ERROR - Unexpected error: 'NoneType' object cannot be interpreted as an integer
2025-07-09 13:41:55,715 - ERROR - Unexpected error: 'NoneType' object cannot be interpreted as an integer
2025-07-09 13:42:06,539 - ERROR - Unexpected error: 'NoneType' object cannot be interpreted as an integer
2025-07-09 13:42:19,327 - ERROR - Unexpected error: 'NoneType' object cannot be interpreted as an integer
2025-07-09 13:42:40,697 - INFO - Processed 30000 users so far
2025-07-09 13:42:48,484 - ERROR - Unexpected error: 'NoneType' object cannot be interpreted as an integer
2025-07-09 13:42:54,991 - ERROR - Unexpected error: 'NoneType' object cannot be interpreted as an integer
2025-07-09 13:43:03,060 - ERROR - Unexpected error: 'NoneType' object cannot be interpreted as an integer
2025-07-09 13:43:04,493 - ERROR - Unexpected error: 'NoneType' object cannot be interpreted as an integer
2025-07-09 13:43:13,288 - ERROR - Unexpected error: 'NoneType' object cannot be interpreted as an integer
2025-07-09 13:43:14,111 - ERROR - Unexpected error: 'NoneType' object cannot be interpreted as an integer
2025-07-09 13:43:18,688 - ERROR - Unexpected error: 'NoneType' object cannot be interpreted as an integer
2025-07-09 13:43:58,938 - ERROR - Unexpected error: 'NoneType' object cannot be interpreted as an integer
2025-07-09 13:44:27,333 - ERROR - Unexpected error: 'NoneType' object cannot be interpreted as an integer
2025-07-09 13:44:31,498 - ERROR - Unexpected error: 'NoneType' object cannot be interpreted as an integer
2025-07-09 13:44:34,081 - ERROR - Unexpected error: 'NoneType' object cannot be interpreted as an integer
2025-07-09 13:44:37,661 - ERROR - Unexpected error: 'NoneType' object cannot be interpreted as an integer
2025-07-09 13:44:49,234 - ERROR - Unexpected error: 'NoneType' object cannot be interpreted as an integer
2025-07-09 13:44:53,556 - ERROR - Unexpected error: 'NoneType' object cannot be interpreted as an integer
2025-07-09 13:44:53,729 - ERROR - Unexpected error: 'NoneType' object cannot be interpreted as an integer
2025-07-09 13:45:00,947 - ERROR - Unexpected error: 'NoneType' object cannot be interpreted as an integer
2025-07-09 13:45:06,576 - ERROR - Unexpected error: 'NoneType' object cannot be interpreted as an integer
2025-07-09 13:45:10,452 - ERROR - Unexpected error: 'NoneType' object cannot be interpreted as an integer
2025-07-09 13:45:32,914 - ERROR - Unexpected error: 'NoneType' object cannot be interpreted as an integer
2025-07-09 13:45:49,097 - ERROR - Unexpected error: 'NoneType' object cannot be interpreted as an integer
2025-07-09 13:46:00,105 - ERROR - Unexpected error: 'NoneType' object cannot be interpreted as an integer
2025-07-09 13:46:01,277 - ERROR - Unexpected error: 'NoneType' object cannot be interpreted as an integer
2025-07-09 13:46:05,374 - ERROR - Unexpected error: 'NoneType' object cannot be interpreted as an integer
2025-07-09 13:46:14,514 - ERROR - Unexpected error: 'NoneType' object cannot be interpreted as an integer
2025-07-09 13:46:22,547 - ERROR - Unexpected error: 'NoneType' object cannot be interpreted as an integer
2025-07-09 13:46:49,665 - ERROR - Unexpected error: 'NoneType' object cannot be interpreted as an integer
2025-07-09 13:46:56,349 - ERROR - Unexpected error: 'NoneType' object cannot be interpreted as an integer
2025-07-09 13:46:57,856 - ERROR - Unexpected error: 'NoneType' object cannot be interpreted as an integer
2025-07-09 13:47:08,315 - ERROR - Unexpected error: 'NoneType' object cannot be interpreted as an integer
2025-07-09 13:47:08,640 - ERROR - Unexpected error: 'NoneType' object cannot be interpreted as an integer
2025-07-09 13:47:24,649 - ERROR - Unexpected error: 'NoneType' object cannot be interpreted as an integer
2025-07-09 13:47:37,380 - ERROR - Unexpected error: 'NoneType' object cannot be interpreted as an integer
2025-07-09 13:47:41,407 - ERROR - Unexpected error: 'NoneType' object cannot be interpreted as an integer
2025-07-09 13:47:48,320 - ERROR - Unexpected error: 'NoneType' object cannot be interpreted as an integer
2025-07-09 13:47:59,572 - ERROR - Unexpected error: 'NoneType' object cannot be interpreted as an integer
2025-07-09 13:48:15,621 - ERROR - Unexpected error: 'NoneType' object cannot be interpreted as an integer
2025-07-09 13:48:24,820 - ERROR - Unexpected error: 'NoneType' object cannot be interpreted as an integer
2025-07-09 13:48:42,246 - ERROR - Unexpected error: 'NoneType' object cannot be interpreted as an integer
2025-07-09 13:48:46,544 - ERROR - Unexpected error: 'NoneType' object cannot be interpreted as an integer
2025-07-09 13:49:13,850 - ERROR - Unexpected error: 'NoneType' object cannot be interpreted as an integer
2025-07-09 13:49:25,057 - ERROR - Unexpected error: 'NoneType' object cannot be interpreted as an integer
2025-07-09 13:49:25,847 - ERROR - Unexpected error: 'NoneType' object cannot be interpreted as an integer
2025-07-09 13:49:26,991 - ERROR - Unexpected error: 'NoneType' object cannot be interpreted as an integer
2025-07-09 13:49:27,634 - ERROR - Unexpected error: 'NoneType' object cannot be interpreted as an integer
2025-07-09 13:49:36,176 - ERROR - Unexpected error: 'NoneType' object cannot be interpreted as an integer
2025-07-09 13:49:36,923 - ERROR - Unexpected error: 'NoneType' object cannot be interpreted as an integer
2025-07-09 13:49:38,049 - ERROR - Unexpected error: 'NoneType' object cannot be interpreted as an integer
2025-07-09 13:49:45,722 - ERROR - Unexpected error: 'NoneType' object cannot be interpreted as an integer
2025-07-09 13:49:47,696 - ERROR - Unexpected error: 'NoneType' object cannot be interpreted as an integer
2025-07-09 13:50:07,853 - ERROR - Unexpected error: 'NoneType' object cannot be interpreted as an integer
2025-07-09 13:50:23,150 - ERROR - Unexpected error: 'NoneType' object cannot be interpreted as an integer
2025-07-09 13:50:24,574 - ERROR - Unexpected error: 'NoneType' object cannot be interpreted as an integer
2025-07-09 13:50:28,519 - ERROR - Unexpected error: 'NoneType' object cannot be interpreted as an integer
2025-07-09 13:50:28,680 - ERROR - Unexpected error: 'NoneType' object cannot be interpreted as an integer
2025-07-09 13:50:28,975 - ERROR - Unexpected error: 'NoneType' object cannot be interpreted as an integer
2025-07-09 13:50:33,504 - ERROR - Unexpected error: 'NoneType' object cannot be interpreted as an integer
2025-07-09 13:50:43,192 - ERROR - Unexpected error: 'NoneType' object cannot be interpreted as an integer
2025-07-09 13:50:49,398 - ERROR - Unexpected error: 'NoneType' object cannot be interpreted as an integer
2025-07-09 13:51:01,799 - ERROR - Unexpected error: 'NoneType' object cannot be interpreted as an integer
2025-07-09 13:51:09,023 - ERROR - Unexpected error: 'NoneType' object cannot be interpreted as an integer
2025-07-09 13:51:36,474 - ERROR - Unexpected error: 'NoneType' object cannot be interpreted as an integer
2025-07-09 13:51:38,156 - ERROR - Unexpected error: 'NoneType' object cannot be interpreted as an integer
2025-07-09 13:51:42,235 - ERROR - Unexpected error: 'NoneType' object cannot be interpreted as an integer
2025-07-09 13:51:47,313 - ERROR - Unexpected error: 'NoneType' object cannot be interpreted as an integer
2025-07-09 13:51:55,337 - ERROR - Unexpected error: 'NoneType' object cannot be interpreted as an integer
2025-07-09 13:52:10,622 - INFO - Processed 32000 users so far
2025-07-09 13:52:14,896 - ERROR - Unexpected error: 'NoneType' object cannot be interpreted as an integer
2025-07-09 13:52:15,988 - ERROR - Unexpected error: 'NoneType' object cannot be interpreted as an integer
2025-07-09 13:52:21,507 - ERROR - Unexpected error: 'NoneType' object cannot be interpreted as an integer
2025-07-09 13:52:34,105 - ERROR - Unexpected error: 'NoneType' object cannot be interpreted as an integer
2025-07-09 13:53:16,886 - ERROR - Unexpected error: 'NoneType' object cannot be interpreted as an integer
2025-07-09 13:53:24,944 - ERROR - Unexpected error: 'NoneType' object cannot be interpreted as an integer
2025-07-09 13:53:28,598 - ERROR - Unexpected error: 'NoneType' object cannot be interpreted as an integer
2025-07-09 13:53:40,974 - ERROR - Unexpected error: 'NoneType' object cannot be interpreted as an integer
2025-07-09 13:53:53,991 - ERROR - Unexpected error: 'NoneType' object cannot be interpreted as an integer
2025-07-09 13:54:09,323 - ERROR - Unexpected error: 'NoneType' object cannot be interpreted as an integer
2025-07-09 13:54:11,133 - ERROR - Unexpected error: 'NoneType' object cannot be interpreted as an integer
2025-07-09 13:54:30,392 - ERROR - Unexpected error: 'NoneType' object cannot be interpreted as an integer
2025-07-09 13:54:44,060 - ERROR - Unexpected error: 'NoneType' object cannot be interpreted as an integer
2025-07-09 13:54:46,203 - ERROR - Unexpected error: 'NoneType' object cannot be interpreted as an integer
2025-07-09 13:54:50,339 - ERROR - Unexpected error: 'NoneType' object cannot be interpreted as an integer
2025-07-09 13:55:00,448 - ERROR - Unexpected error: 'NoneType' object cannot be interpreted as an integer
2025-07-09 13:55:07,418 - ERROR - Unexpected error: 'NoneType' object cannot be interpreted as an integer
2025-07-09 13:55:13,581 - ERROR - Unexpected error: 'NoneType' object cannot be interpreted as an integer
2025-07-09 13:55:31,495 - ERROR - Unexpected error: 'NoneType' object cannot be interpreted as an integer
2025-07-09 13:55:36,269 - ERROR - Unexpected error: 'NoneType' object cannot be interpreted as an integer
2025-07-09 13:55:39,653 - ERROR - Unexpected error: 'NoneType' object cannot be interpreted as an integer
2025-07-09 13:55:43,805 - ERROR - Unexpected error: 'NoneType' object cannot be interpreted as an integer
2025-07-09 13:55:58,054 - ERROR - Unexpected error: 'NoneType' object cannot be interpreted as an integer
2025-07-09 13:56:23,869 - ERROR - Unexpected error: 'NoneType' object cannot be interpreted as an integer
2025-07-09 13:56:44,027 - ERROR - Unexpected error: 'NoneType' object cannot be interpreted as an integer
2025-07-09 13:56:44,584 - ERROR - Unexpected error: 'NoneType' object cannot be interpreted as an integer
2025-07-09 13:56:52,773 - ERROR - Unexpected error: 'NoneType' object cannot be interpreted as an integer
2025-07-09 13:57:04,157 - ERROR - Unexpected error: 'NoneType' object cannot be interpreted as an integer
2025-07-09 13:57:06,678 - ERROR - Unexpected error: 'NoneType' object cannot be interpreted as an integer
2025-07-09 13:57:29,009 - ERROR - Unexpected error: 'NoneType' object cannot be interpreted as an integer
2025-07-09 13:57:30,437 - ERROR - Unexpected error: 'NoneType' object cannot be interpreted as an integer
2025-07-09 13:57:44,593 - ERROR - Unexpected error: 'NoneType' object cannot be interpreted as an integer
2025-07-09 13:57:47,515 - ERROR - Unexpected error: 'NoneType' object cannot be interpreted as an integer
2025-07-09 13:58:09,236 - ERROR - Unexpected error: 'NoneType' object cannot be interpreted as an integer
2025-07-09 13:58:18,774 - ERROR - Unexpected error: 'NoneType' object cannot be interpreted as an integer
2025-07-09 13:58:27,264 - ERROR - Unexpected error: 'NoneType' object cannot be interpreted as an integer
2025-07-09 13:58:33,651 - ERROR - Unexpected error: 'NoneType' object cannot be interpreted as an integer
2025-07-09 13:58:34,285 - ERROR - Unexpected error: 'NoneType' object cannot be interpreted as an integer
2025-07-09 13:58:37,950 - ERROR - Unexpected error: 'NoneType' object cannot be interpreted as an integer
2025-07-09 13:58:42,115 - ERROR - Unexpected error: 'NoneType' object cannot be interpreted as an integer
2025-07-09 13:58:49,437 - ERROR - Unexpected error: 'NoneType' object cannot be interpreted as an integer
2025-07-09 13:58:51,177 - ERROR - Unexpected error: 'NoneType' object cannot be interpreted as an integer
2025-07-09 13:59:04,299 - ERROR - Unexpected error: 'NoneType' object cannot be interpreted as an integer
2025-07-09 13:59:06,643 - ERROR - Unexpected error: 'NoneType' object cannot be interpreted as an integer
2025-07-09 13:59:07,289 - ERROR - Unexpected error: 'NoneType' object cannot be interpreted as an integer
2025-07-09 13:59:13,983 - ERROR - Unexpected error: 'NoneType' object cannot be interpreted as an integer
2025-07-09 13:59:16,055 - ERROR - Unexpected error: 'NoneType' object cannot be interpreted as an integer
2025-07-09 13:59:33,250 - ERROR - Unexpected error: 'NoneType' object cannot be interpreted as an integer
2025-07-09 13:59:49,972 - ERROR - Unexpected error: 'NoneType' object cannot be interpreted as an integer
2025-07-09 13:59:55,947 - ERROR - Unexpected error: 'NoneType' object cannot be interpreted as an integer
2025-07-09 14:00:15,421 - ERROR - Unexpected error: 'NoneType' object cannot be interpreted as an integer
2025-07-09 14:00:54,229 - ERROR - Unexpected error: 'NoneType' object cannot be interpreted as an integer
2025-07-09 14:00:56,906 - ERROR - Unexpected error: 'NoneType' object cannot be interpreted as an integer
2025-07-09 14:01:06,315 - ERROR - Unexpected error: 'NoneType' object cannot be interpreted as an integer
2025-07-09 14:01:13,760 - ERROR - Unexpected error: 'NoneType' object cannot be interpreted as an integer
2025-07-09 14:01:17,794 - ERROR - Unexpected error: 'NoneType' object cannot be interpreted as an integer
2025-07-09 14:01:22,229 - ERROR - Unexpected error: 'NoneType' object cannot be interpreted as an integer
2025-07-09 14:01:26,559 - ERROR - Unexpected error: 'NoneType' object cannot be interpreted as an integer
2025-07-09 14:01:32,580 - ERROR - Unexpected error: 'NoneType' object cannot be interpreted as an integer
2025-07-09 14:01:39,707 - ERROR - Unexpected error: 'NoneType' object cannot be interpreted as an integer
2025-07-09 14:01:40,036 - ERROR - Unexpected error: 'NoneType' object cannot be interpreted as an integer
2025-07-09 14:01:44,317 - ERROR - Unexpected error: 'NoneType' object cannot be interpreted as an integer
2025-07-09 14:02:10,938 - ERROR - Unexpected error: 'NoneType' object cannot be interpreted as an integer
2025-07-09 14:02:11,617 - ERROR - Unexpected error: 'NoneType' object cannot be interpreted as an integer
2025-07-09 14:02:16,821 - INFO - Processed 34000 users so far
2025-07-09 14:02:18,630 - ERROR - Unexpected error: 'NoneType' object cannot be interpreted as an integer
2025-07-09 14:02:43,433 - ERROR - Unexpected error: 'NoneType' object cannot be interpreted as an integer
2025-07-09 14:02:46,025 - ERROR - Unexpected error: 'NoneType' object cannot be interpreted as an integer
2025-07-09 14:02:47,890 - ERROR - Unexpected error: 'NoneType' object cannot be interpreted as an integer
2025-07-09 14:03:23,944 - ERROR - Unexpected error: 'NoneType' object cannot be interpreted as an integer
2025-07-09 14:03:24,134 - ERROR - Unexpected error: 'NoneType' object cannot be interpreted as an integer
2025-07-09 14:03:25,888 - ERROR - Unexpected error: 'NoneType' object cannot be interpreted as an integer
2025-07-09 14:03:30,401 - ERROR - Unexpected error: 'NoneType' object cannot be interpreted as an integer
2025-07-09 14:04:13,006 - ERROR - Unexpected error: 'NoneType' object cannot be interpreted as an integer
2025-07-09 14:04:14,944 - ERROR - Unexpected error: 'NoneType' object cannot be interpreted as an integer
2025-07-09 14:04:23,823 - ERROR - Unexpected error: 'NoneType' object cannot be interpreted as an integer
2025-07-09 14:04:34,949 - ERROR - Unexpected error: 'NoneType' object cannot be interpreted as an integer
2025-07-09 14:04:37,015 - ERROR - Unexpected error: 'NoneType' object cannot be interpreted as an integer
2025-07-09 14:04:40,032 - ERROR - Unexpected error: 'NoneType' object cannot be interpreted as an integer
2025-07-09 14:04:54,217 - ERROR - Unexpected error: 'NoneType' object cannot be interpreted as an integer
2025-07-09 14:05:04,962 - ERROR - Unexpected error: 'NoneType' object cannot be interpreted as an integer
2025-07-09 14:05:21,956 - ERROR - Unexpected error: 'NoneType' object cannot be interpreted as an integer
2025-07-09 14:05:27,230 - ERROR - Unexpected error: 'NoneType' object cannot be interpreted as an integer
2025-07-09 14:05:32,646 - ERROR - Unexpected error: 'NoneType' object cannot be interpreted as an integer
2025-07-09 14:06:42,836 - ERROR - Unexpected error: 'NoneType' object cannot be interpreted as an integer
2025-07-09 14:06:58,978 - ERROR - Unexpected error: 'NoneType' object cannot be interpreted as an integer
2025-07-09 14:07:00,095 - ERROR - Unexpected error: 'NoneType' object cannot be interpreted as an integer
2025-07-09 14:07:00,255 - ERROR - Unexpected error: 'NoneType' object cannot be interpreted as an integer
2025-07-09 14:07:01,561 - ERROR - Unexpected error: 'NoneType' object cannot be interpreted as an integer
2025-07-09 14:07:17,546 - ERROR - Unexpected error: 'NoneType' object cannot be interpreted as an integer
2025-07-09 14:07:41,611 - ERROR - Unexpected error: 'NoneType' object cannot be interpreted as an integer
2025-07-09 14:08:03,502 - ERROR - Unexpected error: 'NoneType' object cannot be interpreted as an integer
2025-07-09 14:08:38,568 - ERROR - Unexpected error: 'NoneType' object cannot be interpreted as an integer
2025-07-09 14:08:39,177 - ERROR - Unexpected error: 'NoneType' object cannot be interpreted as an integer
2025-07-09 14:08:45,321 - ERROR - Unexpected error: 'NoneType' object cannot be interpreted as an integer
2025-07-09 14:08:46,542 - ERROR - Unexpected error: 'NoneType' object cannot be interpreted as an integer
2025-07-09 14:08:47,362 - ERROR - Unexpected error: 'NoneType' object cannot be interpreted as an integer
2025-07-09 14:08:59,331 - ERROR - Unexpected error: 'NoneType' object cannot be interpreted as an integer
2025-07-09 14:08:59,494 - ERROR - Unexpected error: 'NoneType' object cannot be interpreted as an integer
2025-07-09 14:09:08,901 - ERROR - Unexpected error: 'NoneType' object cannot be interpreted as an integer
2025-07-09 14:09:16,440 - ERROR - Unexpected error: 'NoneType' object cannot be interpreted as an integer
2025-07-09 14:09:17,449 - ERROR - Unexpected error: 'NoneType' object cannot be interpreted as an integer
2025-07-09 14:09:18,140 - ERROR - Unexpected error: 'NoneType' object cannot be interpreted as an integer
2025-07-09 14:09:19,213 - ERROR - Unexpected error: 'NoneType' object cannot be interpreted as an integer
2025-07-09 14:09:29,611 - ERROR - Unexpected error: 'NoneType' object cannot be interpreted as an integer
2025-07-09 14:09:31,119 - ERROR - Unexpected error: 'NoneType' object cannot be interpreted as an integer
2025-07-09 14:09:32,980 - ERROR - Unexpected error: 'NoneType' object cannot be interpreted as an integer
2025-07-09 14:09:35,285 - ERROR - Unexpected error: 'NoneType' object cannot be interpreted as an integer
2025-07-09 14:09:37,683 - ERROR - Unexpected error: 'NoneType' object cannot be interpreted as an integer
2025-07-09 14:09:47,742 - ERROR - Unexpected error: 'NoneType' object cannot be interpreted as an integer
2025-07-09 14:09:49,870 - ERROR - Unexpected error: 'NoneType' object cannot be interpreted as an integer
2025-07-09 14:09:58,638 - ERROR - Unexpected error: 'NoneType' object cannot be interpreted as an integer
2025-07-09 14:10:10,533 - ERROR - Unexpected error: 'NoneType' object cannot be interpreted as an integer
2025-07-09 14:10:23,763 - ERROR - Unexpected error: 'NoneType' object cannot be interpreted as an integer
2025-07-09 14:10:28,415 - ERROR - Unexpected error: 'NoneType' object cannot be interpreted as an integer
2025-07-09 14:10:34,727 - ERROR - Unexpected error: 'NoneType' object cannot be interpreted as an integer
2025-07-09 14:10:34,895 - ERROR - Unexpected error: 'NoneType' object cannot be interpreted as an integer
2025-07-09 14:10:56,156 - ERROR - Unexpected error: 'NoneType' object cannot be interpreted as an integer
2025-07-09 14:11:25,248 - ERROR - Unexpected error: 'NoneType' object cannot be interpreted as an integer
2025-07-09 14:11:25,543 - ERROR - Unexpected error: 'NoneType' object cannot be interpreted as an integer
2025-07-09 14:11:38,896 - ERROR - Unexpected error: 'NoneType' object cannot be interpreted as an integer
2025-07-09 14:11:41,927 - ERROR - Unexpected error: 'NoneType' object cannot be interpreted as an integer
2025-07-09 14:11:42,738 - ERROR - Unexpected error: 'NoneType' object cannot be interpreted as an integer
2025-07-09 14:11:47,674 - ERROR - Unexpected error: 'NoneType' object cannot be interpreted as an integer
2025-07-09 14:12:08,187 - ERROR - Unexpected error: 'NoneType' object cannot be interpreted as an integer
2025-07-09 14:12:14,907 - ERROR - Unexpected error: 'NoneType' object cannot be interpreted as an integer
2025-07-09 14:12:36,535 - ERROR - Unexpected error: 'NoneType' object cannot be interpreted as an integer
2025-07-09 14:12:38,577 - ERROR - Unexpected error: 'NoneType' object cannot be interpreted as an integer
2025-07-09 14:12:40,406 - ERROR - Unexpected error: 'NoneType' object cannot be interpreted as an integer
2025-07-09 14:12:40,866 - ERROR - Unexpected error: 'NoneType' object cannot be interpreted as an integer
2025-07-09 14:12:54,378 - ERROR - Unexpected error: 'NoneType' object cannot be interpreted as an integer
2025-07-09 14:13:20,556 - ERROR - Unexpected error: 'NoneType' object cannot be interpreted as an integer
2025-07-09 14:13:21,205 - ERROR - Unexpected error: 'NoneType' object cannot be interpreted as an integer
2025-07-09 14:13:24,128 - ERROR - Unexpected error: 'NoneType' object cannot be interpreted as an integer
2025-07-09 14:13:31,769 - INFO - Processed 36000 users so far
2025-07-09 14:13:47,683 - ERROR - Unexpected error: 'NoneType' object cannot be interpreted as an integer
2025-07-09 14:13:48,975 - ERROR - Unexpected error: 'NoneType' object cannot be interpreted as an integer
2025-07-09 14:13:52,363 - ERROR - Unexpected error: 'NoneType' object cannot be interpreted as an integer
2025-07-09 14:13:52,670 - ERROR - Unexpected error: 'NoneType' object cannot be interpreted as an integer
2025-07-09 14:14:07,477 - ERROR - Unexpected error: 'NoneType' object cannot be interpreted as an integer
2025-07-09 14:14:27,285 - ERROR - Unexpected error: 'NoneType' object cannot be interpreted as an integer
2025-07-09 14:14:32,644 - ERROR - Unexpected error: 'NoneType' object cannot be interpreted as an integer
2025-07-09 14:14:34,334 - ERROR - Unexpected error: 'NoneType' object cannot be interpreted as an integer
2025-07-09 14:14:37,511 - ERROR - Unexpected error: 'NoneType' object cannot be interpreted as an integer
2025-07-09 14:14:51,429 - ERROR - Unexpected error: 'NoneType' object cannot be interpreted as an integer
2025-07-09 14:15:09,278 - ERROR - Unexpected error: 'NoneType' object cannot be interpreted as an integer
2025-07-09 14:15:13,888 - ERROR - Unexpected error: 'NoneType' object cannot be interpreted as an integer
2025-07-09 14:15:26,796 - ERROR - Unexpected error: 'NoneType' object cannot be interpreted as an integer
2025-07-09 14:15:36,569 - ERROR - Unexpected error: 'NoneType' object cannot be interpreted as an integer
2025-07-09 14:16:13,819 - ERROR - Unexpected error: 'NoneType' object cannot be interpreted as an integer
2025-07-09 14:16:23,899 - ERROR - Unexpected error: 'NoneType' object cannot be interpreted as an integer
2025-07-09 14:16:24,992 - ERROR - Unexpected error: 'NoneType' object cannot be interpreted as an integer
2025-07-09 14:16:29,122 - ERROR - Unexpected error: 'NoneType' object cannot be interpreted as an integer
2025-07-09 14:16:37,612 - ERROR - Unexpected error: 'NoneType' object cannot be interpreted as an integer
2025-07-09 14:16:41,017 - ERROR - Unexpected error: 'NoneType' object cannot be interpreted as an integer
2025-07-09 14:16:51,346 - ERROR - Unexpected error: 'NoneType' object cannot be interpreted as an integer
2025-07-09 14:16:54,101 - ERROR - Unexpected error: 'NoneType' object cannot be interpreted as an integer
2025-07-09 14:17:11,101 - ERROR - Unexpected error: 'NoneType' object cannot be interpreted as an integer
2025-07-09 14:17:14,290 - ERROR - Unexpected error: 'NoneType' object cannot be interpreted as an integer
2025-07-09 14:17:40,191 - ERROR - Unexpected error: 'NoneType' object cannot be interpreted as an integer
2025-07-09 14:17:52,655 - ERROR - Unexpected error: 'NoneType' object cannot be interpreted as an integer
2025-07-09 14:17:53,758 - ERROR - Unexpected error: 'NoneType' object cannot be interpreted as an integer
2025-07-09 14:18:05,838 - ERROR - Unexpected error: 'NoneType' object cannot be interpreted as an integer
2025-07-09 14:18:06,851 - ERROR - Unexpected error: 'NoneType' object cannot be interpreted as an integer
2025-07-09 14:18:16,228 - ERROR - Unexpected error: 'NoneType' object cannot be interpreted as an integer
2025-07-09 14:18:18,598 - ERROR - Unexpected error: 'NoneType' object cannot be interpreted as an integer
2025-07-09 14:18:24,527 - ERROR - Unexpected error: 'NoneType' object cannot be interpreted as an integer
2025-07-09 14:18:36,042 - ERROR - Unexpected error: 'NoneType' object cannot be interpreted as an integer
2025-07-09 14:18:39,827 - ERROR - Unexpected error: 'NoneType' object cannot be interpreted as an integer
2025-07-09 14:18:42,989 - ERROR - Unexpected error: 'NoneType' object cannot be interpreted as an integer
2025-07-09 14:19:00,764 - ERROR - Unexpected error: 'NoneType' object cannot be interpreted as an integer
2025-07-09 14:19:21,892 - ERROR - Unexpected error: 'NoneType' object cannot be interpreted as an integer
2025-07-09 14:19:36,311 - ERROR - Unexpected error: 'NoneType' object cannot be interpreted as an integer
2025-07-09 14:20:32,238 - ERROR - Unexpected error: 'NoneType' object cannot be interpreted as an integer
2025-07-09 14:20:34,630 - ERROR - Unexpected error: 'NoneType' object cannot be interpreted as an integer
2025-07-09 14:20:38,730 - ERROR - Unexpected error: 'NoneType' object cannot be interpreted as an integer
2025-07-09 14:20:55,896 - ERROR - Unexpected error: 'NoneType' object cannot be interpreted as an integer
2025-07-09 14:20:56,535 - ERROR - Unexpected error: 'NoneType' object cannot be interpreted as an integer
2025-07-09 14:21:08,092 - ERROR - Unexpected error: 'NoneType' object cannot be interpreted as an integer
2025-07-09 14:21:08,390 - ERROR - Unexpected error: 'NoneType' object cannot be interpreted as an integer
2025-07-09 14:21:21,592 - ERROR - Unexpected error: 'NoneType' object cannot be interpreted as an integer
2025-07-09 14:21:27,688 - ERROR - Unexpected error: 'NoneType' object cannot be interpreted as an integer
2025-07-09 14:21:34,153 - ERROR - Unexpected error: 'NoneType' object cannot be interpreted as an integer
2025-07-09 14:21:49,203 - ERROR - Unexpected error: 'NoneType' object cannot be interpreted as an integer
2025-07-09 14:22:07,804 - ERROR - Unexpected error: 'NoneType' object cannot be interpreted as an integer
2025-07-09 14:22:11,915 - ERROR - Unexpected error: 'NoneType' object cannot be interpreted as an integer
2025-07-09 14:22:22,467 - ERROR - Unexpected error: 'NoneType' object cannot be interpreted as an integer
2025-07-09 14:22:31,778 - ERROR - Unexpected error: 'NoneType' object cannot be interpreted as an integer
2025-07-09 14:22:31,941 - ERROR - Unexpected error: 'NoneType' object cannot be interpreted as an integer
2025-07-09 14:23:03,110 - INFO - Processed 38000 users so far
2025-07-09 14:23:16,808 - ERROR - Unexpected error: 'NoneType' object cannot be interpreted as an integer
2025-07-09 14:23:26,711 - ERROR - Unexpected error: 'NoneType' object cannot be interpreted as an integer
2025-07-09 14:23:31,469 - ERROR - Unexpected error: 'NoneType' object cannot be interpreted as an integer
2025-07-09 14:23:32,638 - ERROR - Unexpected error: 'NoneType' object cannot be interpreted as an integer
2025-07-09 14:23:43,908 - ERROR - Unexpected error: 'NoneType' object cannot be interpreted as an integer
2025-07-09 14:23:52,508 - ERROR - Request failed: 422 Client Error: Unprocessable Entity for url: https://arctic-shift.photon-reddit.com/api/posts/search?author=Emy77000&after=1641016800&before=1745989200&limit=auto&sort=asc&meta-app=download-tool
2025-07-09 14:23:55,685 - ERROR - Request failed: 422 Client Error: Unprocessable Entity for url: https://arctic-shift.photon-reddit.com/api/posts/search?author=FoldNeat8419&after=1641016800&before=1745989200&limit=auto&sort=asc&meta-app=download-tool
2025-07-09 14:24:00,565 - ERROR - Unexpected error: 'NoneType' object cannot be interpreted as an integer
2025-07-09 14:24:04,315 - ERROR - Unexpected error: 'NoneType' object cannot be interpreted as an integer
2025-07-09 14:24:16,500 - ERROR - Unexpected error: 'NoneType' object cannot be interpreted as an integer
2025-07-09 14:25:06,594 - ERROR - Unexpected error: 'NoneType' object cannot be interpreted as an integer
2025-07-09 14:25:11,791 - ERROR - Unexpected error: 'NoneType' object cannot be interpreted as an integer
2025-07-09 14:25:14,328 - ERROR - Unexpected error: 'NoneType' object cannot be interpreted as an integer
2025-07-09 14:25:20,097 - ERROR - Unexpected error: 'NoneType' object cannot be interpreted as an integer
2025-07-09 14:25:22,173 - ERROR - Unexpected error: 'NoneType' object cannot be interpreted as an integer
2025-07-09 14:25:26,753 - ERROR - Unexpected error: 'NoneType' object cannot be interpreted as an integer
2025-07-09 14:25:29,143 - ERROR - Unexpected error: 'NoneType' object cannot be interpreted as an integer
2025-07-09 14:25:45,363 - ERROR - Unexpected error: 'NoneType' object cannot be interpreted as an integer
2025-07-09 14:25:46,190 - ERROR - Unexpected error: 'NoneType' object cannot be interpreted as an integer
2025-07-09 14:25:47,818 - ERROR - Unexpected error: 'NoneType' object cannot be interpreted as an integer
2025-07-09 14:25:55,808 - ERROR - Unexpected error: 'NoneType' object cannot be interpreted as an integer
2025-07-09 14:26:04,490 - ERROR - Unexpected error: 'NoneType' object cannot be interpreted as an integer
2025-07-09 14:26:07,265 - ERROR - Unexpected error: 'NoneType' object cannot be interpreted as an integer
2025-07-09 14:26:09,916 - ERROR - Unexpected error: 'NoneType' object cannot be interpreted as an integer
2025-07-09 14:26:12,470 - ERROR - Unexpected error: 'NoneType' object cannot be interpreted as an integer
2025-07-09 14:26:17,066 - ERROR - Unexpected error: 'NoneType' object cannot be interpreted as an integer
2025-07-09 14:26:27,514 - ERROR - Unexpected error: 'NoneType' object cannot be interpreted as an integer
2025-07-09 14:26:44,478 - ERROR - Unexpected error: 'NoneType' object cannot be interpreted as an integer
2025-07-09 14:26:47,668 - ERROR - Unexpected error: 'NoneType' object cannot be interpreted as an integer
2025-07-09 14:27:00,642 - ERROR - Unexpected error: 'NoneType' object cannot be interpreted as an integer
2025-07-09 14:27:06,661 - ERROR - Unexpected error: 'NoneType' object cannot be interpreted as an integer
2025-07-09 14:27:25,773 - ERROR - Unexpected error: 'NoneType' object cannot be interpreted as an integer
2025-07-09 14:27:53,396 - ERROR - Unexpected error: 'NoneType' object cannot be interpreted as an integer
2025-07-09 14:27:58,120 - ERROR - Unexpected error: 'NoneType' object cannot be interpreted as an integer
2025-07-09 14:28:00,081 - ERROR - Unexpected error: 'NoneType' object cannot be interpreted as an integer
2025-07-09 14:28:01,115 - ERROR - Unexpected error: 'NoneType' object cannot be interpreted as an integer
2025-07-09 14:28:14,717 - ERROR - Unexpected error: 'NoneType' object cannot be interpreted as an integer
2025-07-09 14:28:34,689 - ERROR - Unexpected error: 'NoneType' object cannot be interpreted as an integer
2025-07-09 14:28:35,203 - ERROR - Unexpected error: 'NoneType' object cannot be interpreted as an integer
2025-07-09 14:28:36,845 - ERROR - Unexpected error: 'NoneType' object cannot be interpreted as an integer
2025-07-09 14:28:50,897 - ERROR - Unexpected error: 'NoneType' object cannot be interpreted as an integer
2025-07-09 14:28:54,187 - ERROR - Unexpected error: 'NoneType' object cannot be interpreted as an integer
2025-07-09 14:29:04,996 - ERROR - Unexpected error: 'NoneType' object cannot be interpreted as an integer
2025-07-09 14:29:36,159 - ERROR - Unexpected error: 'NoneType' object cannot be interpreted as an integer
2025-07-09 14:29:42,566 - ERROR - Unexpected error: 'NoneType' object cannot be interpreted as an integer
2025-07-09 14:29:47,613 - ERROR - Unexpected error: 'NoneType' object cannot be interpreted as an integer
2025-07-09 14:29:58,656 - ERROR - Unexpected error: 'NoneType' object cannot be interpreted as an integer
2025-07-09 14:30:13,753 - ERROR - Unexpected error: 'NoneType' object cannot be interpreted as an integer
2025-07-09 14:30:23,736 - ERROR - Unexpected error: 'NoneType' object cannot be interpreted as an integer
2025-07-09 14:30:31,251 - ERROR - Unexpected error: 'NoneType' object cannot be interpreted as an integer
2025-07-09 14:30:38,656 - ERROR - Unexpected error: 'NoneType' object cannot be interpreted as an integer
2025-07-09 14:30:42,139 - ERROR - Unexpected error: 'NoneType' object cannot be interpreted as an integer
2025-07-09 14:30:48,913 - ERROR - Unexpected error: 'NoneType' object cannot be interpreted as an integer
2025-07-09 14:30:56,536 - ERROR - Unexpected error: 'NoneType' object cannot be interpreted as an integer
2025-07-09 14:31:05,953 - ERROR - Unexpected error: 'NoneType' object cannot be interpreted as an integer
2025-07-09 14:31:08,288 - ERROR - Unexpected error: 'NoneType' object cannot be interpreted as an integer
2025-07-09 14:31:09,150 - ERROR - Unexpected error: 'NoneType' object cannot be interpreted as an integer
2025-07-09 14:31:13,195 - ERROR - Unexpected error: 'NoneType' object cannot be interpreted as an integer
2025-07-09 14:31:27,069 - ERROR - Unexpected error: 'NoneType' object cannot be interpreted as an integer
2025-07-09 14:31:33,636 - ERROR - Unexpected error: 'NoneType' object cannot be interpreted as an integer
2025-07-09 14:31:37,246 - ERROR - Unexpected error: 'NoneType' object cannot be interpreted as an integer
2025-07-09 14:31:46,296 - ERROR - Unexpected error: 'NoneType' object cannot be interpreted as an integer
2025-07-09 14:31:48,098 - ERROR - Unexpected error: 'NoneType' object cannot be interpreted as an integer
2025-07-09 14:32:01,677 - ERROR - Unexpected error: 'NoneType' object cannot be interpreted as an integer
2025-07-09 14:32:01,969 - ERROR - Unexpected error: 'NoneType' object cannot be interpreted as an integer
2025-07-09 14:32:06,761 - ERROR - Unexpected error: 'NoneType' object cannot be interpreted as an integer
2025-07-09 14:32:22,166 - INFO - Processed 40000 users so far
2025-07-09 14:32:25,637 - ERROR - Unexpected error: 'NoneType' object cannot be interpreted as an integer
2025-07-09 14:32:27,072 - ERROR - Unexpected error: 'NoneType' object cannot be interpreted as an integer
2025-07-09 14:32:28,748 - ERROR - Unexpected error: 'NoneType' object cannot be interpreted as an integer
2025-07-09 14:32:29,081 - ERROR - Unexpected error: 'NoneType' object cannot be interpreted as an integer
2025-07-09 14:32:31,064 - ERROR - Unexpected error: 'NoneType' object cannot be interpreted as an integer
2025-07-09 14:33:05,978 - ERROR - Unexpected error: 'NoneType' object cannot be interpreted as an integer
2025-07-09 14:33:14,828 - ERROR - Unexpected error: 'NoneType' object cannot be interpreted as an integer
2025-07-09 14:33:24,533 - ERROR - Unexpected error: 'NoneType' object cannot be interpreted as an integer
2025-07-09 14:33:41,106 - ERROR - Unexpected error: 'NoneType' object cannot be interpreted as an integer
2025-07-09 14:33:43,065 - ERROR - Unexpected error: 'NoneType' object cannot be interpreted as an integer
2025-07-09 14:33:47,088 - ERROR - Unexpected error: 'NoneType' object cannot be interpreted as an integer
2025-07-09 14:33:54,306 - ERROR - Unexpected error: 'NoneType' object cannot be interpreted as an integer
2025-07-09 14:34:12,886 - ERROR - Unexpected error: 'NoneType' object cannot be interpreted as an integer
2025-07-09 14:34:23,010 - ERROR - Unexpected error: 'NoneType' object cannot be interpreted as an integer
2025-07-09 14:34:27,662 - ERROR - Unexpected error: 'NoneType' object cannot be interpreted as an integer
2025-07-09 14:34:32,509 - ERROR - Unexpected error: 'NoneType' object cannot be interpreted as an integer
2025-07-09 14:34:42,001 - ERROR - Unexpected error: 'NoneType' object cannot be interpreted as an integer
2025-07-09 14:34:49,541 - ERROR - Unexpected error: 'NoneType' object cannot be interpreted as an integer
2025-07-09 14:35:05,163 - ERROR - Unexpected error: 'NoneType' object cannot be interpreted as an integer
2025-07-09 14:35:07,288 - ERROR - Unexpected error: 'NoneType' object cannot be interpreted as an integer
2025-07-09 14:35:31,690 - ERROR - Unexpected error: 'NoneType' object cannot be interpreted as an integer
2025-07-09 14:35:33,938 - ERROR - Unexpected error: 'NoneType' object cannot be interpreted as an integer
2025-07-09 14:35:34,599 - ERROR - Unexpected error: 'NoneType' object cannot be interpreted as an integer
2025-07-09 14:35:44,497 - ERROR - Unexpected error: 'NoneType' object cannot be interpreted as an integer
2025-07-09 14:35:46,869 - ERROR - Unexpected error: 'NoneType' object cannot be interpreted as an integer
2025-07-09 14:35:52,891 - ERROR - Unexpected error: 'NoneType' object cannot be interpreted as an integer
2025-07-09 14:35:54,886 - ERROR - Unexpected error: 'NoneType' object cannot be interpreted as an integer
2025-07-09 14:36:02,995 - ERROR - Unexpected error: 'NoneType' object cannot be interpreted as an integer
2025-07-09 14:36:07,097 - ERROR - Unexpected error: 'NoneType' object cannot be interpreted as an integer
2025-07-09 14:36:09,603 - ERROR - Unexpected error: 'NoneType' object cannot be interpreted as an integer
2025-07-09 14:36:13,021 - ERROR - Unexpected error: 'NoneType' object cannot be interpreted as an integer
2025-07-09 14:36:25,391 - ERROR - Unexpected error: 'NoneType' object cannot be interpreted as an integer
2025-07-09 14:36:41,419 - ERROR - Unexpected error: 'NoneType' object cannot be interpreted as an integer
2025-07-09 14:36:50,437 - ERROR - Unexpected error: 'NoneType' object cannot be interpreted as an integer
2025-07-09 14:36:55,864 - ERROR - Unexpected error: 'NoneType' object cannot be interpreted as an integer
2025-07-09 14:37:00,168 - ERROR - Unexpected error: 'NoneType' object cannot be interpreted as an integer
2025-07-09 14:37:08,355 - ERROR - Unexpected error: 'NoneType' object cannot be interpreted as an integer
2025-07-09 14:37:40,117 - ERROR - Unexpected error: 'NoneType' object cannot be interpreted as an integer
2025-07-09 14:37:50,818 - ERROR - Unexpected error: 'NoneType' object cannot be interpreted as an integer
2025-07-09 14:37:52,586 - ERROR - Unexpected error: 'NoneType' object cannot be interpreted as an integer
2025-07-09 14:37:56,695 - ERROR - Unexpected error: 'NoneType' object cannot be interpreted as an integer
2025-07-09 14:37:57,224 - ERROR - Unexpected error: 'NoneType' object cannot be interpreted as an integer
2025-07-09 14:38:23,374 - ERROR - Unexpected error: 'NoneType' object cannot be interpreted as an integer
2025-07-09 14:38:25,163 - ERROR - Unexpected error: 'NoneType' object cannot be interpreted as an integer
2025-07-09 14:38:33,854 - ERROR - Unexpected error: 'NoneType' object cannot be interpreted as an integer
2025-07-09 14:38:39,233 - ERROR - Unexpected error: 'NoneType' object cannot be interpreted as an integer
2025-07-09 14:39:03,704 - ERROR - Unexpected error: 'NoneType' object cannot be interpreted as an integer
2025-07-09 14:39:24,362 - ERROR - Unexpected error: 'NoneType' object cannot be interpreted as an integer
2025-07-09 14:39:25,145 - ERROR - Unexpected error: 'NoneType' object cannot be interpreted as an integer
2025-07-09 14:39:26,054 - ERROR - Unexpected error: 'NoneType' object cannot be interpreted as an integer
2025-07-09 14:39:27,056 - ERROR - Unexpected error: 'NoneType' object cannot be interpreted as an integer
2025-07-09 14:39:37,753 - ERROR - Unexpected error: 'NoneType' object cannot be interpreted as an integer
2025-07-09 14:40:10,728 - ERROR - Unexpected error: 'NoneType' object cannot be interpreted as an integer
2025-07-09 14:40:17,841 - ERROR - Unexpected error: 'NoneType' object cannot be interpreted as an integer
2025-07-09 14:40:43,695 - ERROR - Unexpected error: 'NoneType' object cannot be interpreted as an integer
2025-07-09 14:41:00,540 - ERROR - Unexpected error: 'NoneType' object cannot be interpreted as an integer
2025-07-09 14:41:13,528 - ERROR - Unexpected error: 'NoneType' object cannot be interpreted as an integer
2025-07-09 14:41:21,112 - ERROR - Unexpected error: 'NoneType' object cannot be interpreted as an integer
2025-07-09 14:41:21,832 - ERROR - Unexpected error: 'NoneType' object cannot be interpreted as an integer
2025-07-09 14:41:27,758 - ERROR - Unexpected error: 'NoneType' object cannot be interpreted as an integer
2025-07-09 14:41:31,919 - ERROR - Unexpected error: 'NoneType' object cannot be interpreted as an integer
2025-07-09 14:41:46,021 - ERROR - Unexpected error: 'NoneType' object cannot be interpreted as an integer
2025-07-09 14:41:52,715 - ERROR - Unexpected error: 'NoneType' object cannot be interpreted as an integer
2025-07-09 14:41:56,119 - ERROR - Unexpected error: 'NoneType' object cannot be interpreted as an integer
2025-07-09 14:42:01,260 - ERROR - Unexpected error: 'NoneType' object cannot be interpreted as an integer
2025-07-09 14:42:02,087 - INFO - Processed 42000 users so far
2025-07-09 14:42:04,826 - ERROR - Unexpected error: 'NoneType' object cannot be interpreted as an integer
2025-07-09 14:42:15,124 - ERROR - Unexpected error: 'NoneType' object cannot be interpreted as an integer
2025-07-09 14:42:17,168 - ERROR - Unexpected error: 'NoneType' object cannot be interpreted as an integer
2025-07-09 14:42:27,683 - ERROR - Unexpected error: 'NoneType' object cannot be interpreted as an integer
2025-07-09 14:42:32,386 - ERROR - Unexpected error: 'NoneType' object cannot be interpreted as an integer
2025-07-09 14:42:41,944 - ERROR - Unexpected error: 'NoneType' object cannot be interpreted as an integer
2025-07-09 14:42:42,286 - ERROR - Unexpected error: 'NoneType' object cannot be interpreted as an integer
2025-07-09 14:42:42,894 - ERROR - Unexpected error: 'NoneType' object cannot be interpreted as an integer
2025-07-09 14:42:45,734 - ERROR - Unexpected error: 'NoneType' object cannot be interpreted as an integer
2025-07-09 14:42:50,455 - ERROR - Unexpected error: 'NoneType' object cannot be interpreted as an integer
2025-07-09 14:42:57,897 - ERROR - Unexpected error: 'NoneType' object cannot be interpreted as an integer
2025-07-09 14:42:59,529 - ERROR - Unexpected error: 'NoneType' object cannot be interpreted as an integer
2025-07-09 14:43:01,949 - ERROR - Unexpected error: 'NoneType' object cannot be interpreted as an integer
2025-07-09 14:43:09,817 - ERROR - Unexpected error: 'NoneType' object cannot be interpreted as an integer
2025-07-09 14:43:51,139 - ERROR - Unexpected error: 'NoneType' object cannot be interpreted as an integer
2025-07-09 14:44:17,429 - ERROR - Unexpected error: 'NoneType' object cannot be interpreted as an integer
2025-07-09 14:44:22,059 - ERROR - Unexpected error: 'NoneType' object cannot be interpreted as an integer
2025-07-09 14:44:30,132 - ERROR - Unexpected error: 'NoneType' object cannot be interpreted as an integer
2025-07-09 14:44:49,715 - ERROR - Unexpected error: 'NoneType' object cannot be interpreted as an integer
2025-07-09 14:45:17,132 - ERROR - Unexpected error: 'NoneType' object cannot be interpreted as an integer
2025-07-09 14:45:22,329 - ERROR - Unexpected error: 'NoneType' object cannot be interpreted as an integer
2025-07-09 14:45:32,106 - ERROR - Unexpected error: 'NoneType' object cannot be interpreted as an integer
2025-07-09 14:45:32,739 - ERROR - Unexpected error: 'NoneType' object cannot be interpreted as an integer
2025-07-09 14:46:28,712 - ERROR - Unexpected error: 'NoneType' object cannot be interpreted as an integer
2025-07-09 14:46:44,293 - ERROR - Unexpected error: 'NoneType' object cannot be interpreted as an integer
2025-07-09 14:47:03,572 - ERROR - Unexpected error: 'NoneType' object cannot be interpreted as an integer
2025-07-09 14:47:14,095 - ERROR - Unexpected error: 'NoneType' object cannot be interpreted as an integer
2025-07-09 14:47:29,814 - ERROR - Unexpected error: 'NoneType' object cannot be interpreted as an integer
2025-07-09 14:47:31,067 - ERROR - Unexpected error: 'NoneType' object cannot be interpreted as an integer
2025-07-09 14:47:31,530 - ERROR - Unexpected error: 'NoneType' object cannot be interpreted as an integer
2025-07-09 14:47:36,834 - ERROR - Unexpected error: 'NoneType' object cannot be interpreted as an integer
2025-07-09 14:49:40,010 - ERROR - Unexpected error: 'NoneType' object cannot be interpreted as an integer
2025-07-09 14:49:42,100 - ERROR - Unexpected error: 'NoneType' object cannot be interpreted as an integer
2025-07-09 14:49:48,386 - ERROR - Unexpected error: 'NoneType' object cannot be interpreted as an integer
2025-07-09 14:50:09,639 - ERROR - Unexpected error: 'NoneType' object cannot be interpreted as an integer
2025-07-09 14:50:33,777 - ERROR - Unexpected error: 'NoneType' object cannot be interpreted as an integer
2025-07-09 14:50:45,484 - ERROR - Unexpected error: 'NoneType' object cannot be interpreted as an integer
2025-07-09 14:51:12,994 - ERROR - Unexpected error: 'NoneType' object cannot be interpreted as an integer
2025-07-09 14:51:15,891 - ERROR - Unexpected error: 'NoneType' object cannot be interpreted as an integer
2025-07-09 14:51:27,473 - ERROR - Unexpected error: 'NoneType' object cannot be interpreted as an integer
2025-07-09 14:51:46,160 - ERROR - Unexpected error: 'NoneType' object cannot be interpreted as an integer
2025-07-09 14:51:52,095 - ERROR - Unexpected error: 'NoneType' object cannot be interpreted as an integer
2025-07-09 14:52:00,665 - ERROR - Unexpected error: 'NoneType' object cannot be interpreted as an integer
2025-07-09 14:52:01,007 - ERROR - Unexpected error: 'NoneType' object cannot be interpreted as an integer
2025-07-09 14:52:19,452 - ERROR - Unexpected error: 'NoneType' object cannot be interpreted as an integer
2025-07-09 14:52:22,818 - ERROR - Unexpected error: 'NoneType' object cannot be interpreted as an integer
2025-07-09 14:52:26,127 - ERROR - Unexpected error: 'NoneType' object cannot be interpreted as an integer
2025-07-09 14:52:28,391 - ERROR - Unexpected error: 'NoneType' object cannot be interpreted as an integer
2025-07-09 14:52:33,996 - ERROR - Unexpected error: 'NoneType' object cannot be interpreted as an integer
2025-07-09 14:52:39,190 - ERROR - Unexpected error: 'NoneType' object cannot be interpreted as an integer
2025-07-09 14:52:53,495 - ERROR - Unexpected error: 'NoneType' object cannot be interpreted as an integer
2025-07-09 14:52:53,791 - ERROR - Unexpected error: 'NoneType' object cannot be interpreted as an integer
2025-07-09 14:52:55,409 - ERROR - Unexpected error: 'NoneType' object cannot be interpreted as an integer
2025-07-09 14:52:57,070 - ERROR - Unexpected error: 'NoneType' object cannot be interpreted as an integer
2025-07-09 14:52:59,144 - ERROR - Unexpected error: 'NoneType' object cannot be interpreted as an integer
2025-07-09 14:53:07,505 - ERROR - Unexpected error: 'NoneType' object cannot be interpreted as an integer
2025-07-09 14:53:24,768 - ERROR - Unexpected error: 'NoneType' object cannot be interpreted as an integer
2025-07-09 14:53:37,231 - INFO - Processed 44000 users so far
2025-07-09 14:53:50,321 - ERROR - Unexpected error: 'NoneType' object cannot be interpreted as an integer
2025-07-09 14:54:05,068 - ERROR - Unexpected error: 'NoneType' object cannot be interpreted as an integer
2025-07-09 14:54:10,126 - ERROR - Unexpected error: 'NoneType' object cannot be interpreted as an integer
2025-07-09 14:54:16,161 - ERROR - Unexpected error: 'NoneType' object cannot be interpreted as an integer
2025-07-09 14:54:25,774 - ERROR - Unexpected error: 'NoneType' object cannot be interpreted as an integer
2025-07-09 14:54:27,246 - ERROR - Unexpected error: 'NoneType' object cannot be interpreted as an integer
2025-07-09 14:54:44,318 - ERROR - Unexpected error: 'NoneType' object cannot be interpreted as an integer
2025-07-09 14:55:02,389 - ERROR - Unexpected error: 'NoneType' object cannot be interpreted as an integer
2025-07-09 14:55:27,336 - ERROR - Unexpected error: 'NoneType' object cannot be interpreted as an integer
2025-07-09 14:55:36,010 - ERROR - Unexpected error: 'NoneType' object cannot be interpreted as an integer
2025-07-09 14:57:44,762 - ERROR - Unexpected error: 'NoneType' object cannot be interpreted as an integer
2025-07-09 14:58:01,501 - ERROR - Unexpected error: 'NoneType' object cannot be interpreted as an integer
2025-07-09 14:58:19,256 - ERROR - Unexpected error: 'NoneType' object cannot be interpreted as an integer
2025-07-09 14:59:04,778 - ERROR - Unexpected error: 'NoneType' object cannot be interpreted as an integer
2025-07-09 14:59:11,137 - ERROR - Unexpected error: 'NoneType' object cannot be interpreted as an integer
2025-07-09 14:59:37,682 - ERROR - Unexpected error: 'NoneType' object cannot be interpreted as an integer
2025-07-09 14:59:39,925 - ERROR - Unexpected error: 'NoneType' object cannot be interpreted as an integer
2025-07-09 14:59:47,076 - ERROR - Unexpected error: 'NoneType' object cannot be interpreted as an integer
2025-07-09 14:59:47,636 - ERROR - Unexpected error: 'NoneType' object cannot be interpreted as an integer
2025-07-09 14:59:51,300 - ERROR - Unexpected error: 'NoneType' object cannot be interpreted as an integer
2025-07-09 15:00:36,611 - ERROR - Unexpected error: 'NoneType' object cannot be interpreted as an integer
2025-07-09 15:01:08,338 - ERROR - Unexpected error: 'NoneType' object cannot be interpreted as an integer
2025-07-09 15:01:10,811 - ERROR - Unexpected error: 'NoneType' object cannot be interpreted as an integer
2025-07-09 15:01:14,180 - ERROR - Unexpected error: 'NoneType' object cannot be interpreted as an integer
2025-07-09 15:01:21,606 - ERROR - Unexpected error: 'NoneType' object cannot be interpreted as an integer
2025-07-09 15:01:22,243 - ERROR - Unexpected error: 'NoneType' object cannot be interpreted as an integer
2025-07-09 15:02:01,264 - ERROR - Unexpected error: 'NoneType' object cannot be interpreted as an integer
2025-07-09 15:02:15,875 - ERROR - Unexpected error: 'NoneType' object cannot be interpreted as an integer
2025-07-09 15:02:18,281 - ERROR - Unexpected error: 'NoneType' object cannot be interpreted as an integer
2025-07-09 15:02:19,610 - ERROR - Unexpected error: 'NoneType' object cannot be interpreted as an integer
2025-07-09 15:02:19,773 - ERROR - Unexpected error: 'NoneType' object cannot be interpreted as an integer
2025-07-09 15:02:21,712 - ERROR - Unexpected error: 'NoneType' object cannot be interpreted as an integer
2025-07-09 15:02:30,709 - ERROR - Unexpected error: 'NoneType' object cannot be interpreted as an integer
2025-07-09 15:02:35,610 - ERROR - Unexpected error: 'NoneType' object cannot be interpreted as an integer
2025-07-09 15:02:39,906 - ERROR - Unexpected error: 'NoneType' object cannot be interpreted as an integer
2025-07-09 15:02:41,462 - ERROR - Unexpected error: 'NoneType' object cannot be interpreted as an integer
2025-07-09 15:02:48,448 - ERROR - Unexpected error: 'NoneType' object cannot be interpreted as an integer
2025-07-09 15:03:06,948 - ERROR - Unexpected error: 'NoneType' object cannot be interpreted as an integer
2025-07-09 15:03:11,814 - ERROR - Unexpected error: 'NoneType' object cannot be interpreted as an integer
2025-07-09 15:03:25,328 - ERROR - Unexpected error: 'NoneType' object cannot be interpreted as an integer
2025-07-09 15:03:37,288 - ERROR - Unexpected error: 'NoneType' object cannot be interpreted as an integer
2025-07-09 15:03:42,287 - ERROR - Unexpected error: 'NoneType' object cannot be interpreted as an integer
2025-07-09 15:04:12,427 - ERROR - Unexpected error: 'NoneType' object cannot be interpreted as an integer
2025-07-09 15:04:19,213 - ERROR - Unexpected error: 'NoneType' object cannot be interpreted as an integer
2025-07-09 15:04:23,035 - ERROR - Unexpected error: 'NoneType' object cannot be interpreted as an integer
2025-07-09 15:04:32,486 - ERROR - Unexpected error: 'NoneType' object cannot be interpreted as an integer
2025-07-09 15:04:35,537 - ERROR - Unexpected error: 'NoneType' object cannot be interpreted as an integer
2025-07-09 15:04:37,918 - ERROR - Unexpected error: 'NoneType' object cannot be interpreted as an integer
2025-07-09 15:04:42,634 - ERROR - Unexpected error: 'NoneType' object cannot be interpreted as an integer
2025-07-09 15:04:44,924 - ERROR - Unexpected error: 'NoneType' object cannot be interpreted as an integer
2025-07-09 15:04:51,589 - ERROR - Unexpected error: 'NoneType' object cannot be interpreted as an integer
2025-07-09 15:05:07,867 - ERROR - Unexpected error: 'NoneType' object cannot be interpreted as an integer
2025-07-09 15:05:11,382 - ERROR - Unexpected error: 'NoneType' object cannot be interpreted as an integer
2025-07-09 15:05:19,382 - ERROR - Unexpected error: 'NoneType' object cannot be interpreted as an integer
2025-07-09 15:05:25,089 - ERROR - Unexpected error: 'NoneType' object cannot be interpreted as an integer
2025-07-09 15:05:30,154 - ERROR - Unexpected error: 'NoneType' object cannot be interpreted as an integer
2025-07-09 15:05:30,446 - INFO - Processed 46000 users so far
2025-07-09 15:05:31,720 - ERROR - Unexpected error: 'NoneType' object cannot be interpreted as an integer
2025-07-09 15:05:38,315 - ERROR - Unexpected error: 'NoneType' object cannot be interpreted as an integer
2025-07-09 15:05:50,857 - ERROR - Unexpected error: 'NoneType' object cannot be interpreted as an integer
2025-07-09 15:05:51,553 - ERROR - Unexpected error: 'NoneType' object cannot be interpreted as an integer
2025-07-09 15:05:51,862 - ERROR - Unexpected error: 'NoneType' object cannot be interpreted as an integer
2025-07-09 15:06:13,227 - ERROR - Unexpected error: 'NoneType' object cannot be interpreted as an integer
2025-07-09 15:07:00,044 - ERROR - Unexpected error: 'NoneType' object cannot be interpreted as an integer
2025-07-09 15:07:08,057 - ERROR - Unexpected error: 'NoneType' object cannot be interpreted as an integer
2025-07-09 15:07:19,844 - ERROR - Unexpected error: 'NoneType' object cannot be interpreted as an integer
2025-07-09 15:07:29,650 - ERROR - Unexpected error: 'NoneType' object cannot be interpreted as an integer
2025-07-09 15:07:40,134 - ERROR - Unexpected error: 'NoneType' object cannot be interpreted as an integer
2025-07-09 15:07:46,168 - ERROR - Unexpected error: 'NoneType' object cannot be interpreted as an integer
2025-07-09 15:07:50,902 - ERROR - Unexpected error: 'NoneType' object cannot be interpreted as an integer
2025-07-09 15:07:51,372 - ERROR - Unexpected error: 'NoneType' object cannot be interpreted as an integer
2025-07-09 15:08:03,136 - ERROR - Unexpected error: 'NoneType' object cannot be interpreted as an integer
2025-07-09 15:08:12,085 - ERROR - Unexpected error: 'NoneType' object cannot be interpreted as an integer
2025-07-09 15:08:17,437 - ERROR - Unexpected error: 'NoneType' object cannot be interpreted as an integer
2025-07-09 15:08:17,609 - ERROR - Unexpected error: 'NoneType' object cannot be interpreted as an integer
2025-07-09 15:08:41,469 - ERROR - Unexpected error: 'NoneType' object cannot be interpreted as an integer
2025-07-09 15:08:42,980 - ERROR - Unexpected error: 'NoneType' object cannot be interpreted as an integer
2025-07-09 15:08:50,480 - ERROR - Unexpected error: 'NoneType' object cannot be interpreted as an integer
2025-07-09 15:08:54,518 - ERROR - Unexpected error: 'NoneType' object cannot be interpreted as an integer
2025-07-09 15:08:57,579 - ERROR - Unexpected error: 'NoneType' object cannot be interpreted as an integer
2025-07-09 15:08:58,183 - ERROR - Unexpected error: 'NoneType' object cannot be interpreted as an integer
2025-07-09 15:08:58,648 - ERROR - Unexpected error: 'NoneType' object cannot be interpreted as an integer
2025-07-09 15:09:18,671 - ERROR - Unexpected error: 'NoneType' object cannot be interpreted as an integer
2025-07-09 15:09:19,754 - ERROR - Unexpected error: 'NoneType' object cannot be interpreted as an integer
2025-07-09 15:09:21,877 - ERROR - Unexpected error: 'NoneType' object cannot be interpreted as an integer
2025-07-09 15:09:31,883 - ERROR - Unexpected error: 'NoneType' object cannot be interpreted as an integer
2025-07-09 15:09:50,403 - ERROR - Unexpected error: 'NoneType' object cannot be interpreted as an integer
2025-07-09 15:09:55,976 - ERROR - Unexpected error: 'NoneType' object cannot be interpreted as an integer
2025-07-09 15:09:56,586 - ERROR - Unexpected error: 'NoneType' object cannot be interpreted as an integer
2025-07-09 15:10:11,075 - ERROR - Unexpected error: 'NoneType' object cannot be interpreted as an integer
2025-07-09 15:10:16,082 - ERROR - Unexpected error: 'NoneType' object cannot be interpreted as an integer
2025-07-09 15:10:19,269 - ERROR - Unexpected error: 'NoneType' object cannot be interpreted as an integer
2025-07-09 15:10:29,447 - ERROR - Unexpected error: 'NoneType' object cannot be interpreted as an integer
2025-07-09 15:10:58,961 - ERROR - Unexpected error: 'NoneType' object cannot be interpreted as an integer
2025-07-09 15:11:04,498 - ERROR - Unexpected error: 'NoneType' object cannot be interpreted as an integer
2025-07-09 15:11:06,057 - ERROR - Unexpected error: 'NoneType' object cannot be interpreted as an integer
2025-07-09 15:11:09,775 - ERROR - Unexpected error: 'NoneType' object cannot be interpreted as an integer
2025-07-09 15:11:13,035 - ERROR - Unexpected error: 'NoneType' object cannot be interpreted as an integer
2025-07-09 15:11:15,353 - ERROR - Unexpected error: 'NoneType' object cannot be interpreted as an integer
2025-07-09 15:11:16,131 - ERROR - Unexpected error: 'NoneType' object cannot be interpreted as an integer
2025-07-09 15:11:24,468 - ERROR - Unexpected error: 'NoneType' object cannot be interpreted as an integer
2025-07-09 15:11:29,445 - ERROR - Unexpected error: 'NoneType' object cannot be interpreted as an integer
2025-07-09 15:11:34,345 - ERROR - Unexpected error: 'NoneType' object cannot be interpreted as an integer
2025-07-09 15:11:48,386 - ERROR - Unexpected error: 'NoneType' object cannot be interpreted as an integer
2025-07-09 15:11:50,681 - ERROR - Unexpected error: 'NoneType' object cannot be interpreted as an integer
2025-07-09 15:11:52,182 - ERROR - Unexpected error: 'NoneType' object cannot be interpreted as an integer
2025-07-09 15:11:53,579 - ERROR - Unexpected error: 'NoneType' object cannot be interpreted as an integer
2025-07-09 15:12:06,891 - ERROR - Unexpected error: 'NoneType' object cannot be interpreted as an integer
2025-07-09 15:12:34,907 - ERROR - Unexpected error: 'NoneType' object cannot be interpreted as an integer
2025-07-09 15:12:37,062 - ERROR - Unexpected error: 'NoneType' object cannot be interpreted as an integer
2025-07-09 15:12:39,167 - ERROR - Unexpected error: 'NoneType' object cannot be interpreted as an integer
2025-07-09 15:12:43,698 - ERROR - Unexpected error: 'NoneType' object cannot be interpreted as an integer
2025-07-09 15:13:02,006 - ERROR - Unexpected error: 'NoneType' object cannot be interpreted as an integer
2025-07-09 15:13:07,743 - ERROR - Unexpected error: 'NoneType' object cannot be interpreted as an integer
2025-07-09 15:13:29,879 - ERROR - Unexpected error: 'NoneType' object cannot be interpreted as an integer
2025-07-09 15:13:31,380 - ERROR - Unexpected error: 'NoneType' object cannot be interpreted as an integer
2025-07-09 15:13:36,630 - ERROR - Unexpected error: 'NoneType' object cannot be interpreted as an integer
2025-07-09 15:13:58,423 - ERROR - Unexpected error: 'NoneType' object cannot be interpreted as an integer
2025-07-09 15:14:03,391 - ERROR - Unexpected error: 'NoneType' object cannot be interpreted as an integer
2025-07-09 15:14:13,269 - ERROR - Unexpected error: 'NoneType' object cannot be interpreted as an integer
2025-07-09 15:14:13,488 - ERROR - Unexpected error: 'NoneType' object cannot be interpreted as an integer
2025-07-09 15:14:19,526 - ERROR - Unexpected error: 'NoneType' object cannot be interpreted as an integer
2025-07-09 15:14:38,249 - ERROR - Unexpected error: 'NoneType' object cannot be interpreted as an integer
2025-07-09 15:14:39,194 - ERROR - Unexpected error: 'NoneType' object cannot be interpreted as an integer
2025-07-09 15:14:43,274 - ERROR - Unexpected error: 'NoneType' object cannot be interpreted as an integer
2025-07-09 15:14:57,770 - ERROR - Unexpected error: 'NoneType' object cannot be interpreted as an integer
2025-07-09 15:15:00,432 - ERROR - Unexpected error: 'NoneType' object cannot be interpreted as an integer
2025-07-09 15:15:06,239 - ERROR - Unexpected error: 'NoneType' object cannot be interpreted as an integer
2025-07-09 15:15:14,999 - INFO - Processed 48000 users so far
2025-07-09 15:15:19,689 - ERROR - Unexpected error: 'NoneType' object cannot be interpreted as an integer
2025-07-09 15:15:39,994 - ERROR - Unexpected error: 'NoneType' object cannot be interpreted as an integer
2025-07-09 15:15:51,999 - ERROR - Unexpected error: 'NoneType' object cannot be interpreted as an integer
2025-07-09 15:16:01,423 - ERROR - Unexpected error: 'NoneType' object cannot be interpreted as an integer
2025-07-09 15:16:05,654 - ERROR - Unexpected error: 'NoneType' object cannot be interpreted as an integer
2025-07-09 15:16:12,517 - ERROR - Unexpected error: 'NoneType' object cannot be interpreted as an integer
2025-07-09 15:16:13,154 - ERROR - Unexpected error: 'NoneType' object cannot be interpreted as an integer
2025-07-09 15:16:36,169 - ERROR - Unexpected error: 'NoneType' object cannot be interpreted as an integer
2025-07-09 15:16:50,545 - ERROR - Unexpected error: 'NoneType' object cannot be interpreted as an integer
2025-07-09 15:16:51,506 - ERROR - Unexpected error: 'NoneType' object cannot be interpreted as an integer
2025-07-09 15:17:08,105 - ERROR - Unexpected error: 'NoneType' object cannot be interpreted as an integer
2025-07-09 15:17:22,740 - ERROR - Unexpected error: 'NoneType' object cannot be interpreted as an integer
2025-07-09 15:17:25,136 - ERROR - Unexpected error: 'NoneType' object cannot be interpreted as an integer
2025-07-09 15:17:29,492 - ERROR - Unexpected error: 'NoneType' object cannot be interpreted as an integer
2025-07-09 15:17:34,612 - ERROR - Unexpected error: 'NoneType' object cannot be interpreted as an integer
2025-07-09 15:17:40,233 - ERROR - Unexpected error: 'NoneType' object cannot be interpreted as an integer
2025-07-09 15:17:58,139 - ERROR - Unexpected error: 'NoneType' object cannot be interpreted as an integer
2025-07-09 15:17:59,805 - ERROR - Unexpected error: 'NoneType' object cannot be interpreted as an integer
2025-07-09 15:18:00,109 - ERROR - Unexpected error: 'NoneType' object cannot be interpreted as an integer
2025-07-09 15:18:14,212 - ERROR - Unexpected error: 'NoneType' object cannot be interpreted as an integer
2025-07-09 15:18:21,416 - ERROR - Unexpected error: 'NoneType' object cannot be interpreted as an integer
2025-07-09 15:19:04,370 - ERROR - Unexpected error: 'NoneType' object cannot be interpreted as an integer
2025-07-09 15:19:09,989 - ERROR - Unexpected error: 'NoneType' object cannot be interpreted as an integer
2025-07-09 15:21:38,403 - ERROR - Unexpected error: 'NoneType' object cannot be interpreted as an integer
2025-07-09 15:21:41,170 - ERROR - Unexpected error: 'NoneType' object cannot be interpreted as an integer
2025-07-09 15:21:59,334 - ERROR - Unexpected error: 'NoneType' object cannot be interpreted as an integer
2025-07-09 15:22:00,715 - ERROR - Unexpected error: 'NoneType' object cannot be interpreted as an integer
2025-07-09 15:22:14,632 - ERROR - Unexpected error: 'NoneType' object cannot be interpreted as an integer
2025-07-09 15:22:19,701 - ERROR - Unexpected error: 'NoneType' object cannot be interpreted as an integer
2025-07-09 15:22:23,235 - ERROR - Unexpected error: 'NoneType' object cannot be interpreted as an integer
2025-07-09 15:22:27,603 - ERROR - Unexpected error: 'NoneType' object cannot be interpreted as an integer
2025-07-09 15:22:33,004 - ERROR - Unexpected error: 'NoneType' object cannot be interpreted as an integer
2025-07-09 15:22:37,416 - ERROR - Unexpected error: 'NoneType' object cannot be interpreted as an integer
2025-07-09 15:22:43,643 - ERROR - Unexpected error: 'NoneType' object cannot be interpreted as an integer
2025-07-09 15:23:09,668 - ERROR - Unexpected error: 'NoneType' object cannot be interpreted as an integer
2025-07-09 15:23:15,775 - ERROR - Unexpected error: 'NoneType' object cannot be interpreted as an integer
2025-07-09 15:23:22,977 - ERROR - Unexpected error: 'NoneType' object cannot be interpreted as an integer
2025-07-09 15:23:40,596 - ERROR - Request failed: 422 Client Error: Unprocessable Entity for url: https://arctic-shift.photon-reddit.com/api/posts/search?author=itsmedjl&after=1641016800&before=1745989200&limit=auto&sort=asc&meta-app=download-tool
2025-07-09 15:23:46,690 - ERROR - Unexpected error: 'NoneType' object cannot be interpreted as an integer
2025-07-09 15:23:50,583 - ERROR - Unexpected error: 'NoneType' object cannot be interpreted as an integer
2025-07-09 15:23:54,667 - ERROR - Unexpected error: 'NoneType' object cannot be interpreted as an integer
2025-07-09 15:24:11,135 - ERROR - Unexpected error: 'NoneType' object cannot be interpreted as an integer
2025-07-09 15:24:21,425 - ERROR - Unexpected error: 'NoneType' object cannot be interpreted as an integer
2025-07-09 15:24:38,552 - ERROR - Unexpected error: 'NoneType' object cannot be interpreted as an integer
2025-07-09 15:25:01,351 - ERROR - Unexpected error: 'NoneType' object cannot be interpreted as an integer
2025-07-09 15:27:27,473 - ERROR - Unexpected error: 'NoneType' object cannot be interpreted as an integer
2025-07-09 15:27:36,019 - ERROR - Unexpected error: 'NoneType' object cannot be interpreted as an integer
2025-07-09 15:27:44,695 - ERROR - Unexpected error: 'NoneType' object cannot be interpreted as an integer
2025-07-09 15:27:53,859 - ERROR - Unexpected error: 'NoneType' object cannot be interpreted as an integer
2025-07-09 15:28:14,017 - ERROR - Unexpected error: 'NoneType' object cannot be interpreted as an integer
2025-07-09 15:28:26,302 - ERROR - Request failed: 422 Client Error: Unprocessable Entity for url: https://arctic-shift.photon-reddit.com/api/posts/search?author=throwaway99900112&after=1641016800&before=1745989200&limit=auto&sort=asc&meta-app=download-tool
2025-07-09 15:28:36,947 - ERROR - Request failed: 422 Client Error: Unprocessable Entity for url: https://arctic-shift.photon-reddit.com/api/posts/search?author=Lopsided-Cry-1040&after=1641016800&before=1745989200&limit=auto&sort=asc&meta-app=download-tool
2025-07-09 15:28:56,941 - ERROR - Request failed: 422 Client Error: Unprocessable Entity for url: https://arctic-shift.photon-reddit.com/api/posts/search?author=ExperienceNorth2701&after=1641016800&before=1745989200&limit=auto&sort=asc&meta-app=download-tool
2025-07-09 15:29:11,328 - ERROR - Request failed: 422 Client Error: Unprocessable Entity for url: https://arctic-shift.photon-reddit.com/api/posts/search?author=woahilikeit&after=1641016800&before=1745989200&limit=auto&sort=asc&meta-app=download-tool
2025-07-09 15:29:22,793 - ERROR - Request failed: 422 Client Error: Unprocessable Entity for url: https://arctic-shift.photon-reddit.com/api/posts/search?author=big-red-donkey&after=1641016800&before=1745989200&limit=auto&sort=asc&meta-app=download-tool
2025-07-09 15:29:40,078 - ERROR - Request failed: 422 Client Error: Unprocessable Entity for url: https://arctic-shift.photon-reddit.com/api/posts/search?author=HolidayLegitimate&after=1641016800&before=1745989200&limit=auto&sort=asc&meta-app=download-tool
2025-07-09 15:29:59,675 - ERROR - Unexpected error: 'NoneType' object cannot be interpreted as an integer
2025-07-09 15:30:21,122 - ERROR - Request failed: 422 Client Error: Unprocessable Entity for url: https://arctic-shift.photon-reddit.com/api/posts/search?author=Hot-Salamander1166&after=1641016800&before=1745989200&limit=auto&sort=asc&meta-app=download-tool
2025-07-09 15:30:21,302 - ERROR - Unexpected error: 'NoneType' object cannot be interpreted as an integer
2025-07-09 15:30:26,683 - ERROR - Unexpected error: 'NoneType' object cannot be interpreted as an integer
2025-07-09 15:30:29,669 - INFO - Processed 50000 users so far
2025-07-09 15:30:29,669 - INFO - Reached max user limit (50000), stopping processing
2025-07-09 15:30:29,674 - INFO - Completed processing. Combined output saved to jobs_author_data_batch3.jsonl
